font,char,pca0,pca1,pca2,pca3,pca4,pca5,pca6,pca7,pca8,pca9,pca10,pca11,pca12,pca13,pca14,pca15,pca16,pca17,pca18,pca19,pca20,pca21,pca22,pca23,pca24,pca25,pca26,pca27,pca28,pca29,pca30,pca31,pca32,pca33,pca34,pca35,pca36,pca37,pca38,pca39,pca40
aubrey,0,-0.697211,2.114255,-0.278335,2.207889,-0.049326,-1.936944,-1.051138,0.645435,-1.879691,1.226945,-2.001521,1.219019,-0.484995,2.753225,-1.116854,-0.352366,-0.497424,-0.586545,0.391945,1.062733,-0.146586,0.665132,-0.17889,1.050151,0.327033,0.246992,0.75851,0.536622,-0.455845,0.392186,0.019751,-0.243079,-0.164772,-0.160236,-0.148881,-0.185018,0.085741,-0.444148,-0.282048,0.095545,-0.0
aubrey,1,1.893935,-8.285384,-4.176646,-3.042786,-2.378757,-2.227855,-1.027088,0.315707,0.109261,-0.810365,-0.019685,-0.253341,0.577129,1.006044,0.429003,0.811813,0.023005,1.415178,0.529712,0.355201,-1.35094,-0.202424,-0.570062,0.373554,0.92493,0.37322,1.177444,1.521722,1.015872,0.419968,-0.450291,0.121929,-0.579176,-0.647049,-1.343509,0.666671,0.127277,0.133392,-1.628927,1.436895,-0.0
aubrey,2,1.931274,-6.79371,3.186707,5.517395,-2.754117,0.736846,1.377449,-2.007376,-0.49607,-3.889212,-0.892676,0.504002,2.695997,1.197734,-2.72096,-1.228204,-0.673091,0.95059,-0.842823,0.541706,-1.191796,0.817269,0.345254,-0.233767,-0.727858,0.26417,0.262204,0.635692,0.019509,-0.488741,0.282938,0.045588,-0.615843,0.590032,0.003601,-0.027154,0.053202,0.13575,-0.032807,0.321652,-0.0
aubrey,3,1.126018,-6.576248,-0.142219,-1.904477,-3.236717,-0.319413,-2.814747,2.808792,0.39701,0.738932,4.51039,0.732843,-2.168328,3.290848,-0.646841,-1.365432,-0.027772,-1.376734,-0.165765,-1.427961,1.107409,-2.24605,-1.758207,-0.660099,0.754625,0.138746,-0.295468,0.016632,-0.562844,0.355504,-0.305531,-0.067148,-0.44988,0.325087,-4.7e-05,0.392346,0.03221,0.424982,-0.208523,-0.064491,0.0
aubrey,4,20.901842,0.853194,4.063159,0.432107,-3.035398,-1.448976,0.806389,2.238833,0.356269,0.65794,-0.662765,0.4125,-0.098444,-0.207325,0.263478,-0.175411,-0.684463,-0.664034,-0.035023,-0.045534,0.134029,-0.075124,-0.256713,0.383548,-0.039593,-0.037428,0.502999,-0.080783,0.191627,-0.038306,0.305052,-0.27661,-0.00414,-0.038508,-0.279117,0.184604,-0.071555,0.041667,-0.008013,0.022439,0.0
aubrey,5,-1.101243,-5.356768,3.070461,-0.384401,2.710825,0.718013,1.346382,0.373458,-2.480785,2.156961,1.510281,0.807412,0.954874,-1.172885,-2.857482,0.330495,-0.391164,-0.883644,2.571065,1.165578,1.201433,0.726711,1.067456,0.832188,1.540886,0.649613,0.869196,0.413259,-0.481731,0.590468,0.458022,-0.975979,-1.126032,-0.509594,0.923232,0.234834,1.027902,0.307344,0.679877,0.300812,-0.0
aubrey,6,4.774592,-1.47807,-0.023052,1.929919,-3.242601,-0.796668,0.682655,-2.871688,0.586411,1.929058,2.480883,0.369974,-2.072115,0.252004,3.608073,-0.830807,0.249941,-1.865638,-1.104639,1.186946,-0.745539,-1.694869,1.257545,0.744967,1.240476,-1.543587,0.006207,0.602833,-0.345978,0.870112,1.092006,0.389263,-0.259463,-0.607253,0.705888,-0.14562,-0.341397,0.336138,-0.335209,1.099988,-0.0
aubrey,7,-7.839096,-0.639628,2.478079,5.043662,3.960743,-1.021902,-0.403843,-4.263339,0.651583,1.037643,-2.496262,-2.190439,1.011412,-1.072874,-0.112665,-1.462019,0.394226,0.078672,0.594798,-0.849286,-1.579685,-0.169055,1.177952,-0.966176,0.021562,-1.082222,-0.344009,-0.469837,0.541051,-0.690089,-0.056323,-0.01325,-0.029599,0.316634,-0.349223,0.000665,-0.275208,-0.520366,-0.081185,0.157445,-0.0
aubrey,8,-1.09748,-2.439293,-1.325171,1.926773,-3.217898,2.151338,0.546262,-0.308732,1.756059,2.832562,-0.844702,1.782058,-1.406835,-1.939376,0.542073,0.239093,-0.042374,-0.133059,-3.784879,1.870201,-0.430645,-0.38335,-0.33118,-0.339481,0.425118,-1.409315,1.774038,-0.008333,0.755872,-0.801733,-1.29357,-0.838925,-2.391302,0.591021,0.477434,-0.094738,-0.153867,-0.509632,-0.810951,0.475522,-0.0
aubrey,9,6.111568,3.59873,3.670651,-2.386948,-2.038359,-0.252736,3.903873,2.168024,2.509397,-1.559257,-0.591078,1.422724,2.486578,-0.97682,0.92691,0.471908,-0.240496,2.25117,-1.304087,0.974509,0.92344,0.497257,-0.66029,0.163252,1.734936,0.294822,0.189091,-0.057042,0.521788,-0.107212,0.218593,-0.560815,-1.044935,0.418138,-0.353588,-0.16993,0.221348,-0.356285,0.266374,-0.170776,-0.0
aubrey,A,9.319691,0.592878,6.004702,1.169881,-2.714483,-4.661709,3.20532,-2.33022,-1.171183,-1.536824,-0.286436,1.83334,0.07713,-0.334851,0.719298,0.525574,0.266392,-0.263454,1.035989,1.127741,1.53168,0.155931,-0.907412,0.676467,0.571421,2.149291,-0.169053,-1.20548,-1.464894,-0.142726,0.700074,-0.576747,-0.96513,-0.815072,-0.59127,0.287178,-0.655258,-0.082817,0.241494,1.177033,0.0
aubrey,B,3.153808,1.414247,3.41955,-0.09451,-1.055056,2.739334,-2.447368,-0.774462,2.267856,-0.908957,-0.150952,-2.372835,1.795689,-1.859557,0.894015,-1.028823,1.744163,-1.328577,0.619276,-0.422365,1.9194,1.40455,0.129929,-0.576907,-1.436679,0.127353,0.05665,0.669069,0.203108,0.179561,-0.612786,-0.489993,-0.15795,-0.030198,-1.744763,-1.390362,-0.280428,2.487951,-0.180292,1.058039,-0.0
aubrey,C,8.655001,4.618297,0.518078,-3.398089,-2.322982,-1.464257,-0.843164,0.170399,-1.457699,-1.1645,1.132605,-0.027662,-0.265608,0.407686,-0.089561,0.383437,-0.604353,-0.156168,-0.481144,-0.172409,-0.369098,-0.300665,-0.041661,-0.186062,-0.700577,-0.150564,-0.128515,-0.313081,0.616064,0.395561,-0.245434,0.025296,-0.03614,0.095119,0.013598,0.101781,0.221146,-0.165171,0.143145,0.090576,-0.0
aubrey,D,-1.643457,-3.327902,2.544509,-0.997207,-0.103507,-2.198561,1.566057,0.718082,-0.062361,0.715649,0.371938,-0.447629,-2.238443,1.772698,0.077366,-0.659028,0.951437,-0.717073,0.557295,0.71355,-0.541421,-0.704836,-0.630592,0.762879,0.064251,0.027138,0.58875,-0.620845,-0.141267,-0.292026,-0.771422,-0.20368,-0.188271,0.27567,-0.254957,0.290163,-0.066783,0.173648,0.445645,-0.043711,0.0
aubrey,E,-0.030996,6.069526,-4.258529,0.698684,2.853915,-2.496417,1.865899,0.304157,3.140288,-2.323253,0.378452,-0.510463,-1.19505,-0.610867,-0.756603,1.166006,0.202993,0.660194,-1.481073,-2.260069,-1.608897,1.681248,-0.74421,1.174454,-1.597548,-0.028314,-0.394282,0.267193,0.842606,0.42239,-0.103253,-0.484088,-0.812742,1.418809,0.334531,-0.191966,0.659551,0.092603,-0.203879,-0.417036,0.0
aubrey,F,8.19384,-0.100328,5.504,1.370128,1.924391,-3.268553,0.564746,0.482026,-2.873767,1.536286,-2.584759,0.376912,0.513116,2.469801,0.096623,-3.533096,-1.71658,0.021581,0.571524,1.81598,0.076446,0.680482,1.094778,0.724365,-1.592817,-0.254343,-0.085359,0.399426,-0.914731,-0.126904,-0.111871,-1.019749,0.807791,1.032677,0.50299,0.799679,-0.499341,0.326971,0.189562,-0.508529,-0.0
aubrey,G,-6.033422,-1.876649,3.519704,-0.014932,-3.097065,1.726209,2.888192,-0.459017,0.245274,0.353638,-0.527752,0.097754,0.304425,-0.837728,1.116688,2.03445,0.721543,-1.395483,-0.490602,0.038705,1.088133,-0.678405,-0.631937,-1.178962,-0.175541,1.170331,-0.066225,0.017753,-0.562738,0.045921,-0.84453,0.435832,-0.585471,0.036793,-0.908347,-0.159586,-0.57564,0.20572,0.091748,0.076824,-0.0
aubrey,H,-3.344303,6.681156,1.772372,-3.36649,6.587396,-0.407301,-0.506915,0.683464,-0.779654,-1.280013,-1.433187,0.468234,1.064268,-0.374542,0.443052,1.14273,0.148572,-1.223769,-1.045269,0.18695,0.292188,0.209174,0.894013,-0.261491,-0.137731,-1.305157,-0.219576,1.270388,0.585191,-0.249595,-0.989848,1.097997,1.355675,0.869256,1.756104,-0.164259,-0.628122,1.336809,0.444054,0.898646,0.0
aubrey,I,-6.069459,0.385743,-0.239967,0.049979,0.014195,-0.006079,-0.07386,-0.276311,0.173497,0.25325,-0.198276,-0.164939,0.634937,0.469258,-0.184587,-0.107502,0.324475,-0.273983,-0.095769,-1.268168,1.661502,1.138809,0.489322,-0.481253,0.543001,-0.629029,-0.424434,-0.231707,0.088656,-0.142591,0.029811,-0.022959,0.013628,0.036687,0.041444,-0.013621,-0.00482,-0.018279,-0.020107,0.00481,-0.0
aubrey,J,4.133537,10.260587,3.31976,3.194487,4.75567,-5.220092,0.342198,-0.951828,-3.109474,-3.388685,-1.77145,2.259901,-0.839178,1.606833,0.213385,-0.468566,-0.145961,-0.571767,0.682604,-0.605855,-0.145335,1.128494,0.279061,0.329499,-0.292019,0.2282,0.383815,-0.469254,-0.845021,-0.318476,-0.117954,0.239861,0.050173,-0.377078,-0.039172,-0.313636,-0.019719,-0.333045,0.058601,0.08582,-0.0
aubrey,K,-2.721271,-2.402443,-1.800652,-0.09275,1.891042,0.931826,-2.466157,-0.189439,-2.912412,-2.474161,2.947222,-0.814599,-2.019768,1.535106,-0.117105,-3.809999,0.317436,-1.174445,-4.014609,-1.409461,1.768627,-0.6949,1.977455,-0.069103,-1.447687,0.525994,0.499754,-0.921916,-0.030343,-1.515688,1.171923,-0.494899,-0.110719,0.66112,1.462607,0.475503,0.371885,0.742731,0.366979,1.300579,-0.0
aubrey,L,-8.020539,5.15622,3.754911,0.021552,-3.260551,2.914231,0.792432,-1.649198,-1.990006,2.29058,0.341853,-0.810098,1.111474,-2.570983,-2.327299,-1.926943,-0.836331,0.2358,0.43234,-0.937552,-0.667498,0.834632,-0.274131,-0.696675,0.90561,-0.941775,0.98887,0.977341,0.01994,-1.928338,-0.962652,0.957439,-0.733653,0.944838,0.372977,0.282354,0.391842,0.551891,0.397271,-0.002242,0.0
aubrey,M,-9.66603,3.161374,-0.507882,2.37028,0.081072,-3.217276,1.650512,1.175188,-0.699013,-1.422469,-0.94675,-0.426794,0.929514,-1.645228,1.367956,-1.458413,-2.258329,-0.559564,0.596295,-1.688487,-0.863077,1.279582,-0.381094,0.439282,-1.130911,-0.03205,-0.366504,0.223635,0.733269,1.154271,-1.722413,-0.007836,2.454929,-0.43295,0.362735,-2.068164,-1.097912,-0.977522,2.853319,0.61416,-0.0
aubrey,N,1.67436,6.003255,-0.542762,-0.620928,-2.115487,-3.023737,0.588803,-5.21899,0.478399,2.577801,2.794164,0.728361,-0.970469,-0.162582,2.120414,-1.503477,-0.19424,-0.525075,-0.830183,1.038053,0.629956,-0.834112,-0.359879,-1.816451,0.062385,0.273168,-0.167757,0.024963,0.371167,-0.374354,0.46181,0.051391,0.237363,0.461101,0.995806,-0.42131,0.24009,-0.04589,-0.099205,0.41519,0.0
aubrey,O,-4.241313,-2.387352,2.526952,-2.241946,-1.004702,0.463137,0.39666,-0.083655,0.941921,-0.927367,0.549721,2.286938,0.650215,0.195261,-0.48846,0.276851,-0.340764,0.097989,-0.292004,-0.212053,0.081427,0.43197,0.040872,0.870957,0.025417,0.126658,-0.04537,0.098043,0.165051,0.122174,0.267729,-0.211004,0.355001,0.140287,0.281728,-0.32051,-0.1881,0.2023,-0.152955,0.238939,0.0
aubrey,P,-1.852629,-5.394186,6.940451,-0.010654,2.761052,0.408809,-0.175497,3.172956,-2.211133,-0.4351,-1.951505,-0.786973,0.8698,-1.945196,0.31972,-0.071947,-0.231383,0.567288,-0.092064,0.533074,0.288969,2.299179,1.075554,1.660656,-0.787051,0.161471,0.048141,0.415325,0.782192,0.592742,0.725733,0.254702,0.593788,-0.434644,0.602818,-0.641547,0.41345,-0.59075,0.401753,0.506493,0.0
aubrey,Q,-3.600762,-0.548034,0.761785,-0.921242,-0.187526,1.493701,-2.295246,-0.61215,0.82978,-1.280967,-0.317112,1.339594,1.996185,-0.998097,0.918177,0.249363,-1.055405,-0.945244,-0.01376,0.430386,-0.109272,0.861952,-1.251245,-0.179233,-0.358225,0.397025,-2.150892,0.267731,-1.725395,0.923468,-0.160324,-0.392803,-0.461558,-0.150195,-0.389364,-0.015453,-0.519454,-0.806049,0.023174,-0.361373,-0.0
aubrey,R,-4.601895,1.786456,1.519073,-1.054981,1.20995,3.00212,-1.255162,-0.621185,-5.241771,2.956046,2.183798,-0.187245,2.658347,-1.686175,-0.284489,2.06672,-1.290437,1.976037,-1.485795,0.830865,-0.080019,-0.904063,-1.070495,-0.214299,0.056534,-0.292073,-0.231516,-1.259272,-0.560518,-0.926923,-0.646281,0.025526,0.7276,0.32951,0.670529,-0.453111,-0.055244,-0.10524,1.08601,-0.190401,0.0
aubrey,S,-6.148058,-3.851866,-2.604962,1.784925,-3.235551,0.207775,2.436525,2.325601,2.510815,-1.200251,-1.43684,-1.357053,0.503843,-1.741703,-0.593346,-0.07652,0.724831,-0.12551,-1.189853,-0.291732,1.503695,-1.788953,0.957565,-0.448297,-0.182191,0.383276,-0.475258,1.803513,0.043338,-1.998421,-0.272056,-1.359006,-1.032238,-0.197099,-0.056352,0.088089,-0.234871,-0.511212,0.136031,0.508821,-0.0
aubrey,T,-4.487209,2.589496,-2.5862,2.72531,-2.256845,-2.523773,0.138584,-2.461055,0.978925,-0.178873,-1.137412,-0.516066,0.046767,-0.327828,-1.304701,-0.140493,0.681396,-0.299617,-1.175081,0.565683,-0.010038,0.041209,0.6992,-0.587107,0.783493,0.805326,0.998139,-0.369053,-1.49969,0.335666,2.552363,-0.712616,-0.013153,-0.09403,-0.809347,0.836286,0.455933,-0.190058,-0.280843,-1.317403,-0.0
aubrey,U,0.940362,1.782191,-0.307489,3.530809,0.131163,3.185596,0.265631,-2.09096,-0.955604,0.609112,-0.583954,-0.509636,0.041282,-0.620089,-1.385921,-0.863568,0.412239,-0.469479,1.231822,0.943905,-1.004096,0.820519,0.008681,-0.995298,0.314429,-0.38294,0.23168,-0.228387,0.415005,-0.949848,-0.024453,0.297421,0.107151,0.206037,0.52882,-0.110988,-0.223017,0.202991,-0.032634,0.070556,-0.0
aubrey,V,1.845545,4.213799,-1.108187,0.247578,-0.580737,-1.956015,0.651009,-1.548116,-0.422717,-0.168015,-2.29098,0.792316,-0.04223,0.037651,1.563576,0.818554,0.627385,0.232383,-2.95397,0.512477,0.180679,-0.696281,1.069017,0.046608,2.56971,-1.386313,0.853044,-0.481115,0.881188,0.600771,1.002894,-0.113179,1.3764,0.240874,0.133181,0.615652,-1.061774,-1.090607,0.236534,-0.395185,-0.0
aubrey,W,-7.521304,2.801034,1.059167,0.544402,2.626523,0.956641,-2.662969,-0.356252,-2.37392,0.172483,2.366336,0.725048,0.141199,-1.218525,2.668695,-3.487873,-2.647071,-0.962442,2.743737,-0.611048,0.38958,-0.649216,-0.986783,-1.442693,-0.305115,-1.240562,-1.890486,0.232991,0.751463,0.351368,0.418963,-0.469177,-0.618311,0.03668,-2.469682,1.111875,-1.218158,0.743421,0.301613,-0.960738,0.0
aubrey,X,5.356449,-0.159349,10.045608,1.453496,0.247834,3.429387,-2.79882,2.955782,-0.350237,-1.417315,-2.392294,0.097633,-0.560509,0.322666,0.048095,-0.354249,0.010637,0.26064,-0.762345,0.228782,-0.416348,0.147347,-0.017877,-0.167276,-0.052291,-0.162898,0.130754,-0.091959,-0.019711,-0.003306,-0.001946,-0.002149,-0.009565,-0.001601,0.005091,0.000435,-0.000811,-0.002748,-0.001088,-0.001528,-0.0
aubrey,Y,-1.871402,-1.864382,0.112876,1.143337,0.069429,-0.75364,-0.031915,-0.55568,1.923759,0.862244,-1.595339,-1.090284,2.539634,0.066915,2.288841,1.919524,1.881705,0.172633,-1.619428,3.292332,-0.116045,0.974247,-0.574665,2.458964,-2.589212,0.506334,-0.260054,1.204181,0.93726,-1.880649,-0.150262,-1.452209,1.273243,-2.408045,-0.315776,-1.056503,-0.155096,0.85896,1.319892,1.260567,0.0
aubrey,Z,2.268787,-4.047377,1.784278,-1.724288,0.240511,1.051811,-1.665753,-1.569472,-3.361052,-1.669224,1.583936,0.104727,-0.04954,0.703826,-2.45901,-1.817039,1.270777,-1.989989,1.430957,-1.170136,-1.217308,-0.006307,-0.517427,0.726946,-0.525596,0.783902,0.839826,-1.000703,0.48703,-1.078955,0.461935,0.472639,1.03778,-0.486787,0.25286,0.831858,0.236632,-0.898377,0.587945,-0.396022,0.0
aubrey,a,-1.215712,0.268965,2.726612,-1.905247,-1.523185,-2.152493,-2.784882,-2.783214,-1.269866,-0.382932,0.683195,1.504469,-0.236194,-0.781972,1.990885,-2.521808,0.40073,-1.1454,0.023031,1.418394,-1.242173,-0.258054,1.841206,-0.706331,1.811045,-1.887704,0.244145,1.412901,-3.447168,-0.859654,-0.895457,-0.068863,-1.200491,-1.543849,-0.459629,1.048478,0.613205,0.601148,-0.119872,0.344277,-0.0
aubrey,b,-0.726797,0.527664,-2.568468,-0.931786,-2.859839,-1.083072,0.627484,1.371234,-0.35201,-0.077326,0.692802,-1.717001,1.516133,-1.082659,0.815177,2.284006,-0.047295,-0.500255,0.910402,2.684219,-0.032393,1.003198,0.722219,0.207469,1.705086,0.06999,0.190564,-0.97917,2.037708,-0.832024,-1.033293,-0.701324,0.179833,-1.134779,-0.295048,1.573908,0.562627,0.053579,-0.251689,1.278105,0.0
aubrey,c,5.90612,3.122179,9.793395,-0.314007,-3.200361,-0.507217,-0.98132,-0.00276,-0.117049,-0.268019,0.647154,-0.624401,-0.164909,-0.216103,0.100383,-0.477651,-0.154965,-0.48486,0.318169,0.116735,-0.027107,0.208361,-0.102935,0.286149,0.203979,0.090985,-0.098594,0.204735,-0.406439,0.092459,-0.09856,-0.181215,-0.34616,0.04328,-0.173417,0.169458,0.059259,-0.082765,-0.104775,0.01968,-0.0
aubrey,d,-2.388672,0.515684,-1.429975,1.353689,1.179942,-0.418629,0.098501,-1.440305,-1.561434,-0.211945,-1.977235,-0.442596,-0.241913,0.952896,-2.395564,0.349166,3.929502,-1.220004,0.066023,0.708223,0.486998,-0.23103,-0.566954,-0.038781,0.803326,1.136155,1.038557,0.654278,-1.518481,-0.097754,-0.610395,-1.202153,2.119276,0.909945,0.356543,-1.18343,-0.230047,-0.257653,-0.716005,-0.068081,0.0
aubrey,e,2.412942,3.497204,0.234155,1.197564,3.157677,0.018415,0.796852,-2.332022,-2.310242,-0.797044,0.883442,-1.192556,-0.00824,2.930416,-2.26405,-2.0384,-0.744078,-1.100445,1.692049,-1.012109,-0.395188,-1.516929,0.555803,0.107352,2.893485,1.345123,-0.067716,1.024508,1.244973,-1.547012,-0.459884,0.024392,-0.324077,-0.007386,0.443295,0.187709,0.759292,-0.263555,-2.425864,0.872387,-0.0
aubrey,f,0.568231,3.51741,2.301046,-2.37196,-2.050467,-1.394442,0.730904,0.36927,1.181787,-0.726021,-0.820853,2.65276,-1.629664,0.504985,1.295173,0.159784,-0.488536,0.577305,-3.355501,-0.770857,0.210723,1.996796,2.193694,-1.025696,-2.204813,-2.217377,1.996763,-2.230832,1.317081,-0.338672,1.250589,-1.497467,-1.267735,0.359788,-0.115161,-0.653907,0.120483,0.133584,0.252418,0.178272,0.0
aubrey,g,-2.27726,-0.988278,1.145038,-3.500524,-3.330705,3.254504,-2.535643,-2.457436,-1.147486,2.019416,-3.190979,2.753783,-1.405769,1.919086,2.449664,-1.112909,0.731877,0.832206,-0.343568,0.971166,0.442923,1.656897,0.416051,1.022414,0.002088,0.656771,-1.559272,1.415944,1.363418,0.253003,1.013431,0.381088,0.011565,0.636678,-2.077967,0.332002,-0.170254,-0.23437,-0.64413,-0.555543,-0.0
aubrey,h,-0.523515,0.984372,3.099952,0.019924,-0.206734,0.408789,1.818453,-0.698416,1.349969,1.490224,0.692926,0.59842,-2.275182,-1.457195,1.0933,-1.067115,0.646295,-1.876712,-0.255785,-1.148311,-0.211039,-1.228991,0.794861,-1.786045,-0.845588,-0.990365,1.300227,-2.100973,-0.441741,0.288425,-0.603566,1.330083,0.559822,0.01233,-0.66617,-1.054521,2.422605,0.498055,-1.503098,0.495531,0.0
aubrey,i,-3.020375,-0.478888,-0.168471,-0.403491,-0.755261,-0.256593,-0.527584,-0.432195,0.206272,-0.689242,-0.543865,-0.743848,-0.041344,0.228357,0.974784,0.652811,-0.051087,-0.739384,0.50333,-0.613097,0.817004,2.20311,0.16873,0.872742,0.328645,0.100206,-0.092915,-0.051657,0.15367,-0.442411,-2.141042,0.522747,0.237363,-0.745547,-0.851655,1.622365,-0.729389,-0.845955,-0.054463,0.148248,-0.0
aubrey,j,-2.862925,1.39054,1.730056,-0.480694,-1.589798,2.331273,-3.373177,-0.289748,1.521336,1.415993,1.134424,0.980158,-1.121673,0.984845,-0.251637,1.083709,2.488516,1.170877,-0.072987,-1.049179,-0.512283,0.546998,0.06448,1.009487,0.076537,2.318157,-0.617528,1.053271,0.693881,-0.540795,-1.167714,-0.592872,1.328358,2.34182,0.381519,1.220518,0.659768,0.265411,0.05582,0.112501,0.0
aubrey,k,-2.040335,2.167224,-0.096345,-2.269519,-2.968947,-1.883294,-4.799795,0.41392,-0.659,1.048934,-1.511098,1.040485,-1.342158,-0.82613,-0.320144,-0.403647,0.311296,-2.206136,0.019755,-0.410826,0.16517,-0.408089,-3.402658,-0.51353,-0.474138,0.112062,1.631799,0.145381,-1.42335,0.969176,2.51033,-1.305669,-0.998496,-1.624006,0.142069,-1.079106,-0.919746,-0.748609,-1.339567,-0.429733,-0.0
aubrey,l,0.244236,6.042058,-1.765217,-1.405888,1.35409,1.921029,2.552248,3.149316,-2.235815,0.305458,1.38145,-2.025899,-3.124559,0.686101,-0.825548,0.733466,1.73144,0.308889,-0.100464,-1.217982,-0.079886,-0.111876,-0.099967,0.281323,-0.132105,-0.382675,-0.487547,-0.255174,0.002692,-0.004836,-0.016856,-0.006426,-0.000648,-0.007997,0.001303,0.000336,-0.000239,0.000395,-6.3e-05,2e-06,0.0
aubrey,m,-2.214286,3.974388,1.548759,-0.911232,-0.28095,-3.245015,1.586287,-1.92171,-1.742473,0.106474,1.899186,1.841723,-1.561109,-0.851355,1.023202,1.021898,2.18388,0.781958,0.328613,0.315423,-2.18868,1.150824,-0.352189,1.2891,0.438975,-0.968381,-0.639682,0.067433,0.689486,0.541388,-0.59139,0.049315,0.783518,-1.374338,-2.011521,-1.423575,-0.929336,0.466337,-0.830398,-1.019664,-0.0
aubrey,n,-1.385196,-2.098163,-0.227826,-0.260786,1.544803,-2.734123,0.480772,0.560527,1.245225,1.551697,-1.061738,0.324066,1.00128,0.279015,1.698705,-0.638246,-0.674249,-0.808979,-1.758959,0.257453,2.149097,-0.003789,0.149046,0.27115,0.348668,3.023138,0.228488,0.030212,0.818899,-0.618785,-1.09604,0.636471,-0.451029,-0.442227,-0.91024,0.005763,0.438079,-0.714637,-0.151887,0.123325,-0.0
aubrey,o,-2.393788,3.162711,-1.355407,-0.388694,-0.659255,1.416702,0.320072,0.333691,0.787403,2.55136,1.234481,1.654001,1.995733,-0.556094,1.713802,-0.032608,0.26915,-0.197816,-0.376863,0.091941,0.236258,-0.051646,-0.640861,0.421167,0.219936,0.816006,-0.498283,-0.677292,-0.472266,0.850343,0.307781,0.477544,0.429754,0.08591,0.14279,0.00354,0.632175,0.131806,0.093368,0.142504,0.0
aubrey,p,0.222169,1.589876,2.160835,2.347503,-0.063896,-0.797829,-0.205416,0.652758,2.972617,2.800999,0.728247,0.254396,-0.14111,1.275762,-0.984134,0.537133,1.395588,0.411974,0.217183,-0.762875,0.819088,0.18229,0.747442,-1.617334,0.325278,-0.644737,0.407364,0.150391,1.323733,1.764642,-1.286953,-0.763475,-0.140329,-0.898915,-0.069195,1.365017,1.259292,1.723789,0.860255,-0.802582,-0.0
aubrey,q,3.009472,0.517446,0.823299,0.131766,-1.281694,-1.884241,-0.35569,1.096723,0.266038,-2.379287,0.597894,-1.22892,0.790905,0.866205,-1.398461,-3.144516,-0.652008,1.068187,1.24088,0.537005,0.386555,0.100648,1.192496,1.546708,-0.537278,1.138663,0.91524,-2.088167,-0.21919,0.705036,-0.089045,-1.053485,-1.071647,-1.153758,2.195335,-0.036435,0.373323,0.65404,0.880276,-0.171188,-0.0
aubrey,r,-1.743324,5.588848,3.001161,-1.349048,1.919562,1.853428,0.157332,-0.579023,0.750355,-0.654383,-1.61155,-0.494869,-1.148148,-0.096467,1.351536,0.239707,-1.30821,1.093217,-1.067307,-0.350839,0.724381,-0.168027,-0.835896,0.390998,-0.401207,0.357514,-0.372653,-1.631695,-1.240666,-0.697408,-1.427636,-0.372089,1.50628,2.015386,-3.01442,-0.104448,-0.048124,-0.685915,-0.587927,0.940941,-0.0
aubrey,s,4.390905,-2.416921,0.881365,-0.171837,-1.11885,-3.958711,-0.94475,-1.094407,2.529194,-1.916729,3.710065,0.516954,0.067182,-0.741885,-1.588819,2.178076,-1.934385,-0.074937,-1.679987,2.410187,1.010357,-1.343454,-1.296788,-0.073026,-2.432985,0.650106,-0.692212,0.632666,-0.248712,-0.348794,-0.471682,-0.487199,-0.237436,0.076422,-0.715158,0.39209,0.352985,0.866874,0.556362,0.614117,0.0
aubrey,t,2.21531,-8.258819,-2.744967,1.738022,-0.176835,2.315526,6.639119,-1.373738,-0.193628,-0.614349,-3.043428,-3.179999,1.230263,-0.757952,0.340667,-1.394082,-1.188626,1.500324,-1.117687,-0.427015,-0.383072,1.519607,0.684536,-0.262277,0.141389,2.375365,0.097366,-0.120067,-0.760298,0.256632,-1.569612,-1.252352,-0.006413,-0.157212,-0.24578,-0.523005,0.73624,-0.126992,0.087763,0.25158,0.0
aubrey,u,-0.715192,-1.684694,0.313265,-0.42812,1.725014,1.650602,0.645415,-1.672534,-1.189042,-0.454886,-0.211368,-1.684649,0.411711,-0.358603,1.676822,-0.250007,0.612035,-0.69281,1.913258,-0.172435,-0.58247,-0.526348,0.543558,0.706094,-0.015312,-1.563878,-1.351907,0.243496,-1.140569,0.594914,1.735708,-0.473188,1.494097,0.357521,-1.072468,-1.447773,0.75113,0.395578,0.275862,0.337651,-0.0
aubrey,v,1.85326,-0.728954,-2.868805,0.274628,0.78159,-1.488063,-1.715185,0.771265,-3.556105,0.925761,0.663835,0.945846,0.457504,-0.087322,1.87651,-0.482741,0.14463,-0.655643,-1.966613,0.180499,0.879425,-2.824185,0.301037,-0.424212,-0.569152,-0.192652,-1.552689,-2.609433,-0.631223,-1.143935,-0.428605,-1.481502,1.179309,1.04452,0.550107,-0.055405,-0.178665,0.808764,0.988158,1.22117,-0.0
aubrey,w,4.957649,-4.331514,2.854852,2.643012,0.738392,-1.229274,1.093906,2.305539,1.838655,0.528192,-0.78393,1.114798,-3.123092,1.073216,-1.499909,-1.334858,0.215578,2.45555,0.824838,-0.802006,0.118099,1.465381,0.094179,1.623665,1.294099,-0.885669,-1.201865,1.838986,-0.836331,0.313263,-0.395269,-0.164046,-1.604577,-0.734724,0.428415,1.958911,2.806828,-0.328196,1.336226,0.620842,0.0
aubrey,x,4.444247,0.376335,7.65398,3.814018,5.330238,0.119675,-0.833454,0.964546,-0.41808,0.113393,-0.401671,1.092983,0.807531,0.745999,-0.17655,0.981782,0.641364,1.665537,0.091304,-0.54963,-0.073303,-0.361826,-0.008981,-0.22652,-0.020447,0.107848,0.019271,-0.019021,0.023573,0.003336,0.001831,-0.005751,0.00312,-0.003782,-0.00534,-0.004961,0.002117,-0.000666,-0.000902,0.000326,0.0
aubrey,y,-7.375839,5.049181,0.644696,-1.749175,-1.209782,-1.012839,0.722028,-1.656791,2.670125,0.139938,-1.067191,1.423033,-0.698059,0.79967,-1.913222,0.832408,1.624282,-0.453828,0.701062,2.01183,1.682154,0.901294,-1.569326,1.107928,0.582466,2.136513,0.262938,-1.706898,-0.027945,-1.803889,-0.0649,2.70589,0.932069,0.116084,0.060162,-2.715437,0.042047,-0.558998,0.959958,0.435108,0.0
aubrey,z,2.843666,-0.721442,-2.874319,1.164697,1.294452,2.918535,-2.344788,0.75256,0.319229,-0.125085,1.206307,-0.176697,1.224021,-1.163317,-1.226938,0.866616,-0.84541,-1.140369,-2.09763,1.242558,0.009119,1.211625,-0.704465,-0.963902,0.286042,1.373848,1.227912,-0.436011,-0.234815,1.012894,1.577987,-1.290227,-0.146936,1.107774,0.214689,0.642047,-0.408479,-1.258632,0.284295,1.56119,-0.0
baskerville,0,0.237311,-0.064452,0.083721,0.373147,0.266428,0.036436,-0.998657,-0.67813,0.750444,-0.515193,-0.945739,-0.29046,-0.19033,1.298425,1.613121,-2.283823,0.31935,1.533677,-0.920827,-0.793272,-0.166854,0.557117,-0.979311,0.297025,0.450143,-0.360319,-0.418474,-0.40353,0.982883,0.060266,0.745133,1.133686,0.381942,-0.442949,-0.364445,0.158644,1.045984,0.588981,-0.47076,0.303937,-0.0
baskerville,1,5.824666,-2.268685,-2.806819,2.559956,-0.350426,0.181713,-0.217645,-0.714902,-1.141011,2.798144,0.321103,-0.893863,-2.132583,-2.495004,1.738601,1.211698,-2.74358,-2.744034,-0.666314,-0.418642,0.813632,-0.566562,-0.732118,1.723303,2.828474,-0.350717,0.400412,-0.021801,-1.136805,0.610573,0.438508,-0.840543,-0.244134,0.260002,-0.063743,0.12784,0.697651,0.042983,-0.070168,0.137799,-0.0
baskerville,2,-10.345554,6.286262,2.391858,1.8449,-0.913197,-1.559493,1.075096,-3.513327,-2.444874,1.078307,1.714274,1.060982,0.019252,-1.441308,0.06567,-1.02172,1.123397,-1.543478,-0.239226,-2.228436,-2.117472,-1.05032,0.493597,-1.615977,1.028524,0.573041,0.066606,-0.539615,-0.296256,-0.269856,-0.116456,0.454431,0.626197,-0.425718,0.51317,-0.97062,-0.610345,0.468501,0.668634,-0.409205,-0.0
baskerville,3,-4.710513,2.540879,1.222991,-0.260373,-0.656032,1.40939,-0.870537,0.69326,-2.128329,2.501869,-1.319254,2.892662,0.175564,-2.585846,-0.086083,-3.103083,-0.453827,-0.632045,0.704313,1.43894,0.652342,-0.987426,-0.170439,-0.233204,0.569688,3.250471,-1.373685,0.932793,-1.500709,0.399982,0.786362,0.006392,-1.531252,-0.35911,-1.452164,-0.140078,-1.123138,-0.850069,-0.092708,-1.388529,0.0
baskerville,4,2.116975,-3.995844,-2.483655,-6.002947,-1.969034,1.507124,-0.209307,-2.634207,1.167823,-2.260926,-2.197442,-1.695469,-3.51402,0.464277,0.484813,1.562986,-0.812633,-0.32902,-1.092437,-0.724963,-1.248239,1.921211,0.621813,-1.358644,0.093337,-0.097672,0.16592,0.411635,-0.609211,2.83534,-0.221753,1.268699,0.990042,0.476863,0.961198,-0.195208,-0.030161,-0.26413,0.093873,0.47436,0.0
baskerville,5,-1.181035,-0.930497,-1.913683,-3.237337,-2.7662,-0.736798,0.924426,-1.255664,-1.539295,0.289308,-2.027679,1.36897,-0.986949,0.217645,1.577182,1.658964,3.067845,-0.244243,1.832872,-2.348375,3.081946,-0.97913,0.401862,-0.065831,0.923088,0.523693,-1.351881,-0.584048,-0.75542,0.664858,-0.061346,1.033822,0.314408,0.188685,0.98917,-1.06808,0.143395,-0.236972,0.004008,0.335789,-0.0
baskerville,6,-2.486997,1.681268,0.41249,0.547578,-0.389175,0.730404,2.820222,-0.330798,-0.069106,-2.219668,-2.279008,-1.140343,-1.852974,-2.307663,0.723017,1.645159,-0.698152,0.766016,2.587218,-0.870216,0.809232,1.314005,3.150897,0.343517,0.531241,-1.80254,-0.325132,0.99249,-0.62316,1.476024,-0.931275,0.781991,0.148766,-0.4352,-1.229025,-0.539754,-0.869274,1.019296,0.230714,0.122364,-0.0
baskerville,7,4.26666,-1.42007,0.593242,-0.087708,2.466501,1.521679,1.202923,-0.181027,0.802819,-1.59783,-3.056461,0.536992,2.083574,0.542245,-0.931448,0.551563,0.377139,-0.868253,2.365107,1.810268,-0.186361,0.064366,-2.487397,-0.128949,1.194499,0.251291,-0.420933,0.328167,-1.659897,1.623139,0.029072,-1.20492,0.579918,-0.821545,-0.172297,0.969443,-1.439593,0.580195,-0.289097,-0.331811,-0.0
baskerville,8,-3.575175,0.57923,-2.528635,-1.360988,0.100566,-0.741615,-0.587516,-0.617516,1.683981,-1.894092,-1.104729,-1.71052,0.327626,2.480007,-0.795841,-3.131523,0.679804,-0.220551,0.945482,0.502534,0.183263,-1.527561,0.591734,0.524637,-0.334781,-2.286117,0.016784,-2.591239,0.00365,-0.658455,-2.070352,0.308796,-0.198313,-0.994926,0.796722,0.633188,-0.078443,-1.273279,-1.259794,-1.610797,-0.0
baskerville,9,-0.98585,-2.494046,-0.010082,-0.720235,0.829359,0.318106,0.183461,1.848639,2.157503,-1.251107,-1.881524,-2.285482,-2.619446,-0.179045,3.743507,0.345544,-0.290934,0.956347,2.147768,-1.086281,1.44171,1.01001,2.348903,0.912964,0.495907,0.108952,-1.162577,0.084489,-1.901055,-0.621196,0.036865,0.881821,-0.490973,1.290114,0.013308,-0.380352,-0.094914,1.050023,-0.797219,0.09483,-0.0
baskerville,A,3.463806,2.437598,-1.602377,2.049429,3.652011,0.999044,0.717315,-1.215499,0.596231,-0.934931,-0.777666,-1.042314,0.251991,1.596885,-0.122501,0.600171,1.985666,1.555325,0.583547,-0.468873,2.139924,-1.278966,-0.281187,2.393248,1.775737,0.110319,2.761744,1.284861,-0.061389,-0.509532,-1.405662,-0.235787,-0.379271,-2.713563,2.040375,-0.340726,0.15209,-0.078217,-1.426422,-1.216855,0.0
baskerville,B,5.161121,-1.704826,-0.383964,-0.477875,2.094219,-0.845871,-0.077467,2.406718,0.180818,0.357668,3.638308,-0.253602,-0.093941,-0.697733,0.775267,0.252095,0.599875,1.196596,0.638345,1.031372,1.393591,0.178949,-0.592466,0.373893,0.553444,-0.947111,-1.11997,0.626676,-1.944005,1.558957,-0.354923,1.676019,1.6539,0.122861,-2.037552,1.886501,-1.435546,-0.357098,-0.639097,-1.031586,-0.0
baskerville,C,-2.207582,2.321577,-0.925856,0.210744,-0.054128,1.432475,0.094974,-0.378681,-0.024812,-0.562264,0.919116,0.018836,-0.135909,0.243746,0.94702,1.36673,1.868769,0.656122,0.909104,0.474874,-1.005323,-0.806788,0.139736,-0.482369,-0.143746,-0.242181,0.622784,0.444138,-1.078949,0.755656,-0.540425,0.759198,-0.253765,-0.14998,0.600221,-0.408703,0.727895,0.244841,0.093416,0.358755,-0.0
baskerville,D,0.520849,2.352179,-0.17351,1.412975,1.214663,-0.040157,-1.329531,2.633339,0.689689,0.221312,0.538587,1.171674,-0.625313,0.782836,0.02082,1.637707,-0.050951,0.522814,0.764577,-1.164802,0.263318,-0.235381,-1.117953,-0.14076,0.595522,-0.227194,0.725292,0.050698,-0.880624,0.299708,0.381531,-1.108424,-0.370643,-0.530362,-0.271068,0.444886,-0.567215,-0.226141,0.483683,-0.426453,0.0
baskerville,E,-4.882741,-0.683975,-1.039602,4.628408,-4.328916,-3.282338,-0.605341,0.394333,-2.187024,1.408471,-1.451755,-2.586816,1.04625,-0.668849,-0.535148,0.80552,-0.997422,3.097802,-1.754433,-0.369943,-0.50488,-0.95456,-0.145548,0.593932,0.732215,0.825943,-0.518651,1.331884,1.367246,-0.013085,0.208018,0.50241,-0.131818,-0.148615,0.133458,-0.284179,0.202899,-0.136584,0.726108,0.497385,0.0
baskerville,F,3.823094,3.273642,-2.339502,-1.546597,-0.690311,-2.652051,-0.008963,0.280713,1.062285,-1.306478,-4.536348,-2.782574,-1.311999,1.650796,1.315018,0.262609,1.062449,-1.385487,0.858651,-0.454485,0.966264,0.491766,-1.004654,-2.753656,2.45557,2.231933,-1.729113,0.470483,0.185484,0.150045,-0.939393,-0.328315,-0.06771,-0.316469,-0.822447,-0.09691,0.30661,-1.044615,-0.974426,-0.153012,-0.0
baskerville,G,0.214808,-1.952769,-1.862636,0.182977,0.240711,-0.28593,-0.169781,0.465809,-0.825155,-0.322652,-0.225715,-0.671473,0.591657,-0.501508,1.186677,-0.150089,0.582572,0.267241,-0.100666,1.086172,-0.72835,1.20124,-1.368565,-1.268184,-1.153748,-0.247258,1.346969,-0.268982,-0.39845,2.23548,-0.773836,2.025322,0.807569,-0.084465,1.176358,-0.52494,0.165315,-0.976334,-0.268534,-0.035112,-0.0
baskerville,H,-2.834383,-0.122125,-2.865534,-0.320665,-0.795495,0.10085,-0.06167,0.688357,-0.256762,0.383869,0.584192,-2.283195,2.081058,2.608707,-1.362308,0.413964,3.222084,0.790338,0.174016,-1.766839,1.018879,1.00938,-0.620605,0.545856,2.381202,-0.79207,1.824114,-0.405231,0.830515,-1.568083,0.254476,0.785516,0.392409,-0.207396,-1.682063,2.635416,-0.756257,1.236175,1.250298,0.336751,0.0
baskerville,I,5.383077,-2.504555,0.434692,-0.385135,2.852454,0.581189,1.503291,0.070404,4.091106,-2.370673,-1.746345,-0.333759,0.733793,2.684419,-3.061884,1.707188,-0.211908,1.101134,-0.621559,0.922763,-0.042042,0.022649,0.017787,-0.062871,0.017077,0.008005,-0.002677,0.001937,0.003513,0.000875,-0.000663,-0.000647,-0.000403,-0.000308,-0.000205,5.3e-05,-0.000327,-2.9e-05,8.4e-05,-0.000126,-0.0
baskerville,J,2.670483,-1.035317,3.422357,3.515161,-3.941475,-1.462842,2.573563,3.909073,-0.49578,2.396208,-0.024765,3.250115,-1.895619,-1.51611,-2.402312,-1.047475,0.118143,-2.389932,-1.214076,-1.732365,0.888526,-0.858575,-0.566627,-1.165136,0.440719,-0.148254,-0.328002,-0.410786,-0.192064,0.54113,-0.320306,0.173698,0.1328,-0.371169,-0.196172,0.150737,0.553707,0.562715,-0.194613,-0.241935,-0.0
baskerville,K,0.867322,1.076003,-2.706445,-3.195833,3.70517,0.695865,-1.412936,1.218297,-2.050219,-1.272216,-1.807225,2.308614,0.36955,-0.859958,1.699821,1.708927,-4.200696,2.13537,1.58394,-0.516807,-0.917462,-0.579643,-0.212784,-0.411679,-2.398644,-1.289626,-0.979761,0.657915,-2.354571,-1.720791,2.241465,0.576572,0.149514,0.435113,0.287655,-0.990218,0.194966,-0.519586,-0.877005,0.370065,-0.0
baskerville,L,4.586284,2.524542,-0.576921,-0.458339,-1.230746,-0.359666,1.813736,1.533767,0.49856,-0.599088,-0.696218,0.269277,-1.023857,0.026921,-0.982404,1.186136,1.957716,-0.758974,-0.337702,1.249711,-2.845615,1.362693,-1.311071,1.306446,1.220914,-0.133113,0.304707,3.362377,-1.282281,0.844891,0.171202,0.053058,-1.207982,0.894341,-0.976518,-0.99154,0.636557,-1.642136,-0.31721,0.815098,0.0
baskerville,M,1.760442,0.202534,-2.82604,2.727631,1.612527,1.51793,0.279726,-1.173504,-0.671917,-3.426355,1.705768,2.279419,1.063696,-0.231866,1.923137,0.945486,0.309582,2.333659,1.862334,-0.784085,0.70752,1.596758,0.945512,0.616471,-1.201495,1.593297,0.534085,-0.276504,1.298586,-0.757102,2.609134,-1.126138,-1.165719,2.02531,0.580219,0.196006,2.670444,0.260975,1.5313,1.298119,-0.0
baskerville,N,5.081522,-1.474465,2.385254,-0.497964,0.727777,0.245651,0.111992,-0.104436,-1.291938,-0.353894,-0.747691,0.257302,-0.749536,0.439309,1.113284,-0.624145,-0.340559,-1.789602,0.390526,1.265573,0.139261,-3.292205,0.758518,2.453541,1.71554,-0.42261,-0.353846,-0.999912,-0.103017,1.351959,-0.121935,0.484959,-0.542928,-1.922009,0.566735,0.546313,0.009851,0.836412,1.088897,1.878025,0.0
baskerville,O,1.87083,0.912223,0.981639,-0.519407,0.329193,-0.715624,1.008257,1.550472,0.713338,-0.605418,0.06005,-1.177668,-0.238674,-0.083564,-0.73722,-0.501926,0.399425,0.003008,-0.456018,0.480357,-1.247989,0.122011,0.840026,-0.240663,0.211133,0.525637,1.154223,-0.244964,0.658513,-0.72542,0.022526,-0.561766,0.873741,-0.429071,0.214121,-0.688425,-0.163814,-0.454167,-0.303088,-0.451916,0.0
baskerville,P,6.003891,0.217372,-1.853745,-2.123412,1.080861,-1.093022,-4.030676,-1.002531,-0.676949,1.437938,2.838636,-2.08699,-0.612099,-1.558924,-1.056409,0.294382,0.350397,1.616027,0.467653,0.659292,1.378015,1.692505,0.471084,0.362258,0.826535,-0.786973,1.186624,0.700068,1.149987,-0.398984,-0.130187,0.184107,1.330822,-1.315047,-1.069269,-0.414011,-1.861912,0.762405,-0.156666,-0.263957,0.0
baskerville,Q,3.095226,-1.339918,-0.5345,0.238123,0.412973,-0.416981,-0.216785,2.426708,-1.039134,0.678494,0.31256,-2.36498,-0.606714,0.197472,0.641833,0.601892,-1.42815,-1.063332,-0.967057,0.811319,-0.688856,-2.31818,-1.123643,0.764564,0.347489,1.007189,-0.737296,-0.780954,0.313255,0.979236,-0.579126,-0.862949,-0.810068,0.542826,0.580716,-0.204869,-0.112939,0.327775,0.48208,-0.193738,-0.0
baskerville,R,1.840185,5.302831,0.785961,-0.251226,1.276709,2.070628,1.436636,-0.875341,-1.332339,-1.77052,1.09676,2.164607,-0.836245,-0.19127,2.617452,-0.08179,1.045031,-1.715696,-1.360274,0.935303,-0.494057,3.476513,2.567057,-0.411591,-0.342554,1.236278,-2.16893,-0.149938,-1.135202,0.426268,0.303441,1.082555,-0.763746,0.358946,0.42422,-0.517531,-1.022295,-0.437128,0.220758,-0.178354,0.0
baskerville,S,2.30922,-1.31725,1.659217,-0.126613,1.214887,-2.127949,-0.815895,-1.920996,-1.356721,-1.945122,1.193828,-2.901299,0.345183,-1.347874,0.678864,0.21491,-0.493864,0.502876,-1.398215,-0.155558,-0.526535,-0.235641,0.096636,-1.876041,0.012534,-0.210468,1.078626,1.377071,-1.671686,-0.532411,-0.451959,0.774742,0.12636,1.263045,-1.026099,1.670558,2.086318,-1.777655,-1.253272,1.182262,-0.0
baskerville,T,6.484924,0.670035,2.808708,-0.278091,-0.513846,2.293129,-2.134008,-1.684422,0.852442,-2.622533,-2.955996,-3.184006,-1.160228,1.516462,-0.40554,-1.403139,0.970227,1.161011,-1.258309,-0.555342,-0.03358,0.809892,-2.396438,-0.898619,0.220967,0.171085,-0.458377,-0.106512,0.272688,-0.590407,0.101856,-0.054193,0.353611,-0.139392,0.517188,-0.082562,0.614169,0.086107,-0.009196,-0.164412,-0.0
baskerville,U,-3.189467,-0.21636,1.766424,-1.048005,-0.337759,-0.601342,-0.544509,1.06,-1.31373,0.94429,0.583779,-0.032829,-0.326939,-0.619712,1.277369,-0.900531,0.748473,0.134311,-0.040826,1.628311,-1.028415,0.959056,-0.288159,0.012007,0.813076,0.445615,1.136281,-1.410354,0.081075,0.754105,0.521073,-0.747048,0.699474,-1.277661,0.480798,-0.463712,-0.07271,-0.17857,0.170124,0.06726,-0.0
baskerville,V,-4.634378,-2.020812,1.286719,0.778731,1.431581,0.289474,0.006238,2.182733,-0.024663,0.141172,0.046622,1.069045,-0.211153,1.62905,0.067202,-1.990342,3.373241,0.142988,-0.893166,0.964677,0.728292,0.693232,-0.344802,1.057693,0.628401,0.29676,-2.059107,0.226314,-0.667509,-0.180725,0.428175,0.32236,-0.945032,1.63649,0.823436,0.823769,-0.821535,-0.183599,0.747754,-1.143288,-0.0
baskerville,W,1.594424,-0.104981,-1.635937,0.346042,-2.208904,3.593969,-2.921634,-1.42619,-0.952347,3.719166,0.063703,-1.070789,-0.626501,-2.999425,2.627762,0.058373,0.224345,-1.291864,0.08457,0.083792,-0.269686,-0.004933,-0.551906,-1.582712,-1.032358,2.044784,1.446281,1.202053,1.358336,1.907507,-2.438663,0.847564,0.559678,-1.682831,2.834653,-0.036273,-0.076478,-0.08849,-0.551743,0.078836,0.0
baskerville,X,5.605101,4.902216,-3.346658,0.335616,0.974631,1.283332,2.604641,4.253989,-2.840591,2.744225,-2.127105,-2.954111,-2.47753,-1.138978,0.398213,-0.129425,-0.752235,-0.97048,0.721284,-0.020289,0.259576,0.046383,-0.27167,0.004892,0.025317,0.007883,-0.006693,-0.005852,-0.040773,0.012152,0.002663,0.00089,-0.001904,0.004363,0.000837,0.000415,0.000651,0.000784,-0.00087,0.000355,-0.0
baskerville,Y,5.407728,0.945141,-1.85531,-0.275978,-1.539801,2.122538,-0.484678,2.080018,-0.808654,-1.985673,3.222572,-0.231737,-1.678156,-4.015503,1.982449,2.8508,-1.576532,-0.224755,-1.609752,-2.621302,0.467198,1.495657,-1.320068,0.294666,-1.540217,1.000804,-0.626959,-0.403101,-0.497467,0.504059,-0.972246,-1.4182,-0.250774,-0.80588,-0.532779,-0.049088,0.581215,-2.245635,0.371033,0.573595,0.0
baskerville,Z,-2.373825,3.807291,0.760095,1.775879,1.337135,-0.508932,-2.894981,0.344278,0.133856,-0.649619,2.377252,1.268278,-0.802766,0.115725,1.081395,0.53579,-0.343684,-0.695722,0.468261,-0.865276,0.298003,-0.252316,-1.621,1.176558,-0.592823,1.277075,-0.988416,-0.670847,-1.704862,-0.408599,-0.256749,-0.672466,0.981638,1.845405,1.297495,0.29816,-0.240639,0.837508,0.678076,1.686501,0.0
baskerville,a,0.600049,-1.830923,-4.467671,-0.216768,0.341848,-0.812119,0.272361,1.210218,1.222968,-0.938731,1.761492,1.991213,-2.518429,-1.538944,1.876031,-1.013436,2.235819,0.529457,-2.375166,0.023092,4.250934,-0.641486,1.883439,-0.0999,0.69293,1.286515,1.780482,-0.752009,0.14346,0.71544,-0.248655,0.307188,-0.190949,-0.551426,-1.662364,-0.378353,-1.261601,0.066289,-0.622907,-0.047655,-0.0
baskerville,b,-4.154827,-0.140113,-1.868051,-0.640196,2.138502,-0.368203,2.124921,-1.043651,-0.360386,0.36097,1.980347,-2.222202,-3.751851,-0.327657,1.949449,-0.236,-1.145033,-0.708404,-0.787264,0.372458,-1.773978,-0.774879,1.675201,0.491809,-0.731618,-0.479987,-0.004771,0.032258,-0.06233,-0.699152,0.525299,-0.040468,-0.572012,1.218198,1.023058,0.218597,1.011541,0.323765,-1.661376,-0.263108,0.0
baskerville,c,1.536186,-0.331203,-1.09923,-0.337541,-0.515584,-0.759586,-1.381121,-0.219191,0.368329,0.526665,0.138772,-0.207892,0.89324,0.935605,1.501541,0.36898,-1.740262,0.124912,1.414848,0.485948,-0.299819,-0.438653,0.304988,-1.398473,-1.593719,0.331189,1.640445,-1.390561,0.495812,-0.861283,-0.584804,-0.394711,-0.565579,0.395506,-1.065391,-0.443013,0.721939,0.95526,0.533631,-0.002746,-0.0
baskerville,d,-2.067651,1.325476,-0.343291,0.097212,-2.52053,2.566705,-2.290621,-0.340742,0.784519,0.982381,1.953391,0.93039,-1.394672,-2.029726,-3.23322,-1.453126,-0.753405,0.569684,1.126222,-1.867343,-0.092686,0.290968,-0.958942,2.469271,0.316291,-0.086314,1.035822,-0.415064,0.722027,-0.417536,0.030946,-0.896504,0.050897,0.470653,-0.45572,0.284041,-1.583012,-0.311196,-0.145244,-0.403523,0.0
baskerville,e,-8.262329,-1.109222,0.636137,-0.186066,0.241858,-0.618386,2.670613,-0.379974,-0.073322,-0.099501,-1.22933,-0.060355,-1.812012,-0.535009,-1.53779,0.363415,-0.762997,-1.632931,-1.089019,0.215036,0.592943,0.313838,0.760966,-2.049908,-0.909651,2.351612,2.243776,0.256189,-0.434747,-0.274095,1.439901,-1.23439,1.094564,0.088912,-3.116388,-1.159671,-0.773514,0.291785,-0.272286,1.696837,-0.0
baskerville,f,6.126893,-4.87981,-3.874126,-1.257603,-0.187468,-2.826794,-0.298925,-3.367867,-0.224411,3.880671,-0.846058,-3.343472,0.176305,2.809182,-3.026528,1.46476,-1.170538,-0.52807,1.624088,1.302648,-0.697957,2.774592,1.776661,1.109708,-0.231286,-0.32957,0.208055,0.398459,-0.902185,0.617868,0.789598,-0.517224,-1.388887,0.932345,-0.370763,-0.140373,0.34248,-0.256008,-0.228274,0.055562,0.0
baskerville,g,-4.920215,1.028365,1.41864,1.340104,-1.471067,-3.087051,-1.649774,1.700484,-0.418803,-0.807016,0.344967,-4.640944,-1.987608,-2.970481,2.258753,-2.734854,2.561166,0.099609,0.836035,-1.766871,-0.696489,0.899942,-1.059259,-0.677862,-0.59887,1.638183,-0.975873,-0.49387,0.494084,-0.641393,1.834953,-1.012607,-0.153321,-0.034804,-0.415888,-0.274716,0.245112,-0.937708,-0.536788,-0.509625,-0.0
baskerville,h,-4.004613,-0.322316,2.063337,0.173552,-1.394779,0.160985,-1.460864,1.120836,-1.800797,2.601072,0.519765,-1.253985,2.230593,0.049144,-1.026208,1.289876,-2.478173,0.101989,2.868924,0.762565,0.870123,-0.230268,0.432926,-2.145392,-0.464256,0.341582,-2.359264,-1.467019,-0.182809,1.416954,0.519194,0.242,0.038985,-0.039403,0.7986,-1.460429,-0.384629,-0.557973,-0.185392,0.202352,0.0
baskerville,i,5.969923,-2.634286,-0.290954,0.225683,-0.554074,-0.785114,2.995495,-0.844702,3.361462,1.725086,-0.139897,-1.84313,-0.715978,-4.152525,-0.457139,0.971555,-0.851904,0.873198,-1.357049,0.926667,0.488214,1.005312,1.113003,-0.258475,0.417963,0.145326,-0.11797,0.239856,-0.00583,0.336111,0.206545,-0.025086,0.169127,0.235822,0.13636,0.024046,-0.003516,-0.125024,0.056633,0.015129,-0.0
baskerville,j,7.735617,-0.725023,-2.896011,1.209841,-1.895165,-2.140876,-4.621883,4.615333,-3.356847,-1.269103,-0.399937,0.556893,1.92608,-2.558227,-0.585819,2.536546,0.453595,0.551703,-0.011504,0.605867,-1.081098,0.720533,-0.219556,0.166657,-0.179031,-0.463219,0.040932,0.080354,0.031045,0.102024,-0.084939,0.116676,0.2856,-0.154349,0.225945,0.209655,-0.364843,0.272984,0.057809,-0.059107,0.0
baskerville,k,-0.103467,-3.086794,-2.635781,2.083947,-0.254765,0.154928,0.024448,-0.088256,1.973436,-0.390578,0.498542,0.654371,-2.309019,0.720388,-2.718351,-4.013084,-0.945725,-0.064966,-2.188171,-1.863326,-1.057178,0.433725,2.316996,-1.623966,-1.97068,-2.580141,1.79362,2.524203,1.25047,-0.024697,0.163594,-0.429507,0.462341,0.433885,-0.508321,-0.22399,-0.473552,-0.270139,-0.444238,-0.344394,-0.0
baskerville,l,-4.083153,-2.308159,-2.954077,1.24453,-0.748003,-0.579585,1.493274,3.044023,3.586161,-2.401678,1.92209,-1.539289,1.103631,-3.105912,-0.10406,-0.623732,-0.455372,1.159882,-0.201961,-0.283873,-0.025791,-0.973789,-0.099925,-0.474582,-0.83749,-0.004414,-0.058324,0.01884,-0.071432,-0.000474,-0.006974,-0.000257,-0.001292,-0.004704,5.2e-05,0.000223,0.00037,7.5e-05,-7.1e-05,-1.5e-05,0.0
baskerville,m,-1.706854,-4.089719,0.829952,0.074383,-1.49223,-0.345316,-0.967463,-0.559399,0.166847,1.09222,1.179503,-0.256167,-1.007368,-0.324813,0.33298,0.249402,-0.749248,-0.077127,-1.241535,0.014305,2.486791,0.16075,-2.037807,0.904885,-2.252446,0.05357,0.732957,2.108608,-2.255709,1.519985,0.012561,2.490533,0.741013,-1.152756,-0.523101,-0.35609,0.0336,-1.607193,-0.38497,-0.574118,-0.0
baskerville,n,-3.582514,0.91101,0.127336,0.857278,-0.701275,0.644221,1.239313,1.215274,1.508881,1.134292,1.244136,1.525252,0.543791,-1.656731,-0.620668,-0.313378,-0.204364,-1.634079,-1.805702,0.924243,-2.361119,0.026397,2.046944,0.393016,0.957995,-0.629781,-0.425094,-1.005886,0.626609,-0.152457,-0.207886,-0.668828,0.459235,0.404694,-1.247985,0.166262,0.173884,1.172917,-0.927969,0.322796,-0.0
baskerville,o,1.435192,-0.822478,2.002737,-0.584419,0.805132,-0.726548,-1.326963,-0.6506,0.726134,0.196954,1.259163,-1.009609,-0.431054,1.12843,0.105144,1.091483,-0.276508,-1.220165,-0.167959,-0.292907,1.490247,-1.484801,0.080067,0.326857,0.940206,1.170627,0.322314,0.476337,-0.155136,0.850695,-1.300933,1.25001,0.108003,0.631506,-0.412711,-0.1776,0.83216,0.145744,0.127222,-0.347649,0.0
baskerville,p,2.99499,-0.082848,-4.234665,-0.761124,-3.082109,3.179656,-0.22862,0.556482,-0.275044,0.446767,-0.811663,-0.348075,0.135601,1.369908,2.606406,0.8924,0.708321,-0.709777,-1.435307,0.114504,-0.873831,0.542315,-2.416591,0.774392,1.524048,0.442958,0.510646,-1.009339,0.930029,0.902848,0.293313,0.955471,0.669894,-0.26016,0.586692,-0.147285,0.514182,0.503928,0.66362,-1.062829,-0.0
baskerville,q,1.266744,-3.207158,1.102608,-2.134261,0.596664,1.799907,2.77651,-0.500573,0.95368,2.664144,-1.737349,0.403739,-2.558424,0.360427,2.083824,-2.048,0.955045,-2.322341,-0.495493,1.725091,0.424958,-0.439193,0.673677,0.675675,-0.873094,0.633807,1.971532,0.106387,0.047459,0.307697,-0.761367,-1.152581,0.429383,0.257265,0.141852,1.321496,0.322631,0.421467,-0.645076,-0.258357,-0.0
baskerville,r,1.608284,-3.893018,-1.793223,3.130364,-0.464727,0.598279,2.897502,0.302451,0.795117,1.695755,3.253564,2.41062,1.308236,0.919687,0.584021,0.080458,-3.176643,0.94929,-4.950067,-1.527858,0.207931,1.351414,1.65553,1.10162,-0.428676,-0.091828,-1.065566,0.740386,-0.700354,0.386456,-0.257464,0.510506,0.264518,-0.005338,0.450768,-0.075597,-0.304142,-0.021697,-0.457978,-0.065452,-0.0
baskerville,s,-2.709576,-2.488069,0.900493,1.609503,-0.792026,-0.012263,-0.182498,-0.663754,0.500133,-1.041125,0.421445,-0.854605,-1.163374,0.26369,-0.421823,0.451816,-0.350992,-2.419999,-1.364683,-0.569945,-2.096803,-1.242069,1.565972,1.012958,1.588638,0.038262,2.329425,-1.407448,2.30919,-0.683798,0.411215,-0.844985,-0.930518,-1.462929,-1.193889,-2.29997,2.030745,0.313837,-0.64179,0.700794,0.0
baskerville,t,6.564332,2.551519,4.427364,-0.186943,2.579513,3.577696,0.398546,0.133539,2.374866,-1.331635,1.151767,-0.020444,2.420235,0.371128,-0.025925,0.297478,-0.639337,-2.624839,0.460337,1.494496,1.469088,-1.067524,-2.997219,-0.137018,-2.125704,-0.087408,0.788246,0.944043,0.811145,1.312468,-0.846732,-1.118596,-0.018143,0.04738,-0.110251,-1.360278,1.446039,1.149069,1.292153,0.260068,0.0
baskerville,u,-2.75441,2.4529,-1.466112,0.888995,-0.994949,-2.140133,0.223126,0.576479,1.101819,-1.325744,0.255015,0.842283,2.95864,-1.364405,0.186471,-1.381004,0.989817,1.277001,0.147368,0.601915,1.029384,-0.035269,0.367535,-0.571527,-1.245203,0.564719,0.315772,0.864013,-0.050574,-1.665887,1.472574,-1.162522,0.211299,1.199136,-0.244608,-0.387011,-0.790314,0.627677,0.206391,-0.08194,-0.0
baskerville,v,-4.33054,0.333917,-0.428709,1.351546,0.61799,-1.091042,0.317533,0.495679,2.027975,1.244181,2.388731,-1.390143,0.534839,1.482422,-0.601004,-0.824112,2.74656,-1.386199,1.394644,1.517775,1.469207,1.437196,1.506235,-0.348777,0.47892,-0.264227,0.470873,-1.258001,-1.951585,-1.248555,-1.203256,-1.947867,-0.893493,-1.218151,0.600475,-0.117181,0.186332,-1.379282,0.473448,-0.693768,-0.0
baskerville,w,3.269565,3.348753,3.476872,-1.010684,0.11205,1.29657,0.544728,-0.188268,-0.398487,-1.472338,-1.625785,1.543733,-2.544304,0.3366,0.479379,-0.416062,-0.384833,-1.149997,-1.388481,3.751667,1.097807,3.814139,0.892803,-0.071893,1.379925,1.391877,-1.22409,0.581578,-1.462671,-0.976145,-0.836424,-1.957289,1.007352,-0.484009,0.328345,-0.053146,-2.224165,0.851322,-0.71415,-1.597314,0.0
baskerville,x,5.725032,0.292885,-2.053991,2.104943,-1.291728,2.200629,1.842475,-1.212555,1.659903,3.724033,-2.232709,0.676477,2.654909,-2.764524,-2.767122,-0.485043,1.701305,0.715603,0.390413,-0.301463,0.039169,-0.308029,-0.151366,-0.120404,0.046851,0.040584,0.003162,-0.007895,0.007666,-0.004187,-0.005483,0.001766,0.008574,0.001875,-0.003146,-0.002205,0.001118,0.00123,0.00013,-0.000861,0.0
baskerville,y,1.872847,-3.622469,0.383364,-1.938616,-0.887963,0.58093,-0.815626,0.478999,0.792331,-3.415064,-0.579055,-1.038042,2.35771,2.611164,-1.439976,0.959631,-0.639541,1.414958,-2.219198,1.299965,-2.008434,0.440244,-1.639079,1.17886,-2.529172,-1.109749,1.307019,-2.100471,1.372294,-0.16695,-1.148071,0.546536,-1.140408,0.652502,1.407111,-0.682687,1.138776,0.480633,-1.84034,-1.259679,0.0
baskerville,z,-2.125595,3.291519,-0.793114,-0.153036,-0.978595,-1.131975,2.00693,0.232967,-1.011112,-0.055105,0.212999,-1.409081,-0.279303,0.869041,-1.017077,2.464538,0.736912,1.220009,0.905627,1.666728,0.016363,0.566271,-0.271759,0.235818,-1.716787,0.468204,-1.570483,-1.677878,-0.117982,-0.016831,0.639424,-1.432918,1.719181,-0.357499,0.538987,-0.264132,-0.728027,0.504611,-2.056888,1.120561,-0.0
bodoni,0,-0.206202,0.415538,0.151286,0.804347,0.55569,-0.246993,-0.179,-0.385376,-0.005717,1.77177,0.206395,0.942354,0.909225,-0.933237,-0.806319,0.379571,-0.303052,0.487656,-0.756017,-0.847383,1.309109,-0.324629,-0.258236,0.274061,0.810652,0.520059,-0.96153,-0.878563,-0.364478,1.111214,0.0034,-0.743587,0.893317,-0.833008,0.078742,-1.22267,-0.630297,1.058205,-0.413626,-0.020718,-0.0
bodoni,1,7.93561,-2.967955,-4.110473,-0.969065,0.606979,-0.928989,-0.162248,-3.153843,1.337468,2.986024,1.457945,0.172495,0.203999,-1.606328,-1.002156,-0.689896,-0.273904,0.552484,-1.595387,0.673531,1.845907,-1.198835,-1.256678,-1.110566,-2.126658,-0.28149,1.713358,-1.949307,1.447721,0.147595,-0.559558,0.765362,1.117917,0.152473,0.179049,-0.083164,-0.486178,0.188128,-0.374505,-0.214825,-0.0
bodoni,2,-9.219798,4.956916,1.505071,1.612084,-0.644428,0.025176,1.49369,0.771166,1.294728,-0.260717,0.809877,-0.169016,-0.927708,0.30943,-0.537021,1.760282,-0.956335,-0.718752,1.027132,1.011223,1.225151,-0.875225,-2.589313,2.223331,0.173295,1.251083,0.771172,2.455235,-0.06958,-1.219277,0.986342,-0.892176,-0.49646,0.692425,-1.997095,0.735624,1.054741,-0.033204,-0.463574,0.56433,-0.0
bodoni,3,2.504683,1.342855,1.49128,-1.480368,0.748647,1.64688,-4.113995,0.146092,-2.133771,-2.207465,-1.210169,-0.11966,-2.347488,0.330637,0.03002,0.845567,-0.46411,2.047054,1.713208,3.318783,2.139303,0.543572,0.051608,-1.790059,2.142312,-1.970868,-0.916437,-0.045856,1.536713,0.4716,0.916962,0.602096,-0.554249,0.001594,0.279276,-0.953917,-0.517163,1.010747,0.456742,0.734277,0.0
bodoni,4,-0.08201,-4.286667,-2.412196,3.494643,0.052339,0.356165,-2.284714,0.243706,0.860104,2.498725,-1.090794,-1.352929,-1.268931,2.12257,-1.218559,4.389645,-0.088482,-0.35525,-0.518349,0.462211,0.616607,-1.527362,-2.447542,-1.625639,0.296511,-0.35987,-0.750238,-0.263228,2.136747,0.242796,1.037314,-0.042868,-0.804671,-0.100148,-2.356997,-0.438801,-0.840388,-0.655662,-0.246058,-0.58109,0.0
bodoni,5,2.728676,-0.101449,-1.570244,0.304198,0.291264,-0.339678,-2.204332,2.784601,-1.6409,2.368025,1.577483,-0.484154,0.109079,-0.826104,1.387673,-2.134101,-0.439161,0.442341,-2.867819,-3.548595,1.411574,-0.267032,1.266987,0.086901,0.153218,0.032302,0.602057,0.10802,-1.96899,0.407378,0.297597,-1.465244,-0.408218,0.62097,-0.341241,1.095598,0.499507,0.150163,-1.056772,-0.39695,-0.0
bodoni,6,-2.24787,-1.688283,-0.364269,0.743171,0.45945,1.007032,-0.726114,0.725086,-0.535842,1.39761,0.287047,0.979744,-1.101702,0.295192,-2.234624,-0.194477,-0.917696,-1.262383,0.94289,0.474275,0.627431,-0.526817,-0.61514,-1.251918,1.613501,-0.946216,0.587596,-1.5245,-0.052875,2.559037,0.033471,-0.06638,0.926485,0.61568,-0.588352,0.513658,1.284856,-0.858547,3.132831,1.383704,-0.0
bodoni,7,0.402648,-0.01778,-0.889595,-1.05981,0.482828,-2.904247,0.838678,0.030504,0.758423,0.871354,-2.561028,2.026787,0.088578,0.413814,-2.020996,-1.174962,-0.344659,2.160571,1.013826,0.323288,2.069129,-1.626966,0.358872,2.708397,-0.296871,0.757649,1.15246,0.818786,2.54407,0.309004,-0.053031,-0.254346,-0.392405,0.221325,-1.502659,-0.406408,-0.175072,-0.403261,-0.399734,-0.112847,-0.0
bodoni,8,3.838692,-3.800649,0.667708,0.257511,-1.969757,-1.070501,-1.325426,-0.635232,-0.681991,-1.292949,-0.192601,0.636783,-3.419661,-1.221266,0.276375,-1.607332,-1.386284,-0.829601,-0.589796,0.377751,-0.303346,-0.720136,3.061659,-1.262325,-0.848072,-0.199293,-2.434529,-0.802494,1.09132,-0.637872,1.365321,1.362076,0.587978,-1.737092,0.702953,-1.321843,0.416829,-0.465941,0.97098,0.317831,-0.0
bodoni,9,-0.387234,1.234013,-0.179015,1.255276,-0.087804,0.19353,-0.538042,-0.752672,2.197291,1.042839,-1.148388,1.201121,-1.692186,-0.654375,1.231575,0.377181,2.730681,0.368298,0.523588,0.210051,0.806179,0.666524,-1.502372,-2.217799,-1.336457,1.878585,-0.459673,0.732398,0.662125,2.064748,0.508417,1.055687,-0.822475,-0.753848,2.673046,0.271064,0.924081,-0.176795,1.26795,0.937567,-0.0
bodoni,A,-1.389417,1.820072,1.792483,-4.748106,1.846497,0.0013,-0.100063,-0.378523,-0.905099,5.882079,-1.543251,-0.219733,1.123234,0.419644,-0.056704,0.659017,-0.199966,-0.299525,0.288376,0.067585,1.869041,2.87563,-1.467012,0.480408,1.421148,1.817941,1.252846,1.180737,0.921,-0.010826,0.092808,-0.755892,0.759928,1.093671,-0.796606,-1.411919,1.042979,1.115064,0.401884,0.502627,0.0
bodoni,B,4.413894,-2.167817,0.172695,1.803309,-0.331137,-0.117585,0.173783,-3.150298,-1.068873,-0.313588,-1.683791,0.720685,-1.675463,-0.615773,-1.488291,2.995225,-0.501778,-1.903875,0.178098,-0.119063,0.628911,0.63471,0.689774,0.417375,0.29106,-1.285192,-1.260806,-0.690471,1.555979,0.504226,0.050359,-0.210093,-2.120235,-0.326388,0.750701,1.368473,-1.700724,0.880457,-2.070352,-0.653074,-0.0
bodoni,C,0.234459,0.967129,0.216668,0.519645,1.053359,0.027554,-0.15273,0.401154,0.677937,0.284445,-0.017615,-0.27862,0.27405,0.3755,0.333575,0.302698,0.477659,-0.253753,0.134839,-0.141052,0.914084,0.17229,0.54004,0.457245,0.3677,-0.283963,-0.875717,-1.076174,-0.232168,-0.135579,0.007867,-0.402356,-0.919868,-0.436207,0.321681,0.243157,1.224158,-1.485586,0.207689,-0.75209,-0.0
bodoni,D,-0.216924,-0.341256,2.123519,-0.823848,-1.050468,-1.337885,-1.350658,1.406784,-0.050919,-0.580182,1.203855,0.115382,2.17107,0.263013,-0.757027,-0.61252,-2.262246,0.311028,0.61675,0.168432,-0.748614,0.286407,-0.795536,-0.157449,-1.357382,-0.730658,0.387519,0.268743,-0.079325,0.527848,-0.227222,0.765473,-0.283545,0.945393,-0.042721,0.202519,0.107584,-0.321555,-0.288485,-0.01921,0.0
bodoni,E,-1.959357,-6.660388,-4.242411,-4.556921,1.31127,-1.11614,1.665795,-0.759384,-0.181473,2.276839,-1.031854,-0.027313,-0.383154,-0.789433,-1.911472,-1.059865,-0.011368,0.770049,-0.915383,0.787716,-0.753028,-0.347532,1.430554,0.860009,-1.119409,-2.217736,-0.427841,1.530727,-1.21783,0.264531,1.010909,-0.322941,-1.182805,0.64624,0.310916,-0.040863,-0.231137,0.008701,0.308927,-0.199766,0.0
bodoni,F,0.586193,4.167711,1.646493,2.051421,-0.878151,4.254192,0.826173,2.621906,0.194954,-2.225004,-0.822062,2.724876,-0.229031,-0.502797,-0.77383,1.087254,-2.741388,-1.508735,-0.662396,2.050861,0.986,0.888742,-0.128972,-0.688404,-1.025518,1.562407,-0.318454,1.198739,1.514107,-1.57968,0.110137,1.83701,0.97033,-1.119123,0.904824,-0.164909,0.092982,-1.381226,0.890092,-0.682391,-0.0
bodoni,G,-1.809722,-1.842153,-1.601179,-0.473384,-0.60383,-0.672292,-0.59126,0.483303,-0.311611,-0.188379,-0.389911,-0.468507,0.805001,0.252261,1.345594,-0.519206,-0.17707,-0.465596,0.714358,0.603251,-0.328579,0.314337,-0.939433,-2.144654,0.83362,-0.413678,-0.31171,0.008855,0.60877,-0.277552,0.447875,-1.026672,-1.177059,1.097339,1.020683,2.381326,0.993918,0.58968,-0.177561,-0.0082,-0.0
bodoni,H,-4.619336,-2.177443,-1.413438,1.54572,-0.647022,-1.319896,1.678588,-1.744484,-0.565005,-0.546457,-0.332976,-0.207952,-0.739933,0.641719,-0.190307,0.186845,-2.698572,-0.467531,-0.347477,0.032642,-0.329651,1.207192,-1.64916,-0.579452,-0.64377,-1.629912,-2.43399,1.55581,-0.626108,2.243237,0.180988,-0.924997,-0.971268,2.250854,-0.620085,1.759816,1.498107,1.680257,1.610191,0.478401,0.0
bodoni,I,4.571386,-1.698478,0.902739,3.936144,-2.487227,-1.865717,-2.69406,2.112274,2.845203,1.467997,0.860837,-1.813716,-0.992019,0.922669,-1.124946,-2.456819,-0.018907,-0.907682,-1.563286,-1.03169,-0.761538,-0.089609,0.037895,0.021926,0.011549,0.025999,0.002208,-0.003864,0.00028,0.002258,-0.000619,-0.000112,0.001327,0.000586,-0.000382,-0.000272,7.2e-05,-0.00018,0.000269,6e-05,-0.0
bodoni,J,-3.955304,4.734744,0.925754,2.386908,-0.567956,3.016605,4.43393,1.066868,0.885262,-0.710553,2.168969,-2.460254,-0.411151,2.494596,0.08543,2.001503,-1.227318,-1.058181,1.30316,-0.035112,-1.086128,-0.030077,0.33036,1.928887,2.909886,-0.32626,0.947465,-0.789354,-0.936065,-0.001413,-0.361246,-0.334091,0.62193,-0.358918,-0.026273,-0.048264,0.128634,0.536334,-0.083643,0.202108,-0.0
bodoni,K,4.630971,3.468662,-2.274006,0.275396,4.076818,2.023219,-4.717436,-5.928353,-2.339125,-0.01168,-2.002661,-1.559081,-0.623214,-1.683527,-0.611219,-0.515637,1.325015,-1.385617,1.549771,2.571563,-0.207668,-0.125081,-0.398238,-1.668911,0.085351,-0.237323,0.378747,0.087424,0.465667,0.887545,-1.728779,-1.653336,-0.395167,0.602819,-0.267244,-0.989204,0.057771,-0.33161,0.194937,0.143408,-0.0
bodoni,L,1.398776,0.195001,-0.543754,-0.812169,-1.474876,1.215771,-2.455834,-1.176778,-1.454044,1.558516,0.61219,0.503282,-1.278915,-0.977769,0.108436,-1.570068,-1.511204,0.723203,-1.577822,1.470699,0.861517,0.658822,2.03564,0.50018,-1.016598,-0.283661,-0.422525,-0.035845,-0.289988,1.010771,0.345667,0.227695,0.460266,-1.490683,-0.659829,-2.485885,1.474537,0.811313,-1.929608,1.535594,0.0
bodoni,M,0.456233,-1.560912,-1.70388,-2.045924,-0.144818,-1.005757,2.002509,-0.691598,-3.198711,0.101603,-3.387396,2.004898,0.414464,-1.575734,1.390829,2.044697,-0.518802,0.692227,0.359213,1.952618,1.629768,1.988953,0.317341,-1.535173,0.683229,-1.817373,-3.1103,1.748619,-0.753399,0.437464,2.077992,0.308428,1.255873,-1.233078,-0.737456,-1.468634,0.807678,1.143295,-0.852199,-1.557129,-0.0
bodoni,N,-0.891596,0.662403,1.377586,-2.350965,-4.36581,2.97676,-0.369122,0.153286,-0.277911,-2.131503,1.703585,0.511392,-0.210109,-0.165758,-1.816642,0.62958,1.188214,-0.546872,-2.780704,0.979445,-1.055487,-0.485261,1.029308,1.441734,0.176423,-1.148627,-1.47348,0.352846,0.793883,-0.581633,-0.481082,-0.173785,0.242209,0.931693,0.213253,-0.626343,-0.067298,0.4161,-2.156378,0.348043,0.0
bodoni,O,-1.196349,-0.903155,0.653893,-0.020058,0.507744,-0.778556,0.653531,-0.392199,-1.71864,0.218188,-0.243841,0.00533,0.010972,0.550923,-1.071409,-0.68436,-0.235,-0.481927,0.537697,-0.541778,0.222375,0.459324,1.011128,-0.716116,0.012074,-0.280877,-0.182717,0.019532,-1.231791,-1.127632,0.535516,1.229048,0.034206,0.631803,0.204936,-0.129249,-0.213759,-0.682521,0.052092,0.015045,0.0
bodoni,P,3.532791,0.590667,1.15145,2.147074,1.17958,-1.026288,0.985459,-2.650056,-3.049848,-0.045037,-2.05296,0.052118,-2.765277,0.404402,1.725068,0.386818,0.337755,2.183211,0.771321,0.94311,2.183766,-1.818012,-2.242522,0.339842,0.216946,1.952534,-0.113721,-1.480405,-0.144052,-0.408346,-0.536428,-0.953044,0.84946,-0.404012,-1.036241,-0.193686,0.268892,-0.948694,0.724518,0.090477,0.0
bodoni,Q,-3.157223,-2.641316,-0.336784,2.344793,-0.378078,-0.340734,1.403182,-0.263793,0.045745,0.173782,-0.670304,-0.274507,1.242395,-2.15935,0.242295,-0.605034,-0.38974,1.028492,0.368411,0.129705,-0.175456,0.499614,-0.286008,0.456442,-0.052509,-0.321345,0.140958,0.469161,-0.503474,-0.334142,0.098677,0.16105,-0.391768,1.551664,1.286307,1.994683,-0.177145,1.275361,-0.054161,-0.147499,-0.0
bodoni,R,-7.542153,0.63648,0.760436,5.054022,1.74773,-2.162657,0.790453,0.05078,0.850292,0.147934,-1.440754,-0.820064,1.66677,0.260942,1.853759,0.874446,1.075179,0.898628,1.718443,2.876432,-3.225886,-1.680308,1.012826,1.454217,0.481272,0.447643,-0.233362,0.066176,-1.684289,0.147375,-0.548544,-0.566921,-0.937604,0.150081,-0.79676,-0.517488,0.330052,-0.587606,-0.574513,-0.141247,0.0
bodoni,S,0.482031,-1.324424,0.444021,-0.092168,0.387214,-0.548977,-0.984901,0.825573,-1.591169,-0.200214,-0.919766,-0.058152,-3.175134,-0.516471,0.450911,-1.361178,-0.243303,-0.573993,-0.628311,0.025691,1.907399,-1.198545,-0.084362,0.913201,2.77862,0.713843,0.122973,-1.232136,-1.904467,0.105212,-0.144813,-1.326433,1.706963,0.782141,-1.881311,-1.277735,-1.504347,-1.385113,-0.535264,-1.655864,-0.0
bodoni,T,4.77669,-2.603444,-2.414198,1.23962,-2.670109,3.463724,0.383039,-0.568024,2.401303,-0.282764,-0.698603,1.048982,0.979324,-4.42769,2.013403,-1.854827,-0.229918,0.671469,1.28788,-0.220786,-1.020653,-0.222934,1.035586,-0.327954,0.565537,-0.166807,-0.640383,-0.516167,-0.494205,0.111439,-0.148099,-0.361787,-0.468651,-0.298891,0.427447,-0.145355,0.114923,0.19067,0.124139,0.20661,-0.0
bodoni,U,-3.568928,0.353524,-1.02692,2.877229,1.823314,-0.751094,-0.991592,1.023779,-0.632264,0.97209,-1.410564,-2.141288,0.054284,-0.438532,0.581013,0.368503,-0.628891,0.368312,-0.226176,-2.268579,0.248935,-0.526139,0.064021,0.424325,0.919169,-1.003546,0.216377,0.291777,0.477368,0.150699,0.569056,-0.082048,-0.0545,-0.843204,0.159393,0.175767,0.015061,0.668133,0.003971,0.256875,-0.0
bodoni,V,-3.205407,0.003184,0.2084,-1.099429,2.158647,0.615062,1.233372,-0.401746,-0.365389,0.92759,0.804546,-0.901165,-0.546487,1.615477,-0.89961,0.593277,-0.166519,-1.295023,-0.057824,0.485739,1.563812,0.913882,-0.725108,-0.593492,0.022879,-1.431532,1.980423,0.486734,2.8324,0.15393,0.741066,0.469572,-1.526047,-0.435995,0.05561,-0.674172,-0.533721,1.004144,-1.236613,-1.106219,-0.0
bodoni,W,-5.157891,-8.953177,0.125852,1.782481,-0.492838,2.170826,-3.192692,1.412862,0.037462,-1.419679,-1.037049,1.011735,1.172853,1.554917,-0.291787,0.010834,0.207306,-0.607017,-1.481242,-0.848222,-2.253868,0.575291,-1.656808,0.165205,1.997224,0.11317,1.25956,-0.600721,1.203392,-2.026289,-1.1253,1.433046,0.438621,0.574355,-0.978996,0.425659,0.272963,-2.213631,-0.692717,-1.311021,0.0
bodoni,X,5.850284,-8.714183,1.408005,-6.967108,1.529953,-2.510823,1.84295,2.07208,1.784585,2.133981,-1.027523,-0.113733,-0.033893,-0.253417,-0.952705,-0.488504,-0.349432,0.461055,0.021123,-0.112995,-0.023313,-0.03728,-0.015616,-0.049019,-0.016921,-0.068363,-0.000364,-0.033198,-0.017902,-0.012772,-0.001783,0.004651,-0.005118,-0.000217,0.004049,-0.003164,0.001762,0.000381,0.000764,0.001884,-0.0
bodoni,Y,5.728617,-0.723328,-2.22453,1.660805,-1.289991,-0.910676,0.407685,-0.379013,-1.902955,0.544818,1.6666,1.005421,1.521281,3.273826,1.476991,0.231469,1.230095,-0.19194,0.588677,-1.044244,1.216047,0.202294,0.658303,0.859165,-0.627258,1.223795,1.988999,0.376011,1.661928,1.948667,-0.789397,0.716953,0.961478,-2.688407,0.710027,1.667465,-0.230759,0.480823,-2.063915,-1.822383,0.0
bodoni,Z,-1.819808,0.755839,2.132648,-0.097529,-1.843113,-0.955841,1.498043,-0.886244,0.254081,0.068663,-1.400544,-0.689134,-1.873467,-0.022169,-0.829632,0.005721,1.454003,0.285425,-1.931149,1.589281,-1.852818,0.879982,-2.971229,1.750441,-1.500204,-1.197412,1.538114,-0.854782,0.304675,0.669128,-0.764338,0.101635,-1.103135,0.236354,-0.339156,-0.704787,0.235181,-0.761401,0.039318,1.282637,0.0
bodoni,a,-5.62049,-2.646422,-2.607006,1.087501,0.738981,1.172032,2.143327,2.67966,-0.04205,1.377376,-1.74352,0.99512,0.86034,-1.008173,-2.664153,-0.962338,2.899978,0.627285,0.434572,-0.607439,-0.959111,-0.814542,-0.473314,-0.160109,-0.591416,0.039306,-0.430987,0.21952,-1.697575,-1.626105,1.673274,-1.190912,-1.862756,-1.413352,-0.376493,-1.506478,1.565,0.768869,0.699396,0.963921,-0.0
bodoni,b,-2.3669,-3.173514,-0.256161,2.864133,-0.481147,0.766728,2.034132,2.302004,-2.324059,2.040352,-0.330398,2.658461,1.72427,1.337023,1.209787,-1.32719,-1.866154,-1.125622,1.377241,1.381265,0.362924,-1.605246,-1.160617,-1.326778,-0.292767,-0.113864,-1.360824,-1.134867,-1.126721,-0.553391,0.645401,-0.29062,0.721738,0.674458,-0.102661,0.446787,0.582962,0.382345,0.003267,0.007181,0.0
bodoni,c,-5.666679,0.162871,0.515716,0.884879,0.741391,0.116147,-0.165979,-0.471819,1.147041,2.516278,1.044575,-2.278417,-0.608875,-1.853546,-0.289608,-1.129537,1.384153,-0.344952,-0.763649,-0.452366,-0.293156,1.460957,1.046217,0.090555,-0.378117,-0.644941,0.247878,-0.025751,-0.01092,-0.529403,-0.94368,-1.082735,-0.385567,0.7908,-0.853149,-0.333899,0.110875,-0.371769,-0.171842,-0.185366,-0.0
bodoni,d,-3.356212,-3.206418,-1.057386,-2.201809,-2.597259,-0.257864,2.248634,3.39303,1.115884,1.731878,-1.552816,0.850395,-0.247969,-0.329953,-0.666249,0.60712,1.368092,0.749092,-0.206892,-0.495666,1.972804,0.628587,0.156565,-1.971008,-1.560823,-0.660121,0.855099,-0.271123,0.076008,1.003818,-0.880815,0.167269,0.345804,-1.079346,-0.926834,0.246873,-0.997566,1.134617,0.162391,0.011261,0.0
bodoni,e,-7.922481,-1.129764,0.941115,-1.214387,0.73998,-1.294959,-1.512008,-0.434306,-2.492498,-0.189282,0.270949,-1.255568,0.67611,-1.125477,-0.768467,0.708285,-2.03663,1.462914,-0.387373,-0.489881,0.057748,-2.111248,-2.937472,-0.333809,-1.287907,0.867938,-0.643433,-0.887515,-0.665399,0.323599,-2.355565,0.61851,-2.558354,1.641333,-0.779893,1.858388,-0.656201,-0.582518,-0.538769,-0.618686,-0.0
bodoni,f,5.453723,-4.549432,-6.015838,-2.216126,-0.061917,0.237137,-0.642695,0.358117,-2.792588,-3.227324,3.020899,-1.808842,1.135758,-2.457634,4.98412,2.249281,-1.116056,1.373278,1.290892,1.240646,0.789486,1.611158,0.84634,-0.965165,-1.386088,0.879829,-0.314319,0.26671,0.629421,-0.347674,-0.239598,-0.543597,0.256158,-0.773037,0.365272,-0.19184,0.070233,0.109035,-0.261944,-0.114324,0.0
bodoni,g,-6.059092,-6.717201,-3.200225,2.956263,2.02366,-1.782883,-0.676953,-0.359713,-3.582361,-0.902996,0.082927,2.151215,1.83766,-0.444106,-2.718577,-1.086474,2.573426,-1.084904,-1.72597,1.76825,-1.412849,-0.614224,-1.031149,1.059926,0.895463,-0.316254,-0.772203,1.086926,0.810291,-0.708618,0.279454,-0.090781,0.226774,0.132649,0.033278,-0.484863,-0.603797,-0.151353,-0.074107,-0.642848,-0.0
bodoni,h,-1.012208,-3.135754,-4.691565,-2.646921,-1.36464,-4.597644,1.506755,0.369129,1.480382,-0.753435,1.726337,-0.130802,-1.932628,-0.784189,0.855841,1.723947,-1.150137,0.279428,2.404281,0.116505,-0.528275,-0.634564,-2.052764,-0.853261,0.054859,1.421889,1.013512,-0.516553,0.383472,-0.728477,-0.607771,0.037589,-0.756051,0.540218,0.390231,0.63245,0.313328,-0.694326,0.09732,0.634644,0.0
bodoni,i,3.380974,-3.893061,-0.875747,-1.423946,1.412265,-2.933082,2.793233,0.106962,-0.865967,3.714608,0.512635,0.253804,0.849259,0.255945,0.913235,0.29244,0.115054,-1.321586,2.125095,-1.070996,0.618407,-1.261328,-1.703274,0.660864,-0.189862,0.508283,0.153615,-0.441523,0.8623,-0.159191,0.529516,0.063378,0.341899,-0.448602,-0.061553,0.400505,0.013296,0.145192,0.011448,-0.016931,-0.0
bodoni,j,6.037196,-0.15179,-7.720576,8.941701,2.41598,2.701199,-0.153593,-1.961877,2.312279,-0.246494,-1.272101,-0.094344,-0.944015,1.050016,0.060693,-0.082744,0.421299,0.572527,-0.202966,0.119577,-0.420883,0.426471,0.871451,-0.405756,-0.270015,0.122856,-0.310045,-0.181543,-0.164724,-0.077822,0.041301,-0.006324,-0.00209,-0.168227,0.061202,-0.063713,0.07533,0.343071,0.074841,-0.218309,0.0
bodoni,k,0.12683,-2.447271,-1.941309,-2.207782,-2.576979,-2.725655,2.422957,-0.121793,-2.14984,0.919695,0.061323,1.232725,-2.962845,-2.709466,-0.20554,3.125902,-1.72185,-1.406571,1.826867,-0.778751,-2.658391,-2.012985,3.410303,-1.680796,0.486532,1.409164,-0.229625,-0.510216,-0.82506,0.262826,0.565026,-0.004903,-0.061177,0.71532,-0.578544,0.621304,-0.63006,-0.051892,0.188173,0.396953,-0.0
bodoni,l,-2.300646,-0.700402,-2.337265,2.094383,-0.226038,-1.724061,-0.496984,1.212638,-2.771711,-1.14481,-0.156967,0.170402,0.944287,1.549891,-1.000692,-1.157475,-1.71523,2.317613,-0.279974,-1.078208,2.618714,-0.054305,0.837805,0.24446,1.422266,0.379326,0.074135,-0.132886,-0.033006,-0.028611,-0.016154,-0.001753,0.000263,0.002788,-0.001483,0.000137,0.000767,-9.1e-05,7.7e-05,2.4e-05,0.0
bodoni,m,2.362142,0.550187,-0.46903,3.229245,-1.959755,-0.839974,-2.382509,0.343118,0.547889,1.226674,-1.352627,0.884165,0.388119,-4.002116,0.07167,0.496003,0.602048,-0.637783,-1.948344,0.017626,2.09197,1.114516,3.57015,0.711241,1.054366,-2.096209,-0.320944,0.289689,0.084153,-1.529911,-0.731519,0.414732,0.022791,-0.206175,0.169211,-0.273528,-0.179929,0.153398,0.421617,-0.12049,-0.0
bodoni,n,1.304036,2.995751,3.48544,-1.754263,-0.447567,-1.063823,-2.629342,2.953656,-1.128363,1.678145,0.627603,0.226766,-1.024535,-0.892206,-0.666471,2.050214,0.839121,0.129003,1.029886,-1.563518,-0.654306,-0.436139,-0.048431,-0.605798,0.546301,0.310044,0.675454,-0.395333,0.239327,0.519465,-1.216119,1.363097,0.382612,-0.503889,-0.212868,0.267724,0.793378,-0.476695,-0.464805,-0.381326,-0.0
bodoni,o,-0.61943,0.548592,0.128255,0.353635,0.856748,-0.727889,-1.12539,0.898517,-1.49457,0.114108,-0.388183,-1.217595,1.891428,-0.61389,0.632688,0.147202,0.737273,-0.307783,0.53665,-1.323763,0.578242,0.409486,1.382989,-0.919998,0.526186,-1.112868,0.357325,0.232283,-0.49194,1.078071,-0.328672,-0.380055,0.872132,0.432539,-0.099512,1.473525,-0.871088,-0.585085,-0.388835,-0.141212,0.0
bodoni,p,1.07115,-2.116642,0.528132,4.381901,-1.208652,-0.952528,1.799539,0.241948,-3.332983,-2.871779,1.592874,1.197586,1.723065,-0.353023,0.519449,2.764935,-0.585599,-0.507628,0.288019,0.102051,2.147723,0.681264,0.004094,0.065462,-0.488581,0.665818,-1.294493,0.415511,1.022746,0.751287,0.137807,-0.657525,0.227149,-0.848187,0.680558,0.203556,0.145776,-0.597525,0.454957,0.051035,-0.0
bodoni,q,2.221242,1.2149,2.291726,2.769714,-2.086333,-2.88221,1.069951,-3.6389,0.685948,-0.948301,0.126968,0.602923,-0.300413,0.177283,1.190086,2.302402,-0.170546,-0.276776,-0.414354,0.204499,2.050987,0.513329,-0.443786,2.219872,0.583926,-0.500207,1.96239,1.542871,1.354357,0.202492,0.238652,-0.213676,0.546126,0.034104,0.073117,-0.830789,-0.859776,-0.074329,0.965313,-0.02504,-0.0
bodoni,r,-3.745551,-7.653199,3.275252,-5.022899,-1.549033,-0.911562,-2.823421,-8.643081,-1.057531,-1.613321,-1.706523,0.10182,-1.451139,0.144965,-0.823663,0.528815,-0.682079,-0.247131,-1.850096,0.569057,-1.317749,0.557311,0.642308,-0.523908,-0.485644,-0.148503,-0.977147,0.390192,0.535751,-0.033765,0.201765,0.052415,-0.004894,-0.273682,0.146029,0.472908,-0.188026,0.024547,-0.075273,-0.013681,-0.0
bodoni,s,-1.178562,0.933971,1.202897,-0.46214,0.841097,0.093558,-1.353774,0.79771,-0.780772,2.409239,-0.038359,3.179925,-0.327837,0.368579,0.648382,-0.147959,-0.260199,0.632095,-1.074299,-0.538547,-0.114804,-1.148646,0.200674,1.735286,0.231538,-0.575031,-0.014068,2.716089,-1.063907,1.291681,1.698033,2.378188,-0.259578,-0.333307,0.273687,-1.890903,0.279663,1.635912,2.090474,1.15081,0.0
bodoni,t,-0.704601,0.265208,-2.710679,-0.531404,-2.232546,-1.149679,2.665537,0.168894,-1.392335,-0.814331,-1.414361,1.620548,-1.204987,0.257467,-2.60273,-1.020952,0.770048,-1.045208,1.497202,2.691357,2.227465,-1.88287,-1.675846,-0.446812,0.897719,0.860454,-0.80664,-2.032931,1.852392,-0.832483,-1.547781,1.192787,2.002799,0.792797,-0.377551,1.659494,0.184944,-0.012648,-0.132921,0.403909,0.0
bodoni,u,0.497018,4.195105,0.923457,-0.792616,-1.559764,-0.01772,-0.328493,-1.185576,-1.732598,1.874495,-0.694846,-2.818665,-0.893408,-2.496282,1.008588,0.758603,1.813764,1.588298,-0.823479,0.313672,0.055827,0.268597,-0.611176,-0.611496,-0.740274,-0.741638,0.93272,-0.219772,0.806755,0.915684,0.016791,-0.152066,0.118919,-0.749018,0.332151,0.108829,-0.255077,0.583286,-0.770244,-0.832182,-0.0
bodoni,v,-4.954463,-0.462226,0.768974,0.452621,-1.671958,-1.554653,0.243298,-0.69356,1.431669,-0.746103,-0.181211,0.586911,1.117458,-0.183676,0.466619,-0.093232,0.2298,-0.779589,-2.352136,-1.401744,1.186928,0.175786,0.340716,-1.177347,0.945186,-0.750376,-1.146124,0.350983,-1.057017,0.952929,-0.133966,0.836689,1.10075,-0.10951,-2.50611,-1.668312,-2.899704,-0.512213,-0.34311,-0.047384,-0.0
bodoni,w,3.865216,2.381079,-0.525385,-1.5261,0.788102,-0.623726,1.282316,-2.180184,-0.465203,-1.103959,0.065157,-0.304577,-0.282855,1.227292,1.274865,-0.906344,0.073576,1.289658,-1.176829,-0.467808,1.055158,-4.320041,-0.518019,-0.942189,-0.63251,-1.176863,-3.059085,0.828949,2.564029,1.47975,-2.114202,-2.822026,0.487214,-1.050644,-0.861865,-0.076398,0.377393,1.75269,-0.282858,0.82252,0.0
bodoni,x,6.943872,6.248456,2.891417,-7.356748,1.008903,2.461361,2.367738,-1.058419,0.308561,-0.308031,0.470808,-0.324462,0.864899,0.169674,0.30665,-1.172594,-0.166436,-0.520067,0.08928,0.0973,-0.141778,0.342979,0.610423,-0.152765,-0.015607,0.004577,-0.056136,-0.09113,-0.005359,0.001661,-0.010167,-0.00823,-0.002194,0.003837,-0.009352,0.001383,-0.006397,-0.002066,0.000465,-0.001164,0.0
bodoni,y,4.619284,-0.242787,3.513371,-1.168998,0.993331,-0.10995,0.661031,-0.755575,-0.167182,1.088224,1.541333,-0.622149,0.781362,-0.865758,0.183401,0.300554,0.990116,-0.439873,0.162408,0.333276,2.166148,1.064874,2.436475,1.702198,0.676493,-2.843767,-0.986795,0.248934,0.214015,1.617253,-1.775333,-0.442991,1.082625,1.405848,-1.77465,-1.877448,2.31214,-0.244488,1.050842,-2.026115,0.0
bodoni,z,-6.744636,0.673112,0.521077,-1.013349,0.293356,1.012442,0.211919,0.503032,1.244085,0.079953,0.68633,-1.222048,-0.516212,-1.149696,-0.593432,-0.621849,0.950825,0.529401,-0.410192,1.059704,-0.500704,-0.794002,-0.702514,2.284622,0.914613,1.269265,-0.352048,-0.502659,-0.878069,2.1737,0.60274,1.483257,0.958351,-0.603731,1.733593,1.002683,0.836097,-1.173099,0.374762,-1.602802,-0.0
cinzel,0,0.415685,0.944549,-0.42315,0.998865,-0.140448,0.078062,0.214307,-0.100925,0.146817,0.375126,0.149441,-0.217901,0.37172,-0.182266,0.238613,-0.045691,-0.182342,-0.340013,0.607683,0.450459,0.328706,-0.546489,-0.628898,-0.309104,-0.064965,0.082557,-0.266358,0.301854,0.477212,-0.144615,0.228478,-0.335005,1.21408,-0.182484,-0.393267,0.1967,-0.078209,-0.450733,1.574493,2.002149,-0.0
cinzel,1,5.738404,-4.674195,-3.657899,2.465288,-2.231104,-0.690299,2.339786,-0.732213,2.271289,-0.21447,3.597963,-0.03116,1.198059,1.463868,1.357241,-0.170329,-0.484718,-1.023896,1.86845,0.16739,0.774149,-0.702995,2.04734,1.854046,-2.069704,-0.298836,-1.932845,0.79689,0.030804,0.061135,0.910442,0.391505,-0.147479,-0.611668,0.961312,0.140528,-0.106804,-0.167447,0.252769,0.084477,-0.0
cinzel,2,2.658156,2.796235,1.720408,1.095581,1.021713,0.283754,-0.548525,0.353844,-1.085693,0.004497,-0.597189,1.356687,0.280774,0.296733,0.543753,2.061306,0.272344,1.407426,-1.801059,0.023542,0.35391,-1.417524,2.575302,-0.752644,0.493852,-0.800822,-0.197326,0.13091,0.099225,-0.568342,-1.600237,2.184336,0.6661,0.029207,-2.094301,1.165792,1.927622,0.319885,-1.831904,-1.620637,-0.0
cinzel,3,11.639123,1.437183,-0.606195,0.886995,-1.941974,-0.457726,0.435097,0.023725,0.815836,-0.257701,0.32318,4.261557,1.441575,-1.005803,-2.424634,0.915534,-0.256738,2.007186,1.323422,1.417186,-0.949021,-0.890678,-2.251829,1.233728,-1.607507,-0.861867,1.376324,1.65708,-0.312539,1.098896,0.707588,0.546838,0.076113,0.281816,1.400509,1.394278,-0.144553,-0.21234,0.021663,0.005936,0.0
cinzel,4,2.992498,-5.671124,-3.262799,0.574864,0.508915,-0.181882,3.898887,-5.668107,-1.425305,3.907196,0.77905,-1.602418,0.282315,-0.487061,-1.760091,-1.341411,1.654305,0.99532,-1.590812,1.813722,-0.878218,0.717491,0.031284,1.254049,0.412863,-0.115341,1.346879,-0.463549,-0.576512,-1.463593,-0.38902,-0.50422,-0.079434,-0.416301,0.001015,0.159564,0.210638,0.727295,-0.35703,0.016378,0.0
cinzel,5,12.89406,-0.764438,-1.442403,4.084403,-0.595812,-1.551504,0.241834,-0.466018,1.056887,0.77318,-0.874606,-0.64023,1.333619,-0.15176,-0.405335,0.930982,1.14232,-0.660117,-0.747518,1.530111,0.052683,-0.695534,2.074063,-1.087307,-0.115088,-1.117765,0.812522,1.883413,-0.542577,0.363376,0.622613,0.987165,-0.038406,1.420466,0.536076,-0.702368,-0.689231,1.645061,-0.479923,1.955179,-0.0
cinzel,6,-2.528438,-3.964946,0.49679,-1.151853,1.493409,0.760297,2.438744,-0.917147,-0.697681,0.285936,-2.521001,2.528633,0.439515,0.756881,-0.096356,-0.417906,-1.226412,0.25844,-0.748284,-0.833138,2.28006,-0.968503,0.518268,1.09425,-0.681609,0.888106,0.063447,-0.455328,-0.301021,-0.79144,0.446693,0.338817,1.231756,-1.371741,3.282971,0.275115,-1.186954,0.614781,0.574298,0.468116,-0.0
cinzel,7,0.945734,1.784812,1.073338,-1.570525,0.365787,-0.700524,-0.814564,-1.627507,0.072235,-0.009312,-0.219046,0.938037,0.618754,0.064922,-1.213386,-0.140364,0.435373,0.383224,0.372621,0.428263,0.268535,0.900893,1.998934,-0.55177,0.355593,-0.077888,-0.462464,1.510994,-0.935774,1.111709,0.197265,-1.334044,0.72343,0.960827,1.209344,-0.610927,2.785735,0.155688,0.262509,-2.057184,-0.0
cinzel,8,-0.170542,-5.18444,0.560465,-1.385431,0.463905,-1.005827,1.058232,0.413537,0.72021,-0.783938,2.75573,-0.678437,2.008765,1.706369,-0.075871,0.294797,-0.700678,3.477827,-0.83091,-1.909995,-1.180011,-2.19638,-0.593589,-0.231937,-2.05243,0.315152,1.180267,1.406297,1.128168,0.753812,-1.428678,0.239866,-0.562049,-1.653334,0.195069,-0.195024,0.099513,0.305995,0.405406,1.394318,-0.0
cinzel,9,-1.032277,2.889761,-2.283072,0.554496,-0.785649,0.080289,0.390022,1.126539,-0.698436,-1.689788,0.324199,1.078646,-2.28122,-0.387989,-1.380617,3.26377,-1.312073,0.440599,-0.874067,-0.980174,-3.032356,-1.432376,0.774359,-0.537963,0.023195,0.144596,-1.36315,-1.020875,-0.069979,1.367265,1.445633,1.205788,-0.712657,0.828893,-0.599919,-1.052401,1.649667,-0.29677,-0.147915,-1.17748,-0.0
cinzel,A,4.130214,3.494604,-2.489014,-0.193219,1.472955,1.144958,-0.215194,-1.098389,1.63197,0.426923,-0.092306,0.281866,-0.538957,0.888943,-2.167608,-0.141225,0.666708,0.956576,-0.12307,0.018976,-0.693478,1.423396,0.206494,1.753666,-0.240657,0.075835,-1.684296,-0.59299,-0.305497,1.471721,2.012123,0.454302,-1.308676,-0.005193,0.644656,1.562521,-1.24236,1.777199,3.48277,-1.323296,0.0
cinzel,B,5.205191,0.061654,0.337922,-1.447755,-1.499476,0.785987,0.623827,-0.74543,-0.329655,-0.743856,-0.240262,0.380963,0.277222,-0.060785,0.746624,-1.037579,-2.034616,0.967771,-0.783541,0.162543,-1.324199,-0.612384,3.635315,-2.131154,0.70363,-0.558198,1.000444,-0.676336,-1.164266,2.737514,-1.24055,-1.863888,0.947437,-0.765175,1.12329,0.518426,-0.242698,-0.570824,0.515736,1.353667,-0.0
cinzel,C,-2.648458,2.838832,-1.246145,-0.411085,-1.220792,0.265128,0.240134,-0.595725,0.003425,-0.139915,-0.336307,-0.028519,0.321021,-0.75665,-0.263427,0.057146,-0.515489,0.647659,0.23085,-0.453338,-0.186285,-0.54386,-0.01716,-0.680275,0.228959,0.244439,-0.290991,0.091121,-0.16816,-0.050179,-0.508524,0.596963,0.010612,0.009331,-0.307203,-0.318944,-0.694018,0.329,-0.199701,-1.781328,-0.0
cinzel,D,0.918591,1.517343,0.599768,0.755697,0.924497,-0.103379,0.378119,-0.493036,-0.350254,-0.623828,0.1772,-0.408761,0.004665,0.352486,0.252209,0.482645,-0.727483,0.304931,-0.420078,-0.286662,0.528779,0.041718,0.522493,-0.312702,0.314976,-0.024188,-0.536957,0.465817,-0.288609,-0.30244,-1.215195,-0.03258,0.055283,0.804262,-0.235795,0.429777,-0.06439,-0.038548,1.222994,2.00685,0.0
cinzel,E,-1.448345,0.593216,1.162514,-0.497423,1.796242,-0.61254,1.827124,1.381676,-1.918298,-0.886479,-0.958793,1.719779,0.043482,0.667982,-0.265131,0.620806,0.128586,0.009781,0.611199,0.37031,-0.504042,0.168889,-0.106798,-0.125185,-1.76913,0.845693,-0.843722,-0.405542,-0.866835,0.205495,0.466171,-0.23908,1.239404,-1.70514,-1.218239,-0.195369,1.752169,1.941896,3.381187,1.615472,0.0
cinzel,F,0.223992,2.38069,1.61235,2.566667,-1.677164,0.039499,2.252049,1.951264,1.476091,-1.151786,2.380386,-0.08186,2.208959,1.478244,1.431669,-1.074236,-0.581997,-0.562447,1.69151,-0.229937,1.278793,-0.013254,0.672728,1.459759,2.964249,-0.876825,-0.090234,0.377781,-0.209814,-0.198712,-2.067379,0.134228,0.70581,-1.029452,-0.324676,-1.838534,-0.784212,2.082461,0.04957,1.542801,-0.0
cinzel,G,-0.453644,-0.429857,-1.74922,0.949502,0.119555,-0.128066,0.625657,-0.107338,-0.200702,0.688651,-0.098783,-0.263693,-0.244607,-0.658133,-0.283429,0.337587,0.204687,-0.317912,-0.492774,-0.224653,0.109233,0.391964,0.393986,0.689861,-0.257657,0.154991,0.049968,0.648002,0.194997,0.060242,0.10807,0.367748,0.228817,-0.536554,-0.593131,0.563011,0.986552,0.106954,1.171926,-2.436516,-0.0
cinzel,H,-1.070201,0.128914,-2.212057,-0.999632,-0.842084,-1.076281,0.548925,0.225271,-0.685036,-0.714618,1.022593,0.009358,-0.18239,0.043874,0.310978,-1.009883,-0.282039,-2.013694,0.561086,0.149604,-1.27206,0.624007,-0.299949,0.585008,1.909465,-2.977693,0.234553,1.035607,-1.515063,-0.04172,0.557615,-0.150964,-0.556665,-1.456499,1.741652,-1.274946,-1.5127,-0.821694,1.529557,-3.079859,0.0
cinzel,I,3.406602,-1.006368,3.63324,0.969373,-1.786729,-5.300097,2.418977,-0.361373,-0.028131,-0.405816,-0.648833,1.824628,0.027034,0.90856,1.082001,-1.137277,1.4758,1.75614,1.968035,0.795817,0.835921,0.167567,-0.167561,0.090409,0.032214,0.027789,0.009495,0.005828,-0.00687,-0.003892,-0.001015,-0.000516,-0.000361,0.000951,0.000113,0.000312,0.000132,-0.000261,-0.00012,-0.000177,-0.0
cinzel,J,7.711033,4.223309,-5.683264,0.750803,3.00724,0.308033,-0.399156,-0.526119,5.46049,-1.84679,0.203866,0.1111,-0.780042,-3.271324,-0.03743,1.483122,-2.241825,-0.61245,-1.329684,-2.891344,-0.765262,-0.226591,0.291674,-0.841439,-0.412742,0.335837,0.431876,0.017795,-0.083644,0.342319,-0.394181,0.299625,-0.52701,-0.265777,0.20181,-0.256245,-0.103084,0.085522,0.007816,-0.081675,-0.0
cinzel,K,-1.563084,8.115269,4.837884,0.795987,1.131885,2.540733,1.411846,-2.616668,0.030227,2.00676,0.93839,0.824408,1.82426,-1.281496,2.553981,-1.125094,-0.38532,0.469811,-1.50463,-2.280965,1.691212,-0.692665,1.200641,2.598813,2.325317,-0.855594,0.260071,1.38002,-1.074153,0.758081,0.082061,-0.83236,0.805464,-0.41967,1.576818,-1.16243,-0.722846,-0.940978,-0.395741,-0.299266,-0.0
cinzel,L,1.299659,0.280345,-1.005207,0.422061,0.526079,1.635187,-1.824935,0.632123,-0.441753,-0.759063,-0.065953,-0.110838,0.959026,0.20743,0.413367,-2.538899,0.188223,-0.568103,0.361553,0.44994,2.004182,0.975654,1.897448,0.350136,0.698365,-0.804535,-0.495994,-0.018282,-0.453162,0.320031,1.407722,-0.388625,-2.891126,-0.970345,1.853161,-0.40219,0.235541,-2.1522,1.132811,-1.473001,0.0
cinzel,M,4.269006,1.520244,0.72601,1.081818,0.88699,1.812072,-1.037313,0.752613,0.472169,-0.595023,1.344493,-0.095126,-2.676845,0.09791,-0.141653,-0.912626,-2.790403,0.945099,-0.111808,0.154414,0.742335,-1.654719,0.23905,-1.16467,-0.698636,-0.001034,1.743894,1.751527,0.11295,-1.116652,-1.173681,0.467939,0.872825,0.258245,2.2267,-3.013166,2.056554,-1.566164,-1.220475,-2.866344,-0.0
cinzel,N,-1.155925,-3.032828,0.895834,0.044704,0.010659,1.454731,-1.008228,-0.513671,-1.497696,-0.390868,1.30692,-0.148462,1.518332,0.79794,0.425153,-1.06132,1.099459,-0.053666,-1.07759,1.75064,0.432241,-1.844743,-2.106257,0.429658,-1.827612,-0.952696,-0.048813,0.968761,0.189372,0.554856,1.518136,-0.138284,0.942634,-1.051707,0.506174,0.856253,-0.255696,-0.840296,1.117482,-2.632878,0.0
cinzel,O,1.601446,0.593781,-0.16635,-0.111356,0.229478,-0.114749,0.099494,0.204357,0.143504,-0.471115,0.02857,-0.358034,-0.409467,0.18906,-0.257495,-0.162997,0.404152,0.428398,0.223879,-0.113103,-0.190988,0.313718,0.023138,-0.277526,-0.050129,-0.229552,0.580388,-0.108429,0.367586,-0.18027,-0.011412,-0.319915,-0.188099,0.443796,-0.438662,-0.06091,-0.792236,0.23831,0.74609,1.832855,0.0
cinzel,P,5.496716,0.06036,2.3059,0.338047,0.577608,0.73005,-0.166732,-0.866814,-2.091253,0.973153,0.873944,1.273407,-1.052994,0.628585,-0.648837,3.00053,-0.517715,-1.770887,1.403044,-1.588403,-3.270004,1.763141,-0.453132,0.796561,-0.519035,0.691042,-0.362407,-0.758999,-1.27118,0.587341,-1.359034,-0.41271,-2.014619,-0.793378,-0.716197,0.464677,-0.713274,0.361394,-1.098732,0.413911,0.0
cinzel,Q,8.954489,4.780042,3.302756,6.703666,1.390428,0.13281,-0.990774,-1.250329,1.073491,-0.541778,0.253993,1.116271,-0.782259,-0.0725,0.182976,-0.024798,0.220194,-0.32048,-0.29689,0.420336,0.085605,0.018655,0.065404,0.470765,0.069752,-0.043695,-0.192098,-0.067182,-0.018668,0.086006,0.000629,-0.216316,-0.009271,0.133068,-0.174246,0.127569,-0.108759,0.049193,-0.151005,-0.081176,-0.0
cinzel,R,0.711175,4.15918,-1.432633,-1.14973,1.68519,-1.273293,1.210546,1.226837,-0.970086,-0.002897,-0.623685,-0.31292,1.025148,2.126444,0.886922,-0.507775,0.427175,0.489295,0.349801,-2.057863,0.364639,-1.428321,0.043538,-0.924752,0.401482,1.316621,-1.071958,-0.743993,-0.010075,-1.169772,-2.274267,0.267758,-0.54734,-1.889841,-1.304893,1.923313,-1.438933,2.438542,0.214405,0.351327,0.0
cinzel,S,-2.650697,-4.272042,2.293124,1.499369,0.018952,0.306221,-1.34536,0.086844,1.96076,-1.514155,-1.401062,0.956853,-0.790387,1.213281,-0.697542,1.159144,-0.28946,0.744687,1.59754,0.474962,-0.510357,-0.769596,-2.82618,2.257853,0.504407,-0.179176,1.347293,0.934085,0.50448,0.240564,2.821124,1.239146,0.283423,0.755441,-0.37242,0.883126,0.072253,1.06541,-1.565696,0.036704,-0.0
cinzel,T,4.427312,-4.269862,0.90949,3.093129,1.96392,0.766928,1.537789,-0.054521,1.927949,0.073548,-0.312808,-2.198276,-0.933474,-1.008372,-2.91497,3.229796,0.517047,-1.739318,2.264118,0.024345,0.72282,0.335393,0.513099,0.564208,0.186768,0.900824,1.256707,0.412134,0.411842,-0.531179,-0.083971,0.352606,-0.172353,-0.024268,0.591657,0.138792,0.063783,0.139078,0.101206,0.134017,-0.0
cinzel,U,-2.298716,-1.900396,0.203407,-0.716365,0.019348,-0.182103,0.446089,-0.066488,-0.058194,-0.032942,0.070366,0.017659,0.15994,0.608763,-0.167431,-0.317405,0.42225,-0.07354,-0.361008,-0.056992,0.305701,0.369919,0.366666,0.300356,-0.019415,-0.148722,0.738818,0.218758,-0.433987,-1.119811,-0.067962,-0.021866,0.823376,0.852313,-0.609654,0.068055,-0.010616,0.114196,0.897849,2.158136,-0.0
cinzel,V,-4.187555,-2.702848,0.434388,-0.993913,1.328061,0.294277,-0.234327,0.66253,0.698885,0.290834,-1.003512,-0.126953,0.561859,-0.246483,-0.758047,-1.145779,0.105441,-0.282759,0.158598,0.511446,0.745349,1.802453,0.259839,-0.583541,0.592277,0.903869,0.486909,-0.217114,0.377619,-0.019568,0.038311,-0.700668,1.627276,-0.597213,-1.44786,-1.371086,-2.156562,-0.024088,0.962574,2.038983,-0.0
cinzel,W,2.318558,0.304273,-1.048729,0.921976,-2.13072,-1.86598,0.243002,-0.890698,-2.124129,1.921194,0.341346,1.922642,-1.121119,1.992562,1.193464,-1.074781,-0.151987,1.074539,1.372223,2.324072,-0.546329,-0.740794,1.520704,0.049501,-0.410323,-1.45189,-0.897905,-0.80154,-2.705353,-0.027487,0.331921,0.989193,2.160061,-2.239336,-0.055934,-1.571622,0.169909,-3.05808,1.249899,-1.847377,0.0
cinzel,X,2.71713,-4.12705,-1.659824,1.9117,3.842314,0.763619,-1.959417,1.175604,-3.979097,1.698773,4.235972,0.74378,-0.316801,3.770861,0.146206,0.702213,-0.047408,0.185747,-0.743897,-0.349568,-0.147196,0.221262,0.102923,-0.034227,0.073544,-0.057337,-0.04397,0.015008,0.023152,-0.007576,-0.002632,0.003743,0.000782,0.000824,-0.003347,-0.000874,-0.001173,0.000801,-0.000203,0.000106,-0.0
cinzel,Y,2.919948,2.226528,2.015666,-4.199058,1.607471,3.203437,1.87051,1.829554,2.470069,-0.064351,1.809354,1.723084,-0.285392,2.14734,-1.26737,-3.178532,0.385947,-0.686248,-2.99817,1.989629,-0.934711,0.582438,0.146925,-0.436105,-2.769265,2.890395,0.760129,-0.575409,-0.589681,0.265063,-0.112314,0.4294,-1.035201,0.837861,-0.197614,0.175706,-0.400821,0.276324,-0.823688,0.536474,0.0
cinzel,Z,-2.075205,1.227498,-1.670646,2.104581,-1.901827,0.554141,0.605155,-0.806863,0.840227,-0.370098,-0.038212,0.590036,-1.327228,1.278171,-1.290585,-1.32506,-0.79939,1.370085,-1.275393,-0.224102,0.57921,-0.61764,0.085729,0.164438,1.832968,-0.212267,0.476742,-1.512325,0.586372,1.317781,2.565835,0.210541,0.63184,-0.542807,1.323054,1.895928,1.828931,0.323314,-0.558144,0.107504,0.0
cinzel,a,3.127443,-9.192319,3.442962,-1.523481,0.086152,-3.919054,3.56438,0.472738,0.302045,1.195681,2.336967,-0.44927,1.132236,1.531456,-0.566717,-0.278634,-1.288845,0.626178,-0.530985,-1.19732,-0.321219,-0.77388,0.05882,1.429183,0.813184,-0.916744,-1.084558,-0.239835,0.595279,-0.042465,-0.074525,0.809531,0.021646,-0.223998,-0.549016,-0.07421,-0.16784,-0.044762,-0.269583,-0.037714,-0.0
cinzel,b,-2.300573,3.526701,1.343538,-0.362456,-0.072661,3.773757,-4.005741,3.468214,-3.339826,-2.430288,0.7925,-2.108184,1.905367,-0.381987,0.428711,-0.161769,-0.012367,0.824326,-0.632377,0.381718,-1.142869,-0.716436,-0.03301,-0.090297,-0.937958,0.467279,-0.19457,0.994413,-0.187046,-0.404623,-0.030949,-0.08369,0.105405,0.616992,0.082084,-0.259078,-0.686287,0.288689,-0.603387,-0.051829,0.0
cinzel,c,-2.286121,3.72892,0.538218,-1.38926,0.47552,-0.265381,0.606894,0.445796,0.341779,-0.544428,-0.849063,0.692792,0.177342,0.319153,-0.514904,0.112214,0.348062,0.358905,-0.034432,-0.324156,-0.152543,-0.675572,-0.286723,-0.066525,-0.656448,-0.081635,-0.047788,-0.319561,-0.036549,-0.229113,0.017173,-0.161596,0.49871,0.115995,0.215499,0.352523,0.54237,-0.215116,-0.155474,-2.686487,-0.0
cinzel,d,2.714167,5.454482,6.634747,-2.448917,-1.168501,1.656756,1.893417,-0.175175,2.455488,0.739267,-0.745515,0.876764,1.835071,-1.391331,0.096595,-0.355397,1.429709,-1.682099,-0.645273,0.654704,-0.563826,0.869851,-0.551107,0.033301,0.500077,0.061695,-0.143527,-0.315628,-0.69095,0.57526,0.077732,0.254225,-0.0328,0.195201,-0.133061,-0.572114,0.064973,-0.027701,0.144923,0.17829,0.0
cinzel,e,-0.729141,5.477471,2.599144,0.070835,3.453967,0.523748,-2.702048,-1.048045,0.225885,1.656449,-2.35186,-2.443009,0.22905,0.092126,2.856399,1.623473,2.223671,0.029123,-3.328584,-0.993899,0.398865,-0.965889,-0.444166,0.4393,-0.31491,-1.237185,1.076292,1.386273,-1.680948,0.074858,-0.747616,-0.282709,0.745258,-0.009082,0.198606,-0.588104,0.520609,0.468131,-0.027656,0.78392,-0.0
cinzel,f,3.142292,8.475034,-0.341486,3.280672,0.429799,-0.470297,1.282709,-3.410015,3.329326,-0.458577,-0.356478,2.841429,1.248594,-3.768467,-1.384306,2.69939,-1.090469,-1.516037,1.915385,1.199146,2.778128,-0.648846,1.748894,0.508426,-0.481232,0.305975,-0.449311,1.126078,0.773129,0.012463,0.473825,-0.051065,0.83557,0.951869,0.056327,-0.304333,-0.026629,0.003408,-0.056534,-0.141115,0.0
cinzel,g,3.110829,-2.144193,0.483959,1.391288,-0.626159,-1.623848,1.453007,0.707813,1.698551,0.176124,-0.381172,-0.539013,1.705984,-0.112539,-0.003446,0.352955,1.429848,1.526293,-0.041768,-0.189251,0.004682,-0.789091,1.328829,0.897175,0.862094,0.131851,0.528734,1.405948,-0.199468,1.394883,0.750621,-1.165911,-0.42213,1.191931,-0.223618,2.581195,1.00271,2.101811,-3.205573,1.381477,-0.0
cinzel,h,-2.866096,9.851325,-7.702532,2.509236,0.258285,0.591484,-0.714936,-0.125051,-0.405582,0.942799,-1.967912,-0.883405,-0.861009,-0.63225,1.2112,-0.199877,-0.33449,-0.239036,0.019099,-0.048277,0.254025,-0.136914,-0.026676,-0.579029,0.631704,-0.148992,0.091125,-0.14955,-0.119071,0.332458,0.103224,0.094465,0.082077,-0.244868,0.096271,-0.037295,-0.074797,-0.077907,-0.132821,-0.150348,0.0
cinzel,i,3.802687,3.347701,4.011353,8.431297,2.36203,-1.783389,0.007884,-0.670992,-0.3297,0.800371,0.213309,-0.789227,-0.275037,0.551847,-0.054304,0.031272,1.002897,0.033249,-0.121593,-0.403981,-0.096054,0.166954,-0.011831,0.360592,-0.185071,-0.242903,-0.089878,-0.207861,0.020991,-0.08051,-0.105921,-0.029805,0.00813,-0.053353,-0.062973,-0.003844,0.082892,-0.06431,0.05593,-0.005331,-0.0
cinzel,j,1.738633,5.78588,3.108354,0.991668,7.083191,0.342244,1.836978,4.448784,1.307,3.359102,0.431736,-0.870429,0.181643,-0.915048,-0.203785,0.674436,0.248029,-0.476031,-1.473789,0.033038,-0.678664,-0.491568,-1.406627,-0.098324,0.035649,-0.428049,0.600492,0.069337,-0.222974,-0.761203,0.205709,0.105524,-0.458526,0.671673,0.056177,0.306617,-0.198992,0.05576,-0.042954,0.172741,0.0
cinzel,k,4.468567,-5.824077,12.065066,-3.523618,-4.576279,0.76483,0.906463,1.160624,2.496649,-1.067111,-0.676769,-0.590158,-0.226355,1.0104,0.071489,0.245244,1.434634,0.236649,0.323893,-0.533173,0.294568,0.976843,0.513064,-1.177755,-0.098045,-0.21114,-0.657639,0.238496,0.178856,-0.241075,0.182625,-0.338645,0.133899,-0.303733,0.089439,0.132932,0.148504,0.057383,-0.110184,0.08234,-0.0
cinzel,l,-9.177962,1.4017,12.18279,6.732147,0.643407,-0.188028,0.785544,0.573162,-0.052681,0.273958,0.326157,0.355989,-0.66,-0.30867,-0.169506,0.07298,0.009462,-0.126265,0.136783,-0.144357,-0.022844,-0.253001,0.116568,0.23093,-0.050434,0.109103,0.151643,0.069929,0.007913,0.009771,-0.000247,-0.010879,0.005795,-0.000761,7.2e-05,-0.000913,-0.000968,-0.000497,-0.000114,1e-06,0.0
cinzel,m,-6.74537,-0.494796,-9.482803,-4.788172,-3.367325,-0.43805,0.344662,0.387689,-0.84138,-0.527026,-1.080927,0.167338,0.692183,-0.123855,-0.256186,-0.411934,0.65426,0.144564,-0.11012,-0.453394,0.354612,-0.146742,0.215306,0.26656,-0.096695,-0.23388,-0.226284,0.140957,0.312924,0.143959,0.156431,-0.02942,0.039857,0.006473,0.102717,-0.049071,0.018462,0.248468,-0.019847,-0.009994,-0.0
cinzel,n,-0.521808,7.948225,-6.41551,3.371468,0.146641,-1.300263,-1.287749,-0.087891,-0.299822,0.380148,-0.142375,-0.186049,-0.164867,1.200934,-0.082875,-0.420477,-0.494052,0.463903,0.024167,-0.315231,0.053213,-0.113224,-0.12803,-0.174472,0.27529,0.451166,0.154416,0.155684,-0.002918,-0.054366,0.089488,0.104956,-0.088796,0.008672,-0.145231,0.124459,-0.19951,0.169568,-0.049402,0.054966,-0.0
cinzel,o,1.601545,-0.97337,0.371916,-0.308434,-0.730595,-0.401401,0.417255,0.456322,-0.241443,-0.223326,0.495927,0.015817,-0.247559,0.055909,-0.151039,-0.385895,0.337471,0.150831,0.154245,-0.155287,0.376446,0.141698,0.295379,0.508194,0.447669,-0.26845,0.134737,-0.643665,-0.490898,0.257147,-0.131133,-0.368134,0.060211,0.703997,-0.116993,-0.577225,0.40261,-0.159723,-0.890731,2.363298,0.0
cinzel,p,4.082807,-1.997823,-0.814129,-0.010419,1.366624,1.997671,0.218521,3.186069,2.555265,-2.396923,1.659931,0.197198,3.059718,-1.087313,-0.18772,-0.431716,0.08341,0.395256,-0.381205,0.999136,-1.532965,-1.027275,0.872961,-2.05292,1.05734,-0.607008,-0.499269,-0.049061,-1.427494,0.106767,0.48782,-0.206885,0.551232,0.107861,0.679439,-0.046604,0.806882,0.43044,-0.60866,0.947335,-0.0
cinzel,q,-10.067952,-10.193771,1.964835,3.498624,-1.883411,0.138609,0.359557,0.888245,0.345138,-0.326407,-0.275454,-0.10693,1.118322,-0.162452,-0.499839,-0.186917,-0.219073,0.165096,0.292145,-0.444631,-0.16412,0.354213,-0.021425,0.195086,-0.205796,0.062836,-0.136317,0.018838,0.30042,0.027166,0.000812,-0.076467,-0.077316,0.120306,0.084308,-0.034186,-0.147192,0.062103,0.089335,0.177474,-0.0
cinzel,r,8.398714,-2.455097,9.041002,-1.972401,-8.742798,1.857091,-1.244917,3.210447,-2.204396,0.310882,0.469829,0.310289,1.385336,-0.994479,1.939246,-1.283225,0.949037,-0.546227,-0.208436,0.249557,-0.40982,0.498839,-0.178668,-0.233315,0.127278,0.333932,-0.262818,0.189252,0.325132,-0.026525,0.01033,-0.130125,0.028999,0.243388,-0.399312,-0.312536,0.02975,0.032491,-0.242961,0.105569,-0.0
cinzel,s,3.248674,-3.070762,-1.782652,3.840063,0.086559,-2.266925,1.503586,0.09807,-2.270564,0.693462,-1.745326,1.982058,-2.182037,-1.341445,0.075197,0.887376,1.683443,-0.838107,-0.645334,-0.767053,1.343488,1.08536,-0.00539,-0.189315,-2.077103,0.9098,0.705531,-2.049951,-0.46809,-1.291343,0.909842,0.815469,1.335654,-0.939739,1.001967,-1.099256,-0.454039,-0.513499,0.890072,-1.391969,0.0
cinzel,t,-12.484138,1.216387,8.486356,-10.734777,-2.479657,-0.645121,1.889303,-2.951571,0.521726,0.663548,-0.172507,0.944402,0.036389,-0.436686,-0.438728,0.245287,0.155794,0.261512,0.583407,-0.903169,-1.149088,0.758626,-0.162815,-0.136261,0.118664,0.506973,0.275021,-0.18064,-0.053033,0.071036,-0.235829,-0.881592,0.256396,-0.147673,0.339774,0.312881,0.177044,-0.616704,0.654096,-0.181019,0.0
cinzel,u,-1.60215,-2.717898,-0.610499,-1.240065,-0.003581,0.23157,-1.080466,0.46014,-0.079863,0.60161,-0.31097,-0.49163,0.207511,-0.701362,0.176602,-0.030111,-0.592567,-0.144274,-1.215796,-0.33916,0.289163,0.479767,0.043962,-0.636628,-0.797282,1.12975,-0.474195,0.390806,-0.794676,-0.833619,-0.559507,0.96657,0.611967,0.08297,-0.713517,-0.699007,0.711297,-1.361586,0.928625,-2.863515,-0.0
cinzel,v,-3.27879,-2.587898,-0.299678,1.005649,-0.397852,-0.815171,0.21958,1.371624,-0.130929,-0.044219,-1.178243,1.072652,-0.086776,1.485567,0.569046,-0.174468,-0.964692,0.658422,0.945861,-0.108809,-0.498785,0.440498,0.068703,-0.780439,1.582132,-0.362163,1.69589,-0.42388,0.985075,-0.83772,0.684628,-0.088364,1.592216,0.331681,-2.21202,-1.932368,3.171488,-0.513765,0.447308,0.467134,-0.0
cinzel,w,-0.33848,3.012376,2.630714,2.465156,-1.716247,-0.866714,-0.069576,-1.399707,0.822577,-1.312115,0.290103,0.194393,0.555704,-0.078974,1.727758,1.250048,-0.528054,1.745632,2.761896,-1.731701,0.157966,-1.809528,-0.091585,-0.21812,3.188148,0.053451,0.300099,-1.627712,-1.813569,-0.577193,2.012073,-0.631106,1.78363,-1.032205,-3.459314,-0.349939,0.546176,-0.750874,0.950542,-1.597328,0.0
cinzel,x,3.318473,0.905879,-3.263723,-1.283093,4.858405,-4.442167,-3.731721,-3.876127,0.018965,0.280948,0.259268,0.546625,-0.219583,-1.843983,0.475431,-1.019298,0.183363,-0.613274,-0.36967,-1.387149,0.310735,-0.386601,0.198975,-0.057957,-0.074954,0.009719,-0.011357,0.036721,0.007412,0.010447,-0.00095,0.007261,0.005672,0.005851,-0.007647,0.001552,0.000784,-0.000542,-0.002283,-0.000675,0.0
cinzel,y,-4.718153,-1.585343,1.19243,-5.744608,4.045984,1.005572,-0.192243,-3.07779,-1.804838,-2.324456,2.260072,4.635768,-2.981765,-1.684236,1.17128,-1.184702,-2.077566,1.176125,0.339541,1.47381,-0.376158,-0.253109,0.064813,-0.506824,-0.698207,-0.889201,-0.174603,0.230261,0.449146,0.33482,0.496462,0.828503,-0.671939,-0.241328,-0.52965,0.728331,0.336865,-0.961016,-0.443479,0.505668,0.0
cinzel,z,-1.186282,3.133399,-0.938452,-2.419248,0.410952,0.429985,0.42888,-1.62471,-1.748448,-0.61793,-0.5201,0.498317,1.280888,-2.622853,0.441608,-1.124787,-1.509294,0.11132,-0.408264,1.318785,1.836373,-0.167598,-0.628669,-1.049065,0.856071,1.177514,-1.217692,1.57201,-0.092779,-2.13915,-1.357587,0.449751,0.424913,0.378064,-0.778219,0.220471,1.152086,-1.235564,-1.190398,-0.195193,-0.0
dmserif,0,1.060593,1.777848,-0.010436,1.74079,-0.360458,-0.479816,4.698259,3.08604,0.567944,0.350874,0.012109,0.337937,0.285305,0.030614,0.047636,-1.585448,0.826266,-0.305666,0.3843,-0.505407,0.447234,-0.285281,0.273274,-0.942779,-0.201045,0.085635,0.771556,-0.604595,-0.099475,0.051704,0.001751,0.26967,-0.234351,0.423266,-0.408733,-0.249562,0.119884,0.245993,-0.130046,-0.093029,-0.0
dmserif,1,3.819275,-3.149087,-1.74746,2.529617,-1.124338,-1.110682,-0.861743,1.307605,0.598556,-1.009797,0.128769,-0.909103,0.852968,1.673279,0.309661,0.61044,0.630145,1.62383,0.194547,0.559302,0.313868,-0.984551,-0.669309,-0.582882,0.571461,1.230738,0.628429,-1.728738,-3.238831,-2.353267,-0.473635,-1.432452,1.1432,-0.532138,0.230029,-0.655314,-0.216481,-0.574617,-0.115231,-0.061325,-0.0
dmserif,2,-1.240896,0.716289,-0.893393,-1.827258,0.615966,-4.814139,-3.710816,2.468657,2.085019,-3.035309,-0.556446,0.884105,1.853928,-2.223039,-1.016427,-0.068473,1.409801,0.294643,-1.072182,-1.597646,-0.314393,-0.060752,0.663536,-0.442604,-0.221843,1.85711,0.500415,0.029542,0.340344,-0.693989,1.016489,-0.415659,-2.082621,-0.691232,-0.372299,0.07634,-0.089916,-0.624453,0.101269,-0.456973,-0.0
dmserif,3,3.579134,3.122718,-0.941464,-1.026929,0.216128,-0.231586,2.03013,1.618401,0.37518,1.822309,-1.099886,-0.533344,-1.183321,0.192643,1.819155,-0.033822,1.533054,-0.70637,-1.811066,-1.461261,1.247915,1.770488,0.50826,0.340331,-0.801109,-1.824541,-0.416778,0.957587,-2.881357,1.94936,0.522322,0.302001,-2.403526,-0.90855,0.312595,0.104951,-0.596615,2.175469,-0.609728,1.118672,0.0
dmserif,4,0.118006,2.314365,-2.516718,-1.848093,-2.43119,5.588484,-0.846163,1.477273,0.111687,-1.579829,-0.345888,-1.60361,1.802868,-0.49459,-0.188386,-0.710849,1.774339,-1.783007,-0.210896,4.271794,0.202653,-0.478644,0.617978,0.114787,0.779122,-0.116293,-1.358372,-1.56819,0.598543,0.006196,1.393588,-0.252653,-0.574771,-2.195584,0.164397,0.874429,0.400645,0.390348,0.938831,0.168016,0.0
dmserif,5,5.79044,1.689128,-0.095801,0.744859,2.97683,-2.344903,3.581159,-0.319634,-0.815997,1.686656,-2.084316,-1.258834,2.368411,0.555025,-0.652246,0.791551,0.426448,-0.121069,-0.189014,-2.747224,-2.711453,-2.082309,-0.152209,0.207292,0.146652,0.570284,-1.537536,-0.969095,1.114885,-0.714827,0.573458,-0.749048,-0.231966,-0.404313,0.035486,0.460739,-0.009837,-0.477689,0.889888,-0.378404,-0.0
dmserif,6,0.828038,-1.947214,-2.683982,2.49721,2.953434,1.153108,4.461717,1.349622,1.348355,-2.156868,2.912678,-0.44168,0.730146,-1.242305,-0.049807,1.576548,1.068592,0.76834,-0.652048,0.206846,-0.681831,-0.540809,-2.797679,-0.819602,0.27912,0.166443,0.405761,0.044985,-0.132374,0.44252,0.757862,-0.743496,1.045634,0.005571,-0.48083,0.559174,-0.392035,1.404424,-0.713086,0.736892,-0.0
dmserif,7,0.66507,0.995319,-0.063434,-1.104413,0.253073,0.739441,-0.935015,0.957907,1.294657,1.463342,-0.753094,-3.228324,-1.741915,2.812925,-0.72811,0.114913,-1.340579,-2.134962,-0.328409,-0.774998,-1.41766,0.175977,1.602002,1.082469,0.27273,2.451335,-0.459418,-1.308472,0.123126,0.858592,-1.312647,0.190012,0.857635,-0.652319,-1.293907,-0.361042,-0.141923,0.353173,1.163438,-0.704335,-0.0
dmserif,8,-5.119399,0.614953,-0.390147,-0.279294,1.295999,-0.246949,-1.246923,1.544216,-1.705793,-0.875924,2.582397,-1.650247,2.087503,-1.415772,1.183406,0.261315,0.155828,-2.681758,-1.651675,1.617602,-2.759578,1.025014,1.117187,0.612804,-0.361116,-2.409448,0.423504,0.815422,-0.553789,1.522646,0.796998,0.615947,0.455102,0.122249,-0.376899,0.403226,0.73519,-1.34936,1.304483,0.553346,-0.0
dmserif,9,-0.212785,2.079546,2.166502,-2.674968,2.90077,-1.578121,-4.040598,0.481331,-0.584872,0.744314,-2.174023,-0.0974,-0.892307,-0.060588,-2.157534,1.615787,-0.189284,-0.27054,0.475554,0.491278,1.28925,-1.771204,-1.76395,1.277558,1.420744,0.392256,-0.797682,1.163509,-1.135975,-0.141714,-1.040739,-1.641967,-1.566439,-0.40619,0.06248,0.8066,0.530396,0.71303,0.286134,-0.827706,-0.0
dmserif,A,-5.03604,-0.645923,3.301928,0.669622,4.544735,-2.676118,-5.031949,2.201187,-3.511136,-2.095616,-0.275263,0.679737,-0.28798,-0.851308,-1.019372,2.345872,1.708746,-0.208542,-0.710677,2.019183,1.165157,-0.493877,1.731985,0.160797,-1.531301,-0.062049,1.620587,0.108256,-0.795933,0.324943,0.731785,0.194055,0.040713,0.811118,-0.392354,0.073749,-0.753569,0.267372,0.576289,-0.118794,0.0
dmserif,B,3.311981,1.769724,-5.424184,-0.464832,2.938215,1.699614,2.921664,-0.508538,1.926689,1.80369,1.650377,0.11512,3.328046,-1.039607,-0.258161,-0.857346,-0.338867,-0.49982,-0.258302,1.48588,-1.107118,1.063369,0.438059,0.082623,0.523096,0.426414,-0.590363,0.397349,1.490329,-1.117004,-0.314937,-1.030111,-1.473477,-1.293726,-0.38222,-1.154031,0.127612,-0.605288,-0.04264,-0.66167,-0.0
dmserif,C,-1.192818,-1.122217,-0.416506,-0.437245,-1.018272,-0.971862,0.392222,1.018634,2.498762,0.701728,1.132378,0.083933,0.693672,0.726663,-0.769719,0.54236,-1.369281,0.552088,-0.088989,0.364548,1.238525,-0.677907,0.790981,-0.418837,-0.059745,0.30973,-0.352465,0.236719,-0.250424,0.942601,-0.743151,-0.688328,0.030287,-0.707234,-0.233132,0.247855,0.379298,0.811705,-0.267612,0.245385,-0.0
dmserif,D,-2.005184,2.745697,0.882685,-4.891244,0.393242,2.28846,-0.412651,-0.578712,0.251604,2.547897,0.244735,0.317144,-0.172643,0.407688,-0.34488,-0.858319,-0.507825,0.205258,0.105328,-0.996452,-0.106577,0.145765,-0.03111,0.178854,0.443616,-0.056364,0.089161,0.020002,-0.074641,-0.577906,0.000364,-0.077948,-0.089457,-0.278913,0.340632,0.123438,0.255054,0.084959,0.035626,0.159713,0.0
dmserif,E,-4.361,0.928866,0.569231,-1.836086,-0.066996,0.953976,-1.210092,3.485925,0.448026,-0.143978,0.42816,-0.063556,0.898728,1.350729,-0.260969,-0.354346,1.220003,-2.098878,-1.854899,-1.1286,2.251418,-0.944215,-0.592072,-2.771727,0.275261,-1.102407,-3.179237,0.984987,1.499687,-0.84666,1.198799,0.66077,-1.120877,-0.033778,-0.343222,-0.142629,1.352147,-0.432219,-0.549071,0.018649,0.0
dmserif,F,4.5763,0.164095,-2.558924,-2.399944,0.538099,0.978256,1.845225,1.313705,-0.883451,-0.164454,-1.294584,0.094315,-1.288541,-0.62823,1.275276,2.510109,-0.977723,-2.341786,2.408734,-1.264278,-2.012904,-0.056425,-1.56633,-0.482669,-0.175197,-1.646138,1.924709,-0.588167,1.167278,-1.099691,1.452309,-0.549225,-0.864896,1.358962,0.966065,-0.602842,-2.039938,1.471802,0.314386,-0.211373,-0.0
dmserif,G,-0.206746,-0.914965,-0.396226,-1.401262,0.351504,2.37985,-0.438193,0.089522,1.643586,0.459861,1.268229,1.652542,-0.116228,-0.086299,-0.465432,1.270429,2.441823,-0.849218,0.721656,2.494101,-1.569235,1.215655,0.861146,0.595585,-0.679296,-1.268199,-1.825833,-1.283423,-0.391068,-0.684623,-0.637194,-0.266085,0.597658,-0.005221,0.302938,-0.246049,0.481805,0.486701,0.238484,0.146732,-0.0
dmserif,H,-5.276284,-1.043688,-2.510748,-0.413981,0.230561,1.391483,-0.481111,0.430651,1.006688,-0.685959,-4.832401,-0.371352,-1.445232,3.635662,3.344447,2.841729,-0.790838,1.240205,1.560111,-0.170369,-0.982625,-1.045637,0.545382,1.052795,-0.087397,0.389047,1.137613,-0.451525,0.518198,-0.280321,0.529962,0.017534,-0.172264,1.286609,-0.224171,-1.031608,0.710891,-0.971949,-0.337198,-0.815789,0.0
dmserif,I,-0.384257,-0.945186,-2.692458,-1.06282,-0.05854,0.938565,-0.291231,-1.262788,0.908711,1.144171,0.653482,0.749957,1.475511,3.467128,2.170795,-0.719308,-0.161888,0.35531,2.182785,-1.352841,-2.527534,-0.316196,0.295843,-0.480089,-0.034953,0.060031,-0.034327,-0.005293,-0.007645,-0.002705,-0.001292,-0.001934,0.00011,0.002252,0.000803,0.001428,-7.4e-05,0.000862,0.0004,-0.000382,-0.0
dmserif,J,2.363725,-2.029733,-0.163353,-0.758093,-4.40583,-0.66118,1.375098,-3.293737,-1.321384,-1.863038,-1.131227,-0.378445,0.010456,-0.340321,-0.653592,-0.165185,-1.304753,0.843287,0.090237,-1.103142,-2.799017,-0.796986,0.525021,1.203365,-1.839933,-2.598038,-2.248731,-0.476055,-0.1818,0.676815,-0.869487,-0.587274,0.726491,0.697348,-0.505876,-0.147907,0.005382,0.492501,-0.289855,-0.588902,-0.0
dmserif,K,-1.705159,0.914981,-3.086035,-1.968455,1.112859,2.665948,0.165275,2.118351,0.991936,-0.55915,-1.188902,1.519325,1.55328,2.665611,-0.560549,-1.134843,2.505009,-1.072168,1.751649,-0.851423,-3.555907,1.022057,0.085657,2.027423,-1.118482,1.900081,2.723327,0.880117,0.597086,-0.490473,-0.406775,-0.60175,2.525804,0.189585,0.249074,-0.522785,-1.893301,-0.297522,0.230085,0.455172,-0.0
dmserif,L,3.621862,4.066671,-3.721718,-2.238243,2.291735,0.772117,-0.028534,-1.928644,0.742801,4.021531,-0.999881,1.096934,-0.615176,1.878831,-0.804615,-0.179131,0.36475,1.139151,-0.296317,-0.831559,-0.421957,-0.941331,0.023894,1.190828,-1.956571,0.542002,0.712729,1.321381,0.808826,-0.440363,-1.053391,-1.472745,0.530879,-0.09343,0.943113,-0.932602,0.150236,0.616029,2.276604,-0.203066,0.0
dmserif,M,0.448595,-0.645728,-5.082311,2.440449,-0.284071,-0.061612,0.108384,0.473954,-1.777654,0.74247,-0.492085,-1.285165,-1.92579,2.625955,-2.87675,1.425893,2.136618,-3.526802,1.397646,1.427021,0.666609,-0.379743,0.298413,-0.363159,-2.991973,0.825132,-0.553517,0.051279,-2.420646,1.411467,-0.020718,1.48412,-1.003613,-0.76029,0.604757,-0.183823,0.526479,-1.596862,0.843612,0.523569,-0.0
dmserif,N,5.570704,-0.292462,1.020178,0.388247,1.033601,0.055841,2.804358,0.258105,0.449504,0.80306,-0.112133,-0.655754,-2.340005,-0.030837,1.547534,0.673321,-0.035313,-1.616166,-0.195341,0.013538,0.07869,1.856734,1.430261,0.977794,-0.540325,0.430213,-0.437208,0.854345,0.354096,0.382241,2.483571,-1.410055,-0.212212,0.726166,-1.22143,1.239967,-1.277459,1.980566,-0.580455,-1.050252,0.0
dmserif,O,-0.743021,-1.1322,-3.65774,-2.489221,-1.32324,-0.939822,1.110451,0.785235,0.206351,0.901057,-0.034762,0.323864,-0.301432,-1.180952,-0.393767,0.317664,1.074896,-0.180618,0.161815,0.349888,-0.21189,-0.003181,0.355779,0.166568,-0.456342,0.027847,-0.060557,-0.107187,-0.676345,0.155297,0.275857,-0.102527,-0.644529,-0.220895,0.013856,-0.410464,0.112034,0.154694,-0.033038,-0.008903,0.0
dmserif,P,3.601032,-1.892982,-0.884666,1.503733,-3.615142,3.989782,-0.216325,0.059991,-0.967484,-2.395215,-0.598587,-4.699861,-2.371734,-1.719193,-0.641221,-1.238188,0.104941,-0.20552,0.477118,-1.81946,0.135586,-1.171951,0.334126,-0.164321,0.323575,-0.680356,-0.662783,-0.302559,-0.384983,0.322017,1.06604,-0.480866,-0.959029,-0.225441,0.551496,-0.301252,0.505057,1.23563,0.205499,0.442494,0.0
dmserif,Q,1.809561,-5.839145,-0.8172,-0.674055,0.919527,-2.415741,-2.721576,0.565289,3.08215,-1.86865,2.096334,-0.347924,-0.237421,1.054574,-0.860134,1.246343,0.288668,0.520484,-0.137551,0.211979,0.463807,0.847313,-0.618317,0.515307,-0.099161,0.265493,1.181053,0.564921,0.348805,-0.027058,-0.234363,0.656016,-0.466103,0.14469,0.177594,0.223538,-0.252356,-0.02714,-0.056819,0.146219,-0.0
dmserif,R,0.159911,3.186294,-2.776862,-1.827937,-1.583274,1.085077,-2.306321,-1.371686,1.66998,2.270569,-1.037525,2.713058,-2.707528,-1.310075,-1.285935,1.259569,-1.044127,-0.516175,-0.837125,1.325203,0.952632,-1.411218,1.438937,2.238798,-2.36002,0.938401,-0.111747,-0.333139,-0.075418,0.208462,-0.925597,-1.552852,-0.817512,-1.199494,-1.111027,0.660868,0.529839,-0.54417,0.030293,0.396112,0.0
dmserif,S,3.447682,-1.877388,-1.204896,1.040776,0.589096,3.854736,-0.685796,0.05383,1.915828,1.104839,-1.007199,-0.482957,0.852444,0.222887,-0.596333,-0.312813,2.169002,1.473447,-1.412108,-1.654025,-0.848547,0.525726,0.938021,-0.759575,0.567228,1.394833,-1.272112,-1.71195,-1.949392,-0.396891,-0.346595,1.356019,1.506087,-1.726413,-0.613348,1.130487,-0.169645,1.436349,-1.114905,0.413757,-0.0
dmserif,T,4.017346,-0.372218,-1.894534,-1.247206,1.951522,-0.91512,-2.528084,0.771344,-1.854508,2.677047,-0.453117,-1.153475,-0.29165,-1.06093,1.413041,1.630718,-1.519162,-1.003442,-0.807658,-2.950785,-1.989039,2.260232,0.04619,-0.690781,0.857774,-0.229402,0.348199,0.141767,-0.272733,-0.475003,0.550684,-0.594009,-0.299527,-0.775058,-0.056241,-0.508125,-0.405304,-0.485692,-0.08836,-0.568119,-0.0
dmserif,U,-1.9446,-0.620753,1.938471,-0.548494,-0.539413,0.769512,-1.146837,-2.033386,2.580346,0.436733,1.419388,0.462275,0.800891,-1.99401,0.254365,-0.14904,0.030546,1.511537,-1.537316,-0.849314,0.157965,-0.134816,-0.838238,-1.035834,0.319385,0.416463,-0.27085,0.728648,-0.204442,-0.116758,0.391982,0.208188,0.067232,-0.134148,0.863019,-0.237631,0.376561,0.206733,-0.16691,0.166961,-0.0
dmserif,V,-5.632737,-0.722871,-0.026093,1.731235,-4.517981,-1.861044,-1.996788,-1.490649,-2.068512,1.236656,-1.327107,2.478904,-1.831745,-0.468638,-0.397365,-0.075653,-1.013104,-2.081058,2.028711,1.189776,1.107517,0.471927,-1.163835,0.461687,0.299733,-0.968806,-0.496058,-0.558715,-0.389038,0.339225,-0.906233,-0.174405,0.019845,-0.369924,0.19617,0.231285,0.043229,-0.069617,-0.37187,0.00249,-0.0
dmserif,W,0.928644,0.662069,-2.967199,-1.197758,-3.058111,-0.37324,-0.07959,-2.479791,-2.165098,-3.854966,-0.4066,0.078132,-0.892537,-0.253071,-1.338949,0.180528,-4.408538,0.855778,1.435086,-0.616526,2.143422,2.558008,-1.493658,1.265797,-0.01267,-0.497365,1.208868,-0.423306,0.293906,-0.882863,2.099379,1.004304,0.185683,0.004499,2.316849,0.561301,-0.897465,0.286124,-1.619133,-0.763264,0.0
dmserif,X,4.445801,-1.485756,-0.119934,0.514008,-0.2294,0.791454,-0.982722,-1.648544,0.229142,1.434893,0.522339,-2.635951,0.610365,-2.781896,-0.248487,4.264463,3.628449,0.113067,-1.201229,0.080007,-0.239848,-0.051432,0.011544,-0.058735,-0.059126,-0.048923,0.041741,0.010325,-0.017849,0.015222,-0.015976,0.009215,-0.007337,-0.006286,-0.001626,-0.001469,0.00327,0.001747,0.001689,0.00076,-0.0
dmserif,Y,3.882341,0.453737,-2.502925,1.469971,-1.1512,-0.526855,-1.77811,0.003235,-0.098658,3.578177,0.828862,0.62958,1.974658,1.861295,0.301478,-0.397038,-0.224916,-1.625204,0.377478,-0.786962,1.066365,-2.550581,1.803848,-0.708332,1.15118,1.873299,-0.408739,0.434778,-0.805998,-1.286499,2.176582,0.743589,-1.313765,-0.243179,-1.367442,-0.565893,2.577991,-1.0456,0.548678,1.975754,0.0
dmserif,Z,-3.898301,0.705926,0.411144,0.428269,-2.249239,-0.454553,-1.207053,-1.332863,-1.025263,-0.268754,-0.8712,1.14566,0.522793,0.144848,-0.798433,0.427647,1.897118,-0.311338,-0.452043,-0.578265,-0.267675,-1.754826,-0.016616,1.771424,-0.555399,1.003265,-2.86788,1.779522,-0.252293,1.25933,0.920537,-0.214533,-1.268452,-0.088899,-2.060715,0.651241,-0.516379,0.696334,-0.408259,-1.140393,0.0
dmserif,a,-3.348156,-3.761553,-1.862746,-0.905266,-0.028994,-0.095976,-1.989818,-3.453539,-2.279165,4.292349,-2.371899,-0.448526,0.010133,-0.324199,2.448507,4.347442,-0.370966,1.204266,-1.267361,0.313491,0.548487,0.338846,0.720376,-1.715997,-1.110482,-0.209115,-0.71306,0.486341,0.027749,0.981157,0.962291,-0.09582,0.159456,-0.373292,0.653979,-0.696885,-0.072161,-1.144602,-0.162165,0.044409,-0.0
dmserif,b,2.695354,3.349791,-2.818296,-1.066959,4.363598,0.973209,-0.377612,0.47843,1.626718,1.795814,2.198822,2.268353,2.302839,2.030789,0.748301,-0.449122,0.958802,-0.66869,-1.873915,0.629719,-0.502775,1.373708,1.233877,1.314388,0.09415,-0.41996,-0.225771,0.160056,-0.988513,0.142069,0.269829,0.588403,0.320497,-0.477473,-1.268242,0.569007,0.138043,0.676929,0.135014,0.28607,0.0
dmserif,c,-3.626378,-1.110861,0.948999,-1.217189,0.636605,1.256347,1.138516,1.842839,-4.05101,-1.115779,0.48942,-1.702622,0.489357,0.85579,2.221551,0.92901,0.735553,-0.663682,-0.151216,0.384502,-0.282442,-0.46486,0.198232,-0.230371,-0.874816,0.558505,0.125387,1.181627,-0.379935,-0.347051,-0.628645,-0.03388,0.057672,0.143024,-0.064662,0.174546,-0.298828,-0.271349,-0.504176,0.095183,-0.0
dmserif,d,-1.743562,1.563139,2.168978,1.146114,1.431271,1.739176,3.659593,2.66687,-4.324129,-0.857707,-0.510584,-0.482365,-0.89033,0.219103,1.17278,-1.774616,-2.266492,-0.104782,0.165488,0.371146,0.122105,-0.493614,-1.110677,1.078136,-0.922628,-0.580199,-0.832464,0.570646,-0.211797,-0.576691,-1.560901,-0.465877,0.436479,0.56109,-0.595272,0.180338,-0.501418,0.386,-0.842126,0.187627,0.0
dmserif,e,0.990893,1.557462,-1.982809,2.194148,-4.595542,1.573015,1.153297,-0.028688,-0.152719,-0.744456,-0.145112,-3.505062,0.503358,-0.36118,1.111493,0.265058,0.776708,-0.442334,1.948978,0.342538,1.770014,1.513995,-0.411533,-0.039236,1.839235,-0.954605,2.456768,-1.297392,-0.116654,-0.95959,-1.638892,1.025288,-1.014251,2.609144,-0.811061,-1.277507,0.183914,0.464873,0.688907,0.081469,-0.0
dmserif,f,2.628412,0.060999,0.747171,-2.427225,-3.213377,-1.465818,-2.433483,1.797005,3.643004,-1.546924,-2.485714,1.308543,-0.001287,-0.507895,1.090954,0.421797,-0.663227,1.883593,-0.098578,-1.800093,0.346223,4.018713,-1.681427,2.132836,2.467329,1.312665,-0.570015,1.060768,-0.493879,-0.609544,-0.187936,0.636004,0.524698,0.557697,-0.52787,0.710252,-0.022187,0.099034,0.823762,-0.143913,0.0
dmserif,g,-4.060372,-1.899568,0.612398,-0.391846,0.693704,-4.148414,-3.877443,0.038985,3.154142,-0.009284,0.506474,2.325179,-2.351457,-1.800454,0.254888,-0.146703,-0.561802,0.945648,1.598823,0.526749,2.421609,-1.695677,2.341745,-0.582024,2.893479,0.845556,0.865026,0.221618,0.464021,0.201654,-1.1542,2.082304,-0.187252,-0.254426,0.180399,0.187675,0.098524,0.006299,0.833112,0.046934,-0.0
dmserif,h,-3.774381,-0.028827,0.935183,5.343305,1.624775,0.616622,0.868925,3.215815,0.266586,-2.989234,2.626354,0.348358,-0.751686,2.807933,0.93438,0.052807,-1.099289,-1.314287,0.89973,0.435786,1.167602,-1.181799,-0.129655,0.977916,-0.909604,-0.054232,0.943975,-0.396644,-0.867824,0.082577,-0.721907,-0.641466,0.822805,-0.195729,-0.902896,-0.355724,-0.596279,0.2699,1.289023,0.345011,0.0
dmserif,i,0.263057,0.439166,2.192436,-1.103302,0.14531,2.222837,0.297061,0.304773,0.345199,0.949106,2.431903,-1.631978,4.047781,0.367471,-0.166754,-2.58508,2.256953,0.104857,0.158543,0.198261,0.41061,0.269325,1.140808,0.173333,1.750198,0.707672,0.440714,-0.142973,-0.063698,-0.222685,0.154553,-0.453416,-0.476031,0.133576,0.081939,-0.08357,-0.31692,-0.124608,-0.009855,0.096652,-0.0
dmserif,j,1.025807,-2.144287,0.203171,-1.075676,1.78976,-1.014748,2.306005,0.432233,-0.775721,-0.785068,-1.480611,2.89795,-2.091019,0.084736,0.335847,1.601723,0.396031,3.465473,0.499586,-0.879863,0.960384,-2.592778,-0.352501,-1.269281,1.917523,0.548407,0.355591,-0.317556,0.122804,0.925099,-1.928561,-0.502493,0.398924,-0.868711,-0.631441,0.228195,-0.913136,0.04832,0.471053,0.034292,0.0
dmserif,k,1.679382,-3.500501,-1.628663,4.162218,-2.574216,3.273998,-0.888671,-3.779911,1.656341,1.087757,-0.553547,0.415537,3.630809,2.435645,1.391579,2.01449,-0.139021,-1.870974,1.730951,-1.016884,-0.819392,0.406591,0.78223,0.938457,-0.958255,0.369593,3.040603,-0.606912,-1.565316,-1.358594,0.329287,0.396136,-0.26546,0.783703,0.547945,0.303457,0.333089,0.260552,-0.544235,0.065695,-0.0
dmserif,l,1.342315,-0.677612,1.359683,0.719465,-0.496967,1.791995,0.614278,0.646016,0.434506,-0.991933,-0.879167,-1.481414,1.287428,0.464966,1.178864,0.086505,1.399553,-0.587174,-0.818078,1.316735,1.294294,0.951975,-1.839852,-1.861908,1.788567,-0.245191,-0.684852,0.193705,0.705282,-0.195632,-0.024345,-0.021529,-0.033225,-0.0008,-0.00015,-3.7e-05,-0.001561,0.000527,0.000482,-2e-06,0.0
dmserif,m,-3.143472,-2.86679,1.218431,-0.365956,1.970101,2.354719,1.11029,-1.130469,-0.992174,-2.738107,-0.313586,-0.38733,0.571247,-3.29174,-2.835869,1.554412,0.955398,-1.500736,1.907929,-0.907687,0.560454,-1.465488,0.650097,-1.054976,-0.991272,-0.499329,0.722351,-0.797599,-1.314427,-0.678556,1.269854,-0.795074,0.052629,0.424621,-1.854425,-0.579362,0.463041,0.244856,-0.635817,-0.70958,-0.0
dmserif,n,-4.623838,-0.126614,0.767454,-0.806673,-4.601494,3.087473,-3.048345,0.21833,2.433064,-1.484222,-1.815275,-0.699484,1.386359,1.308261,-1.131936,-0.77939,-0.125245,-0.056705,-0.627202,-0.282975,0.213261,0.741831,-0.197127,-0.232644,0.70167,1.066609,0.088533,0.140932,-0.719247,0.512967,-0.155952,0.757373,-0.224651,-0.064065,0.363974,0.092453,-0.245684,0.185324,-0.144297,0.416278,-0.0
dmserif,o,-0.602556,-1.275629,-4.113347,3.1204,2.677546,-1.057939,1.388337,-0.190437,1.570882,-0.459507,-1.130017,-0.574734,0.5924,-0.104278,-0.438207,0.124387,0.110394,-0.304058,-0.929533,0.833398,1.14866,-0.433978,0.336946,0.461096,-0.364652,0.217895,0.029431,-0.783192,-0.126163,-0.196601,-0.107856,-0.058333,0.258978,0.386191,-0.36089,-0.095175,0.224749,-0.440939,0.103631,-0.053124,0.0
dmserif,p,3.164747,0.81839,-0.69311,1.340891,-5.492488,-2.724924,-1.695073,0.048659,0.69073,2.570772,-1.627141,0.404738,1.823245,-2.376412,0.434038,-0.807205,-0.501219,0.540486,-0.387809,-1.196503,1.062482,-0.032487,-0.418147,-0.685424,-0.182402,0.503694,0.530744,0.303189,-0.651306,-1.222788,-0.57977,-0.090722,-0.286559,0.403801,0.690623,-0.301129,-0.620779,0.119048,-0.329227,1.385758,-0.0
dmserif,q,3.032318,-3.07333,-0.980157,0.384824,2.048826,-2.666964,-5.312043,2.038803,0.806914,2.588701,-1.518205,-0.312416,-0.272173,2.707112,0.955623,2.049374,0.166392,-0.392782,0.176082,0.18359,0.629626,0.804186,0.958334,1.014212,-0.257978,-1.002565,-0.414876,-1.57951,0.159167,0.281599,-0.131618,-0.298591,0.050435,-0.162297,-1.049211,-0.101682,-0.164451,0.266763,0.018487,-0.136752,-0.0
dmserif,r,-0.10074,-2.090242,1.278498,0.993881,-1.997972,0.969892,1.772242,-1.553993,0.329219,2.413634,0.963843,-2.287757,-0.765129,-0.153532,-3.782872,2.206646,0.720799,-1.166539,2.094855,-2.46646,0.562406,1.573993,0.520186,0.801796,1.296828,-0.923777,-0.338975,-1.452019,-0.994428,2.495519,0.158619,-0.629544,-0.273592,-0.008591,-0.482548,-0.863489,0.595091,-0.494009,-0.836939,-0.174291,-0.0
dmserif,s,-4.892684,0.438694,-0.2475,-0.398553,-0.048762,-1.61267,0.353975,2.427097,0.568526,-1.62405,1.9069,-0.040567,0.911832,-0.526772,-1.318924,-0.153432,1.159073,-0.003922,-0.790888,0.597605,-0.110381,2.053369,1.480968,-0.361361,0.324664,-1.300078,0.734128,-0.414918,0.754801,0.228117,-1.260151,3.062871,1.465025,0.037708,-1.865644,0.695506,-0.726182,-2.228583,1.192187,0.81861,0.0
dmserif,t,0.509489,3.06582,-0.669787,-0.542469,1.006423,-0.358512,0.503293,1.924657,1.077083,-0.062956,-1.371451,0.689597,-2.504594,-1.8241,-1.368035,0.502241,0.231001,-0.227604,-0.915374,1.813708,-1.017504,-0.910955,-0.486113,1.522526,0.36808,-0.218322,1.895875,-1.137213,-0.804775,0.948002,-0.591583,-0.304742,0.633552,-1.316024,0.428267,-2.977411,-0.321849,-1.562981,-1.735577,-1.875654,0.0
dmserif,u,-2.68901,-0.09072,-0.769067,2.287216,-6.577261,3.976523,0.547623,-0.337102,1.145769,-0.794664,-0.278712,0.028054,-0.841112,0.11283,-0.099116,0.614525,-0.876912,-0.064744,0.241001,0.204336,-0.305081,-1.105015,0.017814,0.417629,0.0486,-0.077367,-0.373943,-0.146065,-0.137437,0.102608,0.485841,-0.038834,-0.026171,0.420579,0.236736,0.537439,0.201339,-0.135573,0.30384,-0.138484,-0.0
dmserif,v,-7.366411,-0.435966,2.282925,-0.158914,1.842763,3.764633,-2.784154,-0.276781,-0.183284,-0.380593,2.065633,-0.100943,1.013268,0.753289,-1.558984,2.223181,1.277428,-0.508153,-1.629785,-2.372967,-0.778965,0.696707,-1.200073,0.486094,-1.084575,0.861896,-0.631445,-0.01063,0.74649,-0.079698,0.291087,0.359619,1.25162,1.093132,1.133226,0.251244,0.535286,-1.072653,0.943124,-0.088159,-0.0
dmserif,w,2.337365,0.465678,-1.887658,-2.432749,-1.05012,0.038568,-2.974455,1.488752,1.67058,2.075617,1.953072,1.894612,-0.156978,0.206483,-0.276653,-3.030354,0.766358,-2.018765,-0.779716,0.589495,-3.076468,-0.798071,4.063242,1.189454,1.362061,0.591832,0.555965,-1.134531,-0.389888,1.68092,-1.794456,-0.063791,2.065562,-0.153488,-0.864656,-0.94179,0.955547,-1.475227,-0.005077,0.606544,0.0
dmserif,x,5.622295,1.627018,1.10845,2.432964,-0.161947,2.352615,-0.798058,-1.333575,1.673589,0.012692,0.239879,-2.912162,-4.110929,-2.276804,-0.293914,2.280759,-1.903036,-1.800377,0.506427,0.722192,0.239562,-0.441963,-0.183665,-0.194664,-0.080753,0.081172,-0.002504,-0.025336,0.01572,-0.003204,0.001811,-0.009004,0.001439,-0.002463,-0.000518,0.005919,-0.00297,0.011055,-0.006836,0.000425,0.0
dmserif,y,4.45482,-0.102508,4.245498,-1.176055,-0.394391,-0.942478,-0.274084,0.132342,0.256934,0.298031,0.402368,0.774564,-0.826935,0.935006,-1.779512,0.737082,-0.95814,-0.33847,2.33423,-0.811179,0.799352,1.227071,0.032725,-0.330707,-2.007317,1.244714,-0.462476,0.660956,1.920379,-1.165251,-0.718817,-0.763755,1.719619,3.84476,0.426703,1.897351,-2.447164,0.688872,0.13378,0.146919,0.0
dmserif,z,-4.873086,-0.826575,-1.117954,1.406453,-1.25802,-1.301864,1.623654,-0.781136,0.767641,1.88242,2.26907,0.42848,0.909923,-0.237367,0.162499,0.351781,1.059869,-0.484804,1.543591,0.258772,-0.318407,0.30906,0.43731,2.318782,0.069181,0.569482,1.395765,2.12897,1.866427,-0.333631,-0.166918,-0.064788,-1.866874,0.333909,-0.864406,1.069277,-1.254391,-0.801828,-1.023643,0.435107,-0.0
exo,0,-0.364946,-0.410754,-0.095404,0.562121,-0.064928,-0.13975,-0.480754,0.279563,0.25697,0.93325,0.462987,-0.272931,-2.197959,0.179138,-1.270019,-0.292137,-0.934259,0.072275,-1.299265,0.859798,-0.061089,0.136598,-0.673051,-1.53603,-0.400777,-0.699389,0.283806,0.27763,1.861187,0.300792,-0.360896,-0.807385,0.09409,0.837132,0.419686,0.615761,-0.501254,0.891425,0.027104,-0.246059,-0.0
exo,1,-6.451071,-2.925721,3.647085,-0.468529,0.374467,0.593399,0.646329,-0.100328,-1.259819,1.386777,-0.036078,-0.041845,0.080151,-0.105526,1.077154,0.140506,-0.257887,-0.780751,-1.123246,0.379127,0.98483,-0.261232,0.45085,-0.093372,-0.599149,0.572558,0.251222,1.831714,0.664507,-1.214876,-0.389597,-1.710925,-0.868165,-0.566387,-0.270249,-1.719134,-2.397291,1.369751,0.134101,0.148949,-0.0
exo,2,7.30402,-0.12013,0.663085,0.318567,-1.482209,0.968061,-1.641425,-0.344288,-1.957005,-0.507052,-0.465993,-0.695408,-1.186448,-0.082141,1.299468,0.87479,-1.312123,-1.24348,0.658225,0.430697,-0.111617,-3.573629,-0.370473,-0.181284,1.049938,-0.101134,1.357648,-2.039181,0.840027,-0.913667,0.503767,-0.160214,-1.250593,1.708126,-1.318266,-1.442485,-1.284885,-1.860071,0.474144,0.133051,-0.0
exo,3,-2.377356,-1.521171,-3.61427,-1.997706,-1.22465,3.175836,2.341265,-1.45733,2.012938,0.365484,0.175938,-0.84364,-0.079094,0.026461,1.232418,0.817078,-0.954851,1.311392,-0.337121,1.83463,0.756107,-0.72933,0.195837,2.429672,0.562329,-0.41264,-0.374677,0.014635,0.650117,-0.66029,-3.434705,-0.825728,-2.225635,0.733708,1.23916,-0.173694,-1.318004,-0.150526,0.714509,-1.249544,0.0
exo,4,-0.257631,-0.156341,4.472934,-0.683625,1.070608,0.706823,-0.072501,-1.762394,0.308801,0.58909,1.440043,0.96716,-0.625268,0.537537,1.303125,-1.31812,-2.105282,-0.653374,-1.584628,1.906322,-0.976496,0.718076,0.956947,0.569377,-0.260034,-1.188568,-3.413131,1.247354,-1.250353,-1.223824,0.290175,1.611666,-1.362047,0.613144,-0.705005,-0.615852,-0.470067,-2.325332,0.418328,-1.929786,0.0
exo,5,-2.185407,1.283446,2.543842,1.028099,1.064297,-0.102926,0.44927,-0.563832,-1.412287,1.045992,0.407748,2.018174,0.45404,0.178498,0.743093,-2.461837,-0.136456,-2.15942,-0.02935,0.21258,0.564907,1.098838,-0.876761,-1.415913,-2.339485,-0.895717,0.048826,-2.30233,0.313461,0.221909,2.128128,1.666447,-0.11504,0.422776,1.846718,0.159648,-1.662731,0.506592,-0.341668,-0.913925,-0.0
exo,6,5.542394,1.518885,-2.133927,-2.650005,-0.593221,2.223903,3.321001,0.755698,0.547949,0.586528,-0.607831,-0.684751,1.721855,-0.200126,0.332586,-0.02515,-2.36776,0.162955,-1.959052,0.548898,-3.077114,0.271669,1.350256,0.815068,0.24477,-0.185755,-0.38909,-0.103713,-0.449841,-0.49694,-0.648364,-0.24133,1.044345,0.921566,0.400437,-0.320125,0.824322,-1.093206,1.336803,-1.560067,-0.0
exo,7,-1.620909,1.984417,0.062677,0.622435,-0.621033,0.185299,-1.552831,-2.012383,-1.013872,1.186096,2.532312,2.554383,1.252205,1.420202,-1.794959,1.614519,-0.606652,2.265728,1.528647,-1.632252,0.637348,1.506105,-0.014809,0.241582,-1.620007,-0.96568,-0.464434,-1.279717,-2.162316,0.014416,-0.638058,0.381812,0.176629,-1.225348,-1.525708,-0.466906,-0.293701,-0.206784,-0.094666,0.146005,-0.0
exo,8,1.632734,1.063015,-0.261845,1.160799,0.472588,-2.425559,2.029013,1.907141,-0.5441,1.722003,-0.23487,0.511815,1.605773,-2.437479,-0.798804,-0.374234,1.059295,1.578253,2.599748,1.474211,-0.648059,-0.518286,1.0444,-1.018596,1.430867,1.939812,0.488001,-1.815694,-0.506697,0.394927,0.025194,2.143981,-1.947395,-0.587281,-1.210532,0.81271,0.081269,-1.68385,-0.234456,1.009162,-0.0
exo,9,7.786292,0.40145,-3.528406,1.62092,0.755471,1.365343,-0.688935,0.349565,0.668542,0.421821,-0.7278,1.929421,1.146607,2.375438,1.799941,-0.983476,0.612222,0.02722,0.917331,-1.362739,-0.347188,-3.163694,-0.373304,-0.180138,-0.278318,-0.102214,-0.317373,-0.155746,-0.819497,-1.338916,0.318647,0.589129,-0.391347,-2.338931,-0.553463,-0.934024,-1.027299,0.358391,0.270558,-0.502149,-0.0
exo,A,-0.712583,-1.704395,-0.674015,-0.112923,-1.954356,-0.112026,0.758095,-1.300842,-0.604544,1.417155,2.866221,0.634475,-0.571496,0.615924,1.689816,-0.604474,-3.459694,0.272799,1.253736,2.575694,-0.499597,-0.683778,3.21902,3.348032,-2.569002,-0.068018,1.071533,2.037629,0.672808,-0.726456,-0.280496,0.239361,-0.716452,-0.293875,-0.066336,-1.474683,0.590519,-0.393826,1.013636,-0.510593,0.0
exo,B,-1.283642,-1.099941,0.784549,-0.078327,-1.75982,0.021563,1.548174,0.905517,-0.445941,0.997981,-2.524263,2.835214,1.794161,0.021476,0.217629,-1.48298,0.743459,-0.89022,1.101936,-1.332836,0.524007,-0.42094,-0.405425,-0.423596,0.130609,0.614626,0.005846,-1.707958,-2.644222,-0.454837,-0.049168,1.41695,-0.517267,-1.387121,-0.458969,-2.233124,-2.162147,-1.520204,-1.395759,0.13658,-0.0
exo,C,3.808866,-4.686855,0.420542,-0.920537,-0.575513,0.803815,0.007686,-1.790654,0.17018,-0.865768,-1.597654,0.215231,-1.874427,0.783893,-0.102993,0.118586,-0.573546,-0.193626,0.218737,-0.034691,-1.075863,-0.254332,0.228234,0.297356,0.464185,0.654668,-0.904877,0.591615,-0.749626,0.307116,0.041181,0.370376,0.015915,-0.720399,0.06708,0.775683,0.095679,-0.163463,-0.463799,-0.084193,-0.0
exo,D,-0.037717,-1.918909,-0.393161,0.470745,0.452864,-0.686682,-1.650414,-0.307654,-0.712341,0.162157,-0.147034,0.568391,0.051133,-0.516754,0.135433,-0.85009,0.080291,0.237198,-0.100904,-0.433467,1.171662,0.479741,-0.324144,0.324893,0.624196,-1.195275,-0.748404,-0.575492,0.675159,-0.64991,0.683478,-0.216921,-0.850751,1.07022,1.320274,-0.191538,-0.950318,1.184126,0.36842,-0.169865,0.0
exo,E,3.031208,-0.577106,-0.170706,-1.089533,-1.765778,0.088895,-1.776397,1.493054,-0.468881,-1.592763,-0.994989,-1.305617,1.986036,0.324374,-1.442,0.885135,-0.198667,-2.041048,-0.512887,0.83683,0.80702,0.053338,0.797899,-0.43772,-0.796824,0.528397,1.057203,-0.977467,0.767607,3.089833,-1.097914,-0.387339,-0.739963,2.804725,-2.128522,0.552823,-1.338151,-0.037915,1.308154,-0.059417,0.0
exo,F,-3.521775,-0.587489,0.998473,-0.906701,1.851179,1.164728,0.367969,-1.573551,-1.071389,-3.141605,0.151095,-1.617291,-0.229576,0.002764,-0.623913,0.101461,-1.761146,1.31669,2.578954,0.778576,-1.887205,-0.889768,1.209522,0.872739,1.436654,0.028412,0.793188,-0.445699,-0.382159,-0.427422,-0.498779,-2.596093,-0.346073,-0.071665,-1.408974,-1.210911,0.724284,-1.890942,1.961555,-1.113806,-0.0
exo,G,-1.604567,-0.314231,2.972066,-2.411715,2.636992,-0.739146,3.985239,0.936006,-0.95805,-0.202402,1.94646,-1.400788,-1.69917,-1.014191,-0.762128,-0.896418,-1.514036,2.785518,1.185019,1.841556,0.562397,-0.271684,-0.369363,-0.058663,-0.548421,-0.432139,-0.292806,-0.253945,0.468896,-0.352365,0.529285,0.20384,0.158423,-0.196468,-0.030053,0.129365,0.175243,0.032745,-0.014615,-0.018625,-0.0
exo,H,2.973936,2.804543,-1.00309,1.623006,-0.389091,-2.51892,-2.485536,-0.272879,-1.212477,-0.739677,-0.888585,-1.611241,-4.100634,-0.659202,0.898974,-0.835785,1.134838,0.752009,-0.159504,1.560673,-0.368636,2.154848,-0.051306,0.189716,-0.622041,-0.870561,-0.161949,-2.270277,-0.885158,-0.543657,-1.313457,1.716514,-2.54879,0.428127,-0.910328,-0.765156,-1.42475,1.228399,-0.547767,0.540027,0.0
exo,I,-4.803969,0.379778,0.540704,0.045477,-0.02107,-0.145238,0.035709,0.148259,-0.170004,-0.198781,-0.176421,-0.074258,-0.272435,-0.462924,-0.161147,0.090405,0.029765,0.031035,-0.101882,0.252401,0.195156,-0.666256,0.585999,-0.287032,0.277108,-0.030066,-0.063412,-0.020831,-0.066807,-0.042311,-0.200993,-0.099029,0.182282,-0.094166,-0.104357,0.011212,0.035673,0.027698,0.052057,0.020112,-0.0
exo,J,5.082165,-4.720135,1.826734,-0.405855,2.234009,0.030996,-0.118887,0.049311,0.189082,0.670256,0.68191,-0.231083,0.165084,-0.470314,0.681184,-1.053543,1.034048,0.168766,-0.290359,0.945745,-0.166148,0.422507,0.154103,0.41047,-0.453721,0.184302,1.657843,-1.561999,-0.227081,-1.199912,-2.252046,-0.066608,-1.205074,0.008549,-1.328736,0.872941,-1.828743,1.875231,-0.966893,-1.298181,-0.0
exo,K,1.551156,-3.587716,-1.390348,4.552889,0.124371,0.387963,-0.171719,-2.407154,1.922358,2.563158,-0.065184,-0.093321,-0.205781,0.088073,1.072341,2.531131,-1.083332,0.735995,0.463934,-0.186508,1.299161,0.404747,-0.352183,1.087053,-0.275546,1.64102,-0.063035,-0.445867,-1.21637,-0.377372,0.330141,-1.220737,-0.811578,1.057397,0.039667,1.342465,-2.997467,2.940229,-0.643236,1.13808,-0.0
exo,L,-5.58107,-1.4153,3.590096,-2.521117,-4.351011,-3.320748,-0.448352,1.751142,0.555157,-0.940491,-1.137658,0.276057,-2.015846,-0.492908,1.981367,1.469381,0.748222,0.053568,-0.707509,0.360822,-0.692267,-0.154553,1.560954,2.8683,-0.537302,-0.774281,-0.646507,-0.804574,1.130531,-0.540702,-0.280258,0.74316,0.223433,-0.701309,-0.349779,0.079516,1.040622,0.165635,1.857468,-0.575262,0.0
exo,M,1.825736,1.452916,1.751717,-1.570049,-2.229185,1.741906,0.390326,-2.515449,1.001934,-2.042326,-2.196801,-0.328036,-3.015636,-1.035158,-0.067272,-0.113684,-0.597976,2.116865,-1.551307,-0.062641,2.68366,-1.973063,1.760831,1.178571,1.306571,1.849126,1.010818,-1.036332,-2.225789,0.109437,1.345453,1.575066,0.842113,-1.434306,-0.726078,-0.981571,-0.841298,-0.425515,1.013319,2.412614,-0.0
exo,N,-4.102271,-1.043836,-0.21386,-2.454343,-2.95198,-0.157827,1.103281,0.804587,0.72445,2.238095,-1.436995,-0.030876,0.780971,-0.075116,-1.097048,-0.802104,0.713431,-0.547838,1.341976,0.917188,-1.266791,1.145561,0.955351,-1.967605,-0.302067,-0.472014,0.415681,0.543285,-0.518349,2.58464,-0.009169,0.676761,2.332502,-1.300322,-0.852612,-0.288603,-1.760259,0.070651,0.265121,0.717732,0.0
exo,O,-1.112506,-0.596533,0.897309,-0.847687,0.344602,-0.49555,-0.151081,-0.789083,0.460099,0.040471,1.021573,-0.523161,-1.539832,0.296226,-0.352764,0.222022,0.412089,-0.880273,0.990168,-0.59007,-0.381375,0.096051,-0.940464,-1.24977,0.513805,-0.781694,0.312604,-0.128639,-0.502522,0.667965,-0.601138,-0.4704,-0.358167,-0.518927,0.456724,0.555645,-0.972686,0.105956,-0.079537,-0.415855,0.0
exo,P,-2.673584,-0.492347,-2.33672,-1.743045,0.487901,-0.618952,-1.741539,0.73701,0.231856,0.027759,-0.447799,1.099521,-1.224971,0.255026,-0.034373,0.360862,-1.819574,-0.843143,-0.125394,-1.070963,1.996754,1.453033,-0.310606,2.242759,1.173148,1.697795,-2.078834,-0.027154,-0.137427,0.183173,0.282108,-1.251825,-0.216844,1.132479,0.608139,-0.823074,1.126009,1.166786,-0.614507,-2.437316,0.0
exo,Q,-2.726259,-0.605297,-0.93512,0.734023,0.637913,0.266747,0.881183,0.097275,-0.434483,-0.345659,-0.012116,0.378304,-1.800066,0.492645,0.535191,-0.869254,0.599992,0.675333,0.561374,1.043171,-1.494208,0.315401,0.061878,-0.151763,0.967301,0.515938,-0.08185,0.727394,-0.353641,-0.187854,-0.161299,0.454098,0.665964,-0.258051,0.494269,-0.997477,-2.846192,0.141074,0.351858,0.25545,-0.0
exo,R,3.344973,-2.594592,-0.595706,1.968818,-1.243561,-2.372154,-2.83102,-2.494432,1.94605,1.653723,1.789952,-0.683369,1.232237,1.642539,0.860431,1.395848,-0.272446,-0.400531,-0.695238,-1.728889,1.4587,0.745568,1.255349,0.93134,1.651617,0.200215,1.98799,-1.845776,-1.423861,-0.749128,-0.125929,1.244028,-0.54959,-0.377918,0.52058,-0.589602,-1.448246,-1.13319,-0.163047,1.258173,0.0
exo,S,-2.475719,3.776256,0.762574,5.736221,0.38933,1.028414,-1.373469,0.886291,-2.188503,-1.742372,0.885119,-2.12773,-0.035382,1.169718,0.154704,-1.815745,0.420832,-0.534597,0.287462,-1.309629,1.000672,0.969564,-1.457646,-0.992242,-0.271594,2.297997,0.15959,1.405079,0.719798,1.02382,0.54348,0.400077,-0.016681,-1.390265,-0.741803,-1.283433,0.622399,0.51971,0.978124,0.091452,-0.0
exo,T,-3.785385,1.341159,-0.362215,-0.483741,-0.098002,0.401705,0.052786,0.235468,0.987924,-2.069094,0.27265,0.854458,-0.499797,0.062185,-1.55674,1.926508,-1.70908,-0.603579,-1.676455,0.018391,-0.041922,-0.697886,0.019136,0.444003,1.927237,-1.399178,-1.576588,0.131959,0.098935,0.547281,0.973346,-1.662228,-0.522145,0.817665,1.784551,-1.146267,-0.074373,-0.231707,-0.577406,1.361141,-0.0
exo,U,2.741254,0.118486,1.267929,0.7852,0.884198,-0.281021,1.835907,-0.065176,0.723704,-1.136797,-0.670271,0.482937,-0.15007,0.471518,1.162199,-0.412126,0.985002,0.272341,-0.536791,-0.210423,-1.479167,0.913632,-0.227747,0.928397,0.084732,-0.361752,-0.711058,0.972142,-0.144266,0.840819,-0.619992,0.306928,1.092378,-0.083755,0.692964,1.512572,-0.777181,0.163192,-0.313569,0.052131,-0.0
exo,V,2.669121,-0.791323,-2.577684,0.205008,-0.135651,-1.715976,0.0535,-1.100593,-1.988944,-0.22554,1.225198,-1.743243,-0.473823,0.582488,1.352708,-0.63374,2.123611,0.022734,-0.524991,1.104582,-1.18207,0.646263,-0.97833,-1.043529,-0.163477,0.462318,-0.327788,-1.109546,-1.39375,0.174998,1.450434,0.690665,-0.262373,-2.09676,0.443183,0.9667,-0.308619,1.596471,-0.621638,0.946163,-0.0
exo,W,3.338795,-0.006043,2.025689,-1.21736,-1.013091,-1.68674,-0.600927,1.402975,0.545916,-1.078266,-2.867008,-0.709538,-0.907535,0.374165,3.648578,1.831765,2.368066,1.574955,-0.249285,0.628792,2.381225,-0.521459,-3.936635,-2.773209,-0.458979,-1.86113,0.919131,-0.164889,-0.955124,-0.416541,0.062886,-1.848094,-1.526872,-1.020028,-1.023093,0.05099,-0.164349,-0.140506,-1.617267,-0.616877,0.0
exo,X,-5.134815,-1.13795,0.850434,-0.182034,-0.257124,0.604421,-0.159511,-0.562308,0.884393,0.855847,1.018888,0.443561,-0.225439,-0.516879,0.341768,0.635961,-0.663736,-3.130104,1.361607,1.152935,-0.762803,1.568982,-0.040606,-2.203383,0.788299,0.10614,0.004453,-0.159449,0.281431,-0.108108,-0.010851,-0.008473,0.014881,0.015206,0.002667,0.000459,-0.002607,-0.004457,-0.003681,-0.001449,-0.0
exo,Y,-4.52905,1.945662,1.233918,2.816059,2.094713,2.650617,0.279463,-2.081202,1.00295,-0.024172,1.127519,0.485444,1.900308,0.378447,0.690168,1.585987,-1.144017,0.939406,0.122897,-0.086138,2.394904,-1.132491,-0.214165,1.237765,-0.285381,0.000542,1.023374,-2.413965,0.202857,1.358148,1.272968,-1.995064,2.345409,2.920301,-1.288438,-0.63433,0.610823,0.281448,-1.554531,0.00741,0.0
exo,Z,2.115329,-2.146296,-1.564018,-1.113733,0.466154,0.119551,0.257166,1.435812,-1.648794,2.536527,0.287677,0.090732,-1.804293,2.698916,2.600849,0.216032,-0.334236,1.646723,-0.996998,-1.862675,0.558686,0.112479,-2.278729,0.0945,0.35957,0.245073,-0.342228,0.665505,-1.531947,-0.781523,0.323727,-0.403812,-0.560405,-2.140928,0.038156,0.500486,-0.938086,-0.900139,-0.122763,-0.001801,0.0
exo,a,-1.64973,1.010521,4.076561,-0.853585,-1.830937,-1.259362,1.304085,0.12655,-0.04701,-0.957488,-2.225299,-0.301832,0.305457,-2.673752,0.036944,-1.476866,-0.764564,0.097458,-1.600104,-1.568458,1.095722,1.485902,1.642558,-0.662376,-0.773561,0.851907,1.574732,2.787724,2.224787,-1.896508,-0.220825,-0.121176,-0.318581,1.818507,1.051849,-1.79045,1.040244,-0.252958,-0.911689,-0.158987,-0.0
exo,b,1.335458,0.848473,1.189619,-0.184292,-1.045475,-0.699369,-0.55222,-1.650414,-0.806724,-0.576176,0.084968,-0.629292,-0.66524,1.488551,1.352852,1.115496,-1.01998,-1.412935,1.287375,1.10004,0.871445,0.314154,1.026087,-0.67201,-2.611473,0.073977,-1.03976,0.615135,-0.093625,0.563826,0.216001,0.823098,0.404614,-2.516225,-0.894405,-2.452066,0.735541,0.072809,-0.29725,0.306404,0.0
exo,c,4.325069,-2.454083,-2.309157,0.731462,-1.341388,-0.900687,-0.329363,-0.432711,1.039817,1.145738,0.266383,0.444665,-0.220192,0.774767,0.228329,1.588546,0.701081,-0.557799,-0.122423,0.328965,0.09573,0.244369,0.673538,0.428031,-0.378067,0.734261,-0.471455,0.467951,0.386701,0.907318,-1.067523,0.177069,-0.325356,-0.52887,-1.297728,2.031462,-1.187102,-0.401432,-0.197056,-0.466898,-0.0
exo,d,1.593768,-0.267052,-1.895659,-0.299985,-0.002963,-0.007421,-0.644641,0.946233,0.890378,0.405325,-0.512133,2.06969,-0.511523,1.219309,-0.549537,-0.447334,1.126009,-1.020842,-2.05261,-0.843455,0.336671,-0.833697,-1.612063,1.661369,0.295079,-0.487015,0.40165,0.541359,0.089202,-0.417605,-1.284342,0.23912,-1.328724,-0.777386,-0.717316,1.128832,2.418264,-0.825437,-0.918062,1.613905,0.0
exo,e,0.928906,1.904191,-1.275698,-1.349769,0.265118,0.989286,-1.612068,-3.459315,1.797157,0.831838,-2.647439,0.98959,1.908572,-1.939799,-1.491046,-0.184673,-0.738712,1.190039,1.530844,0.22554,2.594846,4.183249,-1.033931,1.524067,-0.076336,2.258061,-0.169696,-0.114959,-0.232764,1.239919,-0.136878,-1.484215,-0.294684,-1.004927,0.126819,0.580676,0.95573,-0.329621,-0.512123,0.066927,-0.0
exo,f,-4.215375,1.444889,0.849321,-0.398154,0.121546,1.1949,-1.483236,-1.775885,-1.4709,0.914727,-0.806116,-1.916645,-0.062589,0.690505,-1.293012,1.067263,-0.932727,-0.250698,-0.181035,-0.616117,0.995382,0.575597,0.477786,-1.956293,-0.529627,-2.102974,-0.812304,-0.379635,0.227077,-2.465928,1.119149,1.924837,1.816483,-1.897096,0.029581,2.256061,0.161475,-0.303956,1.189514,-0.722,0.0
exo,g,-1.152471,2.430278,0.961463,3.669283,-3.813942,-1.832789,3.078386,0.424395,-0.226447,-2.130132,-1.366717,2.17641,-0.118041,0.459875,-4.41781,0.035024,-1.87299,1.873484,1.099493,-0.694206,-0.182051,2.853613,1.307644,-0.853888,-1.522805,1.548776,-0.471865,0.605876,0.123851,-1.253602,-0.096221,1.290591,-0.787075,0.483475,-0.413061,-0.171045,0.010704,-0.382908,-0.023101,-0.166526,-0.0
exo,h,2.472936,1.260902,2.294145,-0.432468,-1.164542,0.444004,1.04705,0.896716,-0.941682,-0.641722,-0.639256,-0.458439,-1.786534,0.226618,-0.194225,-1.368337,-0.7734,-0.223076,-1.368528,0.507977,-0.853137,0.40554,-0.844616,-0.21035,0.767863,-0.595129,-0.332139,-1.255263,1.952795,1.583644,1.145669,-2.433005,0.746532,-0.634796,0.195482,1.341693,0.798449,-2.66676,0.816668,1.041109,0.0
exo,i,-3.670563,1.126401,1.236934,-0.234902,-1.077598,-0.965016,0.310804,-0.27256,-0.610881,0.354307,-1.182893,1.371857,-0.518458,0.271563,-0.837044,0.598478,0.284881,-2.121757,-0.105418,0.171813,0.578251,0.30701,-0.040659,-0.761122,0.661307,2.012339,0.377634,-0.283656,-0.430472,1.387682,-1.233018,-1.086743,0.344014,0.10467,1.331616,-0.708509,0.522837,-0.420764,0.595562,0.378416,-0.0
exo,j,-4.17428,3.004982,-4.784345,0.563255,-1.772166,-2.313451,1.59303,0.040744,-0.769813,1.717836,-1.181724,-0.331381,0.605317,-1.602991,0.336417,-1.28953,0.889523,-0.804606,1.691296,-1.648568,0.668408,0.461678,-1.214871,-0.791648,-1.192035,-0.198601,-0.073335,-0.850022,0.233879,0.636015,-0.467153,-0.143529,0.468384,2.123108,-1.762482,-1.191809,-0.683177,-0.581627,0.181901,1.117309,0.0
exo,k,-1.062639,1.892911,-1.586901,-0.742894,-2.129867,0.268697,0.009283,1.027379,-2.051827,1.083866,1.041275,-0.08744,0.467986,2.392429,1.029741,1.937503,-1.9886,0.711475,-0.125969,-1.755913,3.160439,0.69598,-0.874641,-3.384568,2.461509,-0.757294,1.177219,-0.15047,0.319708,-0.552968,-1.286397,0.337352,2.582794,-0.226739,-0.810561,-0.447467,0.104176,-1.283522,0.685763,-0.885785,-0.0
exo,l,-2.807092,6.541501,-0.022695,-1.332868,1.314065,-3.882554,-2.844236,-2.672374,0.592253,-2.314924,2.834065,-0.19352,-0.432657,0.254641,2.282373,-0.91082,1.208812,-0.153035,-0.255962,-0.247958,0.383204,0.755854,-0.374879,0.576953,0.040556,-0.116364,-0.079603,-0.05855,-0.12075,-0.049358,-0.017429,0.001305,-0.002823,-0.002189,-0.001558,-0.000693,-0.00028,-2e-05,0.000483,-1e-06,0.0
exo,m,2.491749,-0.331094,0.791369,-1.231638,-0.601483,-2.593312,-0.361754,1.285367,0.584513,-0.415374,0.764367,-1.937881,0.52689,2.170564,0.178074,1.06868,-1.758127,0.523079,1.453571,-1.508673,0.81821,0.224775,0.363992,0.821434,0.601736,-0.321684,-2.305783,1.759077,-0.565795,-1.983124,-0.117029,0.399307,-0.857717,2.652817,-1.483611,-1.288007,0.394762,0.327931,-1.391362,0.500589,-0.0
exo,n,1.780722,-1.480485,-1.120917,0.254388,-0.952858,-0.168249,-0.97144,0.759981,-0.060269,0.374288,0.576446,1.715915,-0.33723,-0.640785,1.149512,-2.062309,0.550144,0.596019,-1.180534,-0.036627,0.114827,0.333814,0.438442,0.278644,0.051163,-0.801572,0.631026,0.441215,-1.339857,-1.09308,0.610476,0.601656,2.435108,-0.305525,0.747133,-0.006783,-1.11019,-1.402031,-0.647274,-1.268105,-0.0
exo,o,-0.213149,1.090237,-1.077626,0.099566,-0.781505,-1.189371,0.292716,0.963158,0.116011,0.994863,-0.109636,-0.867134,-0.134046,0.22378,0.50235,1.348017,0.242077,-0.234666,-0.071119,0.048996,1.243463,1.491601,0.768923,-0.17007,0.106431,0.31963,-0.087271,1.196104,0.242905,0.312704,-0.764815,-0.84098,-2.122627,-0.919725,0.983622,-0.933108,-0.363424,0.052871,0.289209,0.118475,0.0
exo,p,-1.257029,1.475362,1.653613,2.637881,0.118068,0.475044,1.372535,-1.162739,0.934574,0.285963,-0.916146,0.58105,-1.029429,0.158031,-1.772451,2.335348,-0.047179,0.379057,1.424023,0.550205,-0.615239,0.592862,0.007923,-0.029843,0.509537,-0.173759,0.584375,-0.793549,-1.075133,0.104776,-0.20271,2.711294,2.294722,0.488289,-0.120398,-1.938397,-0.265272,0.410531,0.63902,0.986427,-0.0
exo,q,-0.974846,1.454337,-1.177604,0.371268,-0.207392,0.594968,0.458543,0.447633,0.627708,-1.740066,0.814442,-1.865146,1.079012,-0.49097,1.751248,-0.295931,0.049053,1.863346,1.831655,1.381281,0.733868,0.101023,0.153334,-0.277633,-0.536358,-3.304799,-0.465883,0.805614,1.519124,0.180072,-0.337407,-1.549239,0.645275,-0.508318,-0.893356,0.867922,2.038138,-0.576492,-0.826377,-0.610685,-0.0
exo,r,5.589131,2.178211,-7.290049,0.057548,-2.111931,-1.563962,-1.420445,-0.340078,1.053037,3.899739,-3.009129,0.26119,-0.14302,-3.763292,1.166784,2.512225,-1.665369,0.459118,-0.043228,-0.24286,-0.078185,-1.0473,-0.363907,-2.170541,1.669791,1.653441,-0.53316,0.70306,0.759925,0.689701,-0.433732,-0.242808,0.502095,-0.035981,0.074568,0.4126,-0.241944,-0.115756,-0.157647,-0.113241,-0.0
exo,s,4.155456,2.599631,2.717668,2.360995,-0.588871,0.966133,-4.161828,-0.191935,-3.968531,-0.863535,-1.395043,0.131652,-0.293352,0.750139,-1.813496,-0.849151,-2.113326,-0.928448,0.801592,1.163897,2.563309,1.569315,-0.327709,0.119515,0.461697,-0.494363,-0.084059,-0.983297,0.55181,2.016639,-0.068271,-0.123163,-0.129521,0.26216,-1.795174,-0.426216,-0.524845,-0.059265,-0.65229,0.192251,0.0
exo,t,2.884353,-0.0614,-4.823519,-0.874499,-0.766329,-2.814003,-0.934903,-2.966431,0.216577,-1.899346,0.231725,-0.271869,-0.476937,-0.671339,-0.385335,-2.810854,1.056934,-0.817616,0.227098,-2.645851,-1.101909,-0.091063,-1.823122,-1.092957,1.228162,-1.886797,1.901615,0.736949,1.352605,1.054446,-0.106681,-1.451086,-0.93432,2.318859,-1.598462,-0.540647,-0.663105,0.163964,-0.814467,-0.011255,0.0
exo,u,2.751126,0.139222,-0.367241,1.461077,0.465324,-0.190897,-0.819664,0.993951,0.360491,-1.518491,-0.761103,0.722666,0.313356,1.311433,0.812161,0.969474,-0.366476,-0.099885,0.197584,0.419449,0.803552,-0.950565,-0.868244,-0.73352,1.108374,-0.496489,-1.169289,-0.04552,2.427602,0.301481,-0.028624,-1.541019,-0.923803,-1.257622,-1.767569,-0.431947,0.318558,0.546403,-0.444453,-1.1482,-0.0
exo,v,3.090079,-2.031458,-1.942411,0.176869,1.378661,0.090744,-1.424416,-0.90199,0.124829,-0.442469,0.768169,0.247972,0.171408,1.992185,-1.720686,0.811086,-2.00833,0.413575,1.945002,-1.650512,-1.566012,-0.075722,-0.048771,2.276651,-0.808868,0.345027,1.262686,-1.11068,-1.22255,1.638117,-2.964365,-0.056709,-0.166194,-0.557368,-1.223777,-0.00296,-0.712912,-0.233087,-0.388486,1.310685,-0.0
exo,w,-2.435889,0.293031,-0.553903,-0.744876,3.636192,0.993897,-0.203082,0.530441,-0.231993,-3.77953,4.234609,-2.441808,-1.336161,0.832775,1.700673,-0.747214,2.007398,1.521948,-1.344175,0.264499,-0.63984,1.153532,0.241297,0.388468,0.055624,0.318318,-2.258541,0.332868,-0.469232,-0.137139,2.309547,-0.168905,0.173423,3.782336,-0.820129,0.031454,0.995061,-0.91943,-1.174981,0.57295,0.0
exo,x,-4.93527,1.304775,0.018741,-0.479795,-0.693558,-0.219076,-0.006504,-0.030224,0.115223,-0.476636,0.499776,0.175557,0.513921,0.652876,-0.309026,-0.800156,-0.336813,0.171649,-0.186331,1.295806,0.100575,-4.334442,-0.115904,-0.12229,0.624423,-0.028068,0.173336,0.097989,0.023102,0.023845,-0.017996,-0.016327,-0.015178,0.002159,-0.008682,0.001435,0.004646,-0.000222,0.003204,0.001628,0.0
exo,y,-7.44948,2.976875,0.492186,-3.220869,-0.544426,-2.707403,1.244943,-0.275763,0.090076,-0.004042,-0.255101,-1.969442,1.902028,-0.345168,1.608976,0.020521,2.312034,1.373479,-0.695068,1.452144,0.656277,-0.167443,0.912145,-1.556197,0.328735,0.735415,-1.524192,-2.453869,-1.21814,1.154627,1.3571,-0.938034,0.586871,0.252797,-1.18212,2.349634,-0.223792,2.132152,-1.348093,-0.959847,0.0
exo,z,2.776104,-1.877546,0.512514,-1.776081,-1.073422,-0.421726,-0.309174,-1.958736,-0.682557,-2.966903,1.195915,-2.393612,2.278099,0.391837,-1.110231,-0.594866,-0.961573,0.283925,-1.16664,-2.177454,-0.840755,-1.494918,0.60232,0.174604,1.255623,-0.118018,1.522188,-0.80993,-0.507649,-0.032464,-0.674788,0.953526,0.43854,-1.219258,0.203232,0.928193,-1.306928,0.547045,-1.45834,0.536391,-0.0
faculty,0,1.311358,-2.414117,0.376866,-5.046231,2.69182,-5.775035,0.01802,1.047428,-0.168052,-0.004676,0.147242,-0.351542,-0.057627,-0.066318,0.018808,-0.065689,-0.431377,-0.005029,0.397047,-0.125928,0.426654,-0.370959,0.027633,0.21792,0.151788,0.03543,0.116128,-0.036832,0.120531,-0.023068,0.1289,0.092778,0.105564,0.269662,0.106694,-0.072261,0.15456,0.012047,0.0473,0.151315,-0.0
faculty,1,1.075979,-7.858394,-2.440203,-1.650314,-1.607395,-1.216662,-0.964749,0.017078,-0.75827,-0.416971,0.037358,0.589639,0.272521,1.370707,0.533175,0.614459,0.023112,1.035332,0.486095,-0.561722,-1.188614,-0.123311,0.077469,-0.249973,1.182777,-0.20753,0.572954,0.180038,0.819832,0.962476,0.284016,-0.468547,-0.21479,0.558011,-0.36018,0.06658,-0.123443,0.426055,0.961901,-2.747309,-0.0
faculty,2,0.7863,0.982208,-2.05259,0.714873,2.071478,-1.345913,-2.400289,-2.502133,-1.659803,0.282242,-0.493977,-2.126858,-0.993114,-0.413245,-3.748312,0.674487,-2.191308,-0.536587,0.9384,-0.637518,0.88548,2.131557,0.337605,1.818052,-0.618408,-1.232788,-0.046991,0.283309,0.715755,-0.033524,0.344551,1.167474,1.226353,-0.760932,-0.730811,-0.396121,0.573631,-1.174465,1.918652,-0.958243,-0.0
faculty,3,-2.991379,-1.464573,1.574005,0.501866,-1.372625,1.746653,-2.064088,-0.681439,-2.995964,0.860757,-1.458262,0.381703,-0.631733,0.767656,-2.043611,4.597029,0.22237,-1.420037,-1.410657,-0.782413,-0.869847,2.677776,-0.256659,0.986079,-0.222205,1.171623,0.231993,0.383965,0.254806,1.975702,-1.008595,0.235773,-0.844788,1.599222,-0.903945,0.528065,1.721413,-0.139343,0.921803,-0.507142,0.0
faculty,4,-1.942503,-1.790911,0.294674,-2.055514,-2.671548,2.265919,1.465874,3.190698,-6.073759,-1.691822,0.254452,1.014815,-2.763767,1.299527,-0.846164,-1.664992,0.967084,2.664524,-1.063968,-1.718954,0.094317,-0.728117,-0.494021,-0.479357,-0.009171,-0.038485,0.154809,1.898495,0.041172,-1.194005,0.804998,-0.491039,-1.20014,-0.129089,-1.268263,-0.141951,0.260083,0.375351,-0.217141,-0.026814,0.0
faculty,5,-4.17535,1.216042,-0.808696,0.867736,-1.224757,1.228941,2.400617,-0.3476,-0.172959,0.578593,1.295927,-0.258478,-2.085847,0.956006,-0.775685,1.157349,-2.337702,-2.251958,0.662407,-1.020653,0.443597,-1.94884,0.3962,-0.181874,1.113586,0.822868,3.022245,-0.902791,-0.290952,-0.790716,0.445881,0.509432,1.457775,-0.386129,-2.167313,0.228696,-1.633731,0.160371,-0.19749,0.563342,-0.0
faculty,6,1.261586,-1.254522,1.217585,-0.882631,-0.884662,-2.338743,-2.230365,-1.158421,-1.193333,-1.589043,1.456291,-0.134175,0.313629,-0.040731,-0.647672,0.699444,1.291141,-0.186814,1.318193,0.703965,-2.246488,-0.626263,0.628652,2.384798,-1.816791,1.204205,-0.998351,-0.962463,-0.0419,0.24183,-2.463408,-1.047883,2.189418,0.1272,-0.169816,1.114315,-0.409667,1.480536,0.701285,0.494986,-0.0
faculty,7,-1.322587,1.476204,1.411919,-1.025386,1.055915,-1.914695,-1.317973,0.521667,0.34116,-3.610889,-1.044147,-0.104236,-1.811248,2.767649,2.602395,-0.129774,0.629588,-0.111637,1.037961,0.632589,1.749647,0.464208,0.559907,-1.923247,-1.356737,0.928483,1.495212,-0.480451,-0.955755,-1.129211,1.376188,0.428312,0.721608,1.081669,-0.484006,-0.881338,-0.712596,-0.18461,-0.589584,-0.124662,-0.0
faculty,8,0.748618,2.675775,-0.437188,-0.135744,0.357183,-0.695117,0.875793,-1.891411,-1.371633,0.424529,1.829006,1.231966,0.78775,-0.010276,-1.239913,2.377489,0.599229,-0.285937,-0.387803,-1.061554,0.827938,1.263948,3.866548,1.756177,0.226521,-0.984736,2.031197,-0.435446,-1.264202,-1.20509,-0.30013,1.070843,-0.2289,-1.392554,1.305683,-0.870893,-0.205407,2.129268,-1.082183,0.132026,-0.0
faculty,9,-2.235251,1.799768,-0.672732,0.882353,1.998271,-0.123367,1.531036,-2.307537,-1.955307,2.23258,-0.037174,-0.557379,1.895988,0.497955,1.594694,-0.221292,0.1809,1.51851,-1.80458,0.254604,1.702358,-0.354987,0.151278,-2.707854,-0.503467,0.834044,-1.700131,-0.078512,-0.084261,-0.289546,-0.067198,0.419173,0.387791,0.573762,-1.844238,1.796997,1.258514,1.233684,-1.163073,-0.626319,-0.0
faculty,A,-3.335626,0.750271,-2.109778,1.983007,0.091387,0.668955,4.575743,1.646436,-4.430729,0.957348,2.028977,-2.298996,2.250114,0.614007,-0.94031,-0.320865,-0.650594,-0.191718,-0.783507,1.423898,0.701198,0.112307,-0.493606,0.576578,0.729869,-2.242088,0.198636,-1.082304,0.257,-0.713058,1.982539,-1.933922,1.424925,0.656188,1.101571,1.124504,-1.16998,-0.41382,-0.065561,0.933523,0.0
faculty,B,-1.87895,-0.018702,-0.699978,-4.604851,-2.096631,2.433694,-0.580483,1.254521,-0.7121,0.233328,-0.76769,-0.339033,0.350122,-0.239832,0.851077,1.451899,1.843652,-0.423118,-0.198251,-0.713081,1.56778,-1.781593,0.383645,-0.793005,2.052444,-1.284873,-0.594732,1.559988,2.384567,-0.530976,0.62015,0.590904,1.998945,-1.752287,0.893809,0.109879,0.931227,-0.513797,-1.110087,-0.409749,-0.0
faculty,C,-0.99136,-0.295464,-0.987882,0.94839,0.080743,0.037978,0.234743,0.99132,-1.015154,-0.56947,-0.907046,-0.765626,0.629679,-0.509332,-0.140248,0.191905,0.503167,0.829654,-0.850942,-1.120391,0.512601,-0.038249,0.165823,0.458296,0.316377,0.643098,-0.884652,0.717702,0.985123,-0.241174,-0.270628,1.32164,-0.834121,-0.120578,-0.752649,0.64654,0.407328,0.488354,0.668746,0.413925,-0.0
faculty,D,1.30972,-0.130455,-0.522427,0.235778,-0.290655,-0.846153,0.487433,0.216687,0.548102,1.275726,-0.857231,1.206693,0.053634,-1.358104,1.164885,-0.373812,-0.557872,0.078344,-2.070231,0.4589,-0.308206,0.626439,0.423497,1.250446,-0.62282,-0.335627,1.476975,1.014196,0.491495,-0.771498,-0.367535,-0.98861,0.163867,0.00233,-0.393855,0.621245,-0.653879,-0.189412,-0.466751,0.047816,0.0
faculty,E,-0.053845,2.890192,1.823902,-0.498476,-0.311088,-0.023527,2.339072,-0.014686,1.792057,1.54468,0.067196,-2.803889,-2.169328,2.103647,-1.684266,1.216706,1.116065,-0.053321,-2.58817,-0.122652,1.160596,-0.091131,2.518639,-1.244282,0.954229,0.817856,0.456544,-0.339717,-2.726317,0.560953,0.047954,-0.013677,1.369909,-1.198824,0.177307,-0.910476,-1.592543,-0.522292,-0.040741,0.268966,0.0
faculty,F,-0.022848,-1.451736,0.733966,-0.309538,4.752671,-0.136245,-0.669879,1.996624,0.156631,3.639127,0.727819,0.603842,1.749152,-0.566536,0.080129,2.387884,0.584414,0.490607,-1.092269,1.388122,-0.441658,-0.079724,-0.399484,-1.267817,1.617659,0.474505,-1.385382,2.712145,-0.314751,1.88927,0.086915,-0.45261,-1.745753,-0.838142,0.789991,-0.914044,0.2697,1.064657,1.144394,-1.328819,-0.0
faculty,G,2.222793,0.279307,0.118837,0.020743,0.556794,0.279141,0.125077,-0.244771,0.119821,-1.524391,-0.876711,0.046455,-0.224165,-0.23174,0.415156,0.66762,1.74041,2.082548,-2.086275,-0.290841,0.039527,2.184636,-0.45423,-0.731143,-0.45283,0.717484,-1.557382,2.625342,1.592478,-0.669165,0.14863,0.241139,-0.107114,0.395371,-0.028808,-0.325747,-0.619618,0.348175,-0.180703,0.145571,-0.0
faculty,H,2.416227,3.68113,-0.836614,2.248909,-1.558458,0.981514,-1.013225,-1.475595,3.838147,-0.524568,1.278103,1.493577,0.181484,-1.084223,1.826204,-2.838457,-1.441048,0.929457,0.785415,-1.241763,1.513141,-0.33226,0.603872,0.702054,1.475835,0.065098,1.553422,1.518654,-1.108057,-0.089227,1.998261,2.528897,0.399563,1.934242,0.58642,-0.32958,0.393256,0.059819,0.22902,0.824172,0.0
faculty,I,-5.455233,0.016235,-0.443639,0.007604,0.01376,0.271119,0.077719,-0.377578,0.121024,0.191974,0.058745,-0.053049,0.367438,0.575934,0.173483,0.027619,-0.213343,0.003598,0.181247,-0.148083,-0.296413,1.02243,1.119004,1.609937,0.178817,0.07994,0.327946,0.001417,0.004784,0.014962,0.008368,-0.001542,0.017556,-0.016145,0.007562,-0.00503,0.000683,0.000766,-0.001695,0.003636,-0.0
faculty,J,5.445989,-4.767402,-0.863381,-0.225139,0.835611,-0.874135,2.723315,0.749827,0.87743,-0.504737,-0.711075,-0.30247,0.577015,-1.217212,0.494873,-0.042738,0.252575,0.981919,0.848908,-0.235801,1.994361,1.163872,-1.149045,0.261635,-0.200021,-2.596985,0.074923,-0.177626,0.720316,-3.754263,0.88082,0.659045,0.947877,0.359674,0.955967,-0.483073,0.580564,0.481374,0.634197,0.331966,-0.0
faculty,K,0.690732,-3.634857,0.916673,-0.615122,1.282982,1.148729,-1.423568,0.021064,-0.645095,0.708633,0.149673,1.579154,-1.398299,0.752919,1.295161,1.447094,1.797556,-0.613233,-0.499612,0.33038,-0.741128,0.912834,1.516741,0.910255,0.346742,-1.707573,-0.501124,0.273599,-2.161617,0.578555,-2.424443,3.54221,-1.221756,-2.891737,-0.400881,0.381454,-0.508978,-0.245584,1.335627,1.757867,-0.0
faculty,L,-4.339638,-1.472232,-0.250898,-2.511957,-1.02578,-3.640515,1.117522,-3.428614,-0.186248,-0.951234,1.860117,-2.120589,0.808879,-0.78038,-2.006985,-0.532899,1.949211,1.651338,-0.387536,2.325891,1.115092,-0.004522,-1.781172,-0.649467,-1.052946,2.162169,-0.704542,0.003483,0.168447,1.347908,-1.121282,0.00877,0.44073,-0.167231,0.674102,-0.22577,0.464064,-0.914079,-0.536807,-1.389742,0.0
faculty,M,3.126608,1.395255,3.96376,1.128022,1.101745,-1.37085,-0.369971,-2.406457,-0.764669,0.108066,1.157011,-0.763554,1.818753,2.215421,-3.023416,-2.210458,0.171335,-0.267393,-0.360184,0.233695,0.112524,2.036605,-3.793085,1.505482,0.860394,0.226633,-1.822604,-0.663719,0.918,-0.6571,2.969019,1.900591,-0.633087,0.006072,1.051461,-1.791862,-0.800957,-0.631067,-0.193648,0.091339,-0.0
faculty,N,-2.964628,-1.602264,-0.279579,-1.277623,2.496242,-0.21146,-0.707993,-1.025299,0.127823,-3.662776,-0.155409,0.504835,-0.027807,2.723308,-0.306308,-2.037488,-0.721883,-0.919571,1.85133,-0.216274,0.907444,-0.881405,1.338798,-1.219444,-0.413469,-0.029771,0.404105,1.955499,1.081941,-0.701233,0.380686,-2.485102,0.880985,0.391431,-0.726351,-1.385426,0.573113,-0.019568,-0.038643,0.818117,0.0
faculty,O,1.931277,0.472874,0.420196,0.092676,1.064343,0.019249,1.270861,0.573371,-0.376983,-0.093723,0.387933,0.095324,0.910852,-0.823474,0.05924,1.340189,0.258212,-0.502713,-0.702967,-1.348849,1.827376,0.524303,0.53657,-0.439849,-0.547868,-0.05364,0.690977,0.857504,-0.146793,0.850498,-0.480796,0.266076,0.405152,-0.608669,-0.584761,-0.007043,0.053792,-0.115574,-0.04468,0.012897,0.0
faculty,P,-0.338194,-1.175686,1.503304,3.422064,-0.187114,-1.64516,1.145523,-3.055859,1.996858,0.804431,-1.343685,-0.559903,0.357192,0.986907,4.068713,-0.710668,-0.038427,-0.605685,-0.821825,1.12899,-1.484704,0.615493,1.658749,-0.283461,1.346243,-0.505225,-1.587369,0.174606,0.690569,-0.39347,1.466517,0.080823,0.226373,-1.044225,-0.276163,-0.346684,-1.106736,1.382966,-1.122649,-0.375532,0.0
faculty,Q,2.393891,-2.631592,-2.451091,-0.338574,-0.663931,-2.42368,0.421159,-0.266817,-0.099126,0.677595,-0.137264,1.198341,-1.523081,0.249434,-0.744392,-1.049635,-0.195307,-1.697357,-0.470555,-1.638932,-1.029873,0.012075,0.525038,1.447154,-0.145078,-1.424156,-0.245514,-0.264859,-2.289572,0.105021,0.246935,-0.111711,0.622309,0.329316,-0.326963,-0.427095,0.376654,0.199467,-0.119957,-0.450862,-0.0
faculty,R,-7.495112,-0.974161,1.58987,0.088997,-0.412652,0.076379,-0.68498,0.308507,0.874167,-1.236356,-1.283486,-0.404559,-0.954899,1.373359,0.998322,-1.746449,-3.503959,-1.113108,-1.257908,-0.452221,1.653619,-1.03154,-1.673169,-0.105307,-0.700408,-0.80812,-0.965818,-1.025152,-2.87483,1.933018,0.325607,1.368292,-0.637619,-0.20003,1.21249,0.836691,0.884305,0.297995,0.045643,-0.839081,0.0
faculty,S,-2.978997,-1.203047,1.472864,-1.845689,0.964982,-2.684216,-1.279622,-0.814796,0.155401,-2.162072,2.091772,1.05559,0.516442,-1.489845,2.175288,-0.987495,0.878765,-1.100083,1.153242,-1.374859,-0.180221,0.292812,-0.440518,0.551409,0.111072,-1.108617,-1.820685,-0.863633,0.184197,-1.263332,0.711787,-1.06452,0.533306,-2.683281,-0.536463,2.163435,-0.047125,0.513463,1.318842,-0.64399,-0.0
faculty,T,-1.111323,-1.148566,1.924665,-1.792542,0.803422,0.518304,-1.206884,-0.825756,-1.146097,0.219239,-0.681046,-1.112959,0.375269,-0.825859,-2.32288,-1.015492,-1.459407,1.321683,1.916572,-1.855794,0.945579,-0.905069,0.498338,1.719559,-0.829022,-1.458357,-1.215286,0.03542,-0.998989,1.671862,1.429883,1.352956,-0.126308,-0.106356,-0.788942,0.724189,-0.84148,-0.154346,-0.540888,-0.075932,-0.0
faculty,U,2.247583,1.38827,2.384028,0.097437,2.330365,-0.86865,0.01693,-0.037177,0.325242,0.907904,-1.181294,1.348508,0.426815,-1.074685,0.136123,0.235822,-1.680655,-0.948514,0.043875,-0.252624,0.684186,1.024038,1.396563,-0.550313,-0.321413,0.627742,0.107436,-0.407222,-1.089841,0.572589,-0.521243,0.363916,-0.225761,0.072464,-0.218471,-0.904658,-1.016519,0.29831,-0.409602,0.264388,-0.0
faculty,V,2.603896,-2.521997,-0.594575,-1.376247,-1.480431,1.455869,-1.688313,1.10496,-0.251467,1.062264,0.322296,-0.735836,0.235024,-0.798414,1.383513,1.579386,-0.767113,-0.47562,-0.460991,-1.851465,0.981257,1.929055,1.681714,-2.8969,0.381381,-0.918615,-1.27052,1.323308,0.081851,-0.042754,-0.939497,0.566252,-0.647934,-0.584256,0.731192,1.188471,-0.460527,-0.329627,0.89764,-0.294626,-0.0
faculty,W,3.711013,1.29644,-2.06239,1.348129,-1.476897,-5.171812,-1.314318,1.747004,0.585207,-0.313583,1.951579,1.716,1.960353,-2.291508,-0.227424,-3.07689,0.515992,0.323732,0.436234,-0.829964,-0.177099,1.372242,-0.524146,-1.158906,0.605276,0.875078,0.83234,-0.035181,1.29988,-0.735555,-0.807108,-0.149598,-1.065417,1.891145,-0.054007,-4.158851,0.646295,0.263582,0.201318,0.028248,0.0
faculty,X,-3.034529,0.355253,0.028008,0.092657,-0.209668,-0.469683,0.159033,0.56876,-0.099032,0.037578,-0.105893,-0.124957,0.22861,-0.067244,-0.68847,-0.003253,0.227924,0.617998,0.262463,1.274998,0.103528,2.074873,1.512265,2.019156,1.086491,0.770529,0.645271,-0.109199,0.311119,0.039633,-0.106869,-0.089332,-0.030763,-0.006311,0.00058,-0.001914,0.004844,0.000595,0.0009,0.001092,-0.0
faculty,Y,3.659817,-6.088621,-2.81777,1.290823,-2.346118,2.166908,-0.572989,-0.625799,1.125294,0.535802,1.209613,2.74028,-0.672742,1.75296,-0.884197,-1.001682,-1.070148,-1.120073,-2.497281,-0.52198,1.307969,-1.194089,-0.249717,-0.487894,-0.688996,-3.782036,-0.958614,0.457867,1.538608,-1.553881,-0.520109,-0.150226,0.411657,1.371894,-0.849312,0.444661,-1.688752,0.398566,1.431221,-0.789304,0.0
faculty,Z,0.739719,0.747477,1.352495,2.563537,0.460966,-0.64909,0.273624,-0.601545,-1.441377,-0.650521,-2.292815,-1.655535,1.456869,1.75238,-1.902753,1.535621,-0.308397,0.651919,0.782002,-0.516918,0.002683,-0.405248,1.207091,-0.173936,2.133373,0.296017,-0.106577,0.954932,-1.592667,0.37161,0.80489,0.73777,0.408066,-0.154638,-0.355267,-1.766954,-0.021451,-1.612426,1.042205,1.533209,0.0
faculty,a,-2.464174,-0.1572,-0.230134,-0.287366,2.227981,0.268296,-1.643014,-0.894236,-0.526932,-1.072047,-1.128849,-0.847685,0.884493,3.427261,-2.448319,-2.722319,-0.399641,1.194384,1.60522,2.613946,2.262425,-0.445863,1.226955,-2.066678,1.986179,0.222622,-0.78114,0.639388,2.460629,-1.009828,1.690839,1.196891,0.914514,-1.172233,0.080129,0.203077,-0.314483,-0.809421,0.46855,-0.042516,-0.0
faculty,b,2.146957,1.361866,0.628646,-0.14207,-0.676312,-2.427453,-1.143881,0.218182,1.918513,0.055544,-2.409112,-1.323326,-0.846714,0.607308,-1.896153,0.029517,-1.545621,-0.044156,-1.167765,0.42214,-1.227048,-0.401066,0.205583,-1.60566,-0.341425,-0.39829,0.383236,-0.137071,-2.473188,-2.802518,-0.438312,-0.423785,0.58331,-0.108779,-1.583178,0.798977,-0.429506,-0.942458,-0.505576,-0.152551,0.0
faculty,c,0.301305,0.315894,-0.871189,-0.132095,-0.676289,-1.375503,-0.6197,0.558139,-0.036103,-0.707881,-0.717748,-0.537732,1.200739,0.286187,-1.688832,-0.229753,-0.194607,0.638671,0.329467,2.253467,-1.303589,0.6372,-0.845833,0.33616,-0.464485,-1.059523,1.374655,0.510782,0.238132,-0.201185,0.097175,-0.290714,1.42794,0.229225,-0.105934,-0.463041,-1.222636,-1.420182,0.366729,0.228537,-0.0
faculty,d,1.642282,0.506814,0.929051,1.371743,-1.122253,-0.582024,-0.500141,0.868145,1.01669,-1.237872,1.553895,0.460305,-4.460472,0.92943,1.430825,1.268674,0.632293,-0.957662,0.611888,0.314748,0.762886,-2.139826,0.481227,1.062568,0.518672,1.153986,-0.928221,-0.778493,-1.014029,1.57289,0.068083,-1.014928,-1.00829,-0.393706,-0.355204,-1.096968,0.004967,1.554673,0.575819,-0.223454,0.0
faculty,e,4.459041,2.019004,2.497066,-1.744252,2.406162,0.237651,1.346862,0.601041,4.452917,1.420001,2.852908,-1.032853,-0.499414,-1.966666,-1.045228,-3.187718,0.938736,0.013942,-0.784548,0.817729,-0.210519,-1.171144,-1.035461,0.192399,-1.321115,0.797591,0.726009,-1.282942,1.268286,-0.311882,0.080917,0.406465,-1.937176,-0.553559,-1.017068,-1.790612,0.251902,0.256489,0.235858,-1.369892,-0.0
faculty,f,-5.0528,1.431876,0.417316,0.312208,0.403743,1.782902,-0.945664,-2.217206,-1.173004,-1.025965,-2.11895,-2.394146,-0.356815,-1.841536,0.473971,1.079077,0.425675,-0.967404,-2.045605,0.109857,1.056748,-1.371284,-1.217212,0.445011,0.134872,0.753218,0.382668,0.478848,0.204127,-1.099108,-2.237767,-1.248623,-3.623101,0.841437,-0.305751,1.446092,0.734157,-0.764781,0.551274,-0.334915,0.0
faculty,g,2.882905,4.839864,-0.228622,2.371937,-1.148859,-3.423339,-4.669437,-3.521619,-0.082898,-0.012581,-2.629534,2.340862,3.675432,-0.542172,1.595204,-0.47033,-1.581034,-1.93618,-0.556799,-1.230913,-1.412532,0.154727,-1.17077,0.238142,-0.34196,-0.746581,-0.071233,-0.945837,-0.400494,0.093563,-0.773269,-1.031694,-0.103235,-0.856799,0.670153,0.141565,0.212592,0.055604,-0.123598,0.889485,-0.0
faculty,h,1.075798,1.304275,1.371471,0.333915,-1.496002,-1.90968,2.905441,1.597623,-1.126545,2.221429,-1.543384,-1.164513,2.392281,0.29143,0.626482,1.368962,0.254123,-0.919331,1.170462,1.623878,0.309385,0.575581,1.031883,1.240428,-0.687794,-2.391136,1.290014,1.451719,0.762711,0.128113,-0.362987,-0.448984,-1.916809,1.250073,-1.199624,1.007978,1.064609,0.396882,0.293012,-0.211874,0.0
faculty,i,-3.701633,2.309719,4.250327,-0.627294,-0.516102,1.320904,0.411323,0.662008,0.358912,-0.347556,-1.65224,-1.561242,0.492554,-0.709854,1.710711,1.370375,-0.723102,-1.457951,1.043444,0.810938,-1.252428,-1.309591,-0.820326,-0.259093,1.644477,-1.204241,-0.132703,1.374697,-0.886591,-0.601705,0.290519,0.363108,1.103956,-0.504461,-0.006886,-0.377618,0.180786,-0.079042,-0.083705,0.021016,-0.0
faculty,j,2.793513,-4.346935,1.0174,-1.353484,-2.138671,-0.02676,2.309099,0.315329,2.745144,-0.564727,-1.885205,-1.125272,0.416476,1.532347,1.411408,3.682482,0.32852,-1.838165,-2.20216,-0.348418,-0.418354,2.07639,-0.721107,-0.331242,0.773528,0.838443,0.287347,-1.009067,-1.210871,0.769668,0.033792,-0.198596,0.682302,0.077105,0.143024,-0.417723,-0.558962,-0.87041,-1.146865,0.303518,0.0
faculty,k,-2.932227,2.955046,1.057537,-0.835975,-0.384356,-0.396578,0.699444,1.378115,-2.091651,-0.389975,-0.805367,-0.068959,0.678847,0.630223,-1.837943,-0.358098,-1.261094,-1.219328,0.821358,-3.012637,1.423705,1.193187,-0.44076,3.429384,-2.085829,1.016506,-0.87052,1.865021,-1.062411,-0.243116,1.307313,0.161222,1.773396,-0.077321,-1.526504,1.627736,0.343743,0.655615,1.459543,0.923886,-0.0
faculty,l,4.623765,-1.574527,1.11689,-0.197354,-1.014304,-0.06839,-0.786058,-0.361785,-0.115535,0.023852,-0.058749,-0.494161,-0.39001,-0.071594,-0.407437,-0.322743,-0.434549,-0.080697,-0.209424,-0.818547,-0.137994,0.196143,0.098801,0.530867,-0.161386,-0.064368,-1.553764,2.452118,-0.431213,0.220702,-0.03469,-0.044637,-0.018891,-0.019848,0.006511,0.000162,0.000303,-0.003938,0.001584,-3.3e-05,0.0
faculty,m,1.006874,0.915158,0.712782,-2.193049,0.518435,0.024644,-1.331667,0.085777,0.668691,-0.549092,-1.785651,-0.702562,0.896018,-1.784184,3.738715,-1.835918,-0.525962,2.427875,1.487627,3.384428,0.46481,-1.188305,-0.605203,-0.277876,0.520661,0.936964,0.912799,-0.940283,-0.235559,-2.10514,0.900944,0.354723,-0.560418,-0.354778,-0.497501,0.121467,-0.498865,-0.991602,-0.690524,-1.034515,-0.0
faculty,n,1.245385,-0.507088,0.543387,-0.39179,1.90109,1.00317,-0.579571,-2.512357,-0.752258,-0.078409,0.714037,0.043491,2.100451,1.216383,-1.366887,-0.186576,-0.268773,3.062108,-1.567873,-0.07392,-0.686956,-0.596326,-0.880909,0.000806,0.925465,-0.548395,-0.211303,-0.361626,0.9595,-0.661216,-0.105382,0.308309,1.445015,-0.411957,-0.339425,0.680024,1.747528,-0.21557,0.254836,0.608184,-0.0
faculty,o,0.928149,-1.35545,0.309382,0.703794,1.178196,2.232381,-0.872809,-1.214384,0.632757,0.599372,1.646942,0.408617,-0.098781,1.25725,0.96848,-0.017136,-1.059174,-0.339605,0.303236,0.182274,-0.124204,1.844784,1.345272,0.41191,-0.080834,-0.536991,-0.424158,-0.39172,0.964966,0.105065,-0.045966,-1.22597,0.606609,0.31213,-0.92517,-0.60874,-0.62366,0.783363,0.188529,-0.185115,0.0
faculty,p,-1.178537,-0.158931,0.875758,2.644141,1.433845,-0.266228,0.620747,2.417179,-1.686671,1.284172,1.905484,-3.157761,-0.811571,-2.538734,0.80182,-3.165277,-0.200071,0.323875,-0.44553,-1.106757,-0.549943,0.687322,0.072447,-0.085548,1.1884,0.407651,0.469327,-1.443543,0.632306,1.075645,-0.804011,0.571989,0.569719,0.230288,-0.527321,-0.146611,-0.372115,-1.59405,0.388078,-0.111182,-0.0
faculty,q,-0.907514,0.761751,-0.283306,-1.497302,-1.867039,-0.8057,-2.052181,-1.296723,-1.86857,0.278565,-0.220928,1.442135,1.775842,2.764582,-2.254066,-1.948787,0.450071,0.944227,0.407425,1.684152,-0.776543,-0.212131,-0.707931,1.157228,-0.141957,0.075617,1.178244,1.323036,-0.885651,-0.374429,-1.977063,1.189548,0.85061,0.796874,-0.763976,-0.014937,0.325279,-1.104703,-0.930372,0.887213,-0.0
faculty,r,-3.611969,-7.43098,0.943275,-2.194728,2.132299,-0.461905,-0.419133,2.643846,-0.589729,3.588371,-0.601792,-3.511022,0.361109,-1.437279,-3.500335,-2.703533,0.367317,1.053513,-1.815314,1.135034,-0.38137,-0.622855,-1.037788,0.106191,-0.612384,1.332816,0.651341,-0.578654,0.295317,-0.383189,-0.130522,1.922293,1.040871,0.345509,0.676403,-0.408191,0.338635,-0.11761,-0.041026,0.157798,-0.0
faculty,s,0.150315,-1.635772,-0.018732,2.245163,0.412172,1.509646,-0.914707,-0.948853,3.111457,-1.052574,0.946091,0.501478,0.359995,2.940638,1.770874,-1.331878,0.156937,-2.509464,0.11161,0.406574,-2.42004,0.918473,-2.411645,-0.641222,-1.150308,0.092574,1.349561,-1.273888,-0.464907,1.823978,1.243666,1.120034,-0.165308,1.48075,1.506916,0.039695,-1.52884,-0.311161,-0.517633,0.57062,0.0
faculty,t,3.927251,0.017969,-1.62106,-2.401283,-2.153187,1.631006,-2.495946,1.240221,-2.072138,1.82519,0.711322,-0.433863,-1.459766,0.417634,1.796281,1.168289,-0.73773,-0.287245,0.000307,-1.730294,1.358275,-0.636848,0.344305,0.334939,1.781225,0.206168,-1.119432,-2.890752,-0.923638,1.219093,-0.18581,-2.251806,1.299642,-1.13543,-1.637652,-1.105154,-0.648904,1.588474,0.624631,0.981506,0.0
faculty,u,1.699441,2.325771,1.316113,0.507851,1.228743,2.410532,-1.337336,1.866457,-2.587857,-0.919223,0.162919,0.498231,1.072625,0.064603,2.214028,-0.247444,-0.030609,-1.157184,2.125825,0.848983,-0.665372,-0.816307,0.393644,-0.417364,-0.583657,0.795292,1.134233,-0.402935,-1.173992,-0.244924,-0.798852,-0.419271,-0.709047,-0.195049,0.293157,0.905097,-1.137368,-1.078917,0.025172,-0.220068,-0.0
faculty,v,0.060034,-3.630142,-2.727915,3.374613,-0.998034,-1.040468,-0.581151,-0.295143,-1.266868,2.133002,-0.177443,0.131435,-1.325688,-2.340496,1.323786,3.123614,0.176745,-0.490083,-1.387344,-0.770168,2.525407,1.54312,-0.999067,-0.125609,-1.113178,0.651807,1.020981,0.616156,0.636806,-0.105646,-0.731221,1.257301,-0.783622,-1.933782,-0.249205,0.872164,0.576922,0.313721,0.161299,-0.462657,-0.0
faculty,w,2.645705,1.459276,-3.522809,0.308482,0.893013,-0.8294,3.523795,4.425579,-1.82673,0.828058,1.962788,-0.89473,2.224785,3.157589,-0.61402,0.979761,-0.872081,0.017931,1.717843,4.535942,0.46436,-0.801612,-0.565439,0.450642,-0.370665,-0.15555,0.169951,-2.575874,-0.264188,1.163028,0.388683,0.441229,-0.428214,0.350871,0.029755,1.188921,-0.106788,0.447724,1.410275,-0.96899,0.0
faculty,x,-2.743744,2.179349,-0.05219,0.168968,0.374557,-0.937747,0.468409,0.052675,0.497009,0.086067,0.595626,-0.563619,0.600141,0.17571,0.212599,0.738929,0.365106,-0.380497,1.330196,-0.212365,-1.836992,0.464103,-1.480912,0.126231,0.558716,-1.253824,-0.369246,1.019749,-0.058838,-0.040132,0.124993,0.17533,-0.011092,-0.055257,-0.021774,0.033559,-0.031054,-0.019356,-0.000213,0.009295,0.0
faculty,y,-3.599168,-2.953176,1.774352,4.064945,2.516193,2.502007,0.942098,-1.241284,2.570253,1.454954,-2.004378,-0.354187,-3.518023,2.596592,-1.82609,-0.938723,-0.220575,-2.380058,-0.602525,1.607447,1.70021,-2.903158,-1.136373,0.039862,-0.634179,-0.684889,-1.356968,-0.240134,-0.401512,0.728534,-0.24781,0.208751,-1.122106,-0.47129,0.045039,1.564501,0.040789,1.009405,0.615662,-1.36226,0.0
faculty,z,0.494156,-0.234377,-0.563596,2.821462,-2.628392,-1.47452,-0.121261,-1.102486,-2.175324,0.473613,1.216049,0.297924,-2.256938,0.004592,0.80996,-0.837814,-0.690759,0.940447,-2.629378,1.469838,0.624063,-0.63291,1.326446,0.554023,0.847454,-1.711032,-0.506669,1.470979,-1.827512,0.018542,0.261647,0.3061,0.322156,1.187083,1.193003,-1.021769,-1.393593,-0.124236,0.317858,0.096878,-0.0
fira,0,0.232325,1.333792,-0.057304,0.187514,0.2433,-0.449988,0.286997,-1.992491,-1.848612,1.173151,1.448353,-0.44506,-0.181676,-1.635398,-1.23185,-1.805225,-0.741338,-1.240911,0.097967,-0.862976,-1.01186,0.829472,1.607423,0.403779,-1.056803,-0.368751,-0.418609,-0.202754,0.693333,-0.123158,0.123901,0.532817,-0.091676,-0.326421,-0.249548,-0.284196,0.42065,-0.382975,-0.097783,0.040591,-0.0
fira,1,-11.075112,1.161551,0.164122,2.247668,1.68312,-1.19931,0.058052,-0.12809,0.126675,1.043393,0.673724,-0.631707,1.418362,0.301106,-1.552039,-0.226887,0.428447,0.701008,1.57905,-0.398135,-1.654785,-0.299614,-1.10916,0.540749,-0.549602,-1.507856,2.258929,-0.401486,-1.347837,1.291608,0.893029,0.604206,-2.292142,0.399357,1.120109,-1.542873,0.182015,0.273532,-0.043476,0.278963,-0.0
fira,2,3.396262,-0.04599,-0.844514,2.343809,-2.196035,-0.744433,-3.019488,-1.233822,0.618888,1.360959,2.779437,0.150279,-1.000512,-1.3831,1.240522,0.003445,0.491385,-0.122166,0.29974,2.210567,-0.020059,-0.351626,-2.473612,-0.608605,-3.617345,0.377781,0.555113,0.045332,1.504343,-0.166789,-1.278158,0.508054,-0.29759,-1.216744,1.435941,-0.235455,0.825311,0.448563,-0.813938,-0.644515,-0.0
fira,3,-1.780057,-0.853615,-0.044756,3.909715,1.794979,-2.401088,1.065288,1.190521,0.096746,0.811383,-0.566099,-1.510511,0.041568,0.71618,2.520347,0.627888,-2.151285,1.543272,-0.350053,1.028012,2.000614,-1.540971,0.430579,-2.031064,-3.6e-05,1.775254,2.341647,0.021676,-0.838836,2.253109,-0.927794,0.375132,0.813687,1.467374,-0.036445,1.3839,-0.70444,-0.387912,1.251879,0.912156,0.0
fira,4,1.184751,-0.931643,3.487806,-1.301306,0.031386,1.519636,-1.048002,-1.947997,-0.411052,-1.804124,3.788381,-2.630156,2.015577,-2.345825,-2.028153,0.45158,1.31388,-0.794696,1.162875,-1.858831,1.923359,1.352256,-2.043932,-1.242836,-1.752306,0.834895,-0.77261,-0.471649,0.476504,0.073834,-0.888045,-0.161693,-2.391197,1.838194,0.393652,0.728146,0.48122,-0.385549,-0.365306,0.264282,0.0
fira,5,-0.760652,-0.348037,-0.349298,-2.237325,-1.500621,0.292926,-1.74953,-0.453599,-1.086779,-0.255505,-1.237911,-2.182717,1.960037,-2.022382,-1.299218,1.800193,1.30799,-2.691909,-1.591872,1.361786,0.130348,0.96834,1.481964,0.943002,-0.68996,-1.741938,0.45085,-1.204047,-0.388472,-2.756219,-0.086503,-0.468812,0.859052,-0.453619,-0.403099,-0.513216,0.221393,-0.735203,-0.30645,-1.354107,-0.0
fira,6,-2.830319,1.893067,-1.10996,1.106302,-0.557089,2.46028,-3.145872,-1.173739,2.155149,1.030486,0.058909,-1.603245,-0.54484,-1.228743,-0.783716,1.759121,-1.777008,1.685617,-1.430879,0.13947,-0.379379,1.172026,-0.422465,1.567548,-2.668545,-1.995586,-0.181303,-0.978034,-0.133688,-0.602767,2.027191,-0.363664,-0.325936,-1.122278,0.153954,1.584543,-0.007526,0.046929,0.185206,0.56966,-0.0
fira,7,-4.355139,1.141918,1.344083,3.04328,1.564073,2.00133,0.269759,2.532762,-0.334791,-3.871265,3.037447,1.651865,-0.369078,-1.556947,-2.120066,-2.451114,-2.010094,-2.214403,0.161928,0.510244,1.611923,-0.491735,0.991271,0.136707,0.906934,-0.406841,0.281379,-0.782452,0.234903,-0.113472,0.005583,-0.69536,-0.370943,-0.334905,-0.577019,-0.159462,0.266355,0.370239,0.442618,0.006209,-0.0
fira,8,-0.303533,-0.431444,-0.881974,0.284813,0.389833,2.449291,-1.104031,3.317375,1.661729,0.213531,-0.005024,0.411081,-1.102337,1.147333,-1.778685,3.545164,-1.352291,0.032564,0.523866,0.051793,-1.771283,2.089378,-0.536806,-0.712118,-1.98203,0.326245,-0.977215,-3.000802,-0.13201,1.812003,-0.387465,0.345149,0.534434,0.164881,-0.044139,-1.041884,-1.707328,0.177751,-0.768511,0.049713,-0.0
fira,9,-0.890535,0.212544,2.194463,1.308357,0.747327,-0.559665,-3.104511,-1.22022,0.250137,-2.729824,1.57494,-1.897063,-0.009688,1.252461,1.653995,-1.398937,-2.774062,1.701614,-1.544289,-1.447236,0.465644,0.152871,-1.956793,0.657722,0.880359,-0.757293,1.427914,1.020318,0.545266,1.445147,1.343341,1.044147,0.703365,-1.348535,-0.552777,-0.479265,1.045992,0.07954,-0.008041,0.745926,-0.0
fira,A,2.48368,-3.916138,-1.057053,0.004817,-0.575877,0.704686,-0.269333,-2.207456,1.149223,0.136199,2.257904,-2.441108,0.621984,2.662935,1.478791,1.922996,3.042017,0.482709,2.37556,0.802909,-1.650562,1.626903,-0.161728,-0.664338,0.335945,-0.98132,1.313381,-0.392647,-3.080126,-0.342651,0.829645,1.972036,1.063779,1.754621,-0.957883,0.313184,0.933732,-0.219754,-0.326219,-0.160677,0.0
fira,B,-1.669206,1.503117,1.890406,0.538333,0.016682,2.431048,0.597626,-0.465853,2.797958,-1.027962,-0.241398,1.476229,-0.818957,0.871397,2.535526,0.591544,-1.659651,-1.258736,2.069719,2.835455,-0.944692,-2.618059,-0.85057,0.161423,-1.315217,0.3177,-0.378451,-2.619864,0.627997,0.003263,0.52535,0.651457,0.148797,-1.54121,-0.923546,1.53775,0.835973,0.179892,0.68664,-0.385233,-0.0
fira,C,3.867837,-0.38773,-0.037527,1.604782,1.766864,-1.115092,-1.775318,-0.50308,1.836823,0.973153,-1.15914,-1.436138,0.791248,-0.932992,-1.713764,0.687123,0.684965,0.614815,-0.692527,0.010454,-1.214638,0.024357,-1.287572,-0.599304,-0.796082,-0.166289,0.013944,0.057679,0.137368,0.2913,-0.054133,-0.092909,0.336737,-0.11016,0.099532,-0.133885,0.073749,-0.18779,0.021457,-0.014926,-0.0
fira,D,-0.962209,-1.485671,-0.606842,-1.102073,-1.873087,-1.968419,-2.158324,-0.695589,2.206402,0.219393,-1.997837,0.4923,-0.712038,-0.044623,0.060509,0.897531,0.505915,-0.943977,0.163341,-1.05984,0.084221,-0.38462,0.930226,-0.538199,0.368072,0.212507,-0.12209,0.372556,-0.907444,0.555547,0.360729,0.308173,0.318722,0.589947,0.348371,-0.167089,-0.158517,-0.682072,-0.444988,0.471337,0.0
fira,E,2.610287,2.654164,-1.392864,-0.951679,-1.700198,1.785229,0.241816,-0.597039,-0.995615,-0.130538,-2.183108,1.648757,3.094068,-3.551977,2.388933,0.8863,-0.897855,-0.105322,-0.506056,-2.322276,1.027976,-0.21694,1.874661,-0.905975,-1.035532,0.811797,0.885123,0.190735,-1.781617,-1.279938,0.686645,-1.020407,-0.79655,-0.604553,0.390822,-0.550328,0.212826,-1.429012,0.529466,-0.829341,0.0
fira,F,0.950342,1.028084,2.596765,3.647019,0.724744,-0.440596,-0.563889,1.553415,0.907626,0.058939,1.822008,-2.097003,-2.544181,-1.953048,0.577262,-1.773367,0.384087,0.5871,2.218612,-3.173213,2.926497,0.12143,0.441061,-1.989074,-0.033605,-1.434163,0.460823,-0.671776,0.32742,1.045617,1.775611,0.045727,-0.388643,-0.50739,1.610929,0.47335,1.343443,-0.56233,1.060807,-0.146915,-0.0
fira,G,0.814582,-0.738271,2.640874,-0.596846,0.997566,-0.853932,0.214867,-0.11249,2.084483,-0.63098,-1.941578,0.07758,1.482491,3.940246,0.585211,2.73526,-1.155635,0.017009,0.626731,0.755242,0.92113,-0.448911,-0.260173,1.214952,1.186757,-1.449016,-0.110642,0.733216,0.477112,0.705197,0.513532,0.661105,0.373115,-0.297768,0.068362,0.16901,0.230854,-0.19438,-0.096091,-0.066951,-0.0
fira,H,-1.754615,-3.405921,1.63215,4.715056,2.981504,-4.18649,0.193252,-1.227031,1.896078,-0.515188,-2.441087,2.39501,1.509788,-1.13141,-1.00481,-1.557289,2.222142,-2.152875,1.763772,-0.596949,-0.740233,-0.071204,-0.8064,-0.123954,0.445028,0.658083,1.283673,-1.240505,1.791752,0.323316,0.610992,-1.267436,-0.709347,0.307136,0.554248,-0.555209,-0.233338,0.379574,-0.072472,0.030281,0.0
fira,I,-4.196511,0.672366,0.310753,0.172311,0.142993,0.003659,-0.028772,0.160136,-0.147544,-0.124635,0.221317,-0.034972,-0.179929,-0.294401,-0.164082,0.038283,-0.140704,0.049508,-0.081583,0.376173,-0.586636,0.807941,-0.261031,-0.24926,-0.361311,-0.195196,0.110117,0.077175,-0.175926,-0.045857,0.120478,-0.084334,0.082791,-0.042925,-0.024617,0.000622,-0.092139,0.088648,-0.047475,-0.071627,-0.0
fira,J,7.33249,-0.615135,-3.710726,-1.546658,2.122553,2.361106,0.587353,1.197586,-2.048833,-0.872344,2.485023,1.356927,1.194664,0.583385,-0.193789,-0.891725,-0.166138,0.745646,-1.168196,-0.035527,2.614705,1.723839,0.308173,0.733287,0.136125,-0.946221,-1.372761,1.990431,-0.077686,1.662864,-2.084619,-1.326421,0.045338,-0.730827,1.021357,-0.253258,-0.245481,0.366437,0.173028,0.360035,-0.0
fira,K,-1.053197,-3.181708,1.196917,-0.330739,0.700188,-0.062177,1.775231,0.236803,-2.763673,-1.733484,-1.057938,1.669225,0.245417,1.220247,-0.797527,-0.465331,0.006417,-0.187437,1.368256,0.597044,0.02069,-1.614589,1.759813,2.036219,2.274636,-3.56331,1.619697,-1.335551,1.412197,-0.972147,0.637094,-0.46622,-2.233055,0.84171,-1.966486,-0.482054,-1.121055,1.059171,0.289868,-1.753415,-0.0
fira,L,-7.1091,1.979692,1.038522,-2.402632,2.273955,-1.90814,0.919372,3.349077,1.286251,-0.30964,-3.019608,-1.450232,-1.071743,0.020227,1.649892,-0.701081,-1.313237,2.132863,-0.367898,-0.157124,2.686305,-0.133102,-0.575552,-1.788548,-1.867451,-0.41721,-0.043438,1.730215,-0.014831,-0.403807,1.144208,-0.522574,-0.505146,1.528383,-0.307814,-0.241795,-0.614267,-0.177045,-0.51292,0.68751,0.0
fira,M,0.815074,0.376359,2.044362,-2.254189,4.841716,-1.725056,3.415515,-1.008255,-0.354431,0.561232,-3.87422,-1.418167,-0.532276,3.557032,-1.328742,-2.401098,1.054961,0.060675,0.21805,0.55445,-0.439185,-0.823776,1.90358,-0.41336,1.483598,0.205737,0.693926,-0.412627,1.224943,1.549995,-0.703524,-0.885401,0.725853,1.815508,-1.158567,0.672454,2.25701,-0.394133,0.621931,-0.201793,-0.0
fira,N,-2.320062,0.535378,-1.900176,-0.883565,-0.603816,-3.782848,-1.1158,0.179743,0.936336,-1.535757,0.102821,-1.52998,-1.437,0.044669,-0.794008,3.640984,-1.190289,-1.438011,-0.68928,-2.618434,2.028884,-1.30801,-0.588193,0.205218,0.278939,-1.444247,-0.49567,1.995249,-0.250914,0.505092,-0.218596,1.555824,0.453255,0.040488,0.046367,0.235888,-0.719429,0.052916,0.509089,-0.278162,0.0
fira,O,-0.950877,-0.79497,-1.288462,-0.218803,1.760045,-0.0161,1.277221,1.126751,0.31364,-1.383172,1.334111,-1.038521,0.904065,1.410984,0.039244,1.251712,-0.461892,1.145206,0.659141,-0.09239,-0.247734,-0.513054,-0.306186,0.225271,0.800698,-0.13824,-0.795491,0.47932,0.336126,-0.032165,-0.225401,0.083756,-0.598382,0.608392,0.049176,-0.020493,0.183836,-0.267928,-0.227269,-0.091856,0.0
fira,P,-2.622188,-1.900346,-1.219835,-0.14919,0.498284,1.541933,1.937393,-2.415023,1.259075,-1.51871,0.261808,-1.059609,0.460054,-2.014078,0.3256,1.935928,2.063664,-1.886807,0.446597,0.571298,-0.691707,0.328464,1.928009,-0.509226,-0.58545,0.582447,1.389155,0.915852,0.870442,0.727751,-1.044673,-1.528609,0.450988,0.537109,-2.048499,0.511943,0.887372,-0.804922,0.966272,-1.676493,0.0
fira,Q,-1.500798,1.912718,-0.218256,-0.617439,-0.610957,-0.56697,-1.167381,-1.100248,0.504806,0.429282,-0.44399,0.480641,-0.589396,-1.041832,-0.148526,-0.363259,-2.331743,1.85118,-1.53298,0.58025,-0.45972,-0.665907,-0.595857,-0.612196,-0.336247,-0.260345,0.875962,-0.820503,0.036392,-0.356242,-1.93317,0.477423,1.779643,-0.245514,0.637256,-0.154802,0.425112,-0.498691,-0.60903,-0.10205,-0.0
fira,R,-5.418448,-2.358266,0.746512,-1.508556,0.368405,1.018756,-1.078478,1.32159,-0.474266,-1.653062,0.643049,-0.295628,-0.800854,-1.042662,-0.285935,1.126887,-0.054701,-0.626966,2.593822,-1.934121,0.597531,0.818331,0.486045,1.422068,-0.153312,-2.012211,-1.095432,-0.801039,-0.420369,-2.714011,1.910453,-1.547329,-0.567772,0.211022,-0.705607,0.783603,-1.55395,-0.276461,-1.283497,-1.373958,0.0
fira,S,-3.819285,-1.6316,0.581536,-0.050206,-1.363669,-2.55351,-0.459546,-1.292056,-0.818615,3.210665,1.280272,-0.641207,-1.264743,-1.649452,-2.419659,-2.471529,1.513143,-1.315562,-1.284787,-0.401619,-0.715417,2.284982,-0.301659,-0.538379,-0.782595,0.232831,-0.161669,0.362285,-0.408641,1.112411,-0.022095,0.103726,-1.24954,1.056806,1.310807,0.575535,-0.872494,1.347362,-1.364521,-1.164257,-0.0
fira,T,-3.671879,1.452253,-1.576446,0.676457,-0.875214,0.306609,0.41143,-1.119148,0.301344,-1.084636,-0.90661,-0.282506,1.505297,0.179449,-0.096755,0.56124,-3.255008,0.225101,-0.136026,-0.988121,0.110473,-1.690668,-0.674847,-0.105492,-0.105097,0.717988,0.762649,1.569125,-1.257873,-1.324903,-2.361564,0.674023,1.382574,0.818103,0.060631,-0.613308,-0.852373,-0.327895,-0.242623,-0.929805,-0.0
fira,U,-0.924695,-0.695983,-2.221418,0.841851,0.063953,-1.23775,3.063524,-0.087646,0.452107,1.485296,1.2205,-0.865175,-2.021213,-1.038675,-1.38386,0.541798,0.646915,0.45339,-1.290219,0.81353,0.153813,0.781031,0.310696,0.552206,-0.550791,-0.188907,-0.95331,-0.646783,0.161135,0.630266,0.143447,0.477328,-0.874725,-0.0336,-0.082994,-0.276038,0.175264,0.145206,-0.205317,0.267768,-0.0
fira,V,0.932843,0.3439,-2.138993,-3.213145,0.93711,-0.79053,3.656836,-0.761875,2.351307,-1.93113,-2.265626,1.633085,-2.085776,-1.479684,0.343987,-1.445437,-0.172272,-1.876241,0.663794,-1.175601,-0.819901,-0.099145,-0.057929,-0.660429,-0.796512,-0.025743,-0.359092,-0.438792,-0.755016,-1.784836,-0.525866,0.198699,-1.066218,0.110874,-0.085919,0.219932,-0.725524,-0.393775,-0.585491,-0.187874,-0.0
fira,W,1.189535,0.011689,3.548748,0.950889,0.984642,1.442401,1.735444,2.930927,1.498209,-1.478392,1.586364,-1.48823,0.242069,-1.781828,0.364749,0.552412,-2.680315,3.944824,0.568782,0.492247,-0.500683,0.632586,1.540232,1.925134,0.742909,-1.277315,-1.006074,-1.300456,-0.450844,1.662121,-3.295244,1.432024,-1.52709,-1.100735,-0.138323,-0.555941,0.12488,-0.320366,-1.781964,0.205819,0.0
fira,X,-3.2903,0.424975,-0.072125,-0.42583,0.170388,-0.263335,-0.225055,-0.358178,0.025095,-0.31243,0.080628,-0.248998,0.062466,0.208536,0.013038,-0.047439,0.011086,0.092266,-0.434935,-0.021282,0.701386,-0.127546,-1.424402,0.335805,0.4155,0.202892,0.431245,-0.804511,-0.205386,-0.307299,0.054957,0.17124,0.372713,-0.033408,-0.064216,-0.044256,-0.048082,-0.268382,-0.004678,0.083473,-0.0
fira,Y,-0.246682,-3.783306,0.964738,1.475292,0.848666,3.671738,-2.042567,-3.127904,1.630442,2.393635,0.345307,-0.28298,-0.605588,-1.031492,-1.614036,-2.734444,0.453726,2.69209,2.689841,-0.212748,-0.212146,1.42951,-0.371681,-0.171482,0.27898,-0.38522,0.591809,2.392298,-1.024001,0.448556,-2.203144,0.3564,0.814207,-0.886457,-0.966545,0.03333,-0.503873,-1.769321,-1.08148,1.498663,0.0
fira,Z,3.492796,0.195086,2.845442,-0.519283,0.350331,2.690607,1.771545,-1.362729,0.40381,0.493296,-0.419976,2.699724,-1.679598,-0.283673,-0.211386,-0.45435,1.95839,0.080943,-1.722836,0.142073,2.626368,-0.107774,0.980358,-1.72993,-0.518451,-0.282576,-0.911051,-0.650609,-0.549442,1.105611,0.017325,0.412955,0.521917,1.308116,0.883734,-0.369719,-1.553407,-1.05878,0.331888,-0.498718,0.0
fira,a,0.013815,0.124129,1.909654,-1.223672,-0.836803,0.7248,-2.787879,1.707445,0.435102,3.421553,0.542757,0.769908,-1.56484,-1.112407,0.345485,-1.543032,0.755271,2.733864,0.747411,-1.63153,-1.238965,-3.311605,-2.086929,0.482707,2.017394,1.315751,2.094821,0.466368,0.702963,0.62023,0.250392,-0.841534,1.516623,0.148049,1.992986,0.909843,-0.252813,-0.529009,0.460306,0.197194,-0.0
fira,b,0.588189,1.301502,0.628367,-3.679705,-1.077734,0.616469,0.051832,-1.902219,0.359227,-2.742048,-0.56834,1.258525,0.285547,-0.860984,0.458983,-0.773677,-1.050386,-2.244294,0.597868,0.146269,-0.623212,1.141518,-3.17442,1.17325,-0.251944,-2.473239,-1.130215,0.720656,0.441104,0.175816,-0.193403,0.499345,0.657064,0.666814,-0.05773,0.977441,0.691437,-0.435422,-0.079943,-0.903089,0.0
fira,c,4.038184,-0.456732,-1.014702,0.05123,1.268835,2.739872,0.096889,-0.860487,-0.187221,-1.835261,1.397635,-0.244663,1.628486,-2.324961,-0.7435,0.422563,0.953549,1.329081,1.737838,0.736519,-0.139537,0.936528,-0.09329,-0.777358,0.381229,1.109558,-0.72051,-0.670228,0.318748,0.164385,0.493862,-0.027841,-0.594046,0.803374,-0.120521,0.013102,-0.166462,-0.121257,-0.530174,-0.211144,-0.0
fira,d,1.273019,0.929885,-0.339194,1.729427,0.76784,-1.800851,0.594459,-0.92988,2.278026,-0.402031,0.316439,-0.187774,-1.432581,2.119966,-0.237308,-0.76162,1.314085,1.85787,-0.883564,0.854986,-0.889831,2.36318,-2.154907,0.00614,-1.371409,-1.125122,-2.632427,0.614573,0.662829,-0.810209,0.361842,-0.567942,-0.204316,-1.195989,0.217488,-0.459781,-1.417541,-0.463247,0.06813,-0.055781,0.0
fira,e,2.173498,0.028676,-0.771546,-1.573531,-3.652544,-0.638981,-3.192117,-1.228768,0.57992,2.557118,1.337778,-1.43641,-3.484438,0.143488,-0.888648,1.308652,2.960326,-0.995804,0.394985,0.747226,-0.380448,-0.175881,-0.220744,-0.14231,-1.261444,0.039243,-2.050776,0.087687,1.005292,-0.590978,1.985365,-0.743931,0.263461,2.067362,-0.298584,1.07485,0.516881,-1.432094,-1.161591,0.503592,-0.0
fira,f,-5.03983,0.751102,0.187176,0.312769,-0.218306,0.944046,-0.6249,-1.205291,-0.918533,-0.211836,-0.459469,-0.814835,0.119457,-1.102777,-0.788967,-1.640593,0.089077,1.293526,-0.389605,-0.469861,-0.650279,0.516334,-1.379584,1.049886,-0.36441,0.874921,0.730017,0.096064,2.770732,2.954273,1.837567,-0.572671,1.215999,-0.64411,-0.488369,0.193102,1.551868,-1.692497,-0.973406,-1.182677,0.0
fira,g,-1.92797,1.339696,-0.340555,-5.124836,1.77912,-0.686632,-0.327235,-2.088926,1.419288,-0.557297,3.314338,-1.967937,2.778137,-1.905489,-0.692031,-1.675449,-2.105697,1.172266,-1.505112,0.042288,-1.213006,0.800411,0.249856,3.065686,-1.982328,0.492846,-0.343671,1.471013,0.048066,-0.961366,-0.228995,2.009515,-0.301677,0.379958,0.435751,0.33415,0.625133,0.569284,0.036867,-0.650634,-0.0
fira,h,0.240671,1.326612,0.581369,-2.57379,-0.440824,-1.623415,-0.225908,0.443977,-1.418194,2.691054,2.865244,1.585789,1.34774,0.482346,2.57417,-1.539717,-0.771659,-0.678339,-1.263663,-1.938148,0.186391,-0.625673,-1.709644,-0.72273,-0.539807,-1.405449,0.014652,2.038293,-1.15581,-0.798452,0.831415,-0.819283,1.819074,0.507267,0.691323,0.214511,-0.788911,-0.113844,0.221432,-0.974663,0.0
fira,i,-3.37367,-0.246504,-2.185624,-0.230628,1.080133,-0.312631,0.532055,0.029743,-0.57154,0.859753,0.108423,-0.354898,-1.944022,0.983971,0.756837,-0.301261,0.088935,0.725159,-0.603877,-0.213485,-0.599371,-2.588225,2.120494,0.692975,1.034601,-1.105529,0.632344,0.917185,0.724617,1.340228,-0.984461,-0.297451,-0.456161,0.024955,-0.025157,0.151841,-0.448357,-0.139506,0.422518,-0.74127,-0.0
fira,j,-3.37011,0.365835,-1.244027,-1.838221,1.026266,0.147237,-0.188553,0.679074,0.128788,0.08557,1.725201,-1.554033,0.327564,-1.651836,1.021829,0.834359,-0.90139,-0.600319,-1.162434,0.850637,-0.520549,-0.886829,3.187215,-2.699998,-0.52648,1.931061,-1.470323,-1.266189,0.505838,0.828178,-0.237486,-0.780901,0.006219,0.180394,0.577545,-1.255616,0.900833,-0.451875,1.178189,-0.88597,0.0
fira,k,-3.382109,2.683924,-0.26189,-2.189427,-2.03413,-0.617284,0.316972,0.386728,-1.134599,-1.107677,-0.486021,-1.940534,0.532052,0.536475,-1.00325,-1.279095,-1.363551,0.565343,-0.435402,-0.163625,-0.455471,1.476854,-1.087983,-1.62683,0.096203,0.325477,1.258212,-0.09587,-0.853534,-0.141018,-1.428509,0.534799,-4.164167,1.665331,0.193422,0.222418,0.205965,1.693521,2.08776,-0.443687,-0.0
fira,l,1.701087,4.467449,-0.761471,-0.178664,1.038367,1.738531,0.466761,0.25436,1.095562,1.215211,0.155101,0.738405,2.042571,-0.546543,0.071049,-1.161736,-0.325076,-1.427427,-0.389547,0.335102,-0.199641,-2.006335,0.682017,2.113311,1.701655,-1.513183,-0.288651,-0.122127,0.201769,0.010429,0.025136,-0.011178,0.007199,0.002629,-0.000158,-0.000506,-0.001235,-0.000302,0.000344,-9e-06,0.0
fira,m,-1.115451,1.41652,1.331897,-1.191463,1.382435,0.230909,1.037277,-0.140789,1.775493,-4.459889,-1.406122,-1.67011,-2.15447,-1.301445,2.620064,-0.901566,-0.386561,-0.269666,0.700162,-2.19106,0.690362,1.475131,0.648938,2.465334,-0.333291,0.448646,-0.997373,0.176007,-0.241097,1.317182,0.141886,-0.066733,-0.420775,-0.770589,0.335329,0.999931,0.530765,0.491671,1.603077,0.64771,-0.0
fira,n,0.318965,-0.744044,-0.402493,-0.431158,1.641406,-2.63429,-0.657083,1.720981,0.43407,-2.378824,1.97999,-1.81904,2.584466,-1.368657,-2.225061,-0.431277,-0.600522,0.127215,0.187292,0.480428,0.322834,0.735644,-0.078419,-0.705227,0.475407,-0.692762,1.410575,-0.050554,-0.523734,-0.843273,-0.945202,-0.101836,-0.411723,0.49403,0.312509,-1.43342,-0.66682,0.36283,0.561802,-0.110306,-0.0
fira,o,-0.650914,0.280793,-1.368263,-2.209237,-0.928989,1.012046,-0.113049,-1.674157,-0.073866,0.383306,-0.315341,-3.494601,-0.258328,-1.892107,-0.655219,0.218131,-1.216901,0.38096,-0.14148,0.508703,0.21898,0.502428,0.605733,-0.704913,-0.426496,0.077289,-1.168485,-0.08897,0.203028,-0.178191,0.581037,1.178511,0.467843,0.17215,0.1146,-0.2905,0.027857,0.282984,-0.28162,0.11406,0.0
fira,p,-0.149097,2.946856,1.349047,-0.367204,0.582951,-1.550784,-2.102805,-1.264033,1.60059,-0.237707,0.984994,1.514418,0.766587,0.854556,0.923282,-1.606678,-0.618135,-0.911624,0.45475,-1.147568,0.362628,0.391112,0.181223,-1.615596,0.042511,1.612024,-2.15909,-0.524386,-0.358731,0.071281,2.223041,1.782134,-0.180936,-0.905139,0.426154,-0.623836,-0.24166,-0.714787,-0.256676,-1.58736,-0.0
fira,q,-0.436163,1.377489,-0.822241,-1.592342,-0.81499,0.917215,0.83859,0.080596,0.762001,2.39445,0.820803,-2.744025,2.127354,1.092598,-2.279244,1.272449,-0.926644,-0.173105,-1.366043,-0.444347,-0.827655,1.477638,-0.224063,-0.295675,0.02437,2.12442,-0.528084,1.22339,1.858893,2.226624,-0.621186,-1.080946,0.286123,-0.711728,-0.131102,0.202557,-0.795616,-0.106696,-0.459905,-1.07341,-0.0
fira,r,-4.274961,2.895049,-0.877103,0.230369,-1.344657,0.275036,0.3496,0.408708,-1.126477,0.715147,-0.024431,0.060005,-0.041483,0.655324,0.358362,0.265311,0.235813,0.739497,-0.177814,0.280688,0.271749,0.486798,-0.398569,1.438446,1.442241,-0.21797,0.707408,-2.270258,0.485382,0.379361,2.192632,0.613809,0.484746,0.036255,-0.142772,3.198158,-0.920304,1.983979,-0.327446,0.303152,-0.0
fira,s,2.30733,-0.996231,0.111579,-2.657185,0.662266,0.287059,-1.763228,-0.368696,-0.972849,0.647841,-0.992983,-0.852018,-0.279498,2.934222,0.281764,2.049829,2.249134,3.06744,-1.282018,-0.876853,-0.182156,-1.438179,2.187639,-2.472845,-1.242043,0.388987,0.839376,-0.72226,0.834008,-0.363368,1.94735,-0.356276,0.86021,0.310679,-0.910323,0.790593,-1.079781,0.288364,-0.830012,1.549404,0.0
fira,t,1.916106,1.586109,-3.459306,-1.43147,0.036641,-2.133125,-1.549735,-1.370106,0.922019,-0.354528,0.279069,-0.799721,-0.952897,1.512478,1.142796,-2.172876,0.585331,-0.16977,2.38785,1.19342,-0.784042,0.045683,-0.772928,0.878129,-0.025308,0.813685,-2.138646,2.292481,-1.50552,-1.405843,-2.038175,-0.84952,-0.607542,-2.145238,1.000528,0.453685,-0.887297,1.66351,-0.10525,-1.38453,0.0
fira,u,1.171404,-0.050842,1.272357,1.610097,2.165295,2.451397,0.585057,0.9947,1.002339,-1.537834,2.027284,-0.11385,-1.413247,-0.745513,-1.22527,-1.750179,0.523409,1.136319,-0.435188,-0.22714,0.073983,0.750623,1.071618,2.269331,-1.578419,0.359263,0.627648,-1.214941,1.153677,0.523695,-0.751497,0.191528,0.37558,0.193478,-0.783912,0.052299,-0.171979,0.914031,0.370072,-0.448772,-0.0
fira,v,1.583062,0.036281,-1.821843,2.261995,1.628072,2.110102,0.994823,-3.519337,1.601776,-0.938432,-0.0082,-1.257123,3.886507,0.69974,0.960079,-2.822561,-1.050717,0.851758,-0.32789,-1.115169,0.785266,-1.161803,0.526915,-1.978362,-0.901198,1.531152,0.081851,-1.024856,0.704678,0.150479,0.776858,0.544913,0.380654,-1.087022,0.192592,0.811079,0.705506,-0.138742,-1.211864,-0.498369,-0.0
fira,w,-3.605394,-1.376245,1.113381,1.256649,-0.865011,-2.534996,-1.448065,3.127899,-0.448314,-1.379548,2.215562,4.02832,0.035711,-1.095002,-2.685861,2.010823,-0.761653,0.976283,1.547857,-0.20517,1.404161,-1.105619,1.241954,1.817266,-1.083324,2.608413,-1.249662,-0.266461,2.11254,-0.024601,1.244652,-2.033794,-0.632284,-0.964196,0.879122,-0.998189,-1.210807,-0.623575,-1.4663,0.415083,0.0
fira,x,-2.420525,-1.931389,0.260885,-0.431084,0.133065,1.353931,-0.5512,-0.393307,-0.326894,0.100862,-0.090197,0.329709,-0.362064,-0.100555,-0.199061,-0.212154,-0.236582,0.234406,-0.913266,0.23919,1.085304,0.195714,0.436095,-0.076182,0.499584,-0.195419,-1.083159,0.083051,-0.259893,0.231728,0.115883,-0.095693,0.118589,-0.144529,0.105687,0.008586,0.239296,-0.032086,0.260617,-0.064258,0.0
fira,y,-2.561677,-1.046934,-1.816494,3.499333,-2.534922,-0.685737,-1.55524,-1.729507,-0.883304,-0.141451,-1.651293,3.766561,-3.51929,-0.403939,-1.687974,1.361574,2.104986,1.376913,-2.286921,-2.112048,-1.774508,2.427607,1.626297,1.576746,1.669512,-0.823829,0.86152,-0.12498,0.375423,1.796569,0.80105,0.398843,0.954168,0.270793,0.101163,0.435092,-0.73201,0.726267,-0.645962,-0.7597,0.0
fira,z,2.58271,-0.327034,-2.707533,-0.831197,0.727268,1.109769,-0.152123,-1.956769,-1.344098,-1.796013,-1.240579,-1.92605,-0.288335,0.404999,2.185272,0.540937,3.165648,0.64138,-0.221323,-0.556652,-2.000771,0.650676,1.424062,-0.290303,-0.671203,0.518937,0.069412,0.614969,0.826668,1.359797,-1.381537,-0.54039,-0.173519,2.122543,0.070406,-0.618192,0.706346,-0.074716,-0.266155,-0.957092,-0.0
funnel,0,-0.609303,0.52907,0.052519,1.008905,-0.302571,0.176107,-1.12056,0.123748,-0.322967,0.297643,-0.877232,-3.189169,1.879841,-1.498188,-1.517137,-1.004362,0.174467,1.350069,0.733774,1.114063,0.983163,-0.414083,-0.19644,0.582351,0.410745,0.361513,0.384922,0.720169,-0.148597,-0.646015,-0.222476,0.496918,-0.290088,0.688969,-0.078475,0.151807,-0.21306,0.399761,-0.123721,-0.16745,-0.0
funnel,1,4.613025,5.884389,2.574949,0.858015,-3.227933,-0.225846,-2.953044,0.997401,-0.857938,-0.576146,3.362894,0.787984,-0.479472,-1.997488,-1.621954,-0.807457,3.026563,-0.109394,0.676446,-3.442946,0.674501,-0.7834,0.997935,0.818379,0.518868,1.532719,0.58237,-0.038937,0.374398,1.005743,-0.676308,-0.443652,0.362741,-0.154054,-0.10423,-0.247828,-0.074491,0.231247,-0.066462,0.117313,-0.0
funnel,2,-1.64999,-0.255901,-4.508172,0.522724,0.983204,0.919906,-0.88253,2.053658,-3.386178,0.691818,1.682792,-1.35171,1.474978,0.161005,-0.464428,0.510102,1.501424,-1.057419,-1.610263,-0.678079,-0.042515,1.146724,-0.13006,-2.745011,-0.973307,-0.965481,-0.867697,1.140355,1.327839,-0.389939,0.892843,-1.108054,0.781942,2.403098,-0.305583,-0.151777,0.669829,-0.429516,-0.703685,1.478128,-0.0
funnel,3,-3.013645,2.810779,1.218921,-0.322735,1.072059,-0.034136,-0.302029,-1.713917,0.737044,1.467533,2.714661,0.018673,-0.953918,-1.048905,-1.081561,0.937125,-0.743724,-1.039811,2.354971,-0.431403,3.632876,1.224094,0.140321,0.606716,-1.715687,-0.416528,2.584779,-0.395395,-1.215169,-2.438633,0.296856,0.939704,0.62772,1.913973,-0.38147,-1.012306,0.003691,0.785618,-0.945039,-0.793202,0.0
funnel,4,-1.195116,2.479614,-0.947808,0.127464,-2.157502,2.970973,0.807729,-0.644634,1.379275,1.532194,-0.260806,1.844241,1.195228,1.659759,0.520265,-0.883866,-1.778913,1.085581,0.734447,0.614427,2.489369,1.208316,-3.597263,-0.070229,0.042361,-0.806508,0.293374,0.618957,0.059288,-0.093042,0.902435,0.129639,1.07377,0.486536,2.274198,-2.508325,1.180154,0.556486,-1.457546,-0.520106,0.0
funnel,5,-3.906976,1.878539,-1.21675,1.227585,-2.178142,-0.727163,2.88209,1.812373,1.258231,0.408741,0.829862,0.703178,-1.993988,-0.304262,-0.103578,2.055555,0.455906,-1.595398,-1.248987,0.054694,-1.021542,2.5428,-1.41392,-1.834703,0.322179,0.546623,-0.83959,1.437755,-1.27293,-1.176457,0.987459,0.236054,-1.106941,-1.176366,0.773515,1.193888,1.757459,-0.019858,-0.072191,0.137643,-0.0
funnel,6,-2.342603,2.678571,0.416296,-0.914709,0.332773,-1.517009,2.390534,-0.894243,-4.310763,-1.53288,1.769087,0.439533,-3.832815,3.022816,-0.052141,0.037331,-1.247698,0.189625,-0.472169,-0.563597,-0.164198,1.549614,-1.072443,0.406457,-0.3624,-0.167587,-0.3726,-0.678819,-1.867343,-1.052311,0.420288,-1.31697,-0.867605,0.6612,-0.263055,0.339259,-0.05023,-1.063884,-0.290767,0.268933,-0.0
funnel,7,-0.43767,1.464642,-0.739998,-1.956274,-2.753162,0.357762,-0.575228,-0.939361,-0.406448,-2.686626,-1.152674,1.052344,-0.21041,1.766714,-2.194518,0.716267,-0.061305,-1.861365,-0.779912,-2.063176,-2.356295,-0.647837,-0.59253,-1.773538,-0.71883,-2.265942,-0.175395,0.25406,2.378283,0.901663,0.954782,0.413966,0.127226,-0.357836,-0.228534,0.157189,0.020044,0.348888,-0.879631,-0.071914,-0.0
funnel,8,0.54559,1.930823,-0.261934,-0.327436,3.218332,1.583289,-0.369641,1.458224,-0.2498,1.569628,0.44199,1.175685,-1.787396,-0.366378,-2.127373,-0.340736,1.291887,-1.121112,1.00649,-2.043907,1.616537,-0.066371,-2.083213,2.02784,0.45797,-1.759138,-0.936416,1.389736,1.979361,-0.061744,-0.400091,0.910185,-1.249542,-0.792647,-0.591177,-2.201292,1.155638,-1.198197,0.282937,0.445165,-0.0
funnel,9,-0.150354,-4.652012,-0.743122,-0.476345,2.733482,-0.824693,-1.621712,-1.64126,-0.442222,-1.453302,0.319723,0.879413,1.697379,-3.522149,0.450575,-1.148195,1.908437,1.479885,-0.373036,-0.54839,-0.412505,-1.343153,2.346277,0.247176,1.576268,1.29386,-0.055467,-1.430068,0.845526,1.147264,-1.488985,-0.953335,0.093031,-0.218834,-0.104844,-1.106671,0.522944,-1.219596,-0.118241,0.227012,-0.0
funnel,A,-1.136954,-0.366406,-3.097891,-0.111971,-1.607568,-0.723096,3.163318,2.849923,0.882256,-4.057636,-1.463934,-0.301187,2.354747,0.094119,1.560115,-0.124937,0.275361,0.589157,-1.655291,0.322667,3.008824,1.776797,0.195775,-1.468062,0.304198,-0.257661,-0.038907,2.873222,-0.278165,1.464809,-0.940084,0.654611,-0.554146,0.711306,-1.678724,-0.848232,0.068811,-0.598712,1.330386,-0.848116,0.0
funnel,B,-1.942414,0.086317,0.010684,0.600189,-1.960163,-0.567419,-0.079546,-1.573107,-2.986233,2.167122,-0.552113,-1.906849,0.295117,-1.699721,2.626412,-1.599745,-0.543182,1.542063,-0.068228,2.797723,1.565613,-0.032925,1.003072,3.328462,0.45971,-1.130504,0.470545,0.06151,-0.332308,-0.481954,1.85665,-0.382634,-0.263237,-0.400621,0.719228,-0.263125,-1.343403,0.471743,1.386853,-0.40683,-0.0
funnel,C,-3.285392,0.418069,0.004486,0.671973,-1.288461,-0.648064,-0.13529,1.141701,-0.818983,-0.127298,-0.272835,-0.232442,-0.799172,-1.34535,-0.182664,-1.198411,-0.351183,-1.523179,-1.06745,1.418151,-0.155759,0.608752,-0.301091,0.339659,-1.203913,0.58595,-0.234154,0.759029,-1.086068,-0.460367,-0.956816,-0.042717,0.091723,-0.286431,0.016853,-0.501281,0.562853,-0.130657,0.090301,-0.001602,-0.0
funnel,D,0.481251,-0.354006,-1.39118,1.428473,1.193113,1.403428,-0.12334,-1.329106,0.455538,1.093574,0.086468,1.62523,-1.052059,-1.063658,-1.321402,0.939734,-0.92351,-0.135021,0.013747,1.380053,-0.69876,-1.173743,-0.634436,0.08928,0.251693,0.020167,0.852295,-1.126072,-0.349274,0.522064,-0.421059,0.456641,-0.630228,0.67992,0.185473,-0.174065,0.64822,0.386572,-0.59061,0.388201,0.0
funnel,E,2.448676,-0.986047,1.909513,1.42063,0.746676,-2.319339,-2.517002,-0.339483,-0.607602,1.890297,0.805599,-1.298115,-0.834617,0.623833,1.759378,1.453578,1.163514,-1.652451,0.979074,-1.258679,-1.971486,-1.154788,0.404964,-1.526553,-2.153179,-0.830011,0.625028,-1.600271,0.114784,0.697249,0.487112,0.24108,-2.723879,-1.141313,2.131304,-0.10292,-0.725256,1.075419,0.077684,0.262987,0.0
funnel,F,-2.106573,-2.183237,-0.081716,-1.42069,-0.349174,1.506323,1.274795,-1.254712,-2.755223,0.431533,2.326493,3.123861,-3.076611,-1.261967,2.486427,-1.263582,-1.217389,0.251673,0.959257,0.407411,0.889737,-0.299169,-0.080991,-0.21624,1.143367,1.420811,-0.21506,1.992186,-0.089788,1.264306,0.57266,-0.022387,0.723788,2.661838,-0.244714,-0.965448,0.883844,-0.219562,-2.036672,0.230502,-0.0
funnel,G,0.767748,2.31283,-1.15546,1.942564,1.091879,0.471861,1.796135,-5.197132,0.524691,-2.732253,3.569864,0.235308,-0.990216,0.929027,1.766294,-0.690136,-0.054926,-1.39145,0.284771,-0.279362,-0.309336,-0.257987,-0.565727,0.000132,0.621627,-0.334254,0.121498,0.172366,-0.103366,-0.161608,-0.020317,0.325972,-0.203321,0.152246,0.034094,-0.008564,-0.059631,-0.198743,-0.009736,0.005901,-0.0
funnel,H,1.909723,-3.453734,1.504577,-0.602608,-0.50542,1.587875,-2.518061,1.950826,0.240433,-3.071429,0.818126,2.507059,0.071534,-1.298978,0.867045,0.813944,0.714141,-0.674959,2.970838,2.326699,-0.937392,0.102334,-0.084643,-1.066652,-1.585885,-2.134745,0.31521,-0.610791,-1.757391,-1.207104,0.35913,-0.572252,2.186405,0.480728,-1.322317,1.757366,-0.210526,-0.503653,0.212509,0.500266,0.0
funnel,I,-4.409932,0.562079,0.240504,-0.04197,-0.010363,0.109953,-0.104944,0.012983,0.104545,-0.15005,-0.134545,0.0708,0.018979,-0.03824,0.027287,0.035417,0.025175,-0.085496,-0.048664,-0.058189,0.18171,-1.000862,-0.028604,0.257158,0.052192,-0.081291,-0.111158,0.366078,0.033843,-0.334686,0.041145,-0.088622,-0.15947,-0.086296,0.011063,-0.016627,0.023261,0.019204,-0.047367,0.030821,-0.0
funnel,J,3.448668,-6.04151,0.376071,-1.146365,0.121741,-0.235388,-0.187243,1.43261,0.572269,1.252209,-0.89254,-0.474845,-0.278502,1.145045,0.400202,0.06884,1.013453,0.437864,-0.508781,-0.18474,-1.997784,0.11023,0.484481,-0.244176,-0.400882,-0.177494,0.746733,-0.540303,-0.873132,-0.97337,-2.089248,-1.273659,-1.258579,-1.415209,-0.694351,-1.239244,1.544944,-2.34525,0.857164,0.397168,-0.0
funnel,K,-1.401548,-3.566629,-0.069729,-0.273025,-1.016197,1.867291,-1.063541,2.38601,0.656396,0.869471,-0.761983,-0.696826,-0.989622,0.771826,0.771013,-0.714831,1.610063,0.186929,0.835768,0.249504,1.742776,-0.810602,-1.32442,-0.901334,-1.334405,-3.828359,-1.671481,2.243601,-0.236361,0.903629,0.3012,-2.498761,1.209578,-0.08338,0.559928,2.959524,-0.887541,-1.100766,0.715432,-0.864755,-0.0
funnel,L,2.684172,-2.398543,1.649602,0.843649,2.081331,-0.396709,1.328765,1.52248,-3.77762,1.288741,-3.061911,1.451036,1.446404,0.496246,0.758067,-0.60506,0.81279,-0.43379,-0.456937,0.225433,1.348811,1.16929,-1.83543,2.536956,-0.253351,0.284443,0.326244,0.112172,-1.192009,-1.711767,-0.394323,1.258214,1.939186,-1.037677,1.190912,0.21628,-0.510824,-0.439561,-1.11577,-0.461273,0.0
funnel,M,2.654644,2.504493,1.582523,1.627892,-0.428466,-1.585872,-1.878168,1.041195,0.129578,2.338559,-0.624011,0.568354,1.293186,-1.855379,-1.711799,-0.608729,2.334797,3.326203,4.820908,0.68107,0.286164,0.819547,1.716652,-0.390818,0.25395,1.049719,0.465871,-0.775476,-0.312706,-1.28926,-0.146076,-0.811738,0.403769,-1.934931,-0.838086,1.343766,-1.099727,-1.933142,0.288703,-1.630826,-0.0
funnel,N,-2.602384,-2.193207,-2.080986,-2.075268,2.606654,-0.725174,-0.62477,-1.962309,1.327282,1.406907,0.322114,0.067747,1.255909,-0.594341,-3.3223,0.297337,0.573399,1.529674,0.790162,1.092257,2.611226,-1.26523,0.713357,0.195923,0.193486,0.163556,1.023336,-1.648133,-0.798714,-0.207826,0.926831,0.203361,-0.796362,-0.52747,-0.298545,0.978331,-0.151549,1.009339,-2.100443,-0.261776,0.0
funnel,O,0.65514,0.523179,0.525352,0.944242,-1.968842,0.023657,-1.041846,0.686334,-0.61884,0.493766,0.49466,-1.128813,0.874199,-0.240644,-1.464814,1.00906,-0.384393,-0.39053,0.921677,1.171199,-0.347435,0.413626,-1.302577,0.94523,-0.865091,0.149868,0.152106,0.833789,-0.568605,0.183224,-0.15628,0.036217,0.432742,0.291472,-0.158016,0.074176,-0.271567,-0.320607,-0.254027,0.076265,0.0
funnel,P,-3.757943,-0.597937,-1.540102,-1.667194,0.46866,-0.336915,-0.296827,-0.282884,-2.666519,-1.418166,-0.494994,-0.809759,2.723462,-0.998312,0.40519,0.197385,-2.226712,1.985479,0.812889,1.349056,-1.935266,-0.067397,-0.082257,-1.993219,-0.053422,-1.031483,-0.173317,-1.839845,-1.778946,-0.810748,-0.399453,-0.718617,0.374886,-0.895816,1.535955,1.447454,-0.345545,0.302497,0.470574,-1.502,0.0
funnel,Q,-2.485705,0.47824,-0.511527,1.195852,0.611578,-1.095727,-0.239597,1.416814,0.344546,1.321563,0.194299,-0.661167,-0.59489,1.25376,1.390186,-1.30516,-0.059544,-0.29325,1.119271,-0.600669,1.066827,1.040867,-2.111971,-1.357952,-0.072042,-0.347001,-0.702423,-1.056265,0.65246,0.204196,1.325093,0.092844,0.894218,0.804788,0.022147,-0.297798,0.153892,-0.114967,-1.272125,0.298339,-0.0
funnel,R,2.334536,-3.842318,-1.407765,3.867706,-1.06785,3.851058,-2.001952,1.995038,1.674601,0.235306,-1.444662,-0.536664,1.037495,-0.181992,-0.015151,0.644027,-0.550729,-0.50562,1.095822,0.050533,0.198277,1.754935,-0.503186,-2.77963,-0.543194,2.691025,-0.241324,-2.315261,0.442574,-0.087347,-1.156184,-1.1327,-0.109738,1.085537,-0.213456,-0.27326,0.944312,0.522311,-0.781278,-0.442409,0.0
funnel,S,3.877541,2.662557,0.983363,-0.560901,0.57657,-1.568026,1.862149,0.638624,5.511578,-1.909262,0.895636,0.767301,-0.662779,0.972536,-0.559299,-1.487733,0.510221,-2.60395,-0.865743,0.515605,1.217247,0.792281,0.203731,-0.32283,2.393397,-0.265498,-0.395944,0.790221,0.426444,1.234826,-0.37476,1.942899,0.132833,-0.055237,1.081055,-0.050151,-0.057212,-0.760589,0.193747,0.200047,-0.0
funnel,T,-1.649715,-1.481525,1.217291,-1.101891,0.095554,0.618317,-0.483874,1.390826,-0.809154,1.567123,-0.257759,0.260373,1.033501,0.377917,0.733484,-0.810124,-1.518281,0.577116,1.397874,2.075542,0.184463,-1.369748,-1.915283,-1.458073,0.754463,0.89344,2.032783,0.909744,0.332268,0.448163,1.538408,0.811924,-1.747912,0.091101,0.883835,-0.576864,0.766111,-1.289242,0.023319,0.037056,-0.0
funnel,U,1.587354,-0.771732,-1.567347,-1.427391,-1.630552,-0.075344,0.554682,-0.473973,1.617431,1.805043,-1.709933,-0.781993,1.177539,0.230042,-0.178137,-0.212941,-0.659955,-1.286303,-0.871756,1.092887,-0.740768,-0.587077,-0.358449,-0.018292,1.562416,-1.254565,0.09053,0.844745,-0.606893,0.515918,-0.451138,-0.451016,-0.316903,0.041626,-0.338944,-0.358923,-0.244395,-0.41135,0.65193,-0.29961,-0.0
funnel,V,2.865639,-0.944614,-1.311571,3.578441,0.350309,0.368671,2.796047,-0.554757,-1.710522,-0.450417,-0.180946,-0.506456,-0.793612,2.285085,-1.772032,-2.031145,-2.250787,-1.041714,0.224358,-1.944098,0.831463,-0.809883,0.913007,0.812169,-0.208476,1.393229,0.328581,1.040286,0.212753,1.06072,-0.189625,1.005891,0.872617,-0.081124,0.315121,1.23982,-0.367671,0.308578,0.727781,0.085816,-0.0
funnel,W,1.940009,0.547175,2.063223,0.30852,-1.507569,-2.817287,0.350663,-0.628847,3.730711,1.262001,-0.89737,2.067738,2.589585,1.220132,0.400406,-0.594414,-2.893358,-0.014396,-2.274045,-1.676865,-0.993596,-1.206377,0.433045,0.135603,-3.86028,-1.289913,-0.746079,1.582218,1.071358,-2.583666,-1.247342,0.228248,0.159408,-1.085596,0.773436,1.72582,-0.854199,0.521441,0.372694,0.14027,0.0
funnel,X,-3.354269,0.314936,-0.195194,0.101501,0.11704,-0.106844,0.261533,-0.01699,-0.033572,-0.099657,-0.162269,-0.05603,0.076809,0.013455,-0.07696,-0.086499,-0.025707,0.25015,-0.362307,0.319665,-0.060646,-0.396852,0.036332,0.143366,-0.138361,-0.195528,-0.078553,-0.223959,0.107196,-0.478901,0.052816,-0.072281,0.316279,0.076287,0.369707,-0.076242,-0.133275,0.252599,0.152204,0.013617,-0.0
funnel,Y,-1.850199,-3.914259,0.460545,-1.268332,2.457215,0.937169,-2.513161,1.628967,-1.025198,0.00432,2.524234,-2.796848,-0.159438,-0.259077,0.187108,1.237546,3.526128,1.082844,0.056368,-0.603659,1.203106,-1.333625,-0.848145,0.264607,1.478884,-0.331776,0.307601,-0.259319,0.664223,-0.05367,1.318771,-1.152259,-3.552459,-0.116592,-0.222158,0.585545,-2.329225,1.287515,-0.811374,0.832339,0.0
funnel,Z,0.97778,-2.597908,-0.449911,2.506656,0.472396,0.210019,-0.204915,-0.318881,-0.395095,-0.733474,-2.522358,0.894476,2.763349,-0.327743,1.198307,-1.501022,0.375214,1.443228,-1.668312,-0.213763,-0.508752,1.276991,0.195907,-0.565342,-1.570966,0.430223,-1.303269,-0.131627,-0.773605,-2.273061,-0.702708,1.923201,-0.288143,0.761373,0.415079,0.508024,1.327674,0.280098,-1.099119,0.408338,0.0
funnel,a,1.479643,1.27059,0.499489,-1.929434,2.172912,1.025866,1.436831,-2.358456,3.689308,-0.918732,-2.424902,-0.079153,3.698826,1.052748,2.327551,0.268047,1.982895,-0.01849,-0.339603,0.333952,1.192445,-1.379266,-0.291407,0.946319,1.959621,0.64948,-1.206448,0.071136,0.132947,2.442357,-1.081481,-0.66059,-0.735652,1.161886,0.874395,-0.499753,1.302665,1.302393,0.532423,0.530839,-0.0
funnel,b,2.076866,0.470575,1.234422,0.445772,-1.667145,-1.259318,1.982729,-0.420777,1.137825,-0.105959,1.061089,-0.533203,1.873634,-1.970433,2.076538,0.32253,-1.91085,1.520918,-0.377004,-1.707981,-0.349715,-0.069449,1.947575,0.827234,0.140556,0.919121,-2.026835,-0.228537,-0.779277,0.382076,-2.015284,1.045861,1.512725,0.793786,0.504736,-0.181103,-0.909179,0.09334,0.72292,-0.679303,0.0
funnel,c,-2.437151,3.474844,-0.155067,-0.125347,1.629164,-1.764368,1.157817,1.201737,1.687573,0.018447,-0.218457,-0.272783,-0.310732,-1.89946,0.656012,1.465459,-0.916872,-1.095139,0.129768,2.297553,-0.565342,-0.883858,0.01744,0.844853,0.419619,0.614908,-1.068826,-0.426727,-0.431754,-0.826318,0.190697,-0.250878,-1.117469,-0.717557,0.594946,-0.006384,-0.470001,0.328152,0.222758,0.276545,-0.0
funnel,d,2.444174,-0.04545,-1.605407,-0.280606,1.535347,2.197891,0.9764,-0.853822,-0.884049,2.193703,0.452665,2.674439,-2.193172,-0.692496,0.108163,-0.62949,0.16245,1.03028,1.039618,-0.322131,-0.19462,1.836353,0.836322,-2.228654,-0.166452,1.003932,-1.513321,-0.622388,-1.78135,0.167709,1.085394,-0.534267,-0.13072,1.358316,-0.524558,1.381438,1.130999,-0.434831,-0.276934,-0.367313,0.0
funnel,e,1.481083,-0.863979,3.202199,2.185862,0.814518,2.512035,3.033661,2.148034,-2.959162,-3.241413,0.529936,-0.401024,1.241061,-0.06472,0.337762,0.819619,2.71256,-0.039558,-0.066364,-1.62224,-1.318097,1.683911,-0.233186,1.683165,-1.862284,0.303354,-0.093531,-1.27905,-1.152849,0.324167,1.320231,-1.085002,-0.339302,-0.140337,-0.688332,0.46907,1.343939,-1.574313,-0.958597,-0.836534,-0.0
funnel,f,-4.822467,2.271478,0.485386,-0.360331,1.978668,-0.003366,-0.254639,-0.050602,-0.63411,-0.575045,1.424155,1.021177,-0.356026,0.793835,0.365437,-1.271718,-0.286284,-1.008105,1.109405,-0.746311,-0.231069,0.525555,-0.239684,0.628746,-0.280801,-0.875855,-0.221559,1.303173,-0.856304,-0.778112,-0.194553,-1.257316,0.826949,-0.141839,-0.320652,0.77671,3.219504,1.082863,-0.476669,2.030581,0.0
funnel,g,3.375222,0.019302,-0.077278,0.461464,-0.555699,0.151128,0.831495,1.091217,-1.664444,-0.161851,0.454988,1.704479,-1.616047,-0.097239,1.614171,0.573584,-0.855476,-0.675864,1.132082,-2.988416,-0.813637,-1.895516,-0.361662,1.005819,-0.468248,0.887313,-0.642496,3.549995,-1.567902,2.054177,1.099153,0.293162,-0.632625,-0.421165,2.361089,0.029957,-2.067084,0.474064,0.594395,-1.500018,-0.0
funnel,h,1.715969,1.389847,2.330366,-0.397114,-0.795105,2.802248,-1.139143,-2.235578,2.696032,1.970884,0.361971,1.215133,-0.831337,-0.568025,0.752954,-0.302215,-0.802392,-0.604176,0.636116,0.729165,-0.224833,-0.171445,-0.067084,0.417955,0.169315,-0.23014,-0.27798,-0.45313,-1.080469,0.572274,-2.488077,1.059027,-1.035091,0.818093,0.227821,2.233083,-2.249471,-0.508522,0.898132,0.798356,0.0
funnel,i,-3.73431,0.840494,-0.37588,-0.363662,0.346625,-0.449626,-0.00321,0.031828,-0.199395,0.75178,-0.062864,0.402299,-0.044175,0.39852,-1.212866,0.035668,0.280072,-0.425609,0.115343,0.16139,-1.556657,0.419782,1.304355,-2.259674,-0.081255,-0.40783,-1.550982,-0.174873,0.925202,0.379076,0.586622,-1.344944,0.020748,-1.309798,-0.497962,0.840397,0.541834,0.054858,-0.988215,0.137926,-0.0
funnel,j,-3.118925,0.256616,-0.057732,0.099275,-0.136959,1.195696,1.1181,-0.129909,-0.417147,-0.661536,1.531091,-1.257662,1.073435,-0.303246,0.085542,-0.124435,0.481639,0.500685,0.932593,-0.329903,-2.271934,0.08444,-0.303648,1.498978,1.293459,-0.25615,0.088902,-2.179109,-0.672379,0.202502,0.098059,1.56841,0.799353,-0.359442,-2.455561,1.193477,0.731031,-0.207998,0.001243,-1.860225,0.0
funnel,k,-6.165532,1.028564,1.267651,0.792752,1.430246,-0.173005,-1.068389,-1.035884,-0.915921,0.586602,1.083704,-0.320555,-0.232554,0.05182,0.337447,-1.20812,2.615153,0.968324,1.013476,1.034214,-0.945573,-0.859738,0.689991,-1.2914,-0.237879,1.545089,0.496302,0.699115,-1.045963,0.275643,-0.817976,-2.698634,0.379942,-0.004994,-1.633399,0.319121,3.914967,-0.182154,-0.440884,-0.381685,-0.0
funnel,l,3.862929,-1.40609,1.221225,-0.765242,-0.144528,-0.62597,-0.015201,0.053331,0.052231,-0.030729,0.130415,0.304734,-0.221899,-0.025116,-0.0249,0.166182,0.116808,0.149944,0.129422,0.208455,0.136057,-0.187201,0.016395,-0.010806,-0.07959,0.00834,-0.188726,-0.293266,0.221142,0.46257,-0.128794,0.29385,-0.027106,0.204382,0.091678,-0.037801,-0.005932,0.037776,-0.00051,0.034514,0.0
funnel,m,3.040406,0.886704,0.109532,-0.506884,0.149823,1.844675,-0.135152,0.9507,1.749425,2.181546,-2.249796,-1.291144,1.698587,-0.661475,-0.197999,0.48773,0.403244,-0.245173,0.189669,0.517874,-1.652097,1.231553,-1.566949,1.687661,-0.568553,-2.103258,1.15976,0.85992,-1.021353,2.109729,0.886816,-1.5703,-2.106369,0.188686,1.082149,-1.431582,-0.672259,0.958691,-0.953802,-0.142494,-0.0
funnel,n,2.910278,0.440678,0.92519,0.630923,-2.750324,-0.809115,2.34547,-0.437811,1.400241,0.796931,0.75889,-2.809624,-1.246318,0.096355,-0.760078,0.36353,-0.696261,0.426498,1.167538,0.959094,0.144668,-0.979566,0.623002,0.972288,-0.832485,1.40904,1.111986,0.056086,-0.530102,-0.658901,1.025597,-0.299313,1.250024,0.061428,0.708704,-0.950574,1.405422,0.119742,-0.738349,0.447056,-0.0
funnel,o,-0.055689,0.834843,0.751206,-2.742877,1.241829,-1.808058,1.16742,2.280524,1.710103,-0.911088,1.328832,0.436515,0.884644,-0.060707,-1.512698,-0.03228,0.473066,-0.688235,-0.086635,0.422972,-0.737235,0.222064,0.886831,-0.456131,0.166975,-1.132237,-0.860064,-0.556382,0.331725,-0.225278,0.383082,0.426688,-0.582287,-0.175168,-1.029386,0.177936,0.264398,0.386973,0.549231,-0.080402,0.0
funnel,p,-1.510764,1.744602,-1.203807,2.070347,0.123596,2.862162,-2.204305,0.291015,-1.831319,0.544323,-0.435049,1.764196,-0.536017,1.208156,-1.333805,-1.137058,-0.455337,0.507071,1.24733,-0.709296,-0.370258,-3.113716,0.512668,0.26593,-0.035652,-0.270835,0.567712,-0.155304,-0.716343,0.033011,1.159236,-1.060097,-0.313386,0.476898,1.188609,0.646684,-0.535819,-0.719287,2.242099,0.298712,-0.0
funnel,q,-1.411472,0.901749,-0.979352,-2.100531,-1.691185,0.865652,-0.778149,0.095657,-0.047153,0.89647,-1.680495,-2.62508,0.952663,0.2158,0.758382,0.65578,1.018634,1.027867,1.833048,-2.665785,1.367599,-2.571493,1.290855,0.836467,1.238577,1.061352,0.997488,0.698337,0.303736,-1.69623,1.310962,1.331276,-0.467399,0.427287,0.395666,0.972068,-0.188149,0.157091,-0.570811,-0.593209,-0.0
funnel,r,-4.269267,2.258524,-1.127143,0.254621,-1.193386,-0.01606,0.268229,-0.113838,0.21626,0.595875,-0.078837,0.171097,0.855336,-0.61709,-1.428156,-0.993468,0.180622,1.174819,-0.252962,-1.22448,-0.151378,0.617268,-0.470328,-0.034722,-0.590034,0.77121,-0.275717,0.358134,0.00038,-0.032592,-0.706442,-0.982292,-1.865707,-1.973613,-1.132879,-0.384007,0.036337,1.030109,2.054872,2.41133,-0.0
funnel,s,-2.36943,2.934588,0.519275,-0.801959,0.398361,2.239873,0.792984,-3.721046,1.050859,1.375917,-1.497707,-0.107168,-1.643845,-2.011925,-2.21408,-0.170641,-3.350913,2.946891,-1.92715,0.004525,-0.80548,0.821056,-1.622055,-0.836414,-0.423916,-0.945542,2.205174,-0.963497,-1.166294,-0.561073,-0.436527,-0.470054,0.546725,-0.553354,0.657797,-0.109417,-0.119139,-0.903071,0.543517,0.618363,0.0
funnel,t,1.431215,2.676255,-2.573458,-0.984165,0.450423,-2.210743,-0.720813,-1.221505,1.805759,2.206319,-0.453267,0.036034,2.725524,0.537919,-0.246305,1.626465,-0.167187,0.798419,-0.975001,1.479174,0.860007,0.040292,0.892353,1.058293,-1.789832,0.361098,0.591974,-1.792253,-0.453795,0.052461,-1.930542,0.348489,-1.914195,1.761958,0.42997,-0.298722,-3.169403,-0.347459,0.834919,0.748131,0.0
funnel,u,1.340029,-0.826602,-1.588293,0.601332,-0.361532,-2.110922,1.066766,-0.771206,-0.791684,-2.082674,1.221906,-1.485247,1.672964,1.347834,0.33765,0.871284,0.449152,1.831825,0.128666,-0.375152,-2.162509,-0.569435,-2.000544,1.783954,0.946392,0.442563,0.588342,0.588034,-0.419955,0.276291,-1.389199,-0.266363,0.342003,-0.041799,0.896999,0.188455,0.377509,0.175569,0.945186,-0.373558,-0.0
funnel,v,3.046384,-0.147769,3.192879,1.148437,2.873804,-0.053228,2.018652,-0.602532,0.358558,0.235475,-1.054503,-0.717359,-3.15378,2.219789,0.762983,-1.04775,-2.071476,-2.267419,-2.421476,-0.617344,1.268202,-1.102557,-0.47061,0.201086,2.037561,0.113645,0.141759,1.07025,0.260503,0.933879,-1.883303,-0.44893,-0.007907,0.685121,0.948798,0.167526,0.495277,-0.349737,0.402883,-1.023638,-0.0
funnel,w,-2.743807,-0.505413,-2.303034,1.369537,3.922284,2.74902,0.646367,-0.534062,2.635547,1.607728,-0.228886,0.864444,2.924918,-1.265483,-2.003494,-2.987904,-0.171856,1.628121,1.245288,-0.456329,1.977093,0.195201,-0.494254,-0.836217,2.205893,1.444,0.172584,2.595352,0.659469,2.360612,-1.04404,0.817336,-0.459164,0.942283,-0.713176,-0.366653,-1.381305,0.19216,-0.289963,-1.896947,0.0
funnel,x,-3.16946,0.186904,-0.221623,0.292373,0.149059,-0.295353,0.037079,0.18533,0.200127,0.197127,0.180132,-0.33252,-0.000437,0.103659,0.086176,0.21507,0.209334,-0.059034,0.484366,-0.140217,-0.741712,0.409217,0.103856,-0.180094,0.481325,-0.707064,0.02158,-0.468954,0.313245,0.214118,-0.585752,-0.165576,-0.032936,0.252621,0.153295,0.213714,0.140828,0.021387,-0.069705,-0.07946,0.0
funnel,y,-0.833688,-2.720915,-2.328235,0.334538,1.586773,-0.34313,2.900207,2.801246,0.652087,0.737689,2.734629,-0.897295,1.477447,-2.622815,-5.593199,0.631663,-1.059991,0.159161,-1.03846,1.27087,-0.0913,1.426311,-1.343496,0.706535,0.529834,-2.064412,-1.179385,1.251515,-0.985316,-0.593825,2.043865,0.422698,0.423997,0.088626,-0.782067,0.101495,-0.252563,0.835245,-0.306395,1.412489,0.0
funnel,z,2.652737,0.249538,-0.622417,0.341004,0.383077,-0.554401,-1.938809,1.752563,-0.076916,1.872003,-1.180368,-0.009475,-1.963156,-1.675639,2.470297,1.748134,-1.836997,0.526728,0.597911,-2.225125,-0.679194,-1.989385,0.306111,0.630897,-0.116933,1.289992,0.743668,0.800318,-0.118206,-0.182929,1.601248,-0.308731,1.8593,0.055507,-1.41551,0.519169,-0.51806,0.207357,-0.715349,-0.848442,-0.0
garamond,0,1.601337,1.456165,0.023784,0.838265,0.435717,-0.733882,-0.824096,-0.897165,2.189605,0.206143,-0.154023,0.816158,1.261379,-0.873845,-0.172976,0.487569,0.019557,0.576581,0.742762,-1.14725,-0.206008,0.218348,-1.131732,-0.040871,-1.039385,-0.573369,1.349607,0.165873,0.640874,0.132311,1.33101,-0.699408,-0.388419,0.085624,0.312853,-0.035453,-0.611613,-1.107936,-0.657604,-0.056808,-0.0
garamond,1,7.40026,-0.453993,-3.721827,1.629489,-0.266292,2.42231,-1.822058,-2.164846,1.145274,0.638923,-2.350148,1.107008,-2.045776,-0.723091,0.92701,-3.136753,0.811766,2.382178,-2.248183,-0.972871,-2.765179,-0.065178,-0.040497,-0.105536,-0.617318,-0.020503,-1.814339,0.816754,-0.857651,0.450372,0.646777,-0.170883,-0.194529,-0.562639,0.399725,-0.540194,-0.009406,0.196532,0.001585,0.178015,-0.0
garamond,2,3.928371,1.940862,1.800664,-0.731748,-1.182268,2.38406,-1.836315,-2.321583,1.520273,3.012837,0.198719,0.174758,1.824175,2.704162,-0.373313,0.598905,0.976424,-0.30013,1.326604,-1.655748,2.167377,0.785691,0.27701,-1.896198,1.233986,-0.226335,-0.669049,2.248694,-0.686561,-0.054454,-0.105584,-0.117199,-2.577419,-1.15804,0.286808,-0.126089,-0.066481,-0.807015,0.168492,0.204785,-0.0
garamond,3,6.657732,1.116257,-0.576317,-0.017532,-0.603573,-0.497865,-0.854016,0.318542,2.796979,-0.688498,-0.488858,-0.818752,0.450769,1.593185,1.32737,2.423722,1.477412,-2.23133,0.243343,1.037169,1.955377,1.065025,0.616498,-1.260989,-2.089033,1.389414,-3.182836,0.883225,0.455956,-0.812777,0.017901,0.267517,1.788938,-1.05858,-0.261691,1.229141,-0.998315,-0.709426,0.445888,-1.509171,0.0
garamond,4,0.416277,-2.832333,-3.759926,-2.718519,2.831062,1.817264,-1.990562,4.052615,1.561518,4.431486,0.368143,-0.218258,-0.205449,-1.679884,1.035966,-2.605385,-0.468792,-0.68081,-1.157601,-2.51993,1.151274,1.821728,1.034737,0.322579,0.440211,1.908176,-0.885036,-0.326786,1.444205,-0.285419,-1.318289,-0.367302,0.600229,-0.1216,-0.463196,-0.504619,0.180436,0.350306,0.538385,-0.591449,0.0
garamond,5,10.070561,-1.895086,-1.707345,2.079434,-0.576347,2.129,-2.041438,0.788865,-0.834764,-0.316194,0.730788,-1.310474,-0.613718,-0.907929,0.245747,1.091051,-0.15364,0.655837,0.769908,0.012336,-0.140609,-0.174597,-3.820059,-0.539824,0.548541,0.574762,0.080407,-0.171364,0.166557,-0.048768,2.127574,-1.529249,-0.294513,-0.299224,0.241677,-2.451909,-0.837779,-1.078558,-0.170254,-0.300497,-0.0
garamond,6,8.375888,-1.025859,-1.640279,0.800164,-3.893427,2.13821,-1.310629,0.933251,-1.859945,-1.502367,-1.866976,1.769005,-0.984244,0.959364,-2.303167,2.257411,-0.591666,-0.400292,1.660432,-0.166012,0.305478,-1.035616,-1.09055,-0.680171,-0.358484,0.118162,-0.792037,0.406908,1.155835,-0.440466,1.400957,-0.005047,-0.726313,1.030431,-0.00604,-0.420575,-1.139806,0.687421,-0.16446,-0.495066,-0.0
garamond,7,3.063867,1.258685,0.418787,-0.87319,0.424511,1.359394,-0.570747,-0.552818,-0.830319,0.634994,0.203436,0.001938,-0.309088,-0.561482,-0.594007,-0.501647,0.0579,-0.393962,0.959303,-1.040788,0.857368,0.735802,-1.049434,-0.099506,0.062032,-0.046029,-1.170526,0.98643,0.360912,-0.413381,1.122733,2.056177,-2.186597,1.203608,0.421348,-0.189678,-1.638271,-0.423058,2.222496,-1.495236,-0.0
garamond,8,-5.24123,-0.532672,-0.241249,-1.485289,-0.751462,-0.304472,-0.327609,1.339109,-1.245428,-1.831994,-4.300264,-2.139166,-1.731913,0.101144,-1.10644,2.346151,0.02829,1.045106,0.200304,-1.01887,1.976792,-0.270305,1.408881,-0.387837,1.273523,-0.455348,0.296343,0.786601,-0.121938,0.9873,1.733584,-2.07534,-1.459795,-1.179718,-0.276623,0.860621,-0.396196,-0.042823,0.418016,1.013782,-0.0
garamond,9,9.484777,0.348769,-1.56254,0.67924,2.667522,-2.729709,1.454238,-2.951505,1.350194,0.033275,0.845655,-3.645743,-0.856775,-0.879483,-2.905131,-0.258465,0.971453,-0.2382,-0.020026,0.317914,-0.093417,0.609605,0.12899,0.765603,-0.117572,-0.707821,-0.744396,0.186638,0.290734,-0.514225,1.560032,0.354654,0.901914,0.934321,0.56016,0.090863,0.075108,0.314959,0.197719,0.101092,-0.0
garamond,A,7.826412,1.596901,-0.028282,1.761947,-1.424291,2.050079,-1.628754,-0.274234,-1.288313,-0.905633,-2.07973,-0.75104,0.550297,-1.262281,0.519949,-1.867504,-0.154077,1.380278,-0.958745,1.687748,-0.695111,-1.352209,-1.277793,-1.002231,-1.755269,-0.155738,0.279732,0.185934,-0.748925,0.248143,-0.306621,-2.086936,-0.579876,2.830748,1.653788,-0.563864,2.57658,1.748659,-0.429037,-0.319187,0.0
garamond,B,3.901351,-0.516209,-1.797386,-0.951846,1.141939,-0.805691,-2.762159,2.338064,1.268427,-0.371411,-0.124633,0.595934,-2.116229,2.588648,-0.963235,-0.815267,-0.837817,0.692142,-2.22317,0.467926,0.597581,-3.456452,0.652682,0.37229,-0.428877,0.402923,-0.809001,-0.606228,1.387031,-0.890087,0.894393,0.246444,-0.234746,1.050756,-0.026915,-2.092973,-1.803831,1.005159,0.489114,0.577901,-0.0
garamond,C,-1.450405,-1.211779,-1.296092,-0.522556,-0.077496,0.27657,-0.833289,0.069425,0.041559,-0.864172,-0.549789,0.689312,-0.271888,0.628619,0.47615,0.574242,-0.533611,0.274878,0.120148,-0.848178,0.104044,0.201821,-0.113786,-0.475698,0.053187,-0.453617,-1.247723,0.606442,-0.167102,0.014707,0.706516,-0.83656,0.685388,-0.131654,-0.15449,-1.61217,-0.098378,-0.105536,1.178232,0.134717,-0.0
garamond,D,1.962961,2.188268,0.781112,-0.282669,-0.059735,-0.843971,0.71165,0.808392,0.173301,-0.080234,1.144075,-0.088859,-0.296915,-0.158351,-0.212551,0.359647,-0.214172,-1.047377,-0.320767,0.392496,1.4538,0.819896,1.32976,0.589767,0.080892,0.434437,0.809257,-1.070037,-0.282574,0.581556,1.033783,0.900673,1.42935,0.208509,0.428369,0.757851,0.414841,0.768856,0.146909,-0.206115,0.0
garamond,E,-3.297984,0.263509,1.471504,-1.750502,-0.241875,2.218171,0.364813,2.158969,0.928706,0.319807,-0.573652,-0.002069,-1.747582,-2.247756,-0.206008,1.258404,-2.459848,-0.719608,0.289555,-0.421914,0.267422,0.740282,-1.390219,2.434303,-0.320765,-0.871522,0.336154,-1.14087,0.622482,-0.447137,-0.599381,2.893795,-0.723967,-0.98911,0.269057,0.314196,-1.64522,-1.571982,0.447235,1.897341,0.0
garamond,F,2.312116,4.953606,-0.62505,1.550568,-1.708442,0.062038,2.780955,-0.898948,1.769011,-0.192863,0.274625,-2.204658,0.272259,-0.308096,-1.90768,1.952748,0.815327,4.862724,0.398162,2.822453,1.105628,1.718684,-0.470038,0.786448,-0.45617,0.000652,1.040669,0.689897,1.569554,0.011728,0.986487,-0.685879,-0.885453,1.321629,-0.466283,0.569922,0.514502,0.83952,-0.985459,-0.133982,-0.0
garamond,G,-0.728154,-1.860929,-1.633368,0.55063,0.415472,1.390443,0.181787,0.032174,-0.0143,1.090833,-0.171845,1.016819,-0.379832,-0.05963,-0.397542,0.745361,-0.390717,0.155184,0.108694,-0.673334,-1.332696,-0.087169,-0.344428,-0.385593,-0.011348,-0.421184,0.337464,0.063204,0.765009,-1.328504,0.27223,-0.490184,-1.046276,-2.412443,-0.110739,0.070748,-0.131494,-1.76198,-1.346446,-0.137004,-0.0
garamond,H,-1.734933,-1.358735,-4.499102,0.922243,-0.110629,0.075671,-0.61366,0.350657,0.108806,0.713029,0.5156,-0.312718,0.943359,-0.542897,-0.894539,-0.967299,-0.260093,0.301735,0.793878,-0.225852,-0.831103,-2.353153,2.994716,-0.108829,-1.328943,-1.281724,0.016095,-1.047262,0.551317,0.908415,-2.368206,1.058313,-0.747825,-1.7547,0.826843,-0.322704,1.305577,-1.41298,2.160764,1.835207,0.0
garamond,I,6.473803,-1.176787,1.92297,3.527817,2.315949,1.507952,-1.286666,-5.861658,0.808039,1.690995,-1.288075,0.555088,-0.27865,-2.329537,0.186473,0.040758,0.668282,0.348588,0.154611,-0.479272,-0.236242,-0.003557,-0.001987,0.010566,-0.006103,-0.009116,-0.008042,0.001655,-0.001899,0.003377,-0.000261,-3.3e-05,0.000571,-0.000332,-0.000281,-0.000445,1.3e-05,0.000192,-8.2e-05,0.000134,-0.0
garamond,J,5.077196,1.534038,2.650211,4.098444,-2.373839,-0.376015,-4.623067,4.235346,1.737518,-0.952812,-3.37636,-2.421508,1.370396,1.605956,1.307917,1.184507,-1.326825,-0.598238,0.566738,1.067701,1.36933,-0.093523,0.631139,0.045639,-0.364615,-0.45209,-1.477153,-0.055853,0.438874,0.245631,-0.725543,0.11079,-0.204215,0.215255,0.166988,-0.106514,-0.287706,0.552517,0.018497,0.118974,-0.0
garamond,K,-3.805715,3.283543,-0.840324,-0.690784,-0.459248,1.592144,0.229739,1.735551,-1.021643,1.831319,1.650354,0.193724,1.535181,-4.959723,-2.941925,2.560935,4.361948,0.567599,-0.979183,-1.072231,-1.366218,-3.382466,0.43333,-1.386246,-0.72087,0.370414,-0.524321,-0.588916,-0.242584,-0.459256,1.330783,0.199463,-0.622191,-0.098286,-0.5853,0.240496,-0.28162,0.530468,0.109491,0.15845,-0.0
garamond,L,0.83035,0.136239,-3.234458,-1.038607,-2.735843,-0.459029,-1.942112,-0.004884,-0.511275,-1.097545,0.026533,-0.74269,0.142207,1.715882,-0.655681,-0.52395,-0.227627,0.486534,2.102514,-0.968757,0.891256,0.65049,-0.727689,0.09145,-0.216992,3.222916,-0.244737,0.260294,-1.064495,-1.949518,0.948593,0.49826,-0.90048,-1.658649,-1.674634,1.834472,0.559196,0.422482,0.552991,1.289451,0.0
garamond,M,3.187826,1.550032,-1.281317,1.232271,0.69442,1.965096,2.101615,-2.252719,4.514603,-0.817664,-0.381707,0.315255,2.272034,1.096287,1.795703,-1.484449,-1.042033,-2.139768,0.334956,0.496952,-1.257289,1.395523,1.191576,0.26135,-1.28764,0.963208,0.177164,0.969716,0.171169,-0.599428,0.015019,2.546537,2.492626,-1.801628,0.550812,2.600984,-0.100914,1.057171,-1.390398,-0.311962,-0.0
garamond,N,5.207539,-2.292238,2.232794,0.499212,2.082401,-0.840914,0.325152,-0.037339,-1.238635,1.885436,-0.938066,-0.239429,1.217333,-1.020246,0.895361,0.411453,-1.241867,-1.216262,-1.392291,0.877235,-0.46271,-0.99411,-0.13109,-0.673154,-2.41732,-0.444185,0.786134,0.843022,0.09819,-0.793432,-2.003401,1.373836,-0.46622,-0.111895,-2.646598,-1.40995,0.407736,-0.252169,-1.291313,-0.004494,0.0
garamond,O,1.769974,0.546339,0.406468,0.173457,0.920506,-0.071526,0.704927,-0.438175,-0.258024,-0.643892,-0.311548,-0.287139,0.32139,0.447462,-0.01322,0.159948,0.37897,-0.654967,0.202737,-0.135107,-0.486038,0.04625,-0.814047,0.451786,0.121137,0.241532,-0.137774,-0.442558,-0.187195,0.01773,2.048912,0.272555,-0.063596,-0.666067,-0.832892,0.300985,-0.069285,1.038543,-0.522655,-0.051032,0.0
garamond,P,3.489972,-1.324969,-0.491314,0.672099,-0.978009,1.056062,-3.667116,-0.678498,-1.288099,1.084649,-0.105037,-0.714748,1.699448,0.693465,1.622129,1.264424,2.210126,0.39809,-3.318239,0.368413,-1.083925,-0.781218,-1.37942,0.557698,0.097716,0.548227,0.899983,0.443258,-0.049437,0.444763,1.177155,1.175847,-1.331749,2.034833,1.149624,0.369193,-0.424084,-1.343353,0.147985,-1.017761,0.0
garamond,Q,-0.228892,2.845184,3.163933,-2.749377,2.584832,-0.709127,0.686357,-1.726841,0.111403,-0.415199,0.888631,-0.51648,0.788151,1.526927,-0.914619,-2.928537,-1.436882,0.47118,-0.651571,-0.294448,-0.191364,-0.118347,-0.619629,0.531057,0.448368,-0.072116,-0.698287,0.925037,0.274244,-0.658501,0.798266,0.430804,-0.727533,-0.211833,0.574635,-0.273488,0.513452,0.327903,0.67837,0.031866,-0.0
garamond,R,1.235759,4.843691,-1.748084,0.404004,0.007916,4.025117,2.278129,1.7642,2.231029,-2.640478,-0.261251,-2.355779,1.13073,-1.995863,-2.296208,0.991992,-0.103199,0.763231,-1.28998,-1.50049,0.400906,-0.335255,0.385752,2.662933,2.592118,0.219248,0.990933,0.628132,-0.254202,1.123533,-0.83297,0.413426,-0.224755,0.134598,0.52768,-0.114247,0.098331,-0.029679,-0.441502,-0.262637,0.0
garamond,S,-0.472426,-2.887342,2.183928,0.305224,-1.097072,0.086032,-1.361823,0.75813,1.102105,0.396116,1.380188,-1.438676,1.232749,-0.429999,2.381192,1.372353,-1.745205,1.330136,0.574738,-1.063673,1.657065,0.778338,0.496741,0.369871,-0.256334,1.569875,-0.212646,-1.435051,2.510523,1.434677,-2.473077,0.799711,-0.246734,1.682739,-0.296407,0.987508,-1.827235,-0.0791,0.330161,0.233982,-0.0
garamond,T,4.923567,2.401506,3.709598,-1.305113,0.866201,-4.63063,3.355717,0.868504,-0.976495,-1.821061,-1.797532,-0.385025,3.026937,-2.057997,0.418062,0.045639,0.782268,0.044802,0.053004,0.317707,-1.660558,-0.757242,-0.446916,0.96075,0.735315,-0.114448,0.048935,-0.91648,0.280551,-0.018165,-0.362281,0.051751,0.140938,-0.334642,0.262893,-0.056717,0.060872,-0.099081,-0.156491,-0.097166,-0.0
garamond,U,-1.368355,-1.932057,0.529374,-1.113469,0.219628,-0.988735,0.034305,-0.433988,-0.49321,-0.080939,-0.837448,0.4924,-0.136795,0.002507,-0.124005,-0.318996,0.334696,0.037491,-0.646846,0.567439,0.465945,-1.064318,1.077965,-0.34775,-0.513054,-0.848691,1.18845,-0.061558,0.855117,-0.405601,1.318713,-0.347406,-0.831867,1.124814,1.16336,0.722555,-1.113653,-0.372877,-0.62209,-0.269513,-0.0
garamond,V,-4.032769,-1.848133,1.332953,0.775958,-0.313432,-0.199124,1.779871,0.01789,1.648848,-0.487826,1.741092,0.008231,-0.58161,1.00675,0.505979,0.007766,0.41684,0.113131,-1.442697,0.521168,1.799434,-2.992124,1.33168,-1.175134,-0.425823,-1.450985,-1.356301,0.170574,-0.544352,0.325742,-0.473608,0.8976,0.283357,-0.663398,0.432203,-1.272718,0.9143,-0.674891,-0.90222,1.33964,-0.0
garamond,W,-1.658468,-7.779283,-0.460909,-0.136866,-0.618073,0.958266,-0.696764,-0.452963,1.792973,-2.981681,-2.921408,1.285863,0.591197,-0.400597,-0.309432,-3.771415,1.194692,-0.113493,0.942407,-0.145998,-0.487001,-0.189182,2.00624,0.817897,-1.992987,0.234927,0.176767,1.179019,-2.064088,3.021083,1.491554,-1.529236,-1.380612,-0.941731,0.434734,-0.630228,-0.383856,0.862222,-0.040801,0.466865,0.0
garamond,X,6.54559,-2.997389,-1.076409,0.755318,0.757514,3.041507,5.662987,-1.41931,-2.322496,-4.768984,-0.343412,2.098307,0.723271,-0.854041,-1.48605,0.740949,-0.096597,-0.331103,0.235434,0.011817,0.120855,0.176586,-0.287758,-0.013743,0.061706,0.053455,0.03201,0.030552,0.00643,0.008534,0.003155,-0.003172,-0.004375,0.003274,0.002369,0.002596,-0.000147,0.000347,-0.000939,5e-05,-0.0
garamond,Y,6.868205,1.143989,1.593331,0.428033,-1.914083,1.034099,2.457342,1.773197,-0.51964,-1.211169,-2.053435,-1.513506,-1.082365,4.122892,1.421655,1.93367,0.944035,2.075145,2.067859,0.992965,2.325372,0.738233,1.125036,-1.592033,0.074443,-0.452873,-2.426192,0.188833,-1.585764,1.366022,-1.362673,-0.368447,-0.058728,1.278685,0.649336,-0.608542,-0.358958,0.467939,0.763035,1.089105,0.0
garamond,Z,-1.851866,2.193479,-1.906151,0.327037,0.835219,-1.031376,1.205654,-1.08026,-2.408792,-1.916281,0.416444,-0.218124,-0.201367,-0.402055,0.505549,-2.721697,0.82171,-0.434432,-0.689127,1.17151,0.98585,0.491863,-0.638306,-0.994629,-0.35227,-1.205319,-0.429594,2.756538,0.802932,0.219008,-0.432488,-0.514835,2.183953,-1.698669,0.287914,-1.041264,-0.070499,1.10152,0.241162,0.470323,0.0
garamond,a,6.225354,1.508101,-5.058845,-2.182823,-6.942247,-2.832566,-0.689435,-1.1906,2.221949,1.702926,-0.14226,-1.215754,0.603152,1.370812,-1.02603,-1.270231,0.765414,-0.476866,0.434485,1.135975,-0.003989,0.317905,-0.785167,0.958106,-1.735213,1.215997,-1.126361,0.802303,-0.181392,-0.945864,0.543065,-0.370002,0.603277,-0.098149,0.282821,-0.14552,0.163599,0.038843,-0.216725,-0.165339,-0.0
garamond,b,-4.020634,-1.852516,-1.50807,0.975543,2.220362,-1.674107,0.867059,-1.208428,-1.425773,-0.027944,-2.097602,-1.061619,1.869726,-1.533564,0.767268,-0.669407,-0.432786,0.871874,-4.046828,0.255118,0.60942,1.445881,-1.752571,-0.561668,-0.432417,-0.92061,0.173841,0.210008,0.183132,-0.46393,-0.048622,-0.715635,0.108282,-1.413409,1.302521,-0.879886,-0.466962,0.248695,0.570541,0.222393,0.0
garamond,c,0.536321,-1.926734,-1.55279,-0.946599,-0.986399,1.93778,-0.39083,1.610068,0.890701,-1.62551,0.897803,0.347043,-0.352566,-0.491929,-1.070603,-1.563436,-2.035124,-0.338428,-1.778925,0.661185,1.151728,-0.750278,-0.107006,1.272601,-1.223917,0.218202,0.12326,0.223096,-0.175422,1.218697,-0.888979,-0.160089,-0.852147,-0.019994,-0.289431,-0.838654,0.168306,-0.036088,-0.434451,-0.126385,-0.0
garamond,d,-3.898559,0.542658,-1.692579,-0.995667,-2.162783,2.280736,-4.126356,-0.921661,-1.894878,-2.353596,-0.073792,-0.580661,0.517297,-1.548206,0.533768,-1.9926,0.114036,-0.501889,-1.381297,3.045528,0.083372,0.531536,-0.21267,-0.852756,-1.159228,0.840129,-0.967945,0.347568,-0.648695,0.913879,0.355963,0.852775,-0.585811,-0.707977,-0.631159,-0.164455,0.052355,0.138863,0.152267,0.46148,0.0
garamond,e,-7.070866,1.771184,-0.390838,-0.772674,-0.464229,-1.499133,1.484244,0.900448,0.913755,0.965727,0.711892,-0.642852,-0.421384,0.458053,-1.816287,-0.963237,-0.852045,3.389935,0.272595,-0.486241,-1.086014,1.734846,1.578858,0.373977,0.416455,-3.578687,-0.291381,1.674311,-0.951765,-1.079688,0.743654,-0.681911,-1.91447,-0.747414,0.449241,-0.619029,0.335146,-1.931129,0.849233,0.905448,-0.0
garamond,f,9.578574,1.51673,1.220759,4.107162,1.433852,-0.505273,3.36808,-0.860128,-0.814153,-0.544056,-1.007549,-0.096175,-2.601114,0.223413,0.603743,-3.948709,2.159027,2.898195,1.790488,-1.196603,1.214091,0.981843,2.388366,-2.17693,0.950246,1.381532,-0.360824,0.371786,-0.481004,-0.488475,-0.192554,0.702404,-1.116818,-0.476915,-0.444603,0.26721,0.297994,-0.40903,-0.158481,-0.140314,0.0
garamond,g,-4.336492,0.704181,1.809686,-1.26714,4.154491,0.529531,1.176819,-1.804203,1.184201,-5.587355,-4.694603,-1.16817,-0.538475,-0.870608,0.244827,3.014115,0.38837,-1.67066,1.143693,0.343089,1.588689,-0.214592,-0.463152,0.004272,-1.294795,-0.848616,0.06385,1.546926,0.3092,-0.572855,-0.093509,-0.869192,0.480557,0.419508,-0.294393,0.860437,-0.147616,-0.191686,0.319098,-0.161957,-0.0
garamond,h,-3.500606,-3.603191,-2.042645,-1.198023,-1.090629,1.08353,0.184338,4.079491,-0.373504,0.808641,-2.434187,0.257143,-0.47468,-0.794264,-2.072813,-2.229842,0.675614,-1.516822,-1.460186,1.177327,-1.380645,0.902753,-0.319205,-0.754307,0.807845,-0.6545,0.399241,0.940524,-1.173183,-1.009237,-1.916423,0.098486,-0.036755,0.081073,0.582956,-1.663392,-0.50342,-0.440077,0.534994,0.645027,0.0
garamond,i,1.956429,-3.176585,-1.674977,1.493848,-0.016586,5.288515,-2.230817,-0.352866,-0.205514,3.559265,-3.816923,0.198648,0.109982,0.646916,0.01711,-0.455847,0.09072,0.051797,-1.22332,0.667626,0.986237,-0.278391,-0.551109,0.021551,-0.497285,0.2547,0.046335,0.0079,0.267367,-0.218473,-0.004713,-0.00231,0.078722,-0.339236,-0.076599,-0.015527,-0.002405,0.105157,-0.064981,-0.020982,-0.0
garamond,j,-0.509007,2.012925,5.043905,1.458249,-1.3035,1.539838,-1.640461,0.602889,1.485138,0.194831,-4.117754,-0.603505,0.698012,-0.912871,1.929782,-1.032934,1.621782,-2.027784,2.648813,2.140163,0.143271,-1.157351,0.952798,-0.662933,0.757659,1.037595,-0.537395,-0.26706,0.543684,0.807147,0.242327,0.476981,-0.597769,-0.916828,-0.437454,0.726782,-0.449682,0.754544,-0.017485,0.59519,0.0
garamond,k,0.858234,-5.18864,-3.911398,-6.43584,1.298125,4.682935,0.969977,2.335997,-2.230837,0.326324,2.123778,1.843915,2.530867,0.222194,-3.927768,0.319022,1.908576,-0.618359,1.427969,1.572049,0.478218,-1.081954,-0.510566,0.395961,-0.107444,-1.608184,-0.142818,-0.035707,0.096174,-0.043657,0.232465,-0.01989,-0.404676,-0.065678,0.583338,0.241559,0.348362,-0.322151,0.030602,-0.425781,-0.0
garamond,l,0.288549,-0.896009,-1.774797,3.068779,0.713922,2.696847,-2.868235,-1.695844,0.579068,1.624153,2.732153,-0.65179,2.097071,1.58245,-2.360324,0.463294,1.784645,1.48171,1.205337,0.22874,-0.888924,-0.302837,-0.395552,-0.318273,-0.065212,0.340223,0.185602,0.041147,-0.101859,0.0068,-0.008392,0.009229,0.000941,0.000158,0.001579,0.00011,-4e-05,-0.000487,-0.000215,7e-06,0.0
garamond,m,-2.579126,-3.984187,0.49915,0.55695,0.395399,-0.898311,-1.282624,0.716703,-0.010974,-0.809533,-0.031309,1.063088,-1.387659,2.570115,-0.093337,0.309131,1.225763,-2.863559,1.323453,0.814824,-0.160178,0.617766,1.443385,2.225458,-0.035074,1.049271,0.128679,-0.537926,0.268693,-0.627093,-0.087859,-1.597456,-0.0744,0.642599,1.738595,-0.113475,-1.997677,-1.832123,-0.288046,-1.352254,-0.0
garamond,n,-3.985029,0.143862,-1.163339,-0.264794,0.775022,0.69267,1.50705,-0.131826,2.020161,-1.444856,1.481523,0.745745,-2.000785,-0.644263,0.189986,0.097519,0.565445,0.433253,0.55814,0.309691,-0.828197,-0.306671,0.633539,-0.754762,0.361193,0.144567,-1.179541,-0.296152,-0.942032,-1.470493,-0.846143,0.426231,-1.379488,-1.951384,1.491692,0.563967,0.765944,-0.803183,0.784679,0.112716,-0.0
garamond,o,0.307487,-0.599917,0.572126,0.328452,-0.558925,0.281824,-0.071093,0.210645,1.926205,-1.197877,0.073876,1.109261,0.332068,-0.661874,-1.401984,0.4163,-0.5937,0.800306,-0.553314,-0.292157,0.140738,-0.19935,-0.860481,-0.626548,-0.268795,-0.372534,0.183564,0.135763,-0.176827,2.056202,-0.104848,0.11704,0.839403,-1.279988,0.240285,-1.145117,-0.934904,-0.141891,-0.95205,-0.299879,0.0
garamond,p,5.214542,-1.431212,0.573831,0.737106,0.946522,-2.296843,1.609304,2.031116,1.810272,-1.779181,-3.481755,2.123391,-0.931513,0.400816,-0.234431,-1.391626,-0.683995,-0.032935,0.173236,-0.138348,-2.292365,-0.010533,0.335522,2.010977,-1.842245,0.722282,0.636379,-0.677758,1.139044,-0.012732,-0.458303,0.267524,-0.318444,-1.166047,0.021299,0.296167,-0.250804,-0.418727,0.408226,-0.16396,-0.0
garamond,q,4.440198,-1.886888,2.070107,1.471359,0.183243,-1.559279,0.777226,1.220641,-5.678984,-0.833707,-1.173537,-2.432236,-0.785763,-0.48195,1.031426,-0.929439,0.82752,1.472789,-1.383652,0.296201,0.680699,1.25559,-0.323047,-2.147434,0.260028,0.766104,-0.181791,0.311938,0.285739,-0.919782,-0.263028,0.290271,0.465647,-0.549714,-0.596243,0.289385,-0.915792,0.151861,-0.36694,-0.117811,-0.0
garamond,r,6.434099,3.833227,3.305759,0.783698,3.486054,-3.45512,-0.408927,-1.21742,0.178084,2.220033,0.080778,-5.357047,0.61349,0.982032,3.204341,-0.847989,-0.992838,-1.88622,0.131418,-0.540438,-1.642536,1.602007,0.862238,1.101225,0.399332,-0.047596,0.866589,1.383112,-0.465752,-0.576523,0.156823,-0.597204,-0.095857,-0.784584,-0.2441,0.335944,-0.25691,0.208433,0.236907,-0.210337,-0.0
garamond,s,-1.920268,-3.52618,1.34894,0.98614,0.134386,-0.54417,-0.526323,-0.69658,0.680921,0.758894,-1.271815,-0.537407,-0.002931,-1.523784,2.147996,-0.871345,0.89819,0.734898,-0.393747,-0.191231,0.488572,-0.430933,-1.081728,-3.846456,1.477195,2.426252,-1.570708,0.485424,0.46882,2.502907,-2.538189,-0.096339,0.598381,-1.581428,0.036077,-0.774608,0.148418,0.20882,0.269132,0.52139,0.0
garamond,t,5.493318,-4.339451,6.374314,2.739171,-0.981857,-4.259143,-1.77149,1.764671,3.592045,-0.394328,1.246618,1.356162,-2.181687,2.052887,0.112562,-0.756659,-1.925638,-1.224589,-1.623872,-0.120139,0.369622,1.468433,1.007165,-2.724731,1.152733,2.646915,1.112058,-0.430245,0.153181,-0.705908,-0.66168,-0.144802,-0.080464,0.242464,-0.094184,0.182386,-0.033405,-0.045939,0.001011,-0.239139,0.0
garamond,u,-1.684662,1.527156,-0.569717,0.500369,-0.18384,-0.315161,-0.102081,3.207986,0.880725,1.207955,0.981334,-1.21838,1.102846,-1.173375,-1.815171,0.706199,-0.524644,-1.768377,0.926768,-0.968765,-0.926918,-0.28314,-0.6754,-1.422109,1.319499,-0.438001,0.414249,-0.661789,-0.863724,0.639872,-1.042017,0.907479,0.071773,0.81825,-0.77906,-0.731945,-0.168997,1.688916,-0.094238,0.010723,-0.0
garamond,v,-3.375857,-0.077369,2.013533,-0.503833,-1.248735,-0.549439,1.823134,0.607089,0.631894,-0.219895,2.300422,-1.774793,0.024299,-0.664917,0.764956,-0.234695,-2.038496,1.53195,0.397599,1.883474,-0.597859,-1.285112,-1.788617,0.732076,0.039144,-0.676349,-0.657425,-1.279514,-2.188632,-1.271548,-0.808207,3.393159,0.408757,-0.012742,0.082523,0.800821,0.506677,0.400416,0.627875,-0.513674,-0.0
garamond,w,2.608503,3.300416,-0.205685,-0.923186,0.61233,-0.756319,-1.977253,-0.394148,2.928283,-0.603657,1.162423,1.107593,0.637878,-0.227086,0.735084,0.35099,2.975074,0.265267,-0.609326,-2.497268,-1.468526,0.67964,0.014912,-1.996236,-2.55523,0.350392,-1.407969,-0.514601,-0.246575,1.215895,1.851196,0.667627,-0.714249,-1.256833,2.725405,0.735608,-1.44198,-0.234464,2.525499,-1.61544,0.0
garamond,x,6.460158,-1.142855,-1.166577,0.516759,-0.585674,0.371008,0.046623,-2.369252,-5.699265,3.137629,-0.470305,-0.246139,-0.356514,3.055845,-0.486034,-0.152594,-2.066937,0.024745,1.319269,0.308454,-0.368494,-0.048781,-0.168463,0.023614,-0.131775,-0.013725,0.032537,-0.016976,-0.015245,-0.012618,-0.002536,-0.008505,0.002781,0.00332,0.002,0.000522,-0.001325,-0.001725,0.000518,0.000545,0.0
garamond,y,6.484965,-1.575448,4.107763,-0.73761,-0.436579,-1.015893,-0.418425,0.367867,-0.268204,3.715368,-0.691646,1.08564,0.569374,-0.213184,-0.661288,0.9304,-1.278191,-0.452863,-0.910763,-0.29297,0.768757,-0.511448,2.229141,1.369371,-1.425774,0.45911,-0.296164,-3.072701,-0.923471,-0.064183,1.509274,-0.111061,1.533856,-2.684189,1.831441,1.005933,0.674088,-1.717195,-0.295437,1.11769,0.0
garamond,z,-3.215082,1.967554,-0.702111,-2.009405,0.784014,-0.333547,-0.916946,1.181473,-2.159058,0.284862,-3.506694,-1.348982,0.231648,-2.246351,-1.265415,-0.488429,-1.043957,0.224265,0.576491,0.498431,-0.237343,-0.21493,0.379589,0.421837,0.261758,-1.336974,-0.541656,-0.237277,0.577037,1.031678,1.100244,0.765892,-2.520984,0.714216,-0.031779,0.415943,-0.937344,1.837663,0.446374,0.506907,-0.0
germania,0,0.040291,4.944627,5.54643,-3.320497,3.181453,2.93519,0.871616,-0.211385,-0.074371,0.077469,-0.284633,0.050799,-0.185661,0.492499,-0.022847,0.044145,-0.418186,0.317128,0.046822,0.274501,-0.223948,0.03479,-0.400883,-0.068404,-0.165459,0.186463,-0.168733,0.498764,-0.269729,-0.283406,-0.274214,-0.126187,0.12691,-0.055433,0.178118,-0.016439,0.010244,0.001578,-0.000673,-0.103468,-0.0
germania,1,3.912589,4.566239,2.490708,1.218975,-3.041584,-0.137163,-2.001993,3.866699,-2.759442,1.708163,3.257774,-1.041737,-1.404002,2.135542,0.091738,-0.691006,-1.584482,0.060456,-1.107098,2.13685,-1.320462,1.474655,-2.171878,-0.733722,-1.005215,0.130903,-1.068495,-0.431847,0.74617,0.020511,0.324609,0.459769,-0.20532,0.251912,0.092582,0.13183,0.041134,0.068259,0.016324,0.035438,-0.0
germania,2,-8.85985,-3.388725,1.459622,-0.667423,-1.978375,0.890759,-3.942186,1.031326,-2.127283,3.036376,-4.775418,0.074951,-0.728785,0.008116,-0.079776,-1.163228,1.693263,0.600898,-0.403028,2.02417,-0.955503,1.103351,-0.460815,0.894478,0.45372,0.143022,0.53353,-0.633381,-1.415895,0.264419,-0.217537,0.570305,-0.160909,0.348723,0.106969,0.321797,0.205732,-0.533306,-0.33378,0.355647,-0.0
germania,3,-3.328615,2.289506,5.698372,-1.204536,-5.260216,-3.780978,5.489995,1.011821,0.364036,-1.25217,-2.186985,-0.399362,-1.235718,0.23824,-0.200106,-0.578144,-0.42495,-0.085072,-0.643483,0.412089,0.561056,-0.294892,-0.925647,-0.525586,1.036918,-1.120704,-0.152291,0.3,1.56771,-0.723482,-0.093341,0.290744,0.104735,0.70093,-0.795354,0.472446,0.93562,0.147554,-0.424225,-0.773025,0.0
germania,4,5.771142,3.086537,-2.372045,3.183548,7.399701,3.922066,-1.366885,-1.951214,-1.911359,-2.863751,-2.31411,1.033007,0.319624,-0.021376,-0.022619,0.206174,-0.61833,1.460464,0.005294,-1.13387,-0.086431,0.350563,0.286071,0.080383,1.416357,-0.914599,1.440118,-0.08298,0.725177,-0.092701,-0.541578,0.446335,-0.626337,-0.150778,0.321593,0.125407,0.725863,-0.837927,0.461382,-0.095776,0.0
germania,5,-4.329702,-4.793853,-8.724917,-1.794039,4.341839,0.793324,1.581692,-0.705618,1.69823,-1.223279,1.917408,-1.724878,0.129809,0.702374,0.293188,-0.496595,-0.233263,-0.049551,-0.317947,0.316363,0.460677,0.34766,-0.17637,-0.398999,-0.753467,-0.249241,-0.744611,-0.25201,-0.176805,-0.182675,-0.408813,1.022446,-0.110981,0.125003,0.075703,-0.13466,-0.170001,0.605293,-0.015185,-0.469039,-0.0
germania,6,4.772023,2.932217,-2.213006,4.509206,3.010606,-5.014987,0.12994,2.760055,-0.765815,2.467849,-2.152781,0.328287,0.350732,0.019104,0.536448,-0.753888,-0.276557,1.624717,0.525906,-1.266789,0.037504,-1.158818,0.543812,0.604204,-0.522058,-1.158411,-0.492118,-0.522071,0.670529,-0.492855,-0.372865,-0.467005,-0.525929,0.020246,0.173759,0.327709,0.241392,-0.083311,0.211508,0.403432,-0.0
germania,7,-5.406155,-1.708369,-3.974235,5.187055,-5.469024,-1.777862,0.075545,-0.904336,0.778696,-0.337444,-1.12158,-0.612751,-0.849478,-1.119735,-1.273309,2.023507,-0.978749,-1.349462,0.608663,0.844054,0.402406,-0.588982,-0.491293,0.053711,-1.16874,1.354218,0.419597,1.25538,-1.19392,-0.635245,-0.017373,-0.050486,-0.144752,0.245552,0.487327,0.095991,-0.087725,0.578923,0.286134,-0.264393,-0.0
germania,8,-5.028318,0.248525,-2.378283,8.65561,0.132365,1.793385,-0.654814,-2.357827,0.309214,-1.684216,0.998344,-0.162075,-1.077032,0.567715,0.538693,0.495373,0.564476,0.4854,1.09867,-0.835298,0.113838,-1.001411,-0.020799,0.06479,0.215856,1.304938,-0.615612,0.88306,-0.031389,0.181973,0.055297,0.928259,0.878161,-0.044382,-0.206514,0.436293,0.316666,0.117445,-0.318159,0.469587,-0.0
germania,9,1.126772,-0.049797,1.637894,-8.212568,0.819986,2.944122,-0.357141,-0.397961,-1.377072,1.3009,1.960296,-0.356493,-0.451479,0.580979,-0.025302,-1.092901,-0.10277,0.68743,1.803555,0.240548,-1.957337,0.943778,1.381724,-1.375258,-0.235305,-0.232765,-0.217656,0.479351,0.360921,0.301931,1.551945,-0.017696,0.223795,-1.435149,0.364682,0.383068,-0.059114,-0.076109,-0.222925,-0.21412,-0.0
germania,A,4.761176,-4.453135,6.704809,2.537939,-0.902401,-0.567556,-0.364176,4.029223,1.52127,1.15646,0.930903,0.353401,1.385677,0.876557,-3.015942,0.733761,-1.913878,0.94872,0.017143,-2.474259,-1.062877,0.149554,-0.311943,0.884397,1.221652,-2.025391,-0.101025,1.075707,0.323299,1.410025,-0.64195,0.487289,0.969512,0.139114,0.863915,-0.290146,0.652579,0.030409,0.39314,-0.485062,0.0
germania,B,0.779681,10.815852,3.175519,-0.08762,1.106476,-1.449157,0.803487,1.011061,-1.524832,0.975796,0.546001,0.781405,-0.092274,-0.667081,-1.943806,2.400503,0.456497,0.335849,-0.537717,-0.170344,0.424464,-0.164495,0.794289,0.882796,0.55594,-0.689679,0.363831,-0.847254,0.164274,0.356821,0.207199,0.601416,-0.379555,0.335827,-0.538145,-0.435078,0.378685,-0.679832,0.068442,0.580441,-0.0
germania,C,-1.714245,-0.351954,8.337666,1.193786,-1.991743,2.17843,-1.317037,0.749289,-0.060595,-0.356764,0.050337,0.140529,0.646256,0.208859,-0.321218,0.193486,0.009002,0.506692,0.225815,0.139428,-0.106289,0.347556,-0.082106,-0.16796,0.093633,-0.013149,-0.099372,0.039845,0.230096,-0.083824,-0.004887,-0.090914,0.062676,0.176936,-0.092517,0.011973,-0.039132,0.04911,-0.00867,-0.062271,-0.0
germania,D,-8.545467,2.494811,-3.778846,0.166175,0.519192,-1.236604,0.898016,0.210717,0.190098,-1.216246,0.09439,-0.409642,0.040119,-0.103664,0.245083,0.254955,-0.236611,0.094696,-0.266844,0.51538,0.035704,0.11029,-0.072626,0.120887,-0.188132,-0.382864,0.122289,-0.140341,0.337237,-0.029978,-0.109201,0.132551,0.171079,0.080009,0.191316,0.064134,0.0561,-0.047665,0.050072,-0.11739,0.0
germania,E,-1.067585,6.313762,-1.46556,-4.845315,-0.787628,-0.227298,-2.866491,0.16594,-0.587886,1.666908,2.278267,-2.168216,2.409183,0.691447,-0.690185,-2.377101,-0.211803,1.012412,1.290036,2.003289,-1.882354,-0.495953,0.081727,1.100187,0.5698,0.890664,0.075521,-1.012682,-0.219995,-0.521363,0.036883,-0.211891,-0.050404,-0.56861,0.524913,0.57763,0.647741,-0.269248,0.186007,0.10939,0.0
germania,F,5.829088,-2.420953,0.201945,1.655654,-1.927497,0.403192,-4.21633,-1.691886,-2.707659,-0.08156,2.06812,-2.114519,-0.585252,0.481119,3.582371,3.50021,1.166265,-1.444935,0.199359,0.989258,0.424638,0.865766,1.676659,2.1811,-1.362532,1.214644,-0.132419,-0.659945,0.678019,0.292428,0.265925,0.21263,-0.297081,-1.341011,-0.525277,-0.356083,0.60946,0.198928,-0.021413,-0.110418,-0.0
germania,G,-7.035726,8.797409,-0.73646,0.51624,1.465837,0.892158,-1.315632,1.176944,-0.659519,-0.961593,-1.247824,-0.035797,-0.040236,0.431568,-0.65071,0.391838,0.778363,0.493858,0.079912,0.085647,-0.462476,-0.190734,0.045971,-0.228509,-0.138149,-0.356765,0.346807,-0.034163,0.037406,0.340669,0.103016,0.041355,0.166887,-0.109045,0.048981,0.2523,-0.105042,-0.052431,-0.192176,-0.029878,-0.0
germania,H,-8.258532,-1.152612,7.620779,4.760586,-1.750624,3.003478,-1.696143,1.716345,-1.056197,-0.706794,-0.07708,-2.635318,1.282403,0.397096,0.031922,-1.14523,-0.686953,-0.973835,-2.229392,0.614548,0.333145,0.009905,0.853729,1.168337,-0.263954,-0.090296,0.169562,-0.091313,-0.24976,0.206854,-0.542311,0.769173,0.044048,0.01647,-0.066342,-0.126576,-0.404275,-0.587981,0.059062,-0.352684,0.0
germania,I,-3.456503,1.038433,-0.379824,-0.064124,0.26302,0.478545,-0.23863,-0.106966,0.283761,-0.096327,0.205572,0.28296,0.320878,0.612416,0.253278,-0.018582,-0.131471,-0.181175,0.195493,-0.241352,-0.466503,-0.584244,-1.547846,1.019505,4.1e-05,-0.308492,-0.280057,-0.233777,0.114524,-0.023674,0.007483,0.021729,0.086232,-0.014328,-0.039083,-0.028265,-0.022393,-0.016317,0.009138,0.004934,-0.0
germania,J,-0.61661,-7.881082,0.980672,-2.590205,-2.554476,0.976813,0.036305,-1.195242,-0.632958,-2.045726,-1.183064,0.885123,-2.648784,2.335723,1.270492,-0.047904,-2.944617,-1.097333,-0.78364,-1.131586,0.501844,1.887047,-1.02676,-1.045331,1.253079,0.366894,0.600412,0.551732,1.506032,-0.30942,0.950497,-0.449161,-0.96411,-0.082328,-0.261699,0.287857,-1.51134,-0.948446,-0.379905,0.081363,-0.0
germania,K,3.344887,5.590005,-6.303103,6.397917,2.001882,-5.743424,2.657694,1.449945,0.563519,-3.171537,-1.525661,-0.756124,0.713129,0.898445,0.560572,-0.161498,1.587717,-0.494363,-1.519542,0.181375,-1.217765,-1.238997,-0.702954,0.899053,1.138192,-1.258874,-1.381921,0.25722,-1.09635,1.033639,-0.146317,0.39435,0.031611,0.606361,0.729573,0.225818,0.271443,0.041005,-0.011867,0.320643,-0.0
germania,L,-0.979956,5.744483,2.390471,7.599036,0.525289,-4.112879,-0.468695,-4.941563,-0.182811,0.529502,-1.824455,-1.383334,-0.989132,1.908011,1.92642,0.381712,0.323849,-1.137548,0.159719,-0.185097,-0.28967,0.618332,0.134101,-0.567588,-0.36378,-0.300449,0.067605,0.152708,0.049495,0.064591,0.583507,-0.657166,-0.292017,-0.44313,-0.465612,0.07526,0.17274,0.071106,-0.220417,-0.134153,0.0
germania,M,-1.472028,2.535135,0.751787,-7.933617,1.578189,2.405433,-0.962317,1.061448,-2.917683,-2.22872,1.132132,-2.238861,0.373392,-0.966082,-0.672447,-0.030007,0.00953,1.462746,0.033629,0.793727,0.688213,1.427527,-0.997131,0.351635,-3.208702,-0.535151,0.813,-0.701488,0.289552,0.522229,-0.928218,1.016121,-0.396057,-0.408061,1.222289,1.742505,-0.354787,0.755857,0.805933,-0.659306,-0.0
germania,N,1.805359,10.792089,-4.636802,0.64283,2.63457,4.216476,0.125989,0.381479,-0.508668,-0.964816,-1.406587,-1.311614,-1.551549,0.591765,-0.964294,0.44978,-0.039629,-0.812834,-0.012902,0.957335,0.181086,-0.123066,-0.185088,-0.801699,-0.900465,0.269459,-0.309687,-0.279764,-0.27134,0.792744,-0.15592,0.489092,-0.230327,-1.074061,-0.069222,-0.236911,-0.086856,-0.719843,-0.26053,-0.17923,0.0
germania,O,-7.379162,6.701066,-0.189105,0.272669,0.364133,-0.156257,0.265723,0.343452,-0.027406,0.32209,-0.102417,0.381972,-0.099408,-0.066164,0.226597,-0.076976,0.148122,0.089849,-0.152126,-0.021982,0.028376,-0.030818,-0.195989,0.057294,0.042289,-0.174469,-0.093832,0.091816,-0.162354,-0.022851,0.048946,-0.051344,0.053504,-0.067456,-0.003868,-0.128016,0.003395,-0.007122,-0.021192,0.046393,0.0
germania,P,1.696606,-2.713979,1.433125,-2.147398,-8.05537,-2.864089,0.970029,-0.712389,0.286017,-1.207243,-0.418215,1.555765,0.699179,1.350092,-0.996887,0.520772,-0.274179,1.86813,-0.539259,0.305818,0.944706,0.82871,0.749768,0.938011,-1.272487,0.550066,0.486703,0.58131,-0.312213,0.379935,0.56636,-0.370556,0.218809,-0.406745,-0.616925,1.257987,0.149074,0.065617,-0.241562,0.241818,0.0
germania,Q,-2.212408,-2.990697,6.615808,0.894426,-6.231352,-0.284607,0.080814,-0.335198,-0.457569,1.228205,0.746139,-0.047162,0.062959,1.227576,-0.32141,0.327383,-0.352513,-0.427323,-0.049699,-0.275187,-0.115849,0.012636,0.054254,0.065405,0.28648,0.094455,0.177703,0.27954,0.25247,0.08556,0.048394,0.30209,0.005219,-0.057726,-0.006686,-0.185562,-0.147511,-0.057806,0.083108,0.204948,-0.0
germania,R,-0.791107,2.936507,8.406577,1.046522,-8.253142,0.193061,2.211407,0.038794,-0.539862,1.462952,-1.271445,-0.906342,-0.030167,-0.380231,0.294014,0.355461,0.610231,-0.162756,1.043418,-0.53041,0.801723,-0.119738,0.181471,0.125609,-0.774752,1.2287,0.27711,0.710153,0.32037,-0.386833,0.377728,0.634634,0.927135,-0.357779,-0.129557,0.28776,-0.186098,-0.069749,-0.414093,0.293065,0.0
germania,S,5.80777,-3.397576,-7.588277,0.746158,-2.852352,-2.250113,0.419097,-2.13973,-0.577389,-1.738145,1.91869,0.810617,0.013521,0.217983,0.971371,-0.913904,0.171228,0.395134,0.444628,0.935667,0.054026,-0.710578,-0.944863,-0.106659,-0.71815,0.424945,0.86971,-0.90927,0.884615,1.094574,0.228069,0.046467,0.330096,-0.271151,-0.222395,-0.733786,0.234736,0.738489,-0.212189,0.039566,-0.0
germania,T,-2.272723,3.327642,-4.92728,-0.789243,-1.982972,-1.944659,-2.614019,-0.787602,-0.898124,0.000174,0.880244,-1.933365,-0.261487,-0.201345,-0.720029,-0.708772,2.804098,-1.631012,2.201513,-0.417475,-1.02688,-1.49936,-1.105651,0.126503,-0.148257,-0.21895,-0.08907,0.343542,0.786057,0.037066,-0.837304,0.399587,-0.407368,-0.012392,0.654629,-0.071461,-0.589516,-0.020142,0.305784,1.064771,-0.0
germania,U,-4.129369,7.785057,-1.756141,-4.267789,1.277697,0.914424,0.601563,-0.240375,-0.045099,-0.165088,0.08804,-0.388896,0.297127,-0.055614,0.116847,0.346269,0.547682,0.127428,-0.00834,-0.109255,0.030954,-0.143938,0.040167,-0.034411,-0.460346,-0.388516,0.108556,0.090942,0.037338,-0.061153,0.003333,0.147564,0.049318,0.040858,-0.064812,0.237602,-0.096759,0.154023,0.125517,-0.033486,-0.0
germania,V,-3.876864,8.493699,-4.203532,3.228259,0.028855,1.212484,-1.194533,1.81148,2.383459,1.699557,0.917263,0.401326,-0.078629,0.564678,-0.029294,-0.648054,0.197873,-0.32507,0.373036,0.431568,-0.690306,0.649014,0.807216,-1.248784,-0.501475,0.713536,0.083681,0.524812,-0.441133,-0.189347,-0.338209,0.338177,-0.183108,-0.105388,-0.603826,-0.355512,0.22162,0.086175,-0.060962,-0.031416,-0.0
germania,W,-2.780691,-0.812673,3.486535,3.544946,-2.899522,-1.664575,1.79028,-1.89832,-0.635355,-2.936006,1.490508,-3.048815,-0.121416,-3.276676,-0.700298,2.535313,3.363367,-2.170104,0.845903,-0.580812,0.04527,-0.4337,-0.149193,1.294821,-1.197537,-0.403073,-1.457398,0.298188,1.63771,-0.535443,0.698863,0.619426,-0.040796,-1.16617,-0.372089,-0.709807,-1.758569,-0.959986,1.092577,0.144825,0.0
germania,X,5.699518,4.849957,6.841789,1.422959,-0.27237,-5.025392,3.551374,-1.292656,-1.012678,1.293845,3.537472,-0.010599,0.589942,-0.400233,-0.191778,-0.506569,0.199591,-0.092302,0.582582,-0.273276,-0.26716,-0.148776,-0.112019,0.089398,0.006226,-0.118223,0.008451,0.004816,-0.039403,0.000389,0.009524,-0.006092,-0.017529,-0.002307,0.003035,0.004829,-0.004367,-0.001492,0.000488,-0.000849,-0.0
germania,Y,-1.992428,-1.049964,-1.22535,2.304143,-1.323527,0.155949,1.570022,-0.914871,3.460346,1.842166,-2.219198,-2.066551,2.4583,-1.141493,-1.204587,3.205797,-1.770436,-1.447405,-0.883592,-1.057211,-1.301989,0.333021,0.508364,0.164525,-0.426857,0.669234,-1.298472,-0.946947,-0.896539,1.018778,-1.408306,2.72888,-2.201948,0.256934,-0.831045,-0.534433,-1.42064,0.557232,-1.291441,-0.790707,0.0
germania,Z,-1.054077,-2.42795,5.054792,-1.020125,-2.925968,-3.391181,-0.152839,2.450284,1.69024,-0.529093,-0.404911,1.736231,1.27993,1.144034,0.704237,-1.32087,-1.107185,-0.152956,0.811169,-0.604736,1.348486,-0.67609,-0.305442,-0.83372,0.046456,0.039929,1.601767,1.572746,-0.427325,0.978793,-0.86449,0.082868,-0.027168,0.049414,0.436263,0.403018,0.700408,0.538038,0.641589,-0.26174,0.0
germania,a,-2.1872,3.257507,-2.554263,-4.367418,0.129377,-0.438243,-0.699702,3.46116,-1.529251,-1.10783,0.294275,-0.459558,0.436728,0.660354,1.45251,2.115903,-2.701276,2.511868,-0.356078,-0.3649,0.816133,0.154569,0.304519,2.157674,1.026393,-2.879561,-0.242508,-0.073559,0.203371,-1.544134,0.779148,-1.053956,1.02202,0.576849,-0.942792,-0.042562,0.632178,1.574639,0.387102,0.139329,-0.0
germania,b,0.718052,5.348703,-4.276326,4.490902,-2.764547,4.628993,2.261625,-1.798002,1.096664,-0.973677,-0.517976,0.714518,-1.235113,-0.332485,-1.634929,-0.467581,-0.509078,0.171754,-0.450498,0.04497,0.738702,-0.355173,0.147243,-0.083036,-0.421563,-0.22988,0.513355,0.605607,-0.050228,-0.16743,-0.410944,-0.19641,-0.093674,-0.122496,0.458822,-0.107247,0.113345,-0.073899,0.563038,0.304538,0.0
germania,c,0.347159,1.905778,-1.2404,8.838531,-1.925762,0.27874,1.603811,0.595333,-0.767889,-0.695516,-0.558365,-0.149128,-0.454358,0.044723,0.206276,-0.25825,-0.875407,0.324375,0.090489,-0.381153,0.164859,-0.005445,-0.420548,-0.20148,0.096429,0.001802,-0.177148,-0.048235,0.054088,-0.338591,-0.172608,-0.432975,0.274694,0.037336,0.025078,-0.026361,0.042394,0.123955,-0.30698,-0.10962,-0.0
germania,d,-2.981611,3.79538,-0.710391,-7.756436,1.380994,-1.786012,0.58346,-1.591179,-1.128274,-0.256244,1.722372,-1.417556,-2.039055,1.596029,-0.188412,0.892543,-0.570554,0.38187,-0.963507,-0.366496,0.473609,-0.2939,0.339726,0.143709,-0.056176,0.253473,0.167398,-0.113737,0.756222,-0.223427,0.211946,-0.06381,0.404532,0.059814,0.397274,0.362926,0.086615,-0.244549,0.015177,-0.088968,0.0
germania,e,2.110504,2.00484,9.087091,-2.358877,-4.319899,1.250889,0.860755,-1.967162,1.120238,-0.502529,-1.430718,2.501638,0.2112,0.665729,1.292953,0.676563,-0.805335,0.00774,0.979268,-0.232015,-1.261997,-0.912038,0.282281,-0.855074,1.741117,-0.068251,-0.245873,-0.490974,-0.308239,0.074248,0.639924,0.565226,-0.971764,-0.561742,-0.346122,1.089698,-0.793699,0.215174,0.50894,0.465221,-0.0
germania,f,-1.02134,5.477892,1.98289,-0.806692,-2.430514,-1.069802,-1.595134,1.301763,1.012841,0.137375,-1.700259,-0.152216,-0.869216,-1.170104,-0.935296,0.730229,-1.06531,0.223145,0.853349,1.522534,-0.679905,0.36569,-1.200091,-1.290108,0.226514,-0.851708,-0.926677,-0.602203,-2.115704,-0.14106,-1.039265,-0.726295,-0.667706,-2.765167,0.098867,-0.267081,-0.613258,-0.545357,-2.504293,0.092092,0.0
germania,g,-1.907346,-3.410213,-2.863427,-0.510113,-2.419502,3.692905,-3.687554,3.057809,-0.107918,-4.272395,1.936713,-1.15432,0.582461,0.264666,-0.088941,0.944848,-2.807718,-2.132326,-0.460038,-1.015571,0.957221,2.507071,1.116677,0.292277,1.35471,0.688637,-0.179344,-0.33155,-0.784113,0.374516,-0.616555,-1.43768,-0.453539,-0.471496,-0.073697,-0.285613,0.004058,0.478954,-0.358468,0.577634,-0.0
germania,h,-5.785785,2.500512,1.192777,-5.184275,3.747654,2.607001,3.598435,-0.051951,-1.874741,-2.086229,-1.017935,2.562517,0.128376,0.723473,0.348775,2.557477,0.963882,0.772243,-0.214197,0.16402,-0.185295,-0.222661,-0.683777,0.171335,0.005867,0.178708,-0.462697,-0.154213,-0.422345,0.826125,0.005631,0.258462,-0.478862,0.630793,1.038794,-0.171019,0.188462,0.206843,0.217627,0.038301,0.0
germania,i,-2.8294,3.631746,3.488166,-0.957335,-0.947025,0.653265,1.152593,1.703373,-1.106016,0.587998,0.770918,0.875337,0.79282,-0.679528,1.166998,-0.421401,-1.758194,1.887841,-1.801711,1.317924,-1.177926,0.179761,-1.754886,1.416246,-0.636826,-0.015503,-0.702833,-0.989619,1.151825,0.675068,-0.585081,-0.208784,-0.39619,-0.118225,0.581149,0.251633,-0.012521,0.026952,-0.188064,-0.087291,-0.0
germania,j,2.751612,-4.110635,-0.231782,-1.323245,2.136334,-3.410913,1.43817,0.00929,0.430882,-1.016487,1.298325,1.677115,1.002484,1.990149,3.272735,-0.842154,1.639529,1.149443,0.987655,1.614487,0.262024,1.04699,-0.935953,0.542871,-1.867076,0.765958,0.038763,-0.848428,2.315048,-0.247692,1.300696,0.783503,-0.37096,0.706107,0.727793,0.195088,-0.420287,0.187084,0.315114,-0.513935,0.0
germania,k,1.762503,-2.517876,-0.364568,2.509297,0.715987,3.463966,-2.353575,4.140134,-2.733843,-0.801801,-5.840967,-1.702603,-0.589055,-0.612808,1.692788,-0.629879,-2.10591,0.241351,0.482069,3.028355,1.699367,-1.343919,1.602718,-0.526539,-1.230502,0.74389,-0.004311,0.83594,-0.023093,-0.380061,-0.249296,-0.295554,0.273217,-0.042099,0.60322,-0.331487,-0.084732,0.181366,0.173619,0.030843,-0.0
germania,l,3.397763,-0.706397,1.423825,-0.125719,-0.201042,0.692028,0.037845,-0.019985,0.139175,-0.098663,-0.699915,-0.511172,0.62178,0.004521,0.320334,-0.546396,-0.201689,-0.541202,-0.38238,-0.422253,-0.413864,0.322711,-0.6792,-0.316962,0.552229,0.547985,-0.680509,-1.19538,-1.841886,0.471879,0.213004,-0.175926,-0.079884,-0.019692,-0.003103,0.004588,0.002186,0.002517,0.002892,1.8e-05,0.0
germania,m,-6.731966,2.363401,-2.865837,2.033994,7.021413,-1.00974,0.847214,0.660891,0.867457,0.431988,-0.291307,-0.479959,-1.48509,0.874195,-1.830049,-0.251318,-1.391274,0.047334,-1.865534,2.090189,-0.454121,0.306303,0.327505,0.51144,0.233872,-0.378129,0.55937,0.865107,-0.696672,-1.004342,-0.135258,1.084262,-0.831191,-0.074711,-0.372113,0.681019,0.013191,0.386439,-0.210666,0.060755,-0.0
germania,n,-5.279111,-2.068802,3.962967,7.631844,0.478888,0.054397,0.111984,-0.229904,-1.812949,0.382437,-0.092403,-0.618846,-0.601814,0.267963,-0.582974,-0.599621,0.455452,-0.113866,0.149381,0.064575,-0.159938,0.726116,-0.412057,-1.065404,-0.484772,0.029458,0.1912,0.135651,-0.453391,0.12773,-0.051893,0.498051,-0.184112,-0.132693,-0.376064,-0.04738,0.088729,-0.160105,0.064649,-0.091931,-0.0
germania,o,-8.68278,-3.410828,1.138732,-0.548273,-0.364476,0.050315,-0.577495,0.970903,-0.143788,-0.415622,0.413927,0.156731,-0.95886,-0.266146,0.375042,0.109168,-0.205432,-0.019965,-0.364772,0.17542,0.1005,0.019775,0.130596,0.597212,-0.237731,0.121589,0.267225,-0.031052,-0.079064,-0.17148,-0.053431,-0.03492,-0.090963,-0.052286,0.096943,0.156659,-0.030517,-0.163763,0.046349,0.087312,0.0
germania,p,3.973717,2.885429,7.538216,-2.580689,-2.313946,1.681791,0.457681,-0.103067,-1.155551,-1.734289,0.956051,-1.518136,-0.466845,1.628284,0.183993,-0.712284,-1.418552,-0.963469,-1.013633,-0.383601,0.441219,-0.815545,-0.620651,0.444272,-0.215284,-0.152432,1.03075,-0.176881,-0.472121,0.233186,-0.087323,-0.674854,0.426311,-0.212535,0.112936,-0.1583,-0.09401,0.427367,-0.258213,0.385426,-0.0
germania,q,7.30343,-1.151189,-4.333418,6.780761,-1.494418,3.27972,-0.242068,-0.248591,1.081607,0.184543,-1.476016,0.273375,0.606964,-0.297511,-1.280935,0.041101,-0.599405,-0.688983,0.35891,-0.167638,-0.451299,-1.348862,-0.932022,-1.154535,-0.134225,0.233079,0.600502,-0.131358,0.010262,-0.070336,-0.359162,0.123039,-0.064976,0.328607,0.213793,-0.075017,0.277826,0.209421,-0.531209,0.069333,-0.0
germania,r,-3.287482,0.844229,3.425313,2.100398,-1.221932,0.796816,0.276118,-0.27102,0.719197,1.563837,2.022297,-0.467663,1.420499,-0.623219,-2.504997,2.680323,-0.498732,0.174239,1.094755,0.312472,-0.71092,-2.289702,0.228507,0.13422,-1.978611,-0.002355,0.807622,0.893558,-0.527499,-2.679256,-0.69488,-1.990377,-0.663295,1.03082,0.868796,1.379804,-0.999578,-0.209276,-0.331579,-0.166769,-0.0
germania,s,-4.645857,-2.395291,0.689513,-5.078564,-2.804829,-2.45996,-0.643353,-2.671948,-2.72681,0.645029,2.525059,1.173886,-0.08275,1.350582,-0.27488,0.772269,0.779294,0.239714,1.314146,-0.501767,-0.350223,2.103194,-1.776121,0.588854,1.805041,-0.183793,-0.991933,-1.254825,0.074978,0.094637,0.686834,-1.248363,0.754057,0.721006,0.711809,-0.706405,-0.137371,0.108834,0.316264,-0.676475,0.0
germania,t,-3.762106,5.26422,0.233899,2.155843,1.098651,-1.534357,1.275882,1.897634,-1.533678,0.372807,-0.472288,-1.576091,0.601577,-1.650243,0.871389,-0.633674,-2.911773,-0.675057,0.381457,-0.891739,-0.920333,1.336836,0.396854,-0.538757,0.954273,-1.657197,0.696812,-0.26139,1.350046,2.294944,-0.682671,1.738359,0.908269,-0.536415,0.580618,1.11913,-0.925855,0.825805,2.147349,-1.780671,0.0
germania,u,-5.367987,-3.38835,8.934543,-0.172921,-0.948478,-1.66477,0.583563,0.700447,-0.603174,-0.130981,0.197305,0.775335,-0.000843,0.387393,-0.004428,0.659423,0.181205,0.83291,0.278524,0.019058,0.228288,-0.083255,-0.531193,-0.205198,0.192249,-0.35243,0.375216,-0.175555,0.137564,-0.21929,-0.07153,-0.180181,0.082008,0.208397,-0.230716,0.164014,0.011314,-0.024742,-0.07076,0.131893,-0.0
germania,v,-1.981119,7.3686,-5.63728,-2.533758,-0.207112,2.664311,1.833991,0.454434,-1.078706,1.224161,-1.195277,-1.53925,-2.305093,-0.796027,-0.825588,-0.105813,-0.395823,-0.48144,-0.46482,-0.654835,-0.74423,1.132812,-0.423583,-1.719051,1.021811,0.384277,0.910134,-0.252941,-0.747718,0.16826,-0.270861,0.387719,0.736304,0.058093,-0.304803,0.579319,-0.145777,-0.485955,0.318102,0.437983,-0.0
germania,w,-0.596993,-4.49895,3.087944,1.172926,1.398821,-0.733102,1.311225,-1.993387,4.500906,2.408184,-1.078699,0.886162,0.380649,0.199095,3.773568,-1.157563,-0.487568,0.762514,1.942722,2.193318,-0.113981,-0.836305,0.380866,1.085882,-2.785708,-0.08504,-1.011271,-1.823966,0.175364,-1.218602,0.127002,1.702314,1.643829,0.990608,0.371937,-0.739904,-1.172076,0.923603,-0.435948,0.737858,0.0
germania,x,3.525415,-4.176723,1.052205,2.505311,0.739139,0.411644,1.51734,0.135008,0.675593,-1.464825,-0.025761,-0.507707,2.970907,0.208899,0.686121,-2.213622,-1.381975,-4.016071,-1.258891,-0.021027,-0.957148,-0.090955,-0.02585,0.254164,-0.429818,-0.08969,-0.062266,-0.047877,0.042875,0.000621,0.004083,-0.00518,-0.022507,-0.01896,0.012416,-0.001143,-0.001442,0.001747,-0.004157,-0.004255,0.0
germania,y,-4.308431,3.867108,1.743226,1.433676,-7.026364,5.462224,-0.440527,3.19571,-1.073361,-0.776342,3.856125,-0.514928,-1.085176,-0.275914,1.208869,0.43513,-1.03079,-0.532915,-0.551939,0.710065,1.287728,0.530507,-0.294172,-1.290888,-0.569084,-1.320396,-0.135412,0.140163,0.312707,0.082788,0.096324,1.002376,0.276636,-0.422348,0.106468,1.014053,0.1314,-0.957106,-0.087905,-0.32721,0.0
germania,z,-1.751194,-3.202087,-3.308536,-0.114697,-2.185431,-0.981165,1.217314,2.143018,2.341415,-1.89699,1.831951,0.126418,0.700635,-0.561854,0.580146,2.072316,-0.991367,1.069418,1.238793,-0.112028,-0.258615,-1.213985,0.503811,-2.66582,0.788972,0.125119,-1.783596,-0.332499,0.697199,-0.538381,0.580976,1.218759,-0.759189,0.516342,0.688645,-0.416631,0.501856,0.125221,0.68289,-0.246312,-0.0
glassantiqua,0,0.355225,-0.024118,0.170653,0.578332,-0.044046,-0.156342,-0.443302,-0.169484,0.616416,-0.358416,0.845966,0.30445,-0.026357,-0.098816,-0.489719,-0.592712,0.541951,-0.637836,0.242384,0.634692,0.523295,-0.05958,-0.483533,0.862989,-0.199047,-0.251686,0.303702,-0.792786,-0.578524,-0.834013,0.836815,-1.370307,0.48328,-0.570607,0.154831,0.57064,1.260148,0.377091,1.152147,-1.330738,-0.0
glassantiqua,1,1.962253,-3.183121,0.800992,-0.818164,-1.436114,4.842116,3.153546,0.345013,4.543311,-2.365799,2.142328,-0.505604,-0.725738,-0.186384,-2.569729,1.953276,0.674009,-0.751712,-2.045697,0.170918,-0.100812,1.687667,-1.304524,-0.96206,0.679765,-0.373525,0.255193,0.37035,-0.563429,0.738279,-0.124603,-0.497039,-0.335089,0.139403,-0.061199,0.022268,-0.041021,0.10863,0.084881,-0.003958,-0.0
glassantiqua,2,2.603153,0.985666,3.42748,2.07977,0.746209,0.536533,2.9867,0.69134,0.101622,0.563738,-2.785444,0.78871,-0.372319,-1.659913,1.310905,2.170602,3.349149,0.116215,0.12091,0.141769,1.889398,1.235524,0.657365,-0.382428,-1.462413,-0.446696,0.827353,-0.923759,0.939206,-0.528642,1.281847,-2.305402,1.241019,-1.153818,0.350673,0.036197,-0.203571,-1.021034,0.981976,-0.524875,-0.0
glassantiqua,3,-2.266875,0.943533,1.336674,-0.943317,-0.916444,0.725207,-0.717918,2.103619,-0.47864,-4.137411,-0.889263,0.570307,-1.313103,2.288088,1.976548,-1.471047,-1.328488,-0.063428,2.205645,0.559703,-0.237663,0.855644,1.79404,2.69492,-2.048484,1.65948,0.948906,0.299252,-1.054398,0.225352,-0.636311,-0.790487,0.315948,-1.20228,0.984927,-0.541331,1.728137,-0.982245,-0.699396,0.980769,0.0
glassantiqua,4,1.708544,0.725278,-2.792873,2.034767,0.008339,-3.079149,-1.462375,-2.892988,-1.949751,1.179317,0.828044,2.191183,-0.66824,-0.735312,0.376017,-0.941896,-0.058582,-0.541366,1.137842,-0.450913,1.584378,-0.716787,0.506252,-2.919619,-0.934224,0.791753,-2.703474,1.504045,-0.096585,0.153302,0.645701,1.493016,0.291259,-2.261104,0.777371,-0.070253,0.595344,0.754809,1.237054,1.71355,0.0
glassantiqua,5,0.275039,-0.176557,-2.151054,1.448293,-1.837287,-0.828742,-1.750941,1.423842,-1.671001,0.168928,-0.906556,-0.306087,0.048395,1.204195,2.325619,-0.024765,-1.199907,0.680559,1.913336,1.748912,0.112401,-0.95784,-0.123884,-1.447871,1.501886,-1.696552,0.391115,-1.720518,0.632283,-1.419173,-1.573151,-0.226274,-2.405142,0.13179,0.09354,1.57936,-0.032108,0.5764,1.496009,-0.289472,-0.0
glassantiqua,6,-2.527621,2.910748,-0.016234,-1.289289,0.540157,-0.991421,1.361331,-1.188112,2.841957,1.513489,-0.495477,-0.938074,-1.658079,-1.195652,-2.526463,-2.591979,-1.17492,-3.046171,1.600339,-0.137199,-0.435136,0.040751,-2.046692,1.020578,0.37852,0.326268,-2.437434,0.209768,1.658313,0.170921,0.377776,-0.748098,0.289286,0.061813,0.462694,-1.16372,-0.190607,0.554937,-0.846291,-0.329757,-0.0
glassantiqua,7,-8.514353,-14.887161,3.9289,-3.742784,-1.950211,0.522027,0.11061,0.177743,-0.040464,-0.07942,0.59439,0.01778,0.285817,0.412369,-0.114625,-0.385189,-0.155307,0.078563,-0.160164,0.087156,0.062786,0.581367,-0.148869,0.42226,-0.082534,0.058707,-0.309263,0.172444,-0.158768,-0.154573,-0.102943,0.02616,-0.1296,0.154241,-0.062465,0.181523,-0.002551,-0.254218,0.005147,-0.069842,-0.0
glassantiqua,8,-1.635541,-2.82446,-1.661203,-2.003828,-1.561691,1.086973,0.273102,-0.212013,1.957189,3.836371,0.582891,1.015857,-1.167552,-0.660893,0.328885,-0.227499,1.033979,-0.526114,1.838551,-0.396936,0.801448,-1.588411,0.422594,-0.30976,-0.415132,-0.951412,0.059538,1.00355,-2.2198,1.578331,0.306984,1.0106,0.773527,-0.370491,-1.957212,0.777055,-0.324167,1.640399,1.471725,-1.801429,-0.0
glassantiqua,9,-4.001936,-2.647224,-1.119052,-2.367707,2.257553,0.861697,2.515768,1.60526,0.014178,-3.729418,-0.126428,1.314207,-1.211304,1.631195,-1.733617,-0.973279,3.113809,0.190273,-2.398696,-0.322434,-0.022937,-0.50561,-1.782028,-0.239582,-0.054319,-0.569464,0.677087,-0.349804,-1.573677,0.106278,0.173033,-0.082435,1.255317,0.442233,-0.135693,0.4553,-0.721281,1.120889,0.341575,0.506368,-0.0
glassantiqua,A,-0.755357,-3.847966,1.628964,-1.756491,1.035141,0.743306,1.002614,0.154927,1.371805,0.858185,0.954332,0.303234,-1.231508,0.685144,-0.496468,-2.935097,-0.41211,0.762012,-1.422902,0.657642,1.919565,1.764582,-1.452044,-0.586786,-3.563249,-0.649267,0.655639,-0.789918,-0.059955,1.715341,1.369789,0.441423,-1.070333,-1.278095,-0.62894,0.902228,-0.792831,0.80644,-2.799389,-0.884022,0.0
glassantiqua,B,2.653015,2.828317,0.901353,-0.368776,-1.783941,1.107093,-1.954938,0.530796,-0.065385,-1.534422,-0.582528,-1.262987,-0.01261,1.02872,-0.722287,-1.008493,-0.292826,-0.404359,-0.406938,1.709052,0.893684,0.737245,0.254134,-1.190598,-2.546602,1.663828,-0.505039,1.460166,-1.359732,-1.719876,0.292195,-0.444336,-0.53415,0.932555,1.802982,1.006813,0.02304,-2.312337,-0.534891,-2.050739,-0.0
glassantiqua,C,2.482746,3.387083,-0.38893,-2.08847,-2.649274,0.243757,0.450775,-0.67778,1.267578,0.616287,-1.833265,-0.445387,1.339582,-1.250805,0.008924,-0.528865,0.492087,0.09643,0.590829,-0.055329,0.666151,0.461814,0.28492,1.018794,1.44641,0.172653,0.283328,0.132654,-0.73367,-0.428518,0.327559,-0.094037,0.314483,-0.132059,0.200202,-0.330425,-0.154636,-0.087469,-0.13172,0.562537,-0.0
glassantiqua,D,-0.14244,0.535557,-0.239342,-0.272536,0.734642,-0.708826,0.213478,-0.565466,0.611871,0.989661,-0.390133,0.56869,1.03473,-0.110508,0.042422,-0.30486,-0.062226,0.623325,0.825862,1.149238,0.649412,-0.333547,1.110505,0.203627,0.211735,1.091288,-0.617945,1.434357,-0.840749,0.486796,-0.375966,0.148984,-0.500909,0.572229,-1.196936,-0.620173,-0.136244,0.939097,0.604307,-1.019161,0.0
glassantiqua,E,-2.673068,-0.268673,-5.732046,0.178351,0.195382,-3.708535,1.777908,-0.292218,1.0216,1.870107,1.904911,0.062723,-0.034031,-1.710705,2.461078,0.182531,-0.28177,-0.789206,2.332459,0.954147,3.418909,0.594744,-0.355597,-1.957106,1.062301,-0.149275,0.394618,-1.438563,0.469731,0.723653,-0.754224,0.698305,1.103574,-0.360816,-0.28725,0.131975,-0.179189,0.33849,0.162548,-0.147341,0.0
glassantiqua,F,5.282109,-4.85607,6.202817,-7.982212,-4.181028,-0.557217,-1.154808,0.685524,2.890339,0.221055,0.749564,0.027174,2.002201,-2.080448,-0.479267,0.509935,-1.078593,1.24529,-0.402761,-0.247544,0.018381,-0.179838,0.288187,-0.683465,0.777872,-0.266433,0.036852,-0.525984,0.228711,0.175864,0.285803,0.504545,0.710704,0.034482,-0.008977,-0.101108,0.086105,-0.567512,0.06207,0.05229,-0.0
glassantiqua,G,1.146759,0.493984,2.455873,-1.94133,2.59284,0.051003,0.629035,-1.365293,-0.698696,2.673854,-1.895134,-2.457361,0.033828,-0.681151,0.245198,-1.623813,3.113378,-2.206957,0.702289,-0.194188,0.684995,0.813124,-0.160117,0.882334,0.858208,-0.330919,1.198343,0.420693,0.114049,-0.130889,0.559354,-0.521332,-0.319485,0.076777,0.208663,-0.451055,0.024434,-0.109102,-0.255826,0.046439,-0.0
glassantiqua,H,-4.733044,5.424542,3.932996,-2.190192,2.720462,0.254926,-1.069648,0.05298,1.457853,0.887651,1.417746,0.398781,-0.432455,-0.533729,-0.637832,-0.462004,0.754265,2.749797,2.062137,-1.991403,-0.695517,1.264082,-0.285175,0.269488,-0.299953,-0.031582,-0.314004,-0.727584,-1.260952,1.556281,0.836401,-1.166187,-1.835544,-1.575417,-1.254875,0.723338,1.613527,-1.192856,-0.161543,-0.595606,0.0
glassantiqua,I,0.234719,-4.451253,-4.567777,-2.078815,-0.445818,-1.843803,2.405785,-0.468914,-1.547862,4.181544,-1.652151,-2.483994,-0.205365,-0.822351,-1.528445,0.131948,0.593387,1.35531,-0.66966,0.027735,-0.148083,-0.100939,-0.174114,0.040298,-0.004288,-0.007183,0.00112,0.003471,-0.008933,0.000946,-0.000585,-0.001371,-0.001415,9.5e-05,0.000168,0.000927,8.3e-05,0.000162,7.2e-05,1.9e-05,-0.0
glassantiqua,J,-6.972685,1.928982,-0.644567,1.739759,1.537905,2.825552,1.347305,1.369034,-1.658566,-0.324791,-2.719121,1.156409,1.024527,-0.454705,0.301673,0.614739,-1.551353,3.478926,-1.726727,1.973489,-0.778229,-1.992217,-2.467531,-1.976478,0.071849,-1.061232,1.507449,-0.290023,-0.563682,0.984901,0.341249,-0.028122,-0.174965,-0.043868,0.143564,0.046277,-0.387522,0.115695,0.533643,-0.134484,-0.0
glassantiqua,K,-5.298761,2.003514,-3.687391,-0.735649,-0.306874,-4.540267,-0.846876,1.579634,-1.062892,-0.107546,2.563206,4.113023,0.269245,-3.186722,-0.361731,-0.415543,-1.131153,-2.466435,3.166137,0.622473,3.10228,1.737962,0.841148,0.93876,-0.067042,1.367851,0.261778,1.041989,0.907449,0.831737,-0.797199,-0.463574,-0.653168,-0.716305,0.493037,0.774997,0.136812,-0.081066,0.18183,-0.11143,-0.0
glassantiqua,L,2.954872,0.311761,0.746746,-1.017249,0.692301,0.570202,-1.532146,-0.427889,1.180653,0.096989,2.005556,-0.547791,-0.810566,-1.348921,2.684015,-0.068294,-1.353836,-1.677569,-2.984382,0.159873,-0.590881,2.349668,0.751378,-1.783267,0.272438,1.944922,0.34327,1.165024,1.234471,-0.294265,-1.03235,0.907198,1.182355,-0.488634,0.607853,1.014313,-1.674218,-1.295441,0.721453,0.713254,0.0
glassantiqua,M,-9.106219,1.123212,0.871244,1.411751,-0.015533,-2.566722,0.69638,2.188851,0.105316,-2.239344,1.154878,-1.466984,-1.619797,-0.790894,-0.73185,0.241854,0.988921,0.416008,1.043447,-2.507761,-0.1267,0.66999,0.930931,-1.013663,1.82459,0.261354,0.904055,-0.823709,-2.004499,1.929827,1.826238,0.963342,-0.205104,1.03367,1.653958,1.023889,0.080391,1.263841,-3.191861,-0.526858,-0.0
glassantiqua,N,4.314911,0.823932,-0.911874,1.641108,-2.865397,-0.69703,-2.130715,0.820352,3.323977,-0.270973,-0.184653,0.469864,1.217534,0.300537,-0.595731,-0.574577,-1.205064,1.402352,1.969932,-0.706953,-2.305581,-1.75952,0.20358,0.100232,-0.607044,1.272154,-1.134311,0.578221,1.668744,0.803315,1.744975,0.85272,-1.99987,-0.125144,-0.957405,0.008986,0.171372,-0.507939,-0.257336,-0.231064,0.0
glassantiqua,O,-0.149666,-0.363573,-0.343139,-0.000371,-0.212203,0.307832,-0.478158,-0.526728,0.606245,0.059257,-0.131925,0.527287,0.12383,-0.280426,0.210607,-0.178632,-0.574719,0.035919,-0.204855,0.205591,-1.17473,-0.44866,0.744513,-1.01594,0.426265,0.075727,-0.367104,0.697574,-0.510789,0.502272,0.425332,-0.55957,0.384998,-0.483418,-0.432708,1.038108,0.732577,-1.084722,-0.629946,0.647877,0.0
glassantiqua,P,0.879991,-0.300283,0.93813,-0.357578,0.309335,0.319428,-0.700055,-1.380629,1.31599,-1.313963,1.926813,1.758566,0.819473,-1.826625,0.717453,-2.586284,0.404994,-0.331849,0.598904,0.756338,1.114807,2.839094,-1.377301,-0.579926,1.830231,-1.164424,-0.061633,-2.119799,-0.039736,-0.816905,0.840213,-0.241352,-1.674685,1.486346,-1.156604,1.128634,1.149475,-0.570647,0.075127,1.071933,0.0
glassantiqua,Q,4.454976,-0.939881,0.291401,-1.754114,-0.233292,1.971728,1.555749,2.883297,0.495883,0.665539,0.907742,3.908471,0.416978,0.142322,0.082559,-0.819286,0.072438,1.889185,0.868048,0.020696,1.136201,-0.991274,-0.176278,0.860432,0.031387,0.20903,0.290207,-0.200299,0.081327,0.614551,-0.073945,0.385278,-0.23299,0.479299,-0.022976,-0.223461,0.062551,-0.200125,-0.046413,-0.398173,-0.0
glassantiqua,R,1.948383,0.716668,3.384025,0.181521,-1.598917,-1.717019,-2.398801,0.927024,1.003012,-2.266721,0.679016,0.904492,2.577187,1.876244,-3.964899,0.963795,0.089553,-0.187563,-1.538616,0.552737,-0.26825,0.405767,-0.78786,-0.851608,-0.012544,-0.640774,-1.627172,1.028368,-0.114185,0.335663,0.691181,-1.027389,-1.887533,-0.470129,-1.328831,-1.615969,-0.190123,0.410252,1.402128,-0.054135,0.0
glassantiqua,S,2.453405,-1.634904,2.980818,4.801494,-0.164174,-1.887586,2.653504,1.583108,-0.600736,0.04416,2.725337,0.176544,1.085627,-0.194011,-3.753829,2.443936,-0.814744,-0.548488,1.783456,0.360337,-0.835192,-0.697191,1.103348,-0.21571,-0.802774,-1.172387,-0.527519,-1.603271,-0.955546,0.303779,-0.167627,-0.489726,0.869972,-0.644674,-0.091405,-0.633326,-0.290606,-0.276612,-0.067353,-0.071378,-0.0
glassantiqua,T,-1.188905,5.264951,-0.293393,1.775839,4.519345,0.432539,3.671437,-3.666122,0.138043,1.027544,0.710417,1.195793,-1.77131,-0.018524,1.586484,-0.961942,0.401544,0.335977,0.9584,-1.023906,0.637127,0.709978,-1.36543,-1.083598,0.321663,-0.861872,0.048174,-0.013631,-0.599188,0.311458,-0.124242,0.319676,-0.203885,0.134789,0.094181,0.059574,-0.131996,-0.271679,0.038375,0.746646,-0.0
glassantiqua,U,-1.009839,-1.194518,-1.010154,0.484456,1.144057,-0.767538,-0.0221,-0.380914,0.867284,-0.257494,0.38339,-0.185396,-0.037401,0.2994,-0.400796,0.315275,0.531285,0.357296,-0.499076,-0.087292,0.967579,0.180093,0.637377,-0.911354,-0.325365,0.191273,-0.666108,-0.625678,0.844518,-0.774741,-1.05878,-1.503182,1.326644,-0.054229,-0.201005,-0.177377,-0.793711,0.403103,1.026163,-1.018679,-0.0
glassantiqua,V,-1.228057,0.841291,-0.898772,-0.732246,0.590633,0.702105,-0.863222,-0.462597,1.021988,-0.074132,-0.200937,0.228976,-0.571902,0.001093,-0.698797,1.916901,-0.595955,0.159781,-0.351301,-0.475779,-0.208466,0.874811,1.469478,1.803911,-0.25788,-0.10294,0.498926,-0.676182,-0.111525,0.46706,0.085527,-0.852264,-0.820173,1.853409,2.624565,0.471041,-0.10576,1.113301,-0.484261,2.097863,-0.0
glassantiqua,W,-2.185598,-5.271378,-0.137758,1.626127,-0.514033,-1.865915,0.814907,-1.124567,2.201471,-1.159088,1.383939,-0.535217,-1.27838,-0.969169,2.096716,1.670045,-1.239971,1.141857,0.457028,2.377589,-0.835581,-0.946966,0.565972,-2.687373,0.470472,0.197565,-2.22014,-1.217341,0.075298,0.141917,0.347609,-1.197979,2.949483,2.660529,1.673244,0.760144,1.597435,1.531286,-0.096335,0.205104,0.0
glassantiqua,X,5.885965,6.485063,-1.703606,-7.244192,0.690413,0.027028,-3.926959,0.415258,-1.413692,-2.752996,1.858198,1.34099,0.182158,-0.94188,-0.897386,0.210479,0.330338,-0.020337,0.853576,0.131608,-0.205188,-0.154757,0.347891,-0.160146,-0.047692,-0.083079,-0.014541,0.013194,-0.028238,-0.016474,0.005054,0.000506,0.010211,0.004832,0.002852,-0.002318,0.001306,-0.001164,-0.001081,-0.000542,-0.0
glassantiqua,Y,0.102985,-0.427407,0.353217,1.417103,1.311653,-2.314379,-1.916611,-0.469648,-1.433228,-4.253311,0.402929,2.948432,1.132381,-2.465903,1.305434,0.296179,1.14208,1.264271,1.787546,1.172168,-1.500133,-0.4451,1.895164,-1.971437,-2.643266,-0.132928,-0.525734,1.200346,2.006144,0.384445,-0.624208,1.520838,-1.146367,1.566406,-1.87228,0.066582,0.873455,0.799603,-0.234253,0.141421,0.0
glassantiqua,Z,-9.524144,-1.10383,0.935374,-2.821527,4.515419,3.400253,1.457678,1.907012,3.003503,-0.530383,-0.300984,-1.409343,-0.329862,1.286238,-0.809107,-1.427216,0.132333,0.024089,0.49299,0.3533,-0.671317,-0.657976,0.250504,0.112635,-0.192633,0.637142,-0.512637,0.665322,-0.489623,0.146425,0.125885,0.417913,-0.276618,-0.12301,0.001987,-0.043496,0.23439,0.027153,-0.276777,0.31269,0.0
glassantiqua,a,-5.703123,0.234976,0.608043,-0.602553,1.710865,-0.485186,-1.080209,1.48619,0.957599,0.545242,1.885825,0.917369,3.435755,-0.310814,-0.183128,-1.558499,2.589895,-0.128421,-0.519863,0.555524,-1.402559,1.897207,-0.301105,-0.552049,-1.841957,-1.178244,-1.07037,1.144038,0.015654,1.391304,-0.008888,-1.623275,2.132769,1.287561,-0.856386,0.351333,-2.327256,-0.197795,-1.183553,-0.835104,-0.0
glassantiqua,b,-4.050398,0.467874,2.799238,-0.085733,-0.252269,-0.487264,-1.194169,0.859155,2.017136,0.101189,-1.246059,-0.532524,0.056316,-0.045176,-0.270767,-1.310451,0.087458,0.197295,1.532853,-0.899486,2.320568,1.742836,1.13683,0.361132,-0.604343,-1.155668,-0.461158,0.590772,-1.206633,-0.461614,-0.870628,-0.481859,-1.695671,0.750215,0.553386,0.44839,1.133786,1.925472,0.615551,1.348628,0.0
glassantiqua,c,1.498468,1.694194,2.332118,-0.246608,0.23869,3.710458,1.735028,0.809826,1.511729,1.434127,-1.880536,1.786188,1.010686,-0.141302,0.198045,1.440459,1.235419,0.639154,-0.852384,-0.424839,-0.366241,-0.313594,0.373599,0.257016,-0.797851,-0.360216,0.513982,-0.283473,0.824522,-0.081973,-0.78016,-0.029743,0.607533,-0.590042,0.116931,-0.534336,-0.143515,0.214352,0.274409,0.643776,-0.0
glassantiqua,d,-0.91842,-0.401871,0.745144,0.662595,-0.486467,0.893224,0.938101,0.299835,-2.481338,-0.078184,0.015817,0.771035,-0.750338,0.148401,0.944739,0.795687,1.661818,-0.852969,1.051391,-1.15088,-2.427599,0.779429,1.486771,-0.128116,0.554392,0.899284,0.773598,1.834202,1.938961,-0.338279,1.710774,-0.066524,-0.033622,-1.084888,0.073277,0.371574,-0.618504,0.142522,1.041,2.059113,0.0
glassantiqua,e,-7.355637,1.516418,0.327278,-0.125061,-0.765554,-1.59456,-0.521396,-0.404222,0.52559,-0.650987,1.048046,-0.153236,-0.132329,0.366672,0.304832,-1.781437,0.419313,-0.64189,1.380255,-1.673118,-0.805621,1.53415,-0.627182,0.987967,-1.734301,-2.45426,0.856232,-1.485677,1.230484,0.307453,0.782319,0.006548,1.302277,-0.516587,0.930934,1.181669,-0.855623,3.404326,-1.64626,-0.336895,-0.0
glassantiqua,f,2.435416,-0.175187,5.786166,2.031895,-7.819751,4.083783,1.945435,-1.199025,1.687233,4.216548,4.717924,-1.328397,0.45434,0.75353,2.438002,-0.24784,-0.639803,-0.335312,0.052189,0.000552,-0.471573,-0.449253,0.168067,0.548184,0.716974,-0.123052,0.106603,0.659474,0.486113,-0.257555,-0.34762,-0.057249,-0.190528,-0.200986,-0.168132,0.038075,0.043158,0.058114,0.000667,-0.008553,0.0
glassantiqua,g,3.839084,2.476443,-1.741653,0.542286,1.503093,-1.499301,0.676316,2.188948,0.242886,0.977506,0.561285,-0.759374,-2.036904,1.499423,-0.231266,0.613496,-1.816326,-3.381681,-2.579078,-0.460338,-0.230719,-1.41443,-0.723735,-1.412337,-0.119386,1.341585,-2.417326,1.604659,2.480689,0.230656,-0.340366,1.374405,1.662606,0.046687,-1.828651,0.003223,1.148406,0.329424,-0.119641,0.967762,-0.0
glassantiqua,h,-1.659574,1.303552,-0.095216,-1.889823,1.685329,-2.024144,0.259922,-0.9339,0.451857,1.297249,1.070225,0.035903,1.72272,-1.325555,-1.394741,0.387797,-0.184682,1.354285,-1.088769,-0.844545,0.017485,1.811458,0.839921,0.413565,-0.67056,1.973861,0.704085,0.281221,-1.002594,1.42366,-1.663844,-0.705994,0.854804,-1.979362,-2.894631,-0.368231,0.138238,-0.565603,0.786705,0.252677,0.0
glassantiqua,i,1.982988,-4.189386,-1.251886,0.979312,0.410481,1.014524,2.820106,-0.282403,-4.502472,-2.559165,-1.574982,-2.491126,0.814299,0.350862,-1.996331,-0.311641,-1.644779,1.16549,1.453523,0.322177,-0.689021,0.575058,0.299837,0.496336,-0.080314,0.536389,-0.062843,0.258186,-0.247166,0.351586,0.055563,-0.080742,0.071949,0.060285,0.069929,-0.162656,0.089493,0.006111,-0.076584,-0.00824,-0.0
glassantiqua,j,4.51478,-1.158556,2.541132,-0.056779,3.068772,-6.215519,-2.082817,-4.226559,0.654488,-0.92033,0.521559,-2.484411,-2.36491,-1.525621,-1.818559,0.620719,0.992217,-1.848638,1.095054,-1.308969,-0.765462,-0.475075,-0.249274,0.465245,-0.432592,0.661615,0.269668,0.113193,-0.226488,-0.097173,-0.435176,-0.158925,-0.068304,-0.368366,-0.026215,-0.091184,0.04506,0.052796,-0.142135,-0.170478,0.0
glassantiqua,k,-2.44233,-3.711917,2.326753,0.376524,1.815467,-6.084792,-4.563006,0.863009,0.771675,1.659291,2.302701,1.910498,3.635376,-0.304076,-1.009633,0.108524,-3.292789,3.032511,0.684887,1.268767,0.239675,0.196742,1.46244,0.862575,-0.064063,0.31139,-0.263307,0.493519,0.023179,-0.893015,0.066988,0.525299,-0.54533,-0.446932,0.409272,-0.176144,-0.179168,-0.571334,0.172084,-0.144559,-0.0
glassantiqua,l,-0.600572,-1.143439,-2.612984,2.577203,0.485711,3.643946,-0.682603,-4.294483,-1.791314,-1.35717,-0.526974,-0.951527,-1.826686,-3.297931,0.557199,1.398133,-0.343197,-0.006392,0.212505,0.51887,1.147959,-0.506342,0.654795,0.249543,0.309429,0.122789,0.188963,-0.067488,-0.112484,0.017974,-0.006192,0.015723,0.007473,0.003601,-0.001112,0.000867,0.000612,-0.000654,-4.1e-05,-1.5e-05,0.0
glassantiqua,m,-1.053533,0.048688,-0.604067,2.885803,-2.253164,0.247839,2.929188,0.894555,0.846222,-0.649659,-0.426429,-1.70099,1.749399,-0.197073,-0.764973,1.407126,-2.230275,0.46177,0.830069,0.533733,-2.072879,-0.882002,-0.334569,1.168293,1.956609,0.209813,-0.424781,-0.991424,-1.589258,-0.244091,-2.082314,-0.156173,1.629886,-1.284541,0.899385,-0.670655,1.455626,-1.266128,0.338808,-0.498185,-0.0
glassantiqua,n,-2.414606,-0.128393,-0.024772,-0.470978,1.654529,0.955621,-0.37234,0.539759,1.070995,0.533836,-1.259581,-1.223995,-1.032433,-0.19851,1.095353,0.229396,-0.650148,-0.290972,-0.901881,-1.911545,0.468007,0.071483,0.616426,-1.344918,-1.334898,-0.113989,0.453719,-0.320352,-0.014834,-0.589296,-0.478342,-0.93062,1.182504,1.674508,1.106541,0.967257,0.712142,1.419692,1.359358,-0.793982,-0.0
glassantiqua,o,0.904414,0.139415,0.235137,-0.032068,-0.155479,-0.188,-0.419093,0.113973,-0.019375,-0.255687,0.542165,-0.307181,-0.234863,-0.081821,-0.293108,0.101063,0.525053,0.74689,0.03407,-0.517783,0.031067,-1.079092,0.398188,1.210263,0.385402,-0.089846,-0.284902,0.320772,0.504538,0.107238,1.04167,-0.090346,1.216927,-0.076631,1.160693,-0.541941,-0.708466,-0.852983,2.13313,0.371961,0.0
glassantiqua,p,0.972661,-0.493008,-1.536293,-0.007015,-0.58748,1.445779,1.799444,-0.725192,-1.615248,1.658315,0.481561,-0.738907,-0.402542,-1.43069,-0.132583,-1.596756,0.716398,-1.213989,1.788943,-0.115474,0.005799,-0.426796,0.660705,-0.274603,-2.128454,-1.447194,0.407922,0.10881,0.627855,-0.772777,1.512458,-0.448086,-0.25874,-1.811838,-0.491434,-2.203214,1.680223,0.95468,-0.404113,-0.110889,-0.0
glassantiqua,q,-1.038779,0.210567,-0.474725,-1.149696,1.745174,-0.526895,1.599278,-1.511405,-0.464836,-0.086315,0.566742,0.609504,1.223113,1.639935,-0.545915,0.258302,-1.848001,0.274223,0.699305,-1.421506,2.18843,-0.446743,-1.342025,-1.26868,-1.965433,-1.358949,-0.17664,0.225124,-1.785542,-0.518803,-1.224936,-0.781618,-1.15532,0.872697,-0.280991,0.176021,-1.142058,2.182679,-0.089463,-0.725594,-0.0
glassantiqua,r,6.499698,2.73357,-5.125672,-2.695579,-1.157485,0.343355,-6.036483,1.857672,-0.725869,-2.951504,0.436155,-1.620502,0.615929,2.090548,-1.495589,2.389016,-0.980466,3.395544,0.261958,-0.383454,-0.50355,0.127742,0.577603,2.280893,0.382369,-0.417232,0.544187,0.575538,-0.106462,-0.388395,-0.252783,0.955194,-0.371251,0.194606,0.111706,-0.622037,0.379718,0.02932,-0.041534,-0.065024,-0.0
glassantiqua,s,-1.748416,-1.170675,1.692428,5.460843,-2.317348,0.936452,1.927974,-1.350643,1.386008,3.001306,1.798318,0.094485,0.474171,2.842407,0.077435,1.905262,-0.433429,0.149626,1.368322,-1.355263,2.769335,-1.218836,0.481426,-0.666485,1.583633,-1.706237,-0.317208,0.953506,-0.839262,-1.021719,-0.035985,-0.489134,-0.46097,0.014003,-0.420835,0.698942,-0.538486,-1.0362,0.212885,-0.052727,0.0
glassantiqua,t,5.255492,6.267544,3.492137,3.639164,5.539598,3.277816,1.23221,-5.813013,-3.192256,-1.088039,1.502339,1.757795,-1.215128,1.517902,0.151777,0.388273,-0.064045,-0.318571,-0.446785,-0.393891,-1.057791,0.128974,0.268363,-1.230999,0.823912,-0.036186,-1.184927,-1.666253,-0.714977,-0.437326,-0.180566,0.117968,-0.213634,0.0338,0.452091,0.209365,-0.566668,-0.783413,-0.363382,-0.339021,0.0
glassantiqua,u,-1.728883,0.827123,0.122583,-0.131965,-0.130621,-0.346215,-0.437941,-1.526971,0.409762,1.224647,0.088258,-0.129814,-1.376131,0.91845,1.023326,0.203319,0.418025,0.143944,-0.165525,-0.886971,-0.776976,-0.144047,1.55219,-0.893072,-0.561749,0.553982,-2.23484,-0.244716,0.492441,-0.495952,-2.400835,-1.140094,-0.567236,0.732977,0.621271,-1.384445,-1.312357,0.273881,0.986714,0.595694,-0.0
glassantiqua,v,-0.245462,4.096189,-1.268835,0.787627,2.179348,0.890703,0.746523,-0.181935,-1.33222,0.376869,3.872978,-0.730517,0.529973,-0.384614,0.660955,-0.272014,0.774414,0.573536,0.019308,-0.502173,2.00181,-0.502642,-0.028918,3.607582,1.282402,-2.011318,-0.400852,1.391525,0.694561,0.603859,1.354374,-0.112076,-0.489331,-0.116452,-0.94931,-0.673085,0.650011,0.818072,-1.051709,0.382167,-0.0
glassantiqua,w,1.801862,-5.19487,0.795943,-3.006537,1.185474,-0.747493,-1.533465,-2.000296,-2.857611,1.399541,1.393243,0.890931,1.029818,1.902362,1.855109,-0.631402,-2.108703,-1.081445,-0.343992,0.962455,-0.115059,-0.704699,-0.574243,-1.653067,-2.121699,1.074569,1.024369,2.699126,-2.218243,0.598207,1.840444,-0.631335,-1.825987,-1.63266,-1.781634,-0.072205,-0.052852,-1.384091,-0.440768,-0.577742,0.0
glassantiqua,x,5.324179,-7.332904,2.31864,-4.353273,-0.898664,-3.473007,1.217017,1.037573,1.048566,0.143283,-2.047734,-3.025028,-1.061016,-0.336961,-0.041667,-0.086482,0.865975,0.911828,1.146989,-0.229698,-0.018492,-0.486083,-0.352459,0.035861,-0.093432,-0.005435,0.002835,-0.014207,-0.056017,-0.005835,-0.004519,0.003724,0.0046,0.004428,0.00331,-0.002851,-0.000698,-0.002689,0.004807,-0.000607,0.0
glassantiqua,y,0.032872,-0.736359,-2.218226,-2.409205,-1.274039,-0.332598,0.147258,-2.18581,-1.772764,-0.63072,-1.452226,-2.247328,0.754104,3.250336,-1.017395,-2.702272,-0.974953,2.340962,-1.688628,-1.93485,1.733814,-0.277334,-0.888937,-0.648654,-0.49148,0.782269,-2.236268,3.002983,0.348527,1.175055,1.761535,0.379742,1.858165,-0.682612,0.584646,-0.745583,-0.36335,-1.503229,0.441752,-0.847331,0.0
glassantiqua,z,-3.598216,1.178965,0.627176,-3.447653,-2.18539,2.866793,-0.736396,-0.104776,2.295686,1.411625,1.270144,1.336137,-1.236439,1.725478,-0.445826,-1.561972,-1.254519,-0.944814,-0.252509,0.778619,-1.436128,-2.143877,0.301397,-1.148276,-1.712095,-0.75768,0.209121,-0.405495,-0.571227,0.303834,-1.145808,-1.127963,-0.202699,1.322828,-0.706798,0.540988,-0.307314,0.558784,-0.381286,-0.271428,-0.0
googlecode,0,-8.271471,-2.75359,5.273714,1.415032,-1.723812,-1.594929,0.161848,0.057601,0.544655,-0.362298,0.663976,0.226178,0.725898,0.110739,0.317157,0.125603,0.144927,-0.144186,-0.363383,0.025032,-0.374852,-0.157561,0.273721,-0.004234,-0.522556,0.089619,0.082246,0.16436,0.006572,0.119176,0.147553,0.062746,0.053349,0.04327,-0.098299,-0.06982,-0.031808,-0.114859,-0.033443,0.102381,-0.0
googlecode,1,9.264369,3.948288,2.358931,-4.029357,2.720114,-3.031105,0.00811,3.874225,4.971528,1.9736,-0.759639,-2.901382,-0.980759,-0.261465,-0.177264,-1.056795,-1.690063,0.642566,0.899304,-1.860153,0.047735,-0.297085,0.593249,-0.767456,0.097904,-0.135175,-0.19999,0.652434,-0.125012,-0.305033,0.248481,-0.290202,-0.083828,-0.063254,0.095806,0.321889,-0.075137,0.174216,0.198523,-0.121211,-0.0
googlecode,2,-1.649853,-6.034938,-0.684615,1.37716,1.629969,-0.285276,0.725007,-0.067774,0.967787,-0.404244,1.418292,-0.536078,-1.001272,-1.820243,0.551273,-0.052097,1.060357,-2.873769,0.004073,0.564132,0.757082,1.181169,-0.684161,-1.22224,0.482064,-2.214885,0.977983,-0.627724,-1.209302,1.1716,-0.46581,1.083529,-1.330006,-0.88657,-2.429532,1.483475,-1.783663,1.06109,0.049528,0.292647,-0.0
googlecode,3,-3.397861,2.538727,0.321815,0.431691,0.272371,-2.217725,-1.490958,1.867566,2.215819,1.304023,0.8302,-1.853131,-0.189764,0.73967,-1.223612,1.294389,-1.911512,-0.541061,-0.270093,-0.038774,-2.176943,-0.41689,0.933047,1.794332,1.563912,-1.485814,-0.346633,2.81576,-1.088387,-0.966512,1.578119,0.369621,0.070813,0.010829,-0.191761,-1.580424,-0.878847,-1.678455,2.031235,0.469961,0.0
googlecode,4,-0.191476,-2.294346,-2.509202,4.03712,-0.380476,-2.873104,0.034176,1.97511,1.222244,-3.141387,0.994564,-2.930247,-2.324917,0.868847,0.632406,0.768575,-0.912038,3.07128,0.990238,0.645025,1.210625,2.388393,-0.139598,2.598833,0.385581,0.22422,-2.143787,-0.624711,-0.69399,-0.531604,-0.769023,-1.238903,-0.539085,-0.879923,1.375442,0.018931,0.120654,0.247456,0.705705,-0.028591,0.0
googlecode,5,-6.730987,0.281467,-1.842215,2.927411,0.288943,-0.877509,-2.091582,-0.43674,-0.777892,-2.218567,0.367892,3.499802,1.267108,-0.565401,-0.447466,2.136353,-1.768513,1.070933,2.312496,-1.990716,-0.727435,-0.303958,1.439711,-0.788133,-2.026699,-1.257747,0.007218,1.902685,-0.037901,-0.060322,0.387721,-0.622741,0.987514,-0.52203,-0.032584,-0.337335,0.313502,-0.029495,0.164109,-1.078078,-0.0
googlecode,6,1.877717,-1.693256,1.911038,2.27373,-1.131385,-1.117934,1.04649,0.048006,0.141114,-1.053977,-0.052795,-2.093489,1.490117,-2.471049,-2.007867,-0.941855,-0.415749,-0.775,-1.471617,0.994759,0.497154,0.477813,0.272798,0.147379,0.252348,2.776234,-1.193562,-0.019039,-1.421936,-0.245062,-0.344975,0.747559,-3.03362,-0.371203,-0.280371,0.885643,-1.120103,-0.897209,1.040757,0.782558,-0.0
googlecode,7,-2.862454,1.929496,2.450649,0.081939,0.050016,-0.663879,1.708727,1.625601,-4.194258,0.709039,-1.988027,-0.957317,-0.63853,-1.475566,2.04913,3.027545,-1.961517,-0.383718,1.600763,0.257491,-0.049423,1.107506,-0.246782,1.546546,0.324679,-0.642053,-0.008634,-1.473963,0.607528,0.885019,1.129798,0.342134,-0.858681,-0.190361,0.176084,-0.582661,1.017972,0.666378,-0.536335,-0.015707,-0.0
googlecode,8,1.002557,1.145681,1.481798,0.520139,0.714386,-1.471663,-0.487498,-3.176886,0.672151,0.990575,0.82367,-0.681859,-1.114198,-0.580166,-1.373518,0.357862,-1.446684,0.335028,3.35681,-0.402758,-1.643937,0.237699,-1.581345,-3.418744,0.538788,-3.001048,1.55533,-0.004188,-0.227946,-0.539501,0.671791,-1.059764,0.089008,1.021822,1.650498,-0.05759,0.03216,0.014282,0.632485,0.678649,-0.0
googlecode,9,-1.245645,2.699457,-0.153391,-1.262426,-0.246063,-1.213699,0.533613,-2.05387,-0.686905,0.745751,1.461509,1.888294,-0.300558,-0.865085,-1.506214,0.628795,-1.956863,-0.247239,0.025473,-1.248563,3.697214,0.357659,1.361645,-1.473525,-0.201924,-2.091327,0.802762,-1.893702,-1.484138,0.459025,-0.602203,0.517574,-0.473381,-0.403294,0.76092,-1.753224,-1.07492,0.711175,0.633062,0.541634,-0.0
googlecode,A,-6.074583,1.862225,3.563187,1.432371,-0.679578,-0.286444,-0.965824,-3.133912,0.500599,2.250151,-2.473541,-0.266182,0.550161,-0.242441,3.298076,-1.9376,0.644044,-1.216143,-2.196451,-2.464589,-0.168204,-1.178557,1.133069,0.888328,0.685642,-1.586528,-0.984386,1.313351,-2.175702,0.701659,1.64118,-0.607225,0.002087,0.655777,0.148419,-0.062,-0.886846,-1.511309,-0.206284,-1.093988,0.0
googlecode,B,-2.103302,-0.728001,1.292209,4.021877,-0.782388,0.811137,1.302331,0.200351,0.122518,-0.622495,-0.68715,-0.59707,0.250151,-0.932186,-4.988544,-2.844268,1.480079,2.075669,0.855058,2.098216,-0.587716,-1.476541,-1.12393,-1.10174,0.512684,-0.539715,-1.231548,0.994214,1.107638,1.895687,0.28,0.340475,0.442463,-0.492101,0.409623,-0.233312,0.215537,0.029023,0.101437,0.038058,-0.0
googlecode,C,0.94107,1.633828,1.624187,0.677187,2.39396,0.179338,0.626783,-0.944889,0.630731,-0.770583,-1.24529,1.6887,0.497767,-0.561686,2.004491,-0.028869,-1.161172,0.088974,-1.530584,-0.281501,0.259107,-1.487611,-0.812531,0.32292,-0.05963,0.356009,0.939856,-0.050548,-0.122179,0.148057,-0.185505,-0.40291,-0.153854,0.296897,-0.312587,-0.047676,0.278524,0.021231,-0.051721,0.082813,-0.0
googlecode,D,-1.308095,-2.469897,-0.512913,1.684775,0.538033,1.22797,-1.685083,-0.138867,0.508124,0.716616,2.044846,-2.156111,-0.04591,-1.711782,1.339695,-0.834432,0.080495,-0.509363,0.379765,-0.946501,-0.733659,-0.284081,0.263764,1.368679,0.314739,-0.312876,-0.304893,0.368028,-0.759088,0.287877,0.164804,0.441596,0.137176,-0.451291,-0.407324,0.509636,0.422307,-0.001136,0.139962,0.060179,0.0
googlecode,E,3.248668,-1.132004,-3.472076,2.60101,0.314569,3.112059,-2.50965,0.604652,2.405026,1.351484,1.565056,2.559126,1.551539,0.75712,-1.459725,-0.473098,1.099852,2.022543,-1.351892,0.133654,0.952837,-0.912191,-0.385569,-0.529077,-2.669819,0.830195,0.678892,0.527058,-0.051251,0.280411,-0.242624,1.266278,1.626077,-0.204788,1.224184,1.452127,-0.484049,0.295199,-0.19353,0.878842,0.0
googlecode,F,-5.879125,8.189527,0.583599,-2.461992,-1.065442,-3.03884,-2.119292,0.41733,-2.553977,-0.55165,-1.599393,2.788154,0.377001,1.467832,2.082506,1.274149,0.069933,2.53719,-1.663713,-1.187397,-0.196543,-0.81232,1.655698,-1.138367,-1.06357,-1.939896,-0.338187,-0.384571,1.402676,0.262265,0.520605,-0.545418,0.453463,-0.485236,0.253677,-0.996143,0.159242,0.245624,0.09881,0.467057,-0.0
googlecode,G,2.092532,0.203726,0.862812,-2.057787,-3.945007,-0.385313,-0.999182,-2.476497,-4.229634,-1.788298,-2.327881,0.056483,-1.474665,-0.316775,0.754427,1.122283,0.267096,0.884412,1.12479,0.411376,-0.757553,-0.999402,1.548928,0.916997,-0.842934,-0.112107,0.254201,-0.321904,0.346577,-0.188616,0.080011,-0.022955,-0.056523,0.115687,0.21801,0.239242,0.131126,-0.255659,0.077895,0.020286,-0.0
googlecode,H,0.730843,4.387516,0.902794,0.264713,-2.320186,-2.510659,0.374677,-5.056571,1.304464,0.478097,0.676909,-2.560012,1.419836,1.182215,2.329715,-0.551069,0.472044,-0.25917,-0.124087,0.783986,-1.58877,1.597497,0.637932,-1.140289,-0.44855,0.66229,-0.62181,0.172317,0.2125,-1.565658,-1.36147,-2.277013,2.207628,0.059939,-0.191803,-0.312139,0.091302,-1.321736,0.330102,0.383392,0.0
googlecode,I,7.981191,7.206652,-1.725672,-1.84666,3.861813,-0.584808,0.734387,1.335733,1.960872,2.23913,-0.616686,1.008816,-2.858287,0.212941,1.674006,-1.343169,0.187846,-0.919441,-0.378008,0.792804,0.625892,0.113939,0.082844,0.009892,0.031029,0.018623,0.006645,0.001167,-0.000244,-0.003759,-0.00059,-0.000598,-0.000489,0.000741,-3.6e-05,0.000437,-0.000104,-0.000326,0.000139,-1.7e-05,-0.0
googlecode,J,-11.296415,-1.29134,-0.907938,1.4848,1.742155,0.624643,0.075695,0.368371,-0.554652,0.348069,0.958231,0.203717,1.77292,-1.491472,1.230329,-1.487336,-0.791964,-4.403216,0.863372,2.022547,-1.609697,0.950489,1.910095,-1.656014,-0.768736,-2.062343,0.656086,0.917572,-0.31953,0.156795,0.914869,-0.687259,-0.815543,0.925255,0.456384,0.033688,0.094017,-0.163321,0.062348,-0.051312,-0.0
googlecode,K,-4.725013,-1.716658,2.067834,0.807112,-3.350016,-1.166432,2.567184,-1.00362,-1.705517,-0.089339,-2.991526,-0.933345,1.639525,-1.254823,1.134174,-2.242609,0.029037,0.244815,2.050215,1.030778,-0.196643,-0.108005,2.679744,-2.804262,1.452757,0.313401,-0.827735,0.414421,-1.229182,-2.180248,-1.203552,0.651812,2.753453,0.720974,0.132056,0.39698,0.656629,1.336994,0.423526,0.817181,-0.0
googlecode,L,-5.006084,-1.140758,1.290645,-1.832656,0.799091,-4.290894,-3.286518,1.369738,2.492163,2.516742,0.901676,0.688375,2.362296,1.782087,-1.977031,-0.614163,-1.444004,-1.968534,-1.571649,-0.848169,-1.328081,-1.19792,-1.128539,-0.05497,2.203893,-0.352682,-0.564541,-0.668684,-0.607621,-0.540904,0.670866,-1.435249,0.390698,-0.358442,0.617493,-0.119176,0.429597,-0.518337,-0.584241,0.542997,0.0
googlecode,M,-7.391552,0.771086,4.143085,1.039022,-0.046604,5.438754,-1.778865,-2.107986,1.749585,2.57699,-0.830889,0.597148,0.98299,-1.876783,-1.239333,-0.513042,0.075057,-1.771991,1.522884,-0.263711,2.146271,-0.27508,-1.263659,-2.808501,-1.373517,-1.221778,-1.070999,-0.198876,-0.578703,0.478938,-0.271912,-1.392472,0.574068,0.982464,-0.272606,0.045548,1.381223,0.230176,-0.42586,1.611077,-0.0
googlecode,N,-1.686296,-0.495881,-3.390561,-0.966151,0.98571,-0.440516,-0.188769,-0.742625,0.427749,-2.360855,-0.386019,3.713993,-0.785891,-2.125348,2.5873,0.068577,2.636725,1.061884,0.353223,-0.347929,-1.274932,-0.06884,1.314103,1.288223,-0.67458,0.769651,0.759713,0.508993,-1.32114,-1.74865,-0.122989,1.25151,-0.190928,-0.64649,0.06601,-0.689785,-1.68912,-0.143519,0.416256,-0.206047,0.0
googlecode,O,-2.02228,-2.337404,0.412011,1.878584,1.694111,-0.07114,-1.101491,1.816826,0.312983,0.970734,-0.364766,-0.077245,-0.278233,-1.566495,-1.0066,-0.745241,0.334798,-0.03606,-0.814357,0.614044,0.533923,-0.341313,0.147918,0.348463,0.851686,-0.947016,-0.681084,0.515302,0.224024,0.008249,0.191846,-0.03123,-0.236981,-0.233103,0.055482,-0.119503,-0.361606,0.337794,-0.220425,0.100012,0.0
googlecode,P,-0.205936,7.010587,-0.731427,2.160912,0.360593,-0.837587,-1.773166,-0.654941,-1.406954,-2.377222,-2.252202,1.163706,1.296964,-2.013257,-1.007079,1.306765,-1.497999,-1.758008,-1.88096,0.282553,2.028556,-0.525872,2.364438,0.133629,0.542235,0.239278,0.128737,-0.329196,-0.114669,1.306233,-0.093334,1.695284,-0.438602,-0.788377,-0.277136,0.711841,0.134461,0.174179,0.080637,0.66735,0.0
googlecode,Q,3.544762,-5.328534,0.652784,-1.090271,0.799242,0.593121,-2.425516,-2.976996,-2.023767,0.538665,-1.928305,-0.105507,-0.528136,0.122952,0.457857,-0.057495,1.555444,1.008836,1.272324,1.015647,0.92606,-0.712666,0.203748,-0.518825,0.061023,-0.152064,-0.38366,-0.561178,-0.427493,0.053957,-0.047587,0.254069,-0.176483,0.55507,0.481717,-0.873924,0.726044,0.470726,0.27454,0.299021,-0.0
googlecode,R,0.102681,-2.343536,-1.253339,-3.077031,0.794546,-1.92849,3.161743,-1.846118,2.739395,0.174099,-1.076716,-1.138162,1.507434,-2.219502,-1.485024,-0.828597,0.67912,0.59647,-0.985718,3.843282,2.476177,0.071547,-0.192408,-1.379008,0.335,0.962506,-0.782797,-0.392357,-0.694003,-1.941212,1.061577,-0.022366,0.3537,-0.518043,1.061547,0.212999,-0.630694,0.310126,-0.461361,-0.197013,0.0
googlecode,S,1.254975,0.82665,0.811143,-3.069235,-1.35775,0.037809,2.314581,2.467601,-0.684311,-1.955864,-1.488547,-3.454844,1.248566,0.8056,0.209535,0.144217,-1.353208,1.080704,-2.414796,2.030044,-0.585375,2.423042,-2.276752,-0.644862,-1.020394,-0.710335,-0.40941,-1.390524,-0.121589,0.028643,1.578771,-0.565127,0.717214,-0.254281,0.469017,-0.051339,-0.842482,0.233578,0.326669,-0.68777,-0.0
googlecode,T,-2.856416,-1.750537,1.020441,1.478478,-0.993487,0.563418,-0.449611,-1.02211,-1.141801,0.08506,0.185564,0.808269,-0.247476,1.34467,0.693804,-1.762929,-0.347546,-0.579087,-0.086192,0.272988,1.125349,1.024643,-0.044196,3.536706,2.210268,0.320265,0.945696,-1.363525,0.688888,-0.670171,-0.32114,-0.257078,0.222686,-1.378603,0.456213,-0.011656,-1.313213,-0.986081,0.923649,-0.06515,-0.0
googlecode,U,-0.555185,0.49087,-2.676487,2.051891,1.739198,-2.546174,0.398234,-2.453608,-0.243011,-1.899304,0.556877,0.656357,1.215486,0.981481,0.525533,0.496338,0.039181,-0.852724,-0.206949,1.069937,-0.284463,-1.307063,-0.685422,0.192699,-0.099762,0.873561,0.57918,0.164798,-0.405611,-0.063427,0.181795,0.25163,-0.130631,-0.724812,0.344146,-0.604008,0.26272,-0.016101,-0.063085,0.16767,-0.0
googlecode,V,2.347147,2.428636,4.38456,0.090566,-0.373075,4.451514,0.921191,-0.511115,-1.50649,0.097036,0.124519,1.807838,-2.70783,0.277102,-1.016043,0.41094,0.267521,2.030189,0.614679,-0.039866,0.168475,-0.766025,-0.184709,-2.055425,-0.319021,-0.0793,0.612238,-1.271885,-1.103225,0.607264,0.675964,-1.213616,-0.446865,0.104455,-0.581633,0.422658,-0.575272,0.202681,0.262739,-0.027065,-0.0
googlecode,W,-7.882957,3.401314,1.863157,-0.705683,1.051756,-0.70799,-1.908289,-4.87611,4.982449,1.09692,-0.359064,-0.256611,-2.474182,2.48741,0.140916,0.197161,1.039162,-0.594208,0.413306,1.737432,1.975644,2.316822,1.269204,0.678961,0.317634,-0.264908,1.029083,0.193853,-0.15635,-0.370675,-1.202585,0.784936,-1.37482,0.991272,0.274711,-1.212655,0.34154,-0.399506,-0.160215,-0.046828,0.0
googlecode,X,-4.080212,-0.070471,0.589665,-1.057098,-0.129264,0.691818,-0.016852,-0.048724,0.584249,-0.163873,0.207318,0.34891,0.562813,-0.797109,1.216981,0.475041,-1.171016,-3.43373,-1.296977,-3.350623,-0.607076,-0.02032,0.750379,1.093505,-0.10121,-0.027281,0.044887,-0.037696,-0.040785,0.015714,0.019839,0.003452,-0.007211,0.003521,-0.000341,0.001366,0.003579,-0.001085,0.002589,-0.000653,-0.0
googlecode,Y,-3.048619,2.193824,-3.36259,-3.380572,3.983138,-2.197129,-0.387467,-3.667927,-1.726478,-1.869977,1.031408,0.509268,0.117831,2.107118,-1.130181,1.32466,-3.311846,1.340317,-1.004177,1.19942,0.481216,1.037454,3.339168,0.046478,1.146804,-0.309474,-0.276614,-1.022719,-0.382865,-0.976934,-1.097092,-0.69432,-0.575424,-1.254093,0.122665,-0.044896,-1.191836,-1.169442,0.142338,0.485068,0.0
googlecode,Z,1.564813,-3.089758,0.150078,1.163561,1.93416,-3.115673,2.208855,-0.53995,1.217751,-0.281597,1.382511,0.249179,0.885384,-0.046046,-1.843639,1.685476,-1.472685,-1.317264,-0.19059,1.791863,-0.536741,1.225842,-0.666311,0.0194,-0.161198,0.212827,-1.251988,-0.765866,-1.713624,1.253741,-0.337699,-0.917402,1.377122,-0.679317,-0.006084,0.575271,-0.54903,-0.249083,-1.778547,-0.634535,0.0
googlecode,a,-3.94966,2.601123,2.266766,0.409358,-1.880839,0.656406,1.610874,0.54357,2.495114,-0.468464,-0.007975,0.068527,-1.071149,-1.641102,-0.837142,0.921763,-0.310664,-0.700227,-1.106995,-0.675345,1.85444,-2.860499,1.504427,0.254513,-1.830438,-1.48524,-3.328573,-0.791707,0.128822,-0.437037,-0.354953,-0.018392,0.144761,-0.909318,1.03383,2.414855,-0.280138,-1.781524,0.53626,0.553949,-0.0
googlecode,b,2.184463,1.369257,0.992442,-0.840246,0.799677,-0.268955,-1.364169,-2.792442,0.403092,-0.718277,0.78411,-0.635204,1.732618,-0.557822,-0.640591,-1.222215,-0.386612,-2.151864,-0.479734,-0.333853,1.260887,-1.754217,0.431723,-2.403516,1.527112,-0.066827,2.085862,-1.913922,0.724759,0.64473,-0.252934,0.115267,1.139211,1.166755,0.200007,-0.904845,0.32408,1.264015,-0.621399,0.444454,0.0
googlecode,c,-0.912972,0.631548,-1.418141,-0.530577,-2.063922,0.487741,-0.075613,0.387468,-1.139742,1.868479,0.037624,1.003862,-0.466807,1.512795,-1.466928,-1.30466,1.879745,-0.939045,-0.037636,1.445209,0.383827,0.635131,-1.823216,-0.290967,-0.506085,1.335818,-1.469285,-0.412433,-0.192182,-0.937803,0.081283,0.647813,-0.150894,0.237417,-0.17809,-0.384685,0.324836,0.552275,0.454536,0.186528,-0.0
googlecode,d,1.623231,0.18069,-0.219332,1.304733,1.114133,-0.316981,2.052114,0.275221,0.189613,-1.56764,3.809656,-0.220577,-0.904952,-1.94376,-0.361769,-1.975444,1.624164,-0.004991,0.269081,0.754513,1.390483,0.107863,-0.177906,-0.890879,0.246928,-0.235669,2.080522,0.845361,-0.093451,-1.771465,-0.211635,1.925595,-0.355466,-0.629434,1.312989,0.225232,0.672083,0.656456,0.557602,-0.910558,0.0
googlecode,e,2.34284,-2.218625,0.040731,3.077094,-0.162098,-3.526244,2.447925,-2.661636,1.686925,0.853791,-1.297525,0.738878,0.495251,2.212786,1.792259,0.071423,-1.759294,-0.351989,0.057701,-1.644465,1.722515,-0.485415,-1.713317,1.431212,-1.683598,-1.259076,-2.514059,-0.338656,0.210107,-0.971247,-0.003067,1.693769,1.228967,-0.147181,-1.645444,-1.127567,0.735605,-0.833929,0.096488,0.029939,-0.0
googlecode,f,3.911874,7.510681,-5.686736,5.196884,-1.663614,0.832116,-0.61447,7.459931,-3.855491,1.768047,-0.936367,-0.2844,-0.52094,1.580954,-0.57729,0.601481,0.233074,-0.391342,0.220658,1.426416,0.495248,0.308531,-0.378173,1.224339,0.111136,-0.362497,0.338117,-0.173595,1.320154,-0.537046,-0.006086,-0.253894,0.179316,0.783747,-0.34875,0.293984,-0.172012,0.172416,0.112863,-0.013353,0.0
googlecode,g,-0.912391,5.985432,-3.274873,0.60209,2.350101,0.422416,0.990396,-2.334551,-4.002486,0.522889,2.330804,-0.66999,0.43214,0.215238,1.148082,1.711806,-0.714126,1.548266,3.268589,2.196504,0.570776,0.117872,0.816957,0.32109,2.670605,2.034231,-1.00604,-0.067416,-0.45323,-0.794107,0.396704,-1.060973,0.790652,0.207251,-0.180062,-0.232855,-0.298831,0.029615,-0.546057,0.265321,-0.0
googlecode,h,1.307368,1.230754,0.903006,-1.347942,-0.878429,-1.644967,-1.702951,-1.808185,0.012106,-1.268627,0.954351,-0.475527,-2.708895,1.0167,-1.820465,1.118148,-0.548646,0.412965,0.552429,0.867881,0.585018,-0.099348,-0.243194,1.299077,1.7667,-2.640736,-0.628627,0.719241,-0.036648,0.925503,-2.352516,-1.406276,0.560407,-0.666281,0.564012,-1.161236,0.205891,0.729351,-1.183249,-1.451842,0.0
googlecode,i,9.166425,5.240128,-3.867079,0.892438,-7.148363,-0.454126,-1.186774,-0.230004,-1.838312,0.889704,0.779407,-0.935478,0.296214,-0.217772,0.02298,0.905977,0.472832,-0.237234,0.187345,-0.836498,-0.466203,-0.479257,0.093173,0.195544,0.196767,-0.070933,-0.271711,0.029227,0.139619,-0.070893,0.214468,0.056801,0.085497,0.262338,-0.042672,-0.009108,-0.014432,0.042979,-0.056224,-0.004706,-0.0
googlecode,j,8.98794,6.293583,0.088151,-4.90459,0.004937,2.673392,0.465562,-2.430267,3.042519,-0.434322,0.860818,0.61029,1.437408,-2.758938,-1.056974,-0.017203,-0.1045,2.212991,0.991566,0.809962,1.631669,1.47125,-0.294715,0.164782,-0.885648,-0.568495,-1.012039,0.212058,-0.57643,0.858709,0.285423,-0.241201,0.182811,-0.413223,-0.099029,-0.205886,-0.249758,-0.171918,-0.304434,-0.187296,0.0
googlecode,k,1.46966,4.362285,-0.278588,1.324095,1.361499,0.92625,2.471354,1.769817,2.540751,-1.824873,3.324085,0.991248,-0.544906,1.574924,1.414761,2.622546,-0.655466,-0.680909,-2.686256,2.002198,0.684792,0.013296,0.943906,-0.841733,-1.028149,0.91795,-0.196987,0.883233,-0.520018,-0.191028,3.229683,-0.81333,-0.719805,-0.506871,1.339755,0.104035,0.592731,-0.47049,1.365518,-0.650576,-0.0
googlecode,l,-6.857178,4.733046,0.399413,-2.356195,-9.271561,0.85241,-1.45789,-0.195494,-0.648051,0.511811,-0.111577,0.010504,-0.287198,-0.351223,-0.752525,-0.466636,-0.250571,-0.03531,-0.107148,0.500189,-0.453414,-0.007712,0.141671,-0.221462,-0.075594,0.04543,-0.039133,-0.224667,0.138413,0.011782,-0.011961,-0.007466,-0.002451,0.003727,0.000569,0.000859,-3e-05,-6.4e-05,-3.8e-05,5e-06,0.0
googlecode,m,-5.122137,4.9667,0.768339,1.582739,-1.121946,3.313966,-0.76748,3.077923,-1.9079,0.011576,3.794215,-2.19977,0.503692,-0.697895,0.154532,-2.111501,0.51296,-0.738904,-1.10566,-1.245171,0.930524,1.727285,-1.337155,-0.434036,1.22792,0.980177,0.435448,-0.333522,0.364254,-0.365144,0.627558,-0.43848,-0.094993,0.753838,0.064476,-0.58493,-0.145498,-0.488596,-0.065897,-0.684485,-0.0
googlecode,n,1.705421,-0.460255,-0.885693,-0.176995,-2.154436,-0.675185,2.364837,2.124193,-1.311873,-2.108327,-1.022744,-0.392931,0.022084,1.715487,0.01752,1.073843,-0.180927,-0.513796,-1.226694,0.388972,1.499773,0.576627,-0.321305,-0.300211,-0.634424,-1.70758,0.703442,-1.646999,0.783519,-0.032272,0.602568,0.235843,-0.211516,-1.806141,-0.421872,0.872736,0.412079,0.646371,-0.247326,-0.763828,-0.0
googlecode,o,0.196939,-1.409999,1.612054,-0.005093,0.721797,0.090335,-1.346065,-1.197893,-0.843232,2.896185,-1.641915,0.339909,1.344732,1.68346,-1.161642,1.03629,1.307494,0.440695,-0.641595,0.47592,-0.315584,-0.239774,0.305879,-0.395772,-0.39188,-0.551039,0.384088,-0.970479,-0.221366,-0.432985,1.052314,0.776923,-0.674527,-0.492325,0.033281,-0.473161,-0.133841,-0.220925,-0.170396,0.016316,0.0
googlecode,p,-1.273645,0.748755,0.124979,0.653585,1.031734,-0.626439,-0.593788,-2.557441,0.232782,-0.92633,1.405191,1.801342,-3.167361,-1.210898,1.949294,-0.188699,1.144625,0.33912,-1.388069,1.474583,-0.582975,0.053963,-0.947855,-1.434357,0.012504,-1.525382,1.357211,0.100099,0.192033,-1.280765,-0.697723,-0.126913,0.55568,-1.372181,2.010448,0.831142,0.007926,-0.860296,-0.714414,0.367451,-0.0
googlecode,q,-0.464626,1.079179,-1.788403,-0.158659,-1.889306,0.143719,1.101492,0.591613,-0.099345,-0.20386,0.548187,1.407025,-1.909846,-0.794474,-0.984961,2.138077,1.123187,-0.232147,2.413293,0.296835,-1.068633,2.603536,1.536054,-0.364237,-2.977173,0.177165,0.7276,0.264116,-0.275055,-0.777489,-0.114214,1.500893,-0.976467,-1.631297,-0.539583,0.866168,-0.607016,-0.352001,0.32812,-0.242988,-0.0
googlecode,r,7.775399,-0.571372,2.303765,2.006574,2.791807,-5.27634,1.11182,0.468422,-1.461827,-1.871232,0.40267,0.030409,2.929481,-0.568466,-0.716838,2.179893,0.503193,0.441562,0.416143,2.57278,1.05279,1.008188,-1.791317,-0.396471,-1.658879,-0.445553,-2.934257,-1.098647,0.226898,1.059105,-0.407075,0.228642,-0.019354,-0.188955,0.123173,0.611228,0.075964,-0.120595,0.043158,0.272736,-0.0
googlecode,s,-1.522769,3.818676,2.273951,-1.602024,1.831694,-3.867625,-0.230894,0.78901,3.092152,-2.385809,-2.155203,-0.190601,-2.54274,0.238113,1.04381,0.250645,1.180101,-0.619177,-1.209466,-0.752735,2.645754,-0.216668,0.29685,-0.121872,0.94451,-2.490068,0.144321,0.203873,-0.670156,1.283513,0.900606,-0.854567,-0.135404,-0.130964,1.265381,0.20294,0.640146,-0.372223,-0.931536,-0.956617,0.0
googlecode,t,-9.170571,-6.376851,2.155254,-1.582581,4.960105,0.111645,-3.94033,1.423864,-4.221199,0.055792,-2.583197,-1.774884,0.966053,2.937861,-0.031209,-2.910257,0.439551,-1.285893,0.764357,1.487415,-0.238755,-0.41443,1.695861,-0.253753,-1.11767,0.063672,1.296644,-0.576554,0.278421,0.298684,0.300855,0.138749,-0.304291,0.109948,-0.320905,-0.447715,0.135801,0.008477,-0.490606,0.250562,0.0
googlecode,u,1.480095,0.013938,0.557344,1.20179,2.27132,1.315537,1.506489,0.510801,0.508824,0.757505,-1.498034,-0.478434,-2.263974,-0.923497,-1.079037,0.719905,-0.864753,0.499699,1.159194,-0.099841,0.274273,0.037536,-1.605298,-0.299258,-0.720943,1.486576,-0.041351,2.902754,-0.425755,-0.643064,-0.222512,-1.037857,-0.48349,0.868479,0.487594,0.137047,0.992218,0.2421,-0.629105,0.249704,-0.0
googlecode,v,1.927426,-1.085112,1.376559,-2.895021,-1.851253,1.168092,1.794572,-1.809028,0.901465,1.282151,0.677593,2.567179,1.188973,-1.443176,3.739207,0.576077,-1.100661,-2.223341,1.504639,-0.782232,0.251312,1.256772,-1.487205,0.798323,0.00325,0.558537,0.761085,-0.582268,-1.845459,0.756278,1.528734,-1.447947,-0.245272,1.155185,0.014761,0.643211,0.167811,-0.699889,-0.031801,0.075161,-0.0
googlecode,w,3.780955,-4.315023,-1.921483,3.503379,3.334892,-0.223212,-1.271711,-1.250268,-0.351611,0.833288,-3.037317,-1.385609,-1.481208,-1.238824,-1.184264,3.867227,-1.33617,-1.015206,-1.923407,-0.899322,-1.619456,-0.42157,1.315889,-1.05888,1.286138,0.102387,-0.041452,-2.297613,-0.273191,1.641275,0.682249,-1.614743,-0.830999,1.863798,-0.440806,-0.533586,-1.588228,0.384946,0.294088,0.326567,0.0
googlecode,x,-3.80418,0.871378,0.737501,0.507145,-0.56699,-0.842039,0.293203,0.537179,0.033238,-0.357115,-0.093107,1.533333,-0.155192,1.183871,-0.538289,0.241787,2.041218,-2.9584,3.362599,-0.462493,2.962095,0.074637,0.279108,-0.002916,-0.215763,0.015022,0.03473,0.025349,-0.00033,-0.005693,0.014946,0.01023,-0.002141,0.000353,-0.004508,0.002793,-0.005085,0.001009,0.001397,-0.001132,0.0
googlecode,y,4.992518,5.735101,1.867675,2.601423,1.689752,-0.610249,1.767167,-0.376076,-1.38125,-4.708558,-0.051705,0.774691,0.76024,0.069969,-0.657736,-0.278687,1.006922,-0.248306,0.042831,-0.6011,-1.190454,-1.601352,-0.699225,-0.884214,-0.932997,-1.633821,0.494589,-0.842622,2.295784,-0.331704,0.383144,-0.941205,1.766937,-2.726588,-1.004743,-0.302963,-0.669283,1.267627,1.546838,0.370089,0.0
googlecode,z,1.709848,-1.614556,0.383101,-1.395429,2.723374,-3.49163,-0.066358,0.453779,0.690304,0.892431,0.835,-1.947368,-0.304691,-0.279208,-2.37843,0.672054,-0.184354,-1.879011,0.601335,1.234012,-2.1371,1.123987,-1.303623,-0.517927,0.139668,-2.555174,0.756003,0.82641,-0.470707,-0.99469,0.059815,0.46369,1.232222,1.085808,-0.420942,-0.398189,0.386141,-0.462151,-0.107956,-0.850297,-0.0
grenze,0,1.155871,-2.154959,-0.797721,1.030557,0.598456,-0.553632,3.924602,-4.159115,0.734302,-0.484053,-0.477,-0.439936,0.247334,1.126834,0.079658,0.428783,-0.728433,0.271295,0.104252,0.726864,0.018669,-0.047508,-0.414919,0.587557,-0.323293,0.804189,-0.09745,0.162298,-0.061835,0.557606,-0.587899,0.132422,-0.023636,0.324653,0.408264,0.083504,-0.006228,0.014162,0.120968,-0.255726,-0.0
grenze,1,6.613606,0.83646,-0.263361,2.015609,2.650444,0.862897,-1.333773,2.565929,0.600306,-2.625643,-1.402516,1.833266,-0.528498,-1.054091,-0.374598,-0.818227,-0.916826,1.823895,0.847656,2.021418,1.974315,1.737582,-1.023277,3.276296,-0.56751,0.113066,1.584777,0.939838,0.957484,0.26537,0.297821,-0.458035,0.694104,-0.326442,0.419015,-0.052356,-0.033864,-0.191432,0.26728,-0.170547,-0.0
grenze,2,-8.743167,-3.864993,5.04049,-0.942023,0.300697,-1.885891,-1.730928,-0.083458,1.259174,-0.58413,2.399661,-1.527829,-0.120769,2.040793,0.748541,2.521232,-1.576641,1.262826,-0.806075,0.785286,1.330496,-0.522365,1.491466,-0.142621,-0.606441,-0.689041,-1.758013,-0.790608,0.741367,1.748122,-0.649135,-1.142191,0.626165,0.528932,0.643108,-0.240203,-1.291124,-0.531186,-0.063104,0.105886,-0.0
grenze,3,2.686153,-3.254431,-0.376144,-2.935247,-0.051768,-4.317551,2.250968,-2.915741,-2.408103,3.254171,-0.460268,1.231686,0.168627,0.599775,0.913501,0.565267,-0.064611,-1.056846,3.30963,-0.573941,-0.711694,1.290183,-0.05171,-1.178194,0.133992,0.222499,-0.476496,-0.575249,0.282099,0.910762,-0.31791,-1.434593,0.434331,-0.379375,1.43284,-1.970962,-0.674838,-0.840882,0.511069,0.657783,0.0
grenze,4,0.791074,-1.255823,4.862523,0.200348,1.136953,0.951746,-3.476087,-0.25485,-0.444296,-0.171026,4.010011,0.524848,1.551878,4.011194,-0.248564,0.813701,0.800051,2.117975,-1.191549,0.251805,-2.193097,-0.325314,1.149079,0.472308,-1.192462,1.865254,0.45458,-1.531902,-0.087232,0.921841,0.498815,0.31836,2.075194,0.02559,-0.127554,-1.295832,0.702019,0.951939,0.754537,0.397428,0.0
grenze,5,-2.779734,-4.451972,3.040886,-0.938453,0.351674,-5.615274,-1.371578,0.775389,1.222187,0.002731,-1.17432,-1.636491,-1.970442,1.601128,0.879591,-0.315834,-0.96886,-0.116016,0.583687,1.401761,-1.14345,-0.965336,0.108408,-0.918726,-0.095817,0.082501,-0.011038,-0.75902,-1.119827,1.14157,1.021786,0.202428,1.144504,-0.439033,-0.723247,-0.673694,1.291587,-0.298608,-1.047209,-0.679859,-0.0
grenze,6,0.011417,-2.286189,-2.052457,1.208957,-0.075589,3.81188,0.430681,-0.04244,-1.751597,3.372291,2.323575,0.586083,0.711219,0.097305,-0.284869,-2.983912,0.867928,-0.413427,1.430044,-2.01192,0.730176,0.828138,0.386151,-0.158672,-2.239234,-0.168725,-0.873982,0.961719,-0.738009,-1.368227,-1.29732,1.501047,0.242117,0.083679,-1.593927,0.129204,0.101066,0.069285,-0.327866,0.066699,-0.0
grenze,7,2.72186,-1.407025,0.284825,4.160955,-0.408862,1.21137,-0.095757,5.512398,2.829044,1.818839,-2.372696,2.458764,0.984203,1.548607,0.428148,-0.054711,0.429414,0.319281,-1.359915,0.318621,-1.136272,1.768124,0.331196,0.323586,-0.971328,-1.330874,-0.492229,-0.491977,-0.040712,-0.627321,0.765889,-0.138517,-0.149758,0.438951,0.140927,0.063445,0.48567,-0.820771,0.306267,-0.077546,-0.0
grenze,8,-4.462199,1.198953,0.461407,-0.180119,0.625596,-2.825575,-3.876596,0.50412,-3.085215,2.024734,-1.089273,2.217659,0.313304,-0.531348,0.607216,-0.589188,0.805225,4.371104,-1.023652,0.553603,0.792664,1.055699,-0.089539,-0.899757,-0.898231,-0.399333,-1.558041,0.359786,-0.509485,-0.460408,-1.271893,0.152604,0.867177,1.260682,0.336361,-0.844966,0.131007,0.245693,0.031448,-0.571042,-0.0
grenze,9,3.27627,1.025691,2.173246,0.206074,-4.324113,-2.228288,0.400092,-0.457716,-3.003451,-1.475474,-0.558595,0.070483,-2.787881,0.011631,1.101208,-0.58008,1.398045,-2.131798,0.910801,-0.124398,0.242063,-0.905835,0.518503,-0.685916,0.197194,0.815312,1.368238,-0.833294,0.714536,-0.755839,-0.216143,-1.810275,1.324848,-0.675779,-0.299808,-0.071868,1.553116,1.278409,-0.693344,0.468996,-0.0
grenze,A,2.833747,-2.209783,2.239056,-0.881855,1.804883,4.120929,1.919562,0.885467,-0.553403,-0.02088,-2.033093,-0.391269,-0.05943,-4.487089,-1.171343,-3.368378,0.910235,-1.018627,1.551704,1.325097,-1.44093,0.881583,2.816683,-1.209217,2.01452,-0.143987,1.179012,-0.592482,-0.215606,-1.073752,0.273669,1.284107,-0.793429,-0.823717,-0.309248,-0.313489,-0.171453,-0.648841,0.446653,-0.053887,0.0
grenze,B,2.104054,2.862939,-3.260993,2.399937,-0.640212,0.936163,-1.207595,2.855888,-0.591223,0.218445,-2.582394,2.21938,-2.532626,0.195654,2.398133,-1.685894,1.434045,-0.849795,1.405577,-0.272181,-1.501887,1.613283,-1.245438,-0.748339,0.953403,-1.456115,2.144117,1.396153,0.773056,0.402943,-0.676912,0.612603,-0.600794,0.802655,0.188643,0.659774,-0.28003,0.523327,0.691726,-0.141299,-0.0
grenze,C,0.482952,1.673132,2.470322,-1.318265,3.123329,0.364878,3.451251,-0.08667,0.882627,-1.161829,1.376743,-0.905806,-1.043753,-1.423778,-0.773453,0.031345,-0.246032,-0.146971,0.621453,-0.22265,0.06979,0.58159,-0.338784,0.328135,-0.107953,-0.06974,-0.696494,0.066871,0.306416,0.125663,0.201209,0.124608,0.272581,-0.219462,0.355929,-0.220078,-0.183219,0.165934,0.063391,0.087417,-0.0
grenze,D,-2.172487,1.253381,1.949013,2.086057,-3.084365,1.15079,-0.465208,0.038235,-2.709919,1.324102,-0.826691,0.895638,-0.718866,-0.373347,-0.766394,0.743492,0.167897,-1.024428,0.750349,0.855786,-0.232003,0.386179,0.171532,0.131063,-0.497052,-0.743904,-0.720867,0.774798,-0.138747,-0.179429,0.193035,-0.091904,0.559866,-0.455426,0.024124,-0.089614,-0.010292,0.055835,0.313282,0.029805,0.0
grenze,E,-3.548747,2.145983,-1.301797,1.061566,-2.367565,1.675555,-0.160952,0.600011,0.114248,3.662935,-2.363195,2.145473,-1.645955,-0.146413,-0.888771,0.959612,1.681721,-2.961432,2.191328,-0.288026,-1.433103,-0.643953,-1.291422,0.992408,0.738271,1.230552,-0.879813,1.067643,-1.466427,-0.201385,-0.927712,-0.16634,0.335682,1.723708,0.222991,-0.316427,-0.144103,1.223666,-0.38467,-0.755901,0.0
grenze,F,5.136077,4.153101,-0.617054,2.918972,-2.690096,0.413916,-3.816728,-0.456798,-0.543932,0.771377,1.355058,0.59111,-2.090576,-0.483739,-4.062529,-0.845835,-0.954189,-0.187364,0.037518,0.51267,-2.450186,-3.574491,-0.480246,-1.425178,0.282377,-0.029071,-0.82344,-0.574444,-0.110022,1.060027,-0.64198,0.751564,-0.665984,0.539781,-1.220721,-0.357397,-0.086789,0.845917,0.153929,0.304438,-0.0
grenze,G,-0.877234,-0.121879,0.817955,-3.407366,-0.812748,3.046664,-1.62593,1.220206,-2.436626,1.351117,2.722039,-0.760283,-0.659277,2.250033,1.436754,0.032903,-1.698655,-0.480247,-1.833543,-1.72875,0.067423,1.691815,0.04186,0.495808,0.191094,0.082703,-0.045712,-0.268983,-0.619938,-0.003541,0.814635,0.09918,0.382181,0.08843,0.086627,-0.129422,0.070245,0.222445,-0.06772,-0.018939,-0.0
grenze,H,-5.490422,0.830465,-0.011621,0.641802,-0.847692,2.829705,-0.013608,-0.513531,-1.365621,3.396944,1.550397,3.591452,-3.2615,0.486434,0.182419,-0.52299,2.055121,0.691196,-0.911419,0.297994,-0.118986,-0.37809,-3.089907,-2.191903,-0.162322,0.07673,-0.815185,-0.345263,1.887768,-0.959682,0.094872,0.731598,0.876755,0.475969,0.885523,-0.7483,-0.325198,-0.861131,0.96785,0.209413,0.0
grenze,I,3.262768,-2.600464,-3.611937,0.907754,-1.52185,0.353442,-0.603373,-0.718897,0.818914,-0.727284,0.64066,1.018561,2.87931,-0.192325,2.959051,-0.561443,-0.287798,0.070868,-2.473819,2.933508,0.891118,0.058925,-0.02171,-0.052315,0.040723,-0.017283,-0.010974,-0.005365,-0.005189,-0.001364,-0.002002,0.000386,-0.000381,-0.000325,0.001039,0.000651,0.000867,0.000416,-0.000126,0.000209,-0.0
grenze,J,5.30537,1.630037,-2.79947,-0.15521,-1.864916,-0.638729,0.086004,-2.316412,-1.459445,-2.281877,0.985062,-2.137962,-1.836064,-0.92423,1.996731,2.120793,3.234498,-2.428003,-1.478413,1.59258,2.361876,-2.193392,-0.946061,-1.467074,0.027771,-0.466286,0.142549,-0.670804,-0.33794,0.31905,-0.190527,-0.500142,0.354354,-0.008761,-0.53164,-0.031765,0.045582,-0.39094,0.131092,0.120595,-0.0
grenze,K,1.445154,1.374135,-5.106736,-1.11311,0.87139,0.07927,0.758802,-0.485477,1.937501,1.560314,1.8213,-0.783296,-4.016884,0.720428,-1.359419,-0.277542,0.965966,1.001043,0.211277,-1.173194,2.002135,1.281993,-0.870803,-2.012201,3.306277,-0.076276,1.300359,0.882369,-1.240054,-2.736015,0.284576,1.185557,0.919207,-0.518399,-1.385635,-0.336406,-0.297125,-0.694696,-1.099959,-1.221453,-0.0
grenze,L,4.288776,4.652996,-1.743095,-1.642217,-0.434319,-0.197105,-0.198377,-0.301038,-0.416695,-0.957536,0.571576,-0.157112,-0.046516,2.878051,0.966304,0.139211,1.805842,1.085606,-0.535745,2.650007,2.073619,-0.276698,-0.108889,-1.165706,3.805554,-1.472422,0.732143,-1.190281,1.147288,-1.269845,-0.08981,0.969531,0.780571,1.271172,0.047263,-0.242788,0.38456,0.680124,0.265393,0.482731,0.0
grenze,M,0.406917,-0.435645,-2.937015,0.403145,-0.809225,1.184221,-3.865741,-1.24227,-4.626648,2.98395,1.143077,-1.004931,-0.638349,-0.452644,-0.51573,-2.999286,-1.359605,-1.403103,-0.979505,-1.610893,-1.134189,-0.682776,1.908886,2.273612,0.776636,-0.433082,0.178454,-1.42071,0.971785,0.409721,1.459248,-1.833633,1.829283,-1.671252,0.27257,0.467359,0.947291,1.23473,-0.499484,0.075314,-0.0
grenze,N,4.094703,4.365294,-0.24259,-1.990478,0.446272,-2.463265,-4.959032,3.459107,-2.082124,0.999271,-0.091644,1.053284,0.998944,-1.602472,0.007682,-1.669327,-0.619742,0.564326,0.467182,1.204227,0.727215,1.441276,-0.551869,1.121961,0.438279,-0.376153,-0.819017,1.145169,-1.440931,-0.003394,-0.146522,-1.088898,0.349004,1.033384,-0.131563,0.70852,0.029702,0.171167,-0.040225,0.234331,0.0
grenze,O,-2.10024,-1.416859,-0.529589,2.630183,-1.390224,2.201205,1.503384,0.427832,0.532676,-1.535822,-0.282228,-0.273802,-1.672369,-0.467552,0.98153,0.516197,0.330728,-0.099534,-0.238677,0.398589,0.54318,0.286523,-0.12236,-0.50039,-0.411815,0.683644,0.147798,-0.17004,-0.285232,-0.306205,0.2913,0.119152,0.055375,0.245001,0.459768,0.241948,-0.159035,-0.067087,-0.080489,-0.02654,0.0
grenze,P,3.686285,-2.922809,-0.603704,3.705891,-0.019967,-1.707537,-1.053147,2.285738,1.863658,-1.89102,-2.107739,1.034334,-0.073863,-0.512473,-2.392076,0.686812,0.092788,-0.700575,-0.882183,0.878931,0.314388,0.170981,-2.179156,-1.90822,-1.191911,-1.867873,-1.203763,1.111535,-0.273078,-1.756815,-0.989649,-0.097694,-0.453612,-0.364517,-0.891164,-1.160978,-0.317204,-0.424058,-0.159166,-0.859021,0.0
grenze,Q,-3.082071,0.443882,0.215778,0.225722,-0.584155,1.860389,0.022592,0.543226,-0.279915,-3.401347,-0.588774,-0.692024,-1.227797,1.85605,1.960048,-0.658117,0.074365,0.263241,-1.2691,-1.302166,0.83901,0.063865,1.609691,-0.020273,-1.361489,0.680642,0.6238,-0.167794,-0.414178,-0.479063,-0.085656,-0.679686,-0.187456,0.96096,0.56821,-0.165378,0.209211,-0.175503,-0.149817,-0.402538,-0.0
grenze,R,0.972492,5.30388,0.883799,-2.740697,-1.138698,-1.608633,-0.123117,2.334934,1.090793,2.418867,0.565325,0.562731,-2.808381,-0.014966,-0.119791,-0.269711,0.118386,-1.402218,-0.544097,0.475599,-1.847763,-1.040922,0.325691,-2.789859,3.238118,-1.712044,0.811794,-1.315063,-0.036629,0.117714,-0.442397,-1.204638,-0.028412,0.356204,0.81814,-0.693457,0.032076,-0.247973,-0.737092,-0.957164,0.0
grenze,S,3.741209,-3.614602,0.118544,-0.457383,3.352504,2.842606,0.238139,1.89536,0.437328,1.204891,0.193322,1.319148,1.525341,-2.506283,1.466609,-1.584967,-0.309512,-0.032285,2.099824,0.531329,1.674584,1.3157,-1.17139,-0.879614,-1.089165,-1.300307,0.954214,1.980544,-1.634467,1.348415,-0.063058,-1.533878,-0.315569,-0.096604,0.624602,-0.561009,-0.331967,0.059842,0.141803,0.381839,-0.0
grenze,T,4.313282,-1.43655,-5.04388,-0.119608,2.756126,1.322163,1.375344,0.437851,-4.041254,0.902283,-1.861875,0.715407,-0.654115,-0.635491,-2.688016,-1.976353,0.008509,0.211593,-1.538481,1.914402,-0.121896,-0.326441,0.139297,0.805223,-0.243023,0.917162,-0.590105,0.443069,0.48438,0.021184,-0.350991,-0.561452,0.32695,0.50464,-0.194447,-0.227513,0.467318,0.332391,-0.066975,-0.137171,-0.0
grenze,U,-3.77856,3.578812,2.244164,2.372912,-5.220504,-1.521169,-0.016463,-0.813219,-0.018367,-0.857134,-0.619061,0.188024,-0.840109,0.475297,0.556779,0.15598,-0.514043,0.18883,-0.095676,0.073933,0.531935,-0.303665,0.638569,0.299091,0.003245,-0.072302,-0.441134,-0.099796,0.046849,-0.009329,-0.03691,0.103046,0.233727,0.1698,-0.443919,-0.171722,-0.285042,0.082662,-0.070513,-0.058076,-0.0
grenze,V,-5.935535,3.766226,1.279442,-2.018231,-1.530661,-0.994347,1.110632,2.515012,-4.394634,-2.29882,0.398543,-1.233954,1.85488,-1.113853,0.289986,-0.29116,0.883554,-0.894155,-1.000632,-2.440858,0.011742,-0.050057,0.086043,0.385626,-1.032041,0.058677,0.713781,0.09265,-0.52517,0.639187,-0.542544,-0.820704,-0.322334,-0.046193,-0.187643,-0.416921,0.303377,-0.064326,0.04394,0.051906,-0.0
grenze,W,-4.293115,-3.606003,-1.475379,-0.306971,1.404173,-0.675633,0.412167,-0.010178,-1.366183,1.953843,-0.467756,1.872435,1.207575,-0.791969,-0.168915,2.301702,-0.010365,2.229718,-0.930407,-0.090073,2.039753,0.136618,-1.430861,1.427455,1.655494,-0.915382,0.687368,-0.84801,0.007764,0.098544,-0.558916,0.282596,-0.812324,-1.768865,0.825204,-0.460943,0.073207,2.852079,3.945222,-0.353267,0.0
grenze,X,5.038612,2.861123,0.004115,0.456447,2.23211,-0.363252,-0.026064,-1.714836,2.109072,1.357558,-2.151466,2.365797,0.309966,0.950345,2.093962,3.899113,-2.936663,1.588165,0.621629,-0.102501,0.577384,0.30967,0.059416,-0.024247,-0.07644,0.091675,-0.108517,0.021757,-0.059857,-0.025128,0.003337,-0.005925,-0.002606,0.003283,0.000561,0.007348,-0.001711,-0.000183,0.000566,-0.000743,-0.0
grenze,Y,4.692327,0.678147,-1.863916,0.080864,-0.042331,-2.39359,-0.475437,-2.186733,1.949541,-1.140073,-1.840683,-3.612847,2.099649,-2.369899,-0.453754,-4.308757,0.818897,2.520363,-2.09367,-1.180768,0.791168,-1.222141,0.129708,-1.710809,-0.862858,-0.344303,-1.011755,-2.096179,0.694273,1.527506,0.772891,-0.613324,0.402543,-0.481201,1.494381,0.356059,0.312157,-0.193191,0.606924,0.091728,0.0
grenze,Z,-5.25632,-0.585871,1.253097,0.015227,-1.802231,-0.041537,2.566596,-3.153312,0.43608,-0.493727,0.219455,-0.591414,-0.221434,1.012664,2.129358,0.516811,-1.944027,-1.259608,0.31608,-2.458524,-1.036204,2.251831,0.330694,-1.080816,0.839161,-0.24255,-1.431232,-1.539043,1.464384,-0.449803,-0.262329,0.163871,-0.139803,0.072185,-0.594107,-0.330045,-0.799284,0.785519,0.874642,0.004408,0.0
grenze,a,-2.516287,2.12775,-1.36537,-0.963401,0.462886,-1.588772,-0.154764,-0.020993,-0.794711,-1.665913,-0.08651,1.080826,0.254871,1.554133,-1.63291,0.061248,0.266575,0.660686,-1.885815,-1.880432,-0.772817,1.10951,-1.247516,0.356802,0.579109,0.421015,0.523544,-1.297535,-0.560022,1.801231,0.609115,1.341468,-0.583927,-0.766093,0.414982,1.228751,2.881594,-1.867092,-2.512215,-1.437292,-0.0
grenze,b,-1.413189,3.319739,-4.244995,-3.175293,-1.503595,-3.035636,0.37093,3.62632,0.591729,1.272196,-0.797461,-0.500977,0.132995,0.669996,-1.34315,-0.318175,1.309368,-1.046497,-0.10563,-2.103731,0.097039,-1.726062,-0.024169,-1.211,-0.218998,-0.029324,-1.14244,0.738542,0.287307,1.338021,0.548031,-0.293975,0.180165,-0.112428,1.094308,-0.524139,0.505617,-0.375034,0.503432,-0.354524,0.0
grenze,c,-3.361981,-5.501136,3.104738,2.4364,2.641824,0.200992,-3.759654,3.176753,0.552419,0.412427,-0.249342,0.525185,-0.318791,-0.02974,-0.099711,-0.052873,0.388927,0.460055,0.744386,-0.183983,-0.530977,-0.338512,-0.289025,0.247825,0.587356,0.476148,-0.141254,-0.415056,0.114889,0.244605,0.205442,0.654226,0.431557,-0.405472,0.092566,0.087489,0.007426,0.201937,0.038859,-0.204269,-0.0
grenze,d,-3.585171,1.268198,0.722407,2.762644,-2.634545,-2.804135,2.648903,-2.864554,0.114063,-0.671897,-1.279221,-0.63987,-1.292539,-0.482768,-2.709615,-0.238529,-2.346618,-1.749727,-0.014133,-0.76456,-0.112428,-0.714542,0.679642,-2.108798,-0.168699,-0.487783,-0.318633,-0.548982,0.194415,0.410729,0.358504,0.564584,-1.152103,-0.112175,0.209667,-0.104786,0.462203,-0.869781,-0.51258,0.358612,0.0
grenze,e,0.860104,4.576982,-2.726065,1.644202,-0.09075,0.908357,-0.130235,2.562437,-1.557582,-0.289978,2.171304,2.781563,-2.619374,1.985969,2.306244,0.73382,-0.509492,-1.053102,0.571456,0.359283,2.377877,0.196253,-2.196786,-1.076797,-1.009199,0.473845,-0.835777,-0.261202,-0.094143,0.573111,0.263454,-0.864965,-2.323844,-1.827672,0.447698,-0.181194,-0.438507,0.369616,0.725457,1.262943,-0.0
grenze,f,2.263429,0.077726,0.440767,-3.161307,1.277883,-0.138987,-2.303108,0.286227,2.799548,-0.659937,-2.638927,-2.450242,-2.757721,2.985035,3.614477,-0.751803,0.853345,-2.780802,1.431426,0.996064,1.725564,-2.058181,0.850876,-0.535364,1.690559,-1.589925,-0.223955,0.538021,1.628897,1.392017,-0.652577,-0.128152,0.936668,0.327503,-0.020233,-0.490042,-0.126707,0.202836,-0.129808,-0.277305,0.0
grenze,g,1.839656,1.602084,1.591096,-2.656445,0.118664,1.005296,-0.333543,-1.197391,-3.510966,-0.461326,0.919235,0.340651,-2.018127,0.900761,-3.532417,-3.953953,1.574747,-2.471336,2.006708,-1.932901,0.3713,-1.898033,1.60966,0.198177,-0.792823,-0.413455,1.468753,-0.733986,-0.529162,-0.231604,-1.936343,-0.946033,0.542933,-0.493054,-0.758588,0.79151,0.556557,0.501813,-0.422673,-0.023888,-0.0
grenze,h,-2.957175,-0.949033,0.948189,3.930021,-0.017998,-4.345084,3.018852,-1.80509,-1.788013,0.345384,-0.942331,-1.142861,-1.18685,1.76784,-2.13713,-0.513817,1.654686,0.791739,-1.360853,-1.423831,-1.149048,-0.255231,0.142136,-0.529377,-0.144858,-0.019587,-1.174762,0.118772,-1.287804,0.951064,0.272092,1.174639,-0.067506,0.450326,0.608054,1.179071,-1.28914,0.096142,-0.588093,0.326332,0.0
grenze,i,-1.367463,1.013771,2.675554,-2.219206,-0.694033,-0.863608,0.187614,-1.466352,-0.647648,0.515219,-0.84448,-0.712421,-1.224561,0.244781,1.576667,-0.744225,1.474181,3.4917,1.011783,-0.920265,1.721081,-0.159646,-0.03837,-0.810459,-0.84007,0.057838,-1.50233,0.171029,-1.038934,-0.341728,-0.383315,-0.419438,-0.041565,-0.033866,-0.448059,-0.479313,0.577252,0.027466,0.460472,-0.090056,-0.0
grenze,j,-1.025774,1.908097,2.149116,1.84105,0.596969,1.35393,1.037397,-2.775756,-1.811246,-2.37879,1.055758,3.682972,2.241746,-0.81517,0.144735,0.717148,1.821432,-1.612779,-0.629682,-1.031739,-1.134347,-1.038566,0.640699,0.070876,1.080368,-1.195822,1.13794,0.494437,-0.712081,1.521506,0.978951,-0.487744,-1.347785,1.402234,0.815606,-0.006518,0.163966,-0.538714,0.28849,0.086152,0.0
grenze,k,-1.510206,-2.049692,-0.524343,2.663584,-1.978828,0.464233,0.816152,-2.314819,1.180316,0.182903,-1.092355,3.977829,-2.62273,-0.488141,-2.054273,0.620743,-0.879102,-0.668963,-0.136503,4.283808,-0.636574,2.904871,-2.962776,0.154081,1.011146,1.067427,-0.887278,1.12789,0.277312,-0.626234,-1.279551,0.114541,0.955476,0.371812,-0.201079,1.000756,-0.199866,0.022834,0.280812,-0.014194,-0.0
grenze,l,3.232347,-0.962987,1.098816,0.09541,-0.114058,1.835562,-0.120032,-0.704939,-0.030827,-0.475923,-0.952241,-2.533304,0.830881,0.059625,0.222965,-1.887985,-0.539442,-0.647327,-0.324008,-2.571192,-1.13886,1.892997,0.26409,0.224503,-0.152151,-0.620236,1.664407,0.10569,0.383118,0.117084,0.017172,0.051265,-0.017907,0.005254,0.007701,-0.001397,0.003822,-0.001061,3.3e-05,3.3e-05,0.0
grenze,m,-1.494374,1.406421,1.602582,0.307569,-0.216863,2.079911,4.233443,1.137132,-2.975306,3.559005,-3.206299,1.513002,-2.342726,0.611111,1.645638,-0.387716,0.973999,0.679662,-0.239588,-1.555757,0.747671,-1.830047,0.388615,-0.292161,-0.664282,-0.386715,-0.833471,0.17323,-1.038144,-0.500533,-0.658645,-0.323226,-0.519292,1.072572,0.363651,0.709723,0.11975,-0.649842,-0.12308,0.029391,-0.0
grenze,n,-1.374801,-0.132082,2.39162,0.48285,-2.085467,-4.019844,-2.346373,-2.268818,1.724627,-2.178891,2.358112,1.444782,-0.766299,1.171278,1.88982,0.876098,-0.366733,0.508787,-0.052709,-0.236327,0.012202,-0.071634,0.237172,0.960561,-0.235445,-0.642315,-0.015487,0.396641,0.504444,0.836766,0.083614,-1.063348,-0.292957,0.475905,-0.356209,0.352437,0.14476,0.103837,0.331638,-0.380637,-0.0
grenze,o,-1.240056,2.346975,4.059767,2.151148,-0.128733,-2.547288,0.477547,-0.859318,0.323115,0.305512,-0.907192,-0.381439,0.23442,-0.349803,0.206505,-2.143761,-1.31514,0.680119,-0.18104,0.701729,1.09364,0.618262,-0.527605,-0.354348,0.265946,0.062403,-0.147182,-0.346523,0.157148,-0.269718,0.257829,-0.198068,0.013679,0.511252,-0.148636,-0.311284,-0.186057,0.200525,0.201128,-0.066398,0.0
grenze,p,2.33287,1.18756,3.28538,-1.994635,2.248282,1.392495,-1.449651,1.243215,-1.400514,2.05025,-1.9236,1.269556,0.451857,-3.016963,2.482774,2.400391,0.220882,1.377706,1.898995,0.843858,0.137337,0.891299,0.801266,0.717067,1.128053,-0.194271,0.264644,0.242046,0.622043,-0.408724,1.284151,0.023794,-0.291309,0.172751,-0.545371,0.889286,0.03788,-0.032255,-0.103508,-0.215734,-0.0
grenze,q,2.129482,-1.013409,-0.735978,0.908495,3.504976,-4.003463,4.080581,1.746107,1.99774,-0.454746,1.1846,0.822776,1.139283,1.587924,-0.335939,-0.673323,3.075864,0.015095,-0.007387,-1.894604,-1.447999,-1.798808,0.384571,-0.337714,-0.144417,-0.129347,-0.271746,0.78426,0.260937,0.401817,0.143162,0.616608,0.640326,-0.338359,-0.256068,-0.206001,-0.04416,-0.402777,-0.020231,0.403755,-0.0
grenze,r,2.179702,1.887094,1.555561,1.089931,0.820295,3.396877,0.96011,1.463176,-3.291581,0.907638,-0.911536,-0.779366,-2.821581,1.662733,-0.85272,-0.31001,-4.39297,0.100477,0.908304,1.376591,2.026161,0.008226,0.930326,-1.941141,-0.551378,-2.027835,0.067535,-0.064654,2.241958,-0.266419,0.398691,-0.271973,-0.125969,-0.816881,0.139186,0.124878,0.425644,-0.481148,0.423425,0.104167,-0.0
grenze,s,-4.564374,-1.821053,-0.427424,-0.392404,-0.069435,-0.239456,-0.119054,-1.707793,-0.533558,1.29353,-1.348222,-2.07948,-4.410632,-2.049611,0.598376,-1.435799,0.350874,-1.182676,0.446763,0.799062,-0.30399,-1.75927,-0.442822,0.362619,-0.809927,0.451586,-1.491949,0.267595,-0.650924,-0.657121,0.846401,1.259182,-1.471909,2.168963,-2.459382,1.072042,-0.551891,0.031142,-0.329381,-0.46856,0.0
grenze,t,1.968819,3.239365,0.581483,-0.65217,2.69825,0.768054,3.247602,4.267176,-0.225937,1.211859,1.354078,1.062907,-2.448586,-1.295464,0.815238,-0.482035,-0.024644,-0.955601,0.289025,1.633379,-3.342134,-0.880523,1.57323,1.649668,0.745519,-0.257305,0.201382,0.930735,-0.332877,-0.617946,0.001127,-1.649376,-0.970731,1.824789,-0.102948,1.419865,0.210755,0.466108,0.224357,1.487631,0.0
grenze,u,-3.18394,1.132923,0.483745,2.839053,1.490969,-0.630569,-4.868221,-3.651141,1.32124,1.163534,0.975873,0.765279,0.38048,0.503129,-0.436469,0.985355,-0.611652,-0.705221,0.590194,-0.070134,-0.29762,-0.319312,-0.581007,0.723328,-0.523136,1.004887,0.352594,-0.018353,-0.245711,0.173821,0.659573,0.661953,0.128798,-0.476022,0.07785,0.327033,0.080065,0.544527,-0.493633,-0.129542,-0.0
grenze,v,-2.265513,3.12448,2.352279,-1.194755,4.338513,-1.597965,-4.546669,-1.418524,-0.289554,-0.206447,-3.135049,-0.895425,0.449131,-2.136136,2.104635,-0.245416,-0.469779,0.195607,0.28352,1.842921,-0.319147,0.145157,1.4211,0.663156,-0.309566,0.481847,0.67108,0.817631,-1.153503,0.968374,0.549208,0.390754,0.15253,-1.238469,-0.230058,-0.059371,0.226716,-0.253691,0.959031,0.35608,-0.0
grenze,w,2.210021,-4.782087,0.983611,-3.536077,-1.126579,2.859837,-1.756188,-0.19133,-1.382379,0.22808,1.596421,-1.579519,0.986576,2.290383,0.613662,2.932928,0.137324,1.098959,-0.444082,-1.512108,2.14919,0.114591,-0.995924,0.454751,2.208804,1.564064,-1.05371,-0.876964,1.087282,-1.628788,-2.404376,1.566537,0.869153,0.10611,1.664237,-1.735485,0.194972,-0.796764,1.153128,-0.78005,0.0
grenze,x,0.740602,0.11267,0.154496,0.2884,-2.548814,-0.021694,1.040353,1.331825,0.467111,-0.317799,3.082986,0.240545,-0.511787,0.155005,-1.396635,-0.40361,-1.976593,0.868823,-0.302052,-4.541364,0.419516,-0.462964,-0.1173,-0.29704,-0.180536,-0.087892,0.025277,-0.028725,0.028794,0.001706,0.036827,0.004922,-0.017299,-0.003454,0.003237,-0.006433,0.005652,5.2e-05,0.003222,0.00158,0.0
grenze,y,-3.545294,2.395149,2.244167,-3.565067,1.727686,2.912222,0.130629,4.487238,4.930635,-0.374722,-2.806443,1.82228,0.66695,1.665524,-0.389627,0.289086,0.666238,1.258729,0.31459,-3.221856,-1.661669,-0.282232,0.786309,-1.023469,0.451031,-1.213062,0.94974,1.278645,-2.202145,0.178908,-0.191614,-1.121323,0.094296,0.129783,-0.065297,0.057265,0.338065,-0.578022,0.489648,0.357278,0.0
grenze,z,-4.379537,0.845606,-2.487757,0.973223,3.051186,-0.488979,-2.104615,-0.873079,1.140149,-0.497963,0.869071,1.869185,-0.275558,1.432851,0.564046,-0.682805,-2.087401,-0.757544,1.333283,-1.961307,-0.263277,2.181987,1.726954,1.543478,1.076461,-0.470846,-1.246672,-0.439319,-1.061988,0.13903,-0.687655,-0.026565,0.367047,0.235877,0.693861,0.021025,1.125799,0.80461,-0.663721,0.82953,-0.0
habibi,0,0.368238,-4.904097,-0.052726,-1.552506,-0.472862,2.776694,0.864829,0.578007,-0.211286,0.798915,-0.849317,1.236699,0.128166,0.016913,-0.386594,-0.432038,-0.779083,-0.080695,0.504891,0.410873,0.460159,1.111089,0.397473,0.211781,-0.060381,-0.438552,0.327473,0.196336,-0.280511,-1.256541,1.089062,0.222066,-0.606931,-0.482512,1.073544,-0.194887,-0.395672,0.590488,-0.03512,0.634431,-0.0
habibi,1,3.46498,-2.236653,-1.828741,5.366329,0.269258,-3.557126,2.155155,0.79821,-0.426173,1.838486,-2.054801,0.395032,-0.547211,0.373948,-0.694013,0.596056,3.066174,0.16827,0.357697,-0.624908,1.864806,3.193683,-0.085801,-1.708836,1.400181,-0.722448,-1.078953,0.029155,0.914357,-0.090914,-0.137816,0.580016,-0.24398,-0.431807,0.044026,0.005955,-0.101813,0.151379,0.034089,0.179843,-0.0
habibi,2,0.817884,-5.772117,3.765286,-5.474312,0.474882,1.302184,1.608239,0.060529,-0.630931,1.789752,0.918368,-0.244978,0.383131,-2.023009,-0.991578,-0.088105,-2.1103,1.689662,-0.521276,-0.59156,-2.168899,-1.282052,-1.355245,-1.414283,-1.271877,-0.847629,0.097333,0.446998,-0.441559,-1.18276,1.300655,-0.455232,0.095132,-1.31054,-0.814942,0.209962,1.131696,0.18376,0.62351,0.052624,-0.0
habibi,3,7.880453,2.068446,-1.812788,1.316371,-0.790837,-1.747618,0.343385,0.752755,0.444256,0.038437,0.696406,1.117835,-0.77023,0.994489,-0.905702,0.98055,1.554565,1.180293,-2.417574,1.789198,-1.788847,-0.86305,1.576162,-1.185427,-0.444793,2.305104,-0.020388,-1.63616,-0.139493,-1.767599,-0.981304,0.350988,-1.032441,1.044068,-1.151905,-2.69705,0.348436,0.255613,-0.902698,1.045847,0.0
habibi,4,-2.042465,1.390429,0.78712,0.055939,0.974389,0.326874,1.812497,-0.460695,-2.718419,-0.100415,2.088006,-2.019791,0.852268,-0.338939,0.640916,0.642576,-6.085812,-1.516627,-0.404117,0.619034,0.350566,-0.685072,0.23968,0.288715,0.477398,2.116046,1.461817,1.060399,0.663634,1.351595,0.633015,-0.970714,-0.125923,-0.802316,0.303626,0.67637,-1.972424,1.027168,-0.246074,-0.136239,0.0
habibi,5,10.092939,-0.736452,-1.146678,-1.770342,-0.392361,-0.322189,1.398733,-1.215539,-2.001384,-2.038437,-0.639776,1.48023,-1.636764,0.689799,-0.5054,-0.685514,0.676861,0.446204,1.210109,-0.168095,-2.37966,1.790906,-0.30787,0.39447,-0.724188,1.115802,2.315731,-0.295983,-0.11561,-0.501268,-1.422611,-0.69811,0.180796,2.597169,0.408299,0.888009,0.462981,-0.443003,-1.540054,-0.475043,-0.0
habibi,6,-1.027717,-0.366606,-0.600668,2.796838,-0.023038,-0.221848,0.009156,0.6627,1.967609,-1.511731,1.049255,-2.098287,-1.31312,3.248413,0.087109,-0.449305,0.915307,0.272875,-0.239368,-0.089972,1.579387,-0.021027,0.493561,2.67101,-1.034418,1.750807,1.753262,1.377192,1.638275,0.676927,0.801679,0.61833,0.805612,0.182738,-0.561525,-1.046547,-0.395127,-1.236599,1.179396,-1.411244,-0.0
habibi,7,2.086854,0.310939,0.892039,-0.503381,0.770788,1.798791,1.447965,0.540406,0.749359,2.59892,1.570731,0.647022,-0.335964,-0.993049,-0.055572,1.021445,-1.48919,0.188807,-0.699674,-0.311419,-1.498362,0.136426,0.879944,-1.470702,0.59492,0.818045,0.148882,1.902783,-0.319513,-0.318998,0.073213,-1.042688,-0.745985,1.678517,-1.210314,-1.4765,-1.259189,1.414031,-1.696986,0.331865,-0.0
habibi,8,0.430468,-3.471035,3.640633,0.479701,-1.829515,4.739628,1.791444,0.905404,-3.928183,-0.534723,-0.811637,0.377876,1.499208,0.794111,-0.9605,-1.127959,3.821277,-0.507094,1.493827,1.098515,-0.079047,0.866812,-0.69912,-0.630308,-0.239729,-0.123635,-0.101623,0.047049,-0.132015,-0.168426,-0.410898,-0.107798,0.509145,-0.3929,1.892854,0.381862,-0.196266,0.322375,0.30367,-0.090058,-0.0
habibi,9,-2.96116,0.686227,-0.491525,0.698786,-0.292141,0.468727,0.087444,-1.901774,0.102561,0.669364,-0.993198,0.583009,-0.4566,-1.060098,0.27867,0.058035,0.118858,-0.027882,-0.304223,-0.638361,-1.352813,1.596818,-0.195382,0.92425,-0.623443,-0.156025,-1.144741,-0.296966,-0.464675,-1.738165,1.82819,-2.128593,-1.758313,-0.498908,-2.503514,-0.045775,-0.126192,-0.351235,1.567663,2.313186,-0.0
habibi,A,5.917957,0.678781,-1.74131,-1.431464,-2.301633,1.84519,-2.201541,3.311703,-0.630365,0.234246,2.395519,-2.153143,-0.136154,-0.659276,-0.322488,0.360414,1.587772,0.433029,0.175143,-3.822377,0.460199,0.503633,1.722561,0.170512,-1.499352,2.562347,-0.769501,0.38001,-1.21985,-0.954934,1.005198,-2.163634,-0.490151,-0.583935,-0.297107,-1.269809,-1.300978,-0.847147,-0.586143,0.487753,0.0
habibi,B,-0.204303,-1.220351,-2.269346,-0.127789,-1.859158,-2.402032,-0.382255,0.3059,-0.604169,-0.05988,1.802128,-1.436016,-0.917449,0.18146,0.003453,0.207365,1.659624,-2.632718,-1.658479,1.198196,0.699197,-1.084608,-1.116159,-1.331035,0.25583,-0.360641,0.168887,0.256504,-1.844269,0.567521,1.610296,-0.125952,-2.917805,-1.013939,-0.763588,0.576258,1.823209,-0.567813,0.136139,1.937561,-0.0
habibi,C,-0.74655,-1.013291,-0.966891,0.53332,-0.364544,0.378004,0.431076,0.149987,-0.190922,-1.006217,0.678826,-0.405379,0.844845,-0.825364,0.599855,0.586542,0.820942,-0.676792,0.473246,0.36343,0.272935,-0.750026,0.157412,-0.695256,-0.234252,-0.104518,-0.356381,-0.124963,-0.214077,0.004357,-0.233507,-0.273689,1.346463,0.207781,-1.486498,0.980617,-0.57622,-1.038952,-0.094818,0.257204,-0.0
habibi,D,1.572768,1.875256,-0.259691,0.839556,-0.584038,-0.707958,-0.515842,-0.91733,0.009081,-0.024816,-0.558826,0.291312,-0.352069,0.448858,0.498026,-0.543561,0.216774,0.937703,0.439142,-0.404916,-0.721363,-0.815116,-0.786928,-0.459751,1.370231,-0.132424,0.073873,0.398481,1.351397,-0.183304,-0.823417,1.967261,0.828162,-0.488694,-0.160569,0.851206,-0.582794,0.240715,-0.179965,-0.422024,0.0
habibi,E,-1.394039,0.176314,0.101225,1.90078,2.762968,1.113587,-0.674075,1.430247,-2.939735,0.594376,1.552299,2.00205,0.019736,-2.221828,-0.258867,0.723281,-0.530642,0.261185,-1.224539,1.363665,-0.338048,1.165663,0.318248,0.678818,1.724163,1.100886,-1.160103,-1.499067,-0.290531,2.216487,2.994795,-1.63085,-0.178273,0.052601,0.00054,-0.127036,-0.752544,0.135712,-1.728665,0.554166,0.0
habibi,F,1.786745,2.932352,0.325213,2.924348,-2.042692,1.412937,4.033085,0.613451,0.092409,1.083757,0.785924,1.924123,2.111654,-0.732876,1.879053,0.867069,0.951813,0.17608,-0.874145,-0.541239,-2.040592,0.544563,0.446047,-0.909228,0.173339,0.377101,-1.149403,-2.762753,-3.666514,0.208606,1.368061,-0.515885,-0.705239,-0.140426,-0.324202,0.166198,-0.149109,-1.208266,-0.72545,-0.612219,-0.0
habibi,G,0.396917,-1.020392,-0.977994,0.605462,0.427207,1.130337,0.664888,-0.252858,0.636407,0.759576,-0.109459,0.209243,-0.186327,-0.80265,-0.846745,1.570335,0.043393,0.840742,-2.064983,-0.547187,-1.081312,-1.581755,-0.462139,-0.217986,0.855489,-0.832089,2.540901,-1.130415,1.512151,-1.192196,0.367673,0.080151,1.025956,1.437922,0.327207,-0.420697,-0.140799,0.655375,0.133172,0.033576,-0.0
habibi,H,-1.215375,-1.073744,-1.996123,-1.278699,-0.165892,-1.112552,-1.88207,0.926596,-0.790394,-2.013306,-0.254973,-0.670225,0.229393,-2.066388,2.517255,-0.517088,0.518979,-0.617101,-1.322668,-0.57867,-2.406207,-1.517908,-3.32806,2.337261,2.071492,2.44524,-1.891761,0.284291,-0.626917,0.712258,-0.072339,0.555805,0.769937,-1.634841,0.148686,0.781855,0.268094,-0.415187,-0.585048,1.125933,0.0
habibi,I,4.118388,-2.822546,0.302182,-0.470464,-0.428461,1.088118,-1.464784,0.105759,-3.28268,-2.169988,-2.619671,-0.183087,-2.881575,2.219929,1.498789,0.700136,2.929662,-0.770621,-1.555782,-0.401501,-0.413678,0.134293,-0.02982,0.014499,0.025848,0.009927,0.007005,-0.000609,-0.002183,-0.000243,9.5e-05,0.001006,-0.000922,0.000152,0.000215,-0.000299,-0.000224,6.5e-05,-5.2e-05,-1.9e-05,-0.0
habibi,J,6.003502,0.236377,-0.090143,2.412481,-1.509789,-2.270882,3.622217,-3.803101,1.777234,2.000948,-3.106564,-1.866394,0.511143,-1.163123,-1.397186,-1.580748,-0.566521,0.354871,0.891823,2.461033,1.326768,0.57985,0.556693,0.336868,0.77081,1.183399,0.629742,1.700544,0.321479,1.056825,-0.817022,0.477401,-0.741486,0.051048,0.083972,0.237107,-0.154531,-0.472064,0.476607,0.169991,-0.0
habibi,K,-1.459992,7.643139,4.616732,0.577458,-1.340439,-0.603782,2.080651,-1.600729,-1.675158,1.915117,1.937418,2.58,-2.021458,2.294578,-0.627024,-0.802348,-1.189116,-3.18774,-0.069795,1.336209,-1.999153,-0.290883,-3.88232,-0.558434,-1.38462,-0.304453,-0.397461,-1.148416,-1.138583,-1.203502,0.155385,0.068413,0.134102,0.201291,-0.894441,1.141798,0.106741,0.337137,0.38476,0.067423,-0.0
habibi,L,-0.919119,0.239336,-2.948992,0.014572,-1.727199,2.578767,0.222441,0.618991,-0.31186,-0.937057,-1.818093,-1.30326,-0.166217,-2.078781,-0.087432,2.906685,-0.939772,-1.323905,-0.435261,0.881621,0.488648,1.201506,-1.604627,-0.280146,-0.297478,-0.740883,1.943937,-1.596655,1.234596,-0.798277,-0.344498,-3.408103,0.06388,-0.84429,0.13345,0.475587,0.932624,-0.544498,-0.653467,-0.156037,0.0
habibi,M,2.310464,0.350801,-1.701238,1.99629,-0.900296,0.548956,-1.26935,-3.650289,1.062671,-1.321806,1.274896,-2.057044,0.842805,-2.848979,-3.043198,1.629905,-1.442946,-0.294781,0.198808,0.906463,-0.879784,-0.860409,1.343683,-0.282799,1.191565,-1.441949,0.035868,-0.458065,0.850366,1.533478,-0.572781,1.78761,-0.630046,2.506278,-2.193388,-0.079484,-0.965607,1.456341,1.510638,-2.116971,-0.0
habibi,N,4.690205,-2.713864,1.762974,0.706237,0.076258,-0.11109,1.841649,-0.100301,1.090679,-0.025325,-0.766961,0.598471,-1.008005,0.199863,-0.714952,-0.381256,0.081244,-0.172081,0.428921,-0.349019,0.803447,1.602902,-0.596537,0.501016,-0.745329,-2.200196,-0.203918,0.104098,-2.423729,0.311364,1.981175,0.073501,-0.843449,0.185135,1.368244,-1.06512,0.410951,-2.797219,-0.846981,0.921348,0.0
habibi,O,1.806192,0.833923,-0.135329,-0.283214,-0.197237,-0.134926,-0.886306,0.658611,-0.038535,0.486756,0.088842,0.177706,0.320317,0.192382,0.313594,0.876142,0.823929,0.255941,-0.090611,-0.551999,-0.044506,-0.892851,0.44404,0.833417,0.04744,0.160583,0.006106,-0.20024,0.417164,0.050768,0.553401,0.797793,0.403694,-0.452096,1.758845,1.084688,-0.265233,-0.205666,0.482157,0.120707,0.0
habibi,P,3.513878,-0.225088,-0.198783,0.594415,-0.644826,2.907157,0.195149,-0.68607,0.465156,-1.970283,0.123711,2.292195,0.860109,-0.384365,-0.02529,-3.333063,-1.860164,-1.844621,0.428901,-1.616194,-1.206086,-0.520384,-1.232566,1.695842,-0.07511,0.830618,0.294387,0.357203,1.085739,-0.454325,-0.449471,0.625049,2.663004,-0.285469,0.486077,0.847315,-1.497887,-1.117832,-0.221582,-0.521668,0.0
habibi,Q,4.452186,3.1138,1.214331,-0.547139,-0.060508,-0.136707,-1.322488,3.379405,-0.382321,0.20792,-2.52774,-2.115391,1.751475,0.263068,-0.750831,-0.237463,0.154658,1.02505,0.5458,-0.166975,-0.980424,1.604079,1.00557,0.145591,0.068794,0.094125,0.485398,0.621715,-0.971428,0.88455,-0.096831,0.666293,0.52568,-0.09322,0.041106,-0.306622,0.295387,0.041687,-0.015998,0.380184,-0.0
habibi,R,1.460819,3.473359,-1.164311,-1.136305,0.637976,-0.019525,-2.303495,1.596618,2.889346,2.068861,0.040803,-0.158399,1.113252,-0.345898,3.498253,1.238885,2.756754,0.292895,0.003715,-0.175727,0.615376,0.93361,-4.17809,0.668287,-0.037933,-0.354725,-1.250781,1.357456,0.840817,0.345871,0.86052,0.289889,-0.207555,-0.18516,0.332007,0.986261,0.37007,-1.021381,0.285588,-0.03695,0.0
habibi,S,0.276717,-1.047914,0.546887,0.705272,0.077939,0.760254,0.692849,-0.342609,0.017971,1.210115,-1.805038,2.250759,1.747852,2.227394,-1.483254,-3.30183,0.324205,-0.028881,0.823018,1.139661,-0.17169,0.055167,0.471894,-1.047754,-0.983794,1.443163,-0.576984,-1.096218,1.355863,-0.221986,0.787693,-1.013783,0.643138,1.947761,-0.776929,1.92703,1.524542,-1.733859,1.158308,-0.651969,-0.0
habibi,T,4.230203,3.364322,3.09702,0.739925,-0.373387,0.385873,-0.170575,0.166681,0.846531,3.948634,4.505559,-2.50047,-0.406923,-0.399844,-0.703973,-0.818592,-0.072226,1.38552,-1.461576,0.596644,-0.920927,-1.632907,0.550553,0.854926,0.338575,0.710242,-0.643179,-0.126823,-0.6108,-0.712185,-0.033937,-0.311315,0.380542,0.606733,0.417426,-0.059208,0.198414,0.15497,0.34383,-0.164377,-0.0
habibi,U,-2.460789,-1.427017,0.527306,-0.561923,0.493099,0.020189,-0.227162,0.296648,-0.867097,0.370991,-0.318239,-0.346697,0.554771,0.841523,-0.535229,0.013021,0.347699,-0.473834,-0.003082,0.307969,0.259504,0.421027,0.41249,0.623199,0.345753,0.34896,-0.785034,0.308629,-1.063727,0.165148,1.484389,1.22895,1.270936,1.217174,0.26123,-0.511527,0.799329,0.728449,0.183263,-1.002974,-0.0
habibi,V,-2.516099,-2.353051,-0.01019,-0.040303,0.567516,1.565187,-0.423954,-0.390429,1.13497,1.022885,0.161646,0.423717,-0.821334,-0.550401,-0.466176,0.357078,0.450536,0.958422,-1.876312,-0.982124,-1.800948,0.43236,-0.303509,1.389269,-0.157546,0.415229,-0.154084,1.570844,-0.450113,1.105571,-1.434471,-1.355811,1.312787,-1.300947,-0.427252,0.87327,-0.427582,-0.163747,-2.283813,-0.824305,-0.0
habibi,W,-1.466664,-4.519697,-3.398922,-2.727518,1.743276,-2.04783,3.013013,0.505882,-1.720804,2.340964,1.284994,-1.082871,-0.411732,-0.291799,-1.776019,2.106857,-0.607953,-0.565083,-0.125842,-0.804011,1.804689,-1.593088,1.499271,-0.907224,-1.511118,0.042902,-0.199288,2.065773,0.075685,0.908725,-0.788383,-0.154699,-2.444145,2.257416,0.028892,0.465803,-0.169826,-1.719249,-0.658986,-2.252188,0.0
habibi,X,5.408806,0.29553,-1.960813,3.212199,-0.564663,-2.175451,-2.714572,-1.024049,-0.624724,1.474813,-2.838015,0.389801,2.609328,0.132051,-5.140817,-0.541982,-1.12056,-1.128162,-0.297583,-0.262568,0.03376,-0.193483,0.010945,-0.226752,0.000761,0.003288,0.054599,-0.003089,0.027541,0.032201,0.000731,0.006299,-0.000442,-0.006304,-0.003124,0.001126,0.002435,-0.000879,0.000105,0.000826,-0.0
habibi,Y,4.322094,1.19678,0.825613,-0.050473,-0.48517,-0.700552,-0.35298,2.548596,0.840296,-0.476408,-1.933662,0.539249,-1.241917,-2.24768,-4.69586,1.813244,2.29982,-1.627521,0.838395,1.257298,0.970068,-0.10845,1.203329,-1.981879,0.864008,-0.156333,0.498408,-2.250788,0.134613,-2.182748,-0.263444,-0.783782,2.052848,-1.355406,-1.302286,0.723011,-0.154525,0.009066,-1.416958,-0.031634,0.0
habibi,Z,-1.002715,1.359091,-0.805876,0.234976,-0.342757,0.951676,0.440877,0.410002,-1.191582,-2.388286,0.902537,0.070953,1.373937,-2.853571,1.989154,-1.307598,-2.530542,0.279533,-0.234287,-0.145779,-0.737433,-3.2442,-0.922871,-0.936678,-0.001947,0.151374,0.965542,-1.339055,-0.452164,1.03713,-0.242832,0.841965,-0.130496,-0.129318,-1.308308,-0.036768,-0.991345,-1.508332,-0.623732,-0.015362,0.0
habibi,a,7.172768,-0.55462,-0.52435,2.101145,-1.675913,3.014406,0.32332,0.327572,-3.96316,-0.287194,0.070012,2.119123,4.261902,-0.254875,-0.765222,-0.341888,-0.734689,-0.304602,-0.367579,-1.643046,0.63461,0.648283,2.618767,-0.312274,0.059474,0.550296,0.549131,-1.316351,-0.205339,0.302548,0.817118,-1.352429,0.610523,-0.435086,1.521669,1.548741,-0.436862,0.714944,-0.30805,0.696912,-0.0
habibi,b,-4.554268,-2.675033,0.646806,1.546107,-1.631742,0.990932,-2.175816,0.938087,3.292384,2.538663,0.094852,-0.741015,-1.212923,-0.895077,0.028483,-2.321086,0.814984,-1.17494,-1.374566,0.677352,-0.067172,0.87405,-0.181421,0.706935,-1.096468,0.535718,-0.46516,-0.398621,1.935475,0.966798,-0.156697,-0.021296,1.159712,0.896434,-1.498328,-0.541437,-0.499127,-1.028031,-0.120966,0.300312,0.0
habibi,c,0.518123,-0.463129,-0.742821,-1.735327,-1.500478,-0.07538,0.440674,0.839135,-1.070584,0.915911,0.50367,0.074566,-1.281622,-0.977826,0.433511,0.053893,-0.889451,1.810028,-0.511038,-0.082976,0.925672,0.820363,1.154509,0.905339,0.374891,0.959848,0.267297,0.002627,-0.178204,-0.430173,1.748466,-0.780472,1.65718,-0.322079,-0.611432,-0.099067,-0.791605,1.235456,0.207292,-0.1879,-0.0
habibi,d,-3.103526,-0.142946,-0.230183,1.088774,-1.782249,-3.734422,-0.733775,1.238824,-0.654411,1.758492,2.950159,-0.175441,1.220723,-1.978688,3.114692,0.816326,-0.13402,-1.594473,-0.367795,-0.712045,-0.539148,0.98347,-1.320146,-0.401957,-0.294197,0.798289,-0.137288,-0.390229,-0.207716,-0.281648,-0.808521,-1.517661,0.939795,-0.003154,-0.110576,-0.163147,0.690644,-1.468103,0.582964,-0.503042,0.0
habibi,e,-1.942709,1.050144,-0.41895,2.988466,1.295731,1.023666,1.827256,1.932253,3.898979,2.946374,1.415092,0.40769,1.22896,-0.534629,0.663839,3.053566,-0.429361,-0.617167,2.502155,-0.128059,0.276465,-1.281031,2.112386,-0.259972,0.361939,0.284225,-0.618705,0.277415,-0.960467,-0.654766,-1.515108,-2.022696,0.953693,0.222146,-0.100448,1.451363,-1.322261,-0.280198,-0.812183,-1.322624,-0.0
habibi,f,8.994106,-3.055986,1.481342,3.323231,1.35287,0.876837,2.34074,-2.714112,-1.996681,-2.273556,-0.223646,1.169006,-1.817794,1.533223,0.332373,-0.615581,-4.16004,-1.895787,-2.252681,1.24754,1.176623,1.065542,-2.686748,0.420707,0.226854,0.077285,0.946157,-1.519529,-0.995468,1.204891,-1.013586,1.162795,0.981933,0.25042,0.160125,0.200478,-0.208083,0.153823,-0.184219,0.180651,0.0
habibi,g,-1.841727,2.559499,-2.225078,-0.006045,3.909035,1.315517,0.334569,0.270666,0.859799,-3.078041,0.585065,3.00694,-3.43278,1.172108,1.768679,-1.590058,1.269036,3.294197,-2.716903,-0.758127,-2.77248,1.216709,0.114419,-1.684954,-0.122589,-0.519969,0.417879,-1.102832,-0.862211,0.415394,-0.093291,-0.038675,-0.379352,-0.825453,0.26647,0.248522,0.421411,0.846876,-0.042077,0.529542,-0.0
habibi,h,-3.319435,-3.368999,-1.96873,-0.42063,1.975847,0.621013,-0.321296,-2.540592,2.229615,-1.558536,-1.071258,-0.430022,0.516814,0.543418,-0.509583,0.206591,-2.131622,-3.875384,-0.941066,1.191771,-0.604104,1.444621,-0.321147,-1.502803,-1.560112,-0.687689,-0.757203,0.66533,0.675135,0.578617,1.070049,0.230856,0.314379,-0.297281,-0.820359,1.057559,0.010711,0.218394,-0.467923,-1.576047,0.0
habibi,i,4.607368,-4.165716,1.309903,-0.105175,-0.156936,-0.894581,-1.675531,-4.949975,-0.420118,-1.719936,-0.219027,2.764356,3.070783,-0.968848,1.341025,0.899605,0.216864,-0.251392,-0.027472,1.07935,-0.681071,-0.871112,0.62481,0.099025,-0.640341,-0.688497,-0.189389,0.028251,0.13191,0.292647,-0.185528,-0.009328,-0.237915,0.197598,0.127884,0.163338,0.023655,-0.020054,0.097244,0.010088,-0.0
habibi,j,4.188135,-3.49456,1.894554,1.262845,-2.345333,-0.585259,-1.694417,-0.363958,0.92991,4.202763,3.62305,1.407687,1.040661,1.465272,1.194055,-0.272162,-0.55237,-0.304212,0.70974,-1.582138,0.224682,-1.65334,-0.253413,-1.757672,-0.136091,-1.079414,-1.330109,0.131507,-1.707727,0.142289,-0.270477,1.786383,-0.103409,-0.425877,0.252441,-0.557599,-0.264358,0.403683,-0.244467,0.013891,0.0
habibi,k,2.220622,-3.847396,-3.315451,-4.714307,-0.718334,2.121742,-0.969696,-3.606985,0.904319,4.102941,2.164591,-1.316254,-1.322747,-1.509902,4.051158,-1.652029,-0.098607,0.928651,-1.54595,-0.18491,1.954508,0.109485,-0.369453,0.24326,-1.314817,2.074256,-1.27334,1.117095,0.791992,-0.536241,0.087845,0.620108,-0.430782,-0.240263,-0.498469,-0.016329,-0.203491,0.443336,0.264386,0.299056,-0.0
habibi,l,-1.921468,-1.338883,-2.794528,1.875238,-0.055645,-0.405681,1.586909,-0.294766,-2.626292,1.207295,1.782252,2.584278,1.830926,-0.992222,-0.117127,0.220679,0.975182,-1.79868,-2.896692,-0.767385,0.13554,0.737812,0.590419,-0.988404,-0.985045,-0.080802,-0.075897,0.041507,-0.017305,0.008445,-0.023324,0.011344,0.001013,0.000123,0.000884,-0.000682,0.000277,-0.000363,-0.000298,3e-06,0.0
habibi,m,-1.19591,-3.050336,0.830438,-0.633512,-0.650814,-2.026997,-0.201936,-0.434931,-0.387279,-0.504677,-1.36679,0.135805,-2.694301,0.480039,0.322969,-0.122525,-1.709603,0.3031,-1.754197,0.854946,0.301378,1.602799,-1.193714,-2.420528,2.242983,-1.448159,1.204962,-1.18409,-0.445279,0.88067,0.70117,-2.137436,0.52369,1.226625,-1.017476,-1.209253,0.296671,-0.810426,1.264623,0.943011,-0.0
habibi,n,-3.281975,0.828221,-0.535812,-0.796466,0.517124,0.376321,-0.218806,-0.282283,-0.25965,0.942837,0.075675,-0.610305,1.108648,-1.343789,2.075391,1.042764,0.274778,-1.068274,-0.448981,0.624191,-1.643544,1.776127,-2.812335,1.04163,-1.143407,0.089133,0.614364,0.561535,-0.326817,0.908979,-0.155479,-0.891138,0.874141,-1.804041,0.482529,-0.687319,0.097644,0.299547,0.446517,0.472076,-0.0
habibi,o,1.148399,0.460882,-0.049941,-0.506145,0.168787,-0.934577,-1.296773,-0.136675,0.919177,-0.347472,0.364968,-0.1914,-0.278826,0.461095,0.683087,0.435372,-1.566498,-1.929602,-1.014134,0.050089,-1.156537,-0.740654,-0.698521,-0.191342,-1.982372,0.497713,0.161488,-0.249263,-1.04006,0.118812,0.880917,-0.641925,-0.685201,0.683928,0.687336,0.794916,-1.072083,0.149677,0.006221,0.288903,0.0
habibi,p,2.94683,-1.217539,-1.291013,-1.958343,0.461515,-0.260275,1.242952,2.952073,-1.315856,0.268433,-0.56089,-0.004903,-3.647336,1.499366,-1.497886,0.102253,0.442345,1.538486,1.989768,-0.08395,1.799128,0.498972,-1.579833,-2.435665,0.01598,1.395155,-0.265712,0.176263,-0.364324,0.165075,-0.128118,-0.278835,-0.495414,0.838597,0.903062,-0.381911,-0.286811,-0.06599,-1.102562,-0.120876,-0.0
habibi,q,3.509384,-0.910249,1.366938,-1.227329,-1.317262,-0.593776,-0.409914,2.799964,-1.825275,1.836245,1.185768,3.451535,3.39139,-2.469238,1.708401,1.001381,-1.252993,-0.027716,0.486626,1.02336,-0.483832,-1.157476,-0.25171,0.221602,-0.138374,-0.242413,-0.397202,1.168585,-0.313971,0.947968,1.079106,-0.473164,-0.563797,0.304642,1.018564,1.167559,-0.578671,-0.224682,0.054757,0.421728,-0.0
habibi,r,3.802856,-5.892795,-3.326019,-0.135677,0.069639,1.051909,0.299824,-1.035687,0.643903,-3.593538,4.393119,-1.443358,-0.372178,-0.437038,0.571084,0.48093,-1.458146,-3.171981,-0.69927,0.021786,1.334676,-1.642373,-2.730784,0.136911,0.29344,1.753583,2.070879,-0.768694,1.36278,0.50618,-0.003984,-0.369885,-0.101025,-0.236372,-0.453069,-0.391867,-0.433888,0.093606,0.080375,0.160218,-0.0
habibi,s,-1.093819,-1.193961,1.246764,0.417667,2.513219,0.840185,-1.779823,1.894264,-1.621896,0.069155,3.17258,-0.716651,0.740974,-0.599687,-0.227934,-1.710845,-0.941251,-0.100125,0.12154,0.325106,-0.415485,-0.576101,1.135047,-1.77571,0.725506,1.405073,1.385917,-0.45737,-2.51937,0.214284,1.933436,-0.623752,0.122158,-0.452737,0.417021,2.104472,2.165931,-0.292444,0.849894,-1.57674,0.0
habibi,t,2.110872,-6.245846,0.443121,0.003221,-3.184257,-1.465032,1.119906,-1.003538,-2.173178,0.887361,3.058747,-4.392857,-0.063789,1.132152,-1.914619,3.088902,1.108677,-1.325234,-2.383016,1.907176,-2.399714,-1.765171,-0.656112,-0.754601,0.334386,-0.472045,-0.417814,0.548873,1.061963,0.007949,0.957222,0.451667,-0.847148,-0.864585,-0.164245,-0.022198,-0.351574,0.380723,0.243822,-0.390256,0.0
habibi,u,-3.644489,0.08304,-1.35698,0.555664,-0.332013,-1.70848,-0.606799,1.519312,-0.08658,-0.11935,-1.236787,0.101963,-0.514149,0.081692,1.160871,-2.342463,-1.851986,1.091598,0.27388,-2.711046,-1.901938,1.212244,0.39766,-0.254059,-1.152466,-0.635967,0.050711,-0.201464,-0.185321,1.050602,0.590985,-0.258574,-1.216947,-0.943999,-0.013509,0.328702,0.988352,-0.368353,-0.390442,0.374639,-0.0
habibi,v,-3.29521,-1.481388,0.930451,1.196811,-1.821461,-1.158489,1.241522,-0.641826,-1.211702,1.005726,-0.873345,-0.403513,-1.283227,-0.146755,-0.757099,-0.309847,-0.775095,1.224024,1.31241,0.107177,1.126973,-0.583444,1.519344,0.78522,0.458435,1.757842,-1.207134,2.144287,-0.193454,-1.1547,0.41234,-0.039005,0.974795,0.420359,1.175002,1.126809,-0.336872,-1.835529,-1.317173,2.322553,-0.0
habibi,w,-0.137129,3.730817,0.156749,-2.952134,1.01462,-3.376984,-0.147925,-0.436978,0.051631,3.139842,-0.50438,0.254206,-0.132882,-0.550187,0.678839,0.627332,-0.093171,0.35727,2.409796,-0.637014,1.344403,3.774575,-0.400639,-2.984068,0.674711,-0.711848,-0.95523,-2.379478,0.789127,0.441718,-0.971879,0.528373,-2.583168,0.050533,-0.839663,-1.265137,1.158382,-0.816666,-1.429512,1.370043,0.0
habibi,x,4.487556,1.563145,-1.724696,1.080554,1.509576,-1.716088,1.891162,3.884957,0.621268,3.944404,2.690923,-0.731698,-2.210917,1.182234,0.820037,-1.259648,1.756913,-0.556832,-1.904184,0.889843,0.528828,0.176147,-0.207422,0.137567,0.068474,0.131952,-0.008853,0.046542,0.016583,-0.003574,0.005081,0.011157,0.005196,0.001108,0.001788,-0.001415,0.002997,-0.000413,-0.002184,-0.001138,0.0
habibi,y,3.085022,-3.55269,-0.210822,-2.580892,0.381529,-1.097538,-3.223839,2.019236,-0.348293,1.161653,2.489483,-0.473812,-0.886406,0.430932,0.042651,1.047703,0.525247,0.983743,1.245107,1.317631,-0.420558,-0.676784,0.974761,-2.675775,2.226286,-0.593217,0.285856,-0.038665,-0.269066,-0.267587,0.090291,0.997433,-0.387569,-1.42903,2.428173,-1.399982,-2.001262,1.769043,1.618434,-1.53208,0.0
habibi,z,-0.291566,-0.74569,0.175575,0.796444,-1.145259,1.063384,-0.840272,-0.227883,-1.518205,2.863026,1.18034,-1.642341,1.263768,0.16519,2.292284,-0.488814,0.800205,0.189656,-0.911593,0.215636,-1.804147,-0.284014,-1.840509,0.000416,0.484411,-0.854264,-0.759108,0.66425,0.796223,-1.168909,0.146121,-0.633955,0.361338,-1.229422,0.761664,1.122212,2.125162,1.693443,0.781539,1.069975,-0.0
ibmmono,0,0.536328,2.588299,-0.282238,-4.420447,-6.830126,-0.302691,0.662127,-0.395273,0.598447,-0.047993,-0.707909,-0.278081,-0.196576,-0.012106,-0.315666,0.343952,-0.353614,0.132585,-0.219279,0.004076,-0.100027,0.190302,0.111235,0.306694,0.244299,0.13167,-0.065891,-0.02418,0.028533,0.322681,0.121991,-0.331705,0.086224,-0.006658,-0.214474,-0.003199,0.162092,0.015096,-0.098582,0.021595,-0.0
ibmmono,1,6.271367,7.070077,3.18331,-0.248165,-0.643199,-3.337907,-0.827246,-4.000315,0.878559,-3.809609,-0.608433,-1.143608,0.412469,0.369551,3.982835,0.812069,-0.507918,-0.677494,-0.687362,-0.347709,0.697,1.572498,-1.065712,-0.737408,-0.867412,0.431669,0.193772,-0.22844,-0.456728,1.516556,-0.686824,0.029404,-0.548104,0.25644,-0.045527,-0.334881,-0.182503,-0.236316,0.12055,0.026949,-0.0
ibmmono,2,2.251396,0.033372,-0.915854,0.451477,1.857907,-3.355864,1.259434,-0.039901,-0.656955,1.311306,-1.755322,-1.038473,-1.134624,0.94762,-2.844408,1.718457,0.116349,1.96123,2.370529,-0.396118,0.149273,-0.320295,-0.952886,-1.164098,0.348421,0.189076,-0.075613,-1.563716,-0.585155,-2.046802,-2.1852,-1.084777,-0.767882,0.781189,0.763206,0.173333,-0.543553,2.044248,-0.578823,0.700904,-0.0
ibmmono,3,-2.582974,-0.566024,-1.266192,2.163056,0.353816,-0.179156,-1.280215,-0.091566,0.909749,-0.593263,-1.217958,-1.060829,0.655718,0.789278,0.480094,-1.825657,0.834236,0.457435,0.865695,-0.542905,-0.786944,-0.576704,-1.68483,-1.449531,-3.3842,-2.547636,0.814256,-0.834948,0.686454,1.602106,-0.49363,0.991462,-1.324726,-0.820396,-1.500446,-2.135009,0.585872,-0.854041,0.849068,-1.911331,0.0
ibmmono,4,-0.911473,2.289438,-0.394669,-0.860461,0.128812,-3.179258,0.616252,0.608534,-0.990841,0.192625,-0.762258,-1.124025,0.134729,0.647942,0.710111,-1.255333,1.30428,1.757284,-0.626716,0.473711,-0.034329,-0.766587,1.30844,-0.534963,-0.727663,1.58637,0.113938,-1.700503,2.793047,0.439859,0.450797,1.436698,-0.286377,-0.720345,1.799122,0.462133,-0.339498,-2.437878,-2.953985,-0.311328,0.0
ibmmono,5,-5.184597,0.860488,-0.592513,0.945149,-0.339442,-2.148783,-1.409223,-1.181378,-1.176608,-1.2869,0.791247,-2.564345,-1.917769,-2.374763,0.414993,0.00876,0.373287,-1.730333,0.854498,-0.319093,-1.266201,0.195988,-1.15265,2.897851,-0.544994,-0.736735,-0.775999,0.598709,-0.569401,1.823466,-0.577655,-0.582802,0.257251,-0.166418,1.007117,1.643434,-1.56459,0.137259,0.794215,1.361459,-0.0
ibmmono,6,0.3261,-1.628567,2.859258,-0.857999,-1.533421,-2.718721,0.694048,-0.822632,1.866266,0.363152,0.25643,0.067836,1.613731,0.052567,0.096616,-0.730284,-1.536195,0.653024,-0.598001,0.396168,2.490743,0.664684,1.347974,-1.404893,-0.491574,-0.174289,0.299696,-0.184079,-0.005222,-1.763672,1.733476,-1.065605,1.206874,2.698866,-1.757344,0.069272,0.669306,1.427469,0.084047,0.154914,-0.0
ibmmono,7,6.549408,-2.560425,-0.12355,1.111053,0.554013,-0.946853,0.230197,-0.160969,-0.429868,0.070197,0.890663,-1.621402,-1.836653,-0.885881,1.059819,1.228154,-1.243748,0.006495,-1.292224,0.040971,0.331804,-0.407017,-0.61805,-0.669076,1.192873,-2.048429,1.706528,1.690511,-0.756326,0.473276,0.210426,0.356279,0.655453,-0.400751,-2.387717,0.973773,0.761209,-1.752972,0.555479,-0.372149,-0.0
ibmmono,8,2.110009,2.239429,-0.035932,-0.233111,-2.427649,-1.085835,0.691386,-1.154126,-0.014563,-0.852747,-0.614995,-1.595916,-1.131631,-1.523859,-2.996638,-0.64553,-0.29776,0.401788,-0.368271,1.580114,0.511882,0.497961,0.312285,1.306404,0.965773,0.87153,1.558954,1.039272,1.714772,2.286841,-2.674739,-0.085532,2.921646,0.508484,-0.515114,-0.38449,-0.925608,-0.219479,0.928466,0.211134,-0.0
ibmmono,9,-2.239598,1.222258,-1.052341,1.857655,-1.414683,0.907748,1.703921,-2.522188,-2.303279,-1.071778,0.792983,1.501223,-0.19485,-0.045155,-0.223197,-0.027217,0.582236,1.079477,2.653661,0.942118,0.93583,-0.997241,-0.592955,2.081632,1.98136,-0.491765,-0.009833,0.362386,-1.035185,0.160474,1.384031,0.664034,-0.527537,0.052469,1.084914,1.981422,-0.598175,-1.731767,-1.586925,0.348235,-0.0
ibmmono,A,1.538475,-3.150219,1.005647,-4.272102,-1.929202,-0.785098,-1.713618,1.009245,1.266282,0.414293,-1.263055,-1.85776,1.901054,1.336335,1.975232,-0.742684,1.597479,-0.318464,0.098372,0.170632,0.384421,-3.297207,-1.185569,-0.064214,-0.499774,-1.94718,1.102465,-2.003993,2.018656,-1.589551,-1.12014,-1.083945,-0.609156,-1.048226,-0.873077,0.95698,-0.747117,0.187198,1.861838,-0.221609,0.0
ibmmono,B,-1.2478,-0.851329,0.190207,1.021294,0.453,-0.643064,1.97318,0.228631,0.888239,-1.897426,1.522001,1.874991,-0.923692,-0.898875,1.124391,2.298726,1.966605,2.247024,0.127087,-0.993939,-0.413179,0.664614,-0.783569,-0.770542,-3.035504,-1.023579,0.657154,0.91587,0.562275,-0.783357,2.290767,-2.658676,0.890727,-0.672875,0.187764,-0.311208,-1.511916,-0.849834,0.174118,0.872207,-0.0
ibmmono,C,1.334451,-1.333761,1.126382,-0.229001,-0.631471,-2.001059,1.60309,1.657898,0.909164,0.024065,-0.862903,0.819091,0.424676,1.191962,0.998299,-1.334524,1.161988,0.038245,-0.336513,-0.0457,0.003692,-0.150481,-0.450788,-1.033276,-0.653798,-1.156801,-0.589189,-0.609149,-0.538774,-0.380998,0.544453,1.024641,0.010166,-0.215497,0.21409,-0.021062,-0.33689,0.267801,-0.230373,-0.005734,-0.0
ibmmono,D,-2.120109,-2.847876,1.126735,1.397023,-0.881778,1.804027,-0.612408,-0.234572,0.760566,-0.04172,0.547048,0.410039,0.614928,1.400523,0.60894,0.903197,-0.371359,1.232876,0.043069,-0.08045,0.36778,0.785776,1.12112,-0.670082,0.343588,0.658563,1.228843,-0.798318,0.607318,-1.5386,0.384964,0.437693,0.12134,0.115371,-0.654438,-0.600181,0.116668,-0.236482,0.139344,-0.084728,0.0
ibmmono,E,2.033158,-0.358601,2.606681,-1.963925,-1.766095,-1.635242,0.620076,0.115077,1.261063,-0.154058,-0.782964,3.643505,1.673359,0.104811,-0.283613,0.950476,1.203673,1.296737,-1.604261,1.045428,-0.538156,0.493953,-0.933968,0.828114,1.138681,-0.96837,-0.594861,-0.735934,0.778675,2.233212,-2.059251,0.667657,-0.190636,-2.167268,0.781151,-1.11891,0.422197,0.119919,-0.294311,-2.076031,0.0
ibmmono,F,-3.374539,-3.166081,-1.928285,1.18986,-2.716501,-0.251838,-0.565879,-0.65789,1.118139,1.090143,1.355611,-1.28649,1.705374,1.807513,-0.702204,-0.717549,0.099264,-0.710681,0.999111,-1.285365,0.636956,-0.964382,0.192969,-0.424027,-1.44733,-1.507787,-2.700952,2.116328,0.272903,-2.709373,1.612936,-0.471198,0.812928,0.321226,-0.874818,-0.49079,-0.550758,0.132908,-0.674617,-2.304172,-0.0
ibmmono,G,-1.715225,0.776406,3.804909,1.400447,-1.766732,-1.885818,-1.132064,-1.763275,2.002068,3.263452,0.802976,1.624683,1.716426,0.241796,1.521923,-1.821333,-0.095586,1.908151,0.964819,-1.190083,-0.997524,0.660498,0.674309,0.247738,-1.49361,0.153651,0.337118,-0.219536,0.79818,-0.169803,0.083013,0.347069,0.503217,0.140995,-0.094678,0.399143,-0.000901,0.028356,0.006316,0.032103,-0.0
ibmmono,H,0.092219,-0.002095,2.293738,-2.17892,-3.501171,-0.794839,-0.250276,-3.662971,-2.751358,-0.511468,-1.603356,0.977198,0.300808,-1.94397,-1.4709,0.311183,-1.052074,2.242031,0.23702,0.30642,0.826748,-1.130088,-0.930064,3.022522,-0.771732,-2.479365,1.321352,0.363217,1.99151,-1.264176,0.331427,-0.410069,-0.078741,-0.941458,0.904078,0.094254,0.817396,0.686392,-0.918048,0.194483,0.0
ibmmono,I,9.303922,7.036096,-4.393154,3.657854,0.048628,-1.71012,0.352666,-0.284099,-2.344415,-2.749508,-0.398073,-2.079579,1.362408,-0.176392,-0.88421,0.593856,-0.168623,-0.088806,0.974382,-0.428992,-0.184858,-0.0932,0.098961,-0.007785,0.002349,-0.002604,0.007019,0.004688,0.006299,-0.000491,0.002408,-0.001367,-0.000144,0.000633,4.4e-05,0.000584,-0.00064,-0.000229,6.4e-05,-0.00014,-0.0
ibmmono,J,-3.550826,4.417215,2.356923,-4.852311,0.60212,-0.628038,0.092171,1.071913,0.353011,0.592085,-0.288304,-0.560247,0.349784,-0.996845,-1.049491,-0.032842,0.046643,0.216743,0.445386,-0.039602,0.327767,0.467046,-0.838755,-0.543245,0.26582,0.609322,0.416886,0.431704,0.46115,0.264856,-0.304426,-1.107145,0.79914,2.485695,-1.810393,-2.745214,-0.267352,0.278008,-1.155834,0.989834,-0.0
ibmmono,K,0.623471,-4.426749,2.700264,0.868758,1.236561,-0.58199,1.280227,-0.223212,-0.763871,-0.929889,-0.594404,1.300705,0.839491,0.14402,-1.530313,0.615793,0.188959,-0.924816,-1.036249,-0.297983,1.316242,-1.14134,-0.5365,0.161304,-0.60561,0.095595,-1.608504,-0.408589,2.186927,-0.736618,-2.160296,0.407815,0.931669,0.252116,-0.881897,0.121784,-0.767659,-1.978893,-3.796063,1.348491,-0.0
ibmmono,L,0.027277,-4.456036,-0.506253,1.878449,1.388244,0.812094,-1.158708,1.595,1.788022,0.832117,1.384511,-2.42159,1.389998,-1.523077,1.27451,1.052716,2.038845,0.621395,1.637527,1.345489,-1.23,-1.300868,0.343587,-1.243517,0.060115,-1.186926,-0.0296,2.804318,0.419723,-0.917939,0.919568,0.389893,0.664784,-1.887824,1.108977,0.289906,0.711066,1.610721,-0.264408,-0.434447,0.0
ibmmono,M,-10.418662,2.146974,-1.049243,0.67395,0.169264,-2.0335,-0.188623,0.063801,0.670846,-1.643215,-0.403884,0.929311,-0.211276,-0.48984,0.398209,-2.054705,-0.586659,-1.343609,-2.411888,3.52355,0.864671,-1.240199,0.503097,0.498104,-0.458056,-0.229822,-0.34152,-1.87836,0.325863,-3.634794,0.182162,-0.231841,-2.644885,-0.736241,-1.50714,0.54846,0.842962,-0.241605,-0.567807,-1.045478,-0.0
ibmmono,N,-3.149978,2.775911,-0.407055,-2.343274,-3.32341,-1.947791,3.128827,0.112428,-3.193281,-1.443154,-1.477834,-0.094571,2.333332,1.385734,0.878209,0.475827,-1.09201,0.594801,0.474695,-0.129939,1.63597,1.517141,-0.680698,1.342859,-0.304831,0.205899,0.200752,-1.592004,1.235959,-0.921208,0.242015,-0.433777,-1.421529,-1.023379,-1.113305,0.028579,-0.350541,-0.765657,0.220231,-0.08525,0.0
ibmmono,O,-2.372338,-1.888775,-0.515218,0.484158,2.259554,-1.680827,-0.990536,-1.592165,-0.223702,0.130477,-0.098053,0.196685,-0.619916,0.599693,0.442964,0.950431,0.617837,0.752198,-0.698822,1.074426,-0.476851,-0.093673,-0.29587,-0.150126,-0.966475,0.975856,0.104855,-0.020123,-0.312372,0.158763,-0.411184,0.323276,0.898692,-0.17533,-0.01887,-0.405436,0.055162,0.205489,0.119081,0.083302,0.0
ibmmono,P,-2.380703,-0.184729,2.737173,-1.468915,0.957935,-1.992141,-1.24351,-2.827659,1.42001,-0.042389,0.810801,-0.280959,0.776056,-1.184886,-0.783115,1.613387,-2.969649,-0.288522,0.614155,-1.586561,-1.466385,-2.604849,-0.938723,0.318693,-0.776107,-0.378439,0.702182,0.419592,-0.657112,-0.973205,2.04123,0.407241,0.707328,1.467019,-0.991453,-1.537892,0.640579,0.569808,0.685141,0.681882,0.0
ibmmono,Q,-3.806337,-2.454595,0.320781,1.450346,1.266988,1.177453,-0.058605,0.347814,0.957886,0.074836,-2.016213,-0.118705,0.58821,-1.016632,1.977567,0.373746,0.12249,-0.417308,-0.212199,-1.45223,-0.386614,-0.62702,-0.915458,1.467263,1.792954,-0.760714,1.012564,1.020202,0.966491,-0.906449,-0.16276,0.288191,0.099023,-0.121943,-0.932724,-0.814203,0.666645,-0.435445,0.33103,0.204092,-0.0
ibmmono,R,-5.673867,-3.274005,1.393534,-0.589566,0.491149,0.090277,-1.18527,0.861855,1.379702,-1.061228,-0.864738,1.048711,-1.586986,-0.390555,0.187226,1.097234,-1.041706,-0.312738,1.18938,1.307998,-0.642145,0.472564,-0.062753,0.069032,0.332336,0.858711,1.920815,1.521739,1.730778,-0.0005,-1.394015,0.409755,-0.390924,0.673865,1.936486,0.643005,-2.491723,0.639606,2.455216,-0.220166,0.0
ibmmono,S,0.018709,3.03503,-0.539438,-0.076611,-0.81442,1.343614,0.190751,-0.095415,-0.058488,-3.328958,-0.961576,0.568877,-2.567584,-2.594552,-0.248851,0.245488,0.114782,2.497491,2.602907,-1.59992,-1.774024,0.584302,1.308188,-0.650407,0.235407,1.211043,0.425886,-0.855309,-0.301047,0.489066,0.712174,-0.466473,-0.469135,0.502472,2.948312,0.393074,-0.158691,-1.198377,-0.087733,-0.508153,-0.0
ibmmono,T,-2.383874,-0.899746,0.967963,-0.121647,0.137596,0.283715,-0.471811,1.331024,-0.584234,-0.851726,1.209538,0.573155,-0.521527,-0.435557,-1.022891,0.181803,1.941961,1.162736,0.798459,1.046866,-0.092689,0.959229,-0.627447,0.454739,-1.458447,-2.339944,0.947287,0.776216,-2.463056,-0.14059,-1.218084,-1.923689,-0.384993,-1.076371,0.161274,-0.919873,0.542529,-0.735138,-0.084201,-0.8928,-0.0
ibmmono,U,0.365346,1.225828,-1.195616,1.80556,0.043787,0.868227,0.580068,3.064781,2.367955,0.367786,0.624027,1.767317,-0.313668,1.67081,0.615205,-0.116051,1.193373,0.122759,0.508844,-0.338616,-0.190492,-0.535588,1.000214,-0.897214,0.390997,-0.414559,-0.117188,-0.087333,-0.771253,-0.618682,0.426007,-0.19025,-0.201394,-0.207303,0.557925,-0.61883,0.360153,-0.425191,-0.318511,0.079931,-0.0
ibmmono,V,1.45632,1.158355,-1.167101,-0.859492,-2.134733,3.994599,0.734445,-2.469324,-0.806346,-1.941557,2.069001,-1.130561,-0.432478,-1.798437,-0.803948,-0.969883,0.799713,-0.482339,-0.88284,2.178409,-0.222141,0.986986,-1.195558,0.370139,-0.337881,0.508074,-0.514528,0.51168,1.673243,-0.835187,-0.653794,0.404083,1.16272,0.363242,1.114561,-0.376707,0.577186,-0.892432,0.557207,0.097586,-0.0
ibmmono,W,-7.822993,3.543175,3.228442,-3.00968,-0.143644,-2.799632,0.821729,4.66024,-3.478538,-1.356208,-0.906184,-1.750055,0.573883,1.145759,0.670398,-1.015784,0.411569,-1.836863,-2.964502,1.664989,-1.129627,0.990132,1.781015,-0.800524,-0.374795,0.814061,1.095708,-0.529445,-0.313757,0.169196,0.227784,0.345618,0.575424,-0.485963,2.059949,-0.011396,-0.111107,0.806903,-0.317799,-0.347698,0.0
ibmmono,X,-3.573984,-0.232051,0.068314,-0.090699,0.107964,0.160133,-0.226258,-0.357213,0.095604,0.016223,0.059966,-0.063095,-0.004561,0.182502,0.022257,0.03383,-0.024164,-0.2981,0.304226,0.481659,0.240272,-0.485792,-0.376774,0.198868,0.05371,0.169319,0.267231,-0.09951,-0.39284,0.151118,0.344103,-0.003825,-0.368448,0.166502,0.097118,-0.324383,-0.112086,0.069749,-0.153038,0.10042,-0.0
ibmmono,Y,-4.207593,-1.079086,0.395939,1.641448,-0.155813,0.660512,2.566929,1.064142,0.64188,-0.99009,-0.117478,1.23608,2.296213,0.664941,-2.829717,0.653503,0.122921,0.414722,2.184239,-0.581787,-1.19162,-1.690027,0.197085,-0.382075,-2.089548,-0.899337,1.938023,0.40848,-2.386064,0.49922,0.231375,-2.662386,-1.88849,-0.955661,0.770585,1.111302,0.729938,-0.950025,1.956792,-1.38208,0.0
ibmmono,Z,2.45563,0.247553,-0.887738,-1.367696,-1.405815,1.284469,-1.970311,-0.187439,1.262941,1.381085,-3.629068,-0.170967,0.088805,-0.342938,-0.89061,0.805079,-0.449768,-1.950125,0.37219,-0.246236,-2.204124,-2.351736,-1.566807,-2.153575,0.005942,-0.915207,-0.873097,-0.337564,-0.295338,-0.416018,0.076734,-0.803627,0.557625,-0.477912,1.762328,-0.921666,-0.05025,1.009692,-0.221384,-0.298559,0.0
ibmmono,a,2.402986,-1.210572,-1.927334,0.688709,0.116107,2.293039,0.951552,-0.276711,-1.261237,-1.190117,1.439819,-2.764375,-2.227692,1.409593,-0.147354,-0.535553,1.621019,2.544526,0.057305,0.239779,-0.440747,-0.16923,-0.363908,-1.237072,-1.865179,-2.644765,0.556125,2.060801,1.387386,0.958968,-1.628233,-0.223551,-2.531016,0.389743,1.397609,1.546263,0.012492,1.27769,-0.575375,-0.161945,-0.0
ibmmono,b,1.730189,-0.323062,0.800116,1.483654,-0.663563,0.03444,-0.066227,-1.035796,-1.40642,1.394394,0.856238,-0.014215,0.058458,1.106124,2.598799,0.332455,0.841453,-1.931611,-0.591901,-3.231305,0.825805,-0.864655,-0.214244,-0.999084,0.660078,-0.540559,-0.176735,1.659098,1.731168,-1.60192,-0.631693,-0.282882,-1.933632,-0.166081,-1.235942,0.683417,-1.072807,-0.204343,0.062219,-0.280564,0.0
ibmmono,c,0.208443,1.033753,-0.504816,0.627438,0.462047,-0.22658,-0.363682,-0.662498,-0.834617,0.300594,-0.211717,0.094863,-0.032715,0.350182,1.539838,-1.049041,1.549443,0.223782,0.450285,1.113257,2.346843,-1.016738,0.948707,0.279036,0.622623,0.047279,0.338793,-0.821357,0.638331,1.037557,0.759064,-0.741618,-0.288955,-1.114884,-0.034171,-0.433045,0.652504,-1.577294,0.783202,0.041553,-0.0
ibmmono,d,1.880686,-0.058879,-1.5019,-0.696572,0.366771,-0.656752,-1.095707,1.56388,1.162198,-2.061216,-1.162452,0.53969,0.494757,0.55226,0.486972,-1.457859,-1.502176,-0.94519,0.576728,-1.646624,0.025177,2.14619,-1.099986,-0.885279,-0.120025,2.01165,0.417364,-0.96835,1.793805,0.011994,0.245841,-0.04385,0.176026,1.089971,1.266288,-1.503566,0.589034,1.616333,-1.217652,0.390796,0.0
ibmmono,e,1.783149,-0.959446,0.701835,2.348901,-0.07561,-1.224464,2.321675,-2.518967,-2.948866,1.804272,-2.154183,-2.359742,-2.938575,-0.057459,0.19458,-0.293702,-0.26241,0.071052,0.469711,2.915103,-0.983781,-0.220189,-0.459083,-0.224265,0.317498,-0.86461,0.517574,-0.143572,0.487802,2.760548,-0.179062,-1.284443,0.133779,-1.518352,1.243094,-0.632421,-1.465998,-0.599221,0.099867,-1.808077,-0.0
ibmmono,f,4.709445,-3.625677,-1.686736,3.300308,6.729335,4.791286,-3.28511,2.556118,5.255013,2.790678,0.491377,-0.508802,0.549689,-1.906322,0.380259,-0.509889,-1.118427,0.551271,-1.894475,-0.157215,-1.687133,0.714584,0.520076,-0.725641,-0.705943,-0.601411,0.047259,0.110127,-0.404965,0.266366,-0.104984,0.160081,-0.294618,-0.078587,-0.171297,0.005788,0.002463,-0.040686,-0.051382,0.016141,0.0
ibmmono,g,-2.160367,2.298903,-1.601986,-1.938247,-1.578382,-2.60856,-2.629311,2.722114,-1.165795,1.054538,0.619848,-1.145863,-0.074393,1.931039,-0.761871,3.173535,1.48855,2.358973,-0.333905,1.111273,0.460371,-1.300955,1.725644,-0.207882,-3.335032,-2.314331,-0.701159,0.125489,1.498578,0.266746,-0.897453,-1.57904,-1.05609,-0.499579,0.298868,-0.790358,-0.881518,0.589901,0.298673,-0.070975,-0.0
ibmmono,h,2.750251,-1.868841,-0.909225,0.042986,-0.097547,-1.953877,-1.244564,0.846294,1.275404,-1.903344,-1.878236,0.813979,2.568895,0.059074,2.553236,-0.496301,-0.077275,0.811545,-2.413233,-0.099992,0.199387,-2.639031,0.42003,0.736875,0.195726,-0.010744,-0.613876,-1.477391,-0.329398,1.510301,-0.627911,0.408585,-1.352464,0.832028,-0.450101,-1.117469,-0.341055,-1.547121,-0.608923,-1.376843,0.0
ibmmono,i,10.351594,7.677862,-2.678072,-1.592992,2.754589,2.269457,2.882171,-2.836307,1.827582,-0.804633,0.104546,0.924791,-0.54052,2.292066,0.455461,-0.427445,-1.189362,-0.345691,0.139238,-0.060577,-0.115172,0.538428,-0.240197,-0.028288,0.108382,0.091672,-0.041432,-0.03273,-0.227225,-0.099697,0.001876,0.029033,0.168179,-0.077279,0.135948,-0.005982,0.058657,0.014502,0.001623,0.013992,-0.0
ibmmono,j,8.485279,5.169048,0.265754,-2.582863,-1.417756,0.22584,0.069235,0.383199,-2.989716,-0.438304,0.045353,-2.341554,-0.86173,4.448246,-0.939653,-2.280802,2.626466,-0.005106,-1.392131,0.622471,-0.007727,0.027913,1.288067,-1.417661,0.21627,-0.76793,0.89669,-0.311407,-0.074353,0.052541,-0.732405,-0.107658,-0.353311,0.154613,-0.41433,-0.130991,0.055928,-0.137333,-0.009675,0.010007,0.0
ibmmono,k,-3.160349,3.37302,0.452691,0.471364,0.116041,0.040317,0.696369,-1.9432,-0.696965,0.749556,-1.211794,-1.620419,-0.082604,0.083063,-0.550597,-0.371671,2.921187,2.060075,0.39585,-0.286902,0.313195,-0.304883,0.910048,0.445099,-0.464199,0.289086,-0.443812,-0.150684,-0.226239,-1.554948,-0.688074,-1.676865,-0.503246,0.046118,1.225986,2.516435,-2.629251,-2.616076,0.291282,-0.976796,-0.0
ibmmono,l,-11.382712,-4.386822,2.139896,-6.668102,3.290215,2.446538,-3.841047,2.520184,-1.396732,-0.794291,-0.290669,0.836223,0.286432,-0.683345,-0.214291,-0.117717,-0.03537,-0.435043,-0.057747,0.217244,-0.146645,0.057896,-0.083493,0.123647,-0.081643,0.11236,0.03687,0.08869,-0.003614,-0.016989,-0.007046,-0.007898,-0.007093,0.001606,0.001529,-0.000273,0.000657,2.1e-05,-4.2e-05,1e-06,0.0
ibmmono,m,-4.490172,4.854145,1.618403,1.335847,0.407325,-3.042453,-2.923115,-0.968041,-1.036236,-0.245623,-2.387109,-1.181355,2.240079,1.171018,-1.535965,1.527387,1.808548,1.107662,1.720261,-0.76863,1.094604,-1.40462,-1.340834,-0.827738,-0.347771,-0.560008,-0.075062,0.144697,0.278483,0.65875,0.140489,0.518703,0.079703,0.18888,0.838574,0.103969,-0.747946,-0.84893,1.806791,0.452799,-0.0
ibmmono,n,0.400658,-1.851042,-0.361419,-0.383828,1.184262,-1.609841,-0.565961,-0.470479,1.730672,0.232855,-2.056164,1.143309,-0.387477,0.345517,-0.665801,0.716159,0.077072,-1.037427,1.57151,-0.152192,-1.658429,-0.721268,-2.540722,-0.95792,1.279856,0.283546,0.64638,-0.865172,-0.529275,-1.532369,2.120508,-0.233288,-0.262301,0.397297,-0.720844,0.472308,-0.287069,0.247806,-0.309459,-0.257277,-0.0
ibmmono,o,0.508442,0.895343,0.487493,1.483588,0.095688,0.940734,0.389865,0.354744,-1.529858,-2.188439,-0.106741,-0.436823,-1.051177,-0.032475,1.26531,0.098466,-0.094255,0.307832,-0.64598,-0.296115,-0.777807,-0.263165,1.569818,-0.067011,0.708321,0.898723,0.316273,-0.651229,-0.752993,0.972592,1.796982,0.229191,-0.875666,-0.810945,-0.693229,-0.265728,0.742916,-0.003817,-0.041177,-0.267683,0.0
ibmmono,p,-2.028097,-0.799937,0.533458,1.424923,-1.9851,1.513528,0.867584,1.390013,1.372598,1.209287,0.101974,-0.712631,-1.078182,-0.511054,0.674559,0.264678,-0.663895,-1.968372,1.035764,0.920019,-0.708259,-0.889186,0.99374,1.090678,-0.623122,0.349543,-1.061716,2.55905,-1.162636,-1.121628,-1.217872,-0.162129,1.224055,0.866792,0.474074,0.590874,-0.135429,-0.553722,-0.855049,-2.05027,-0.0
ibmmono,q,-0.486788,1.358641,-1.075404,0.602909,-1.050205,-1.018409,-0.863754,-0.577126,0.562025,0.345392,-0.52464,-0.266368,-2.144991,0.140007,1.428107,-2.603375,-0.845098,-0.975589,0.567885,-3.065357,0.585133,1.471747,-0.86148,-0.250362,0.021345,-0.704073,-1.252097,0.483177,-0.769824,1.040558,0.124094,-0.73221,-0.895998,0.515407,0.649141,0.518634,-1.132461,-2.653267,-0.413454,0.527439,-0.0
ibmmono,r,8.037758,-3.259172,2.142227,2.804634,2.094578,-4.570237,1.067576,-0.874003,-4.229546,0.341062,0.274559,3.848915,-2.107257,0.778929,-1.031877,-1.167406,-0.311418,1.348046,1.399481,-1.536882,-1.949162,-1.84761,-0.067346,-0.16112,1.399649,0.824134,1.482568,-0.72103,-1.063137,-0.669592,0.181984,0.057965,-0.003377,0.102029,-0.351158,-0.533867,-0.086277,0.09906,0.005227,0.059209,-0.0
ibmmono,s,0.979403,4.301135,1.28888,-1.087683,-4.000411,1.057551,-0.217347,1.927252,0.670687,-0.01203,-0.980124,1.32407,-2.162308,0.428126,-0.584954,-0.358731,1.654644,-0.635137,2.431569,2.036261,-0.228788,-2.673189,-0.458176,0.835697,0.062288,2.640294,1.035854,0.427854,0.537868,-0.375285,-0.470953,-0.955106,1.312887,0.292566,1.027253,0.339577,0.477328,-1.714244,0.960832,0.735311,0.0
ibmmono,t,-4.361085,-7.516849,-0.327212,-0.283526,4.023921,-2.079894,-0.052239,-0.605187,0.571638,-1.283405,-0.771805,0.902095,-0.117799,-2.362192,5.635674,2.081161,0.572778,1.325489,-0.586385,0.403119,1.040528,-3.170832,-1.394892,-1.12152,0.77871,0.221232,0.295285,0.469107,0.509603,-0.489077,0.642316,-0.075354,0.519106,-0.0253,0.799976,0.479497,-0.564944,-0.307552,0.17532,-0.085783,0.0
ibmmono,u,2.171612,0.880385,0.155954,1.297303,1.535454,-0.504021,-0.358221,0.439421,1.08255,-0.249501,0.707639,-0.371942,-0.382289,0.407641,1.789189,1.438154,-1.433603,-0.039351,-1.905006,1.07563,-0.50305,0.935213,0.650381,-1.70121,-0.256653,-1.806208,-0.058257,-0.043796,0.299535,0.020137,0.199186,-0.049059,1.230874,1.573358,0.178171,1.960549,0.725,-0.029952,0.954338,0.29995,-0.0
ibmmono,v,2.116525,-1.853437,-0.283961,-2.001993,0.684133,-1.140029,1.240928,-1.798035,-1.650474,1.318698,-0.294213,-0.261815,1.856793,-0.625297,-0.781088,1.141748,1.184198,1.597321,1.932204,-0.474507,-0.719439,-1.749434,-2.12051,-1.055273,2.81069,-0.743933,-0.837074,0.168133,1.578765,0.799898,0.019306,-0.060931,-0.708333,-1.56205,1.062957,-0.742367,-0.68352,-1.244109,1.470487,-0.120889,-0.0
ibmmono,w,-2.100334,-3.964755,-0.447086,1.347525,-3.782988,-1.467359,-0.015918,-0.388483,-0.591928,-3.045061,0.952061,0.52912,-2.298726,-0.269098,-0.650338,-3.75448,1.791582,-2.841663,-1.097949,1.047793,1.573076,-0.968751,-0.199382,-2.04225,1.874522,-0.97214,-0.460064,-1.606803,0.960126,-0.303489,0.737347,2.266416,-2.155266,-0.40102,-0.818385,-0.776976,-0.946454,1.268225,0.750388,-0.126476,0.0
ibmmono,x,-3.500194,0.406604,-0.173615,-0.347781,0.183339,0.205958,-0.298187,-0.090235,0.456696,0.170275,0.26328,0.108426,0.115688,0.122798,0.086064,0.073,0.122452,0.131713,0.278028,0.091941,-0.662756,0.193282,-0.451522,0.100909,-0.340025,0.245815,0.530164,-0.081228,-0.418767,0.30343,0.29326,-0.19219,0.166127,-0.097345,0.452643,0.041245,-0.116918,0.13234,-0.082929,-0.031097,0.0
ibmmono,y,-0.116093,-2.862206,-0.454134,0.855113,0.03815,-1.619858,6.243776,0.11268,0.100689,-1.828853,3.023858,-1.781346,-3.137649,0.43587,1.783313,-1.028957,2.199863,0.138391,-2.105361,-1.700606,-1.007999,0.102989,1.474325,-0.226907,-0.668431,0.520285,-0.860835,-0.883307,-1.671204,-1.755263,-1.763814,-0.390565,-0.355467,0.625155,1.31161,-0.641813,-0.633859,-0.967155,0.332233,0.613388,0.0
ibmmono,z,2.177677,-0.908987,2.579267,-1.806644,-1.180549,-3.149366,-1.531829,-0.706802,2.013936,1.050665,1.202032,-1.504824,-1.742938,-1.170147,-1.448178,-2.024136,2.068958,0.219719,-0.295127,-1.290479,2.136657,0.67748,1.073025,-0.486648,0.343468,2.009436,-1.089161,-0.191925,0.295644,0.228837,0.665273,-0.746155,-0.022448,0.945664,-0.534953,0.043648,0.755814,0.620699,0.419644,0.902859,-0.0
ibmsans,0,0.591293,0.012313,0.209679,0.53756,0.169681,-0.626707,0.761088,0.019297,0.367445,-0.945469,0.250993,-0.315448,-0.995034,-0.059132,-1.002932,1.49696,1.503819,1.234287,1.050551,1.257614,-0.345337,0.408984,1.02479,-0.378665,0.578746,-1.395339,0.361271,0.086218,0.582738,-0.188915,-0.367855,0.684109,0.937274,-1.712338,-0.159713,-0.197745,-0.287277,-0.178255,-0.316787,-0.197047,-0.0
ibmsans,1,5.742621,7.552459,3.413244,0.049111,-1.861552,-1.893221,-1.707457,-4.476297,1.087753,0.970083,0.051738,2.072414,0.966031,-0.047088,-3.112286,1.925046,-1.284724,0.574083,0.312393,0.888715,-0.98247,0.244034,0.248525,0.665311,0.803376,-1.346128,-0.502425,1.174303,0.168724,-2.419828,0.207236,-0.21557,-0.060868,0.154058,-0.360531,0.157914,0.338464,-0.045991,0.220513,-0.108457,-0.0
ibmsans,2,2.307458,0.003809,-1.264622,0.15812,2.339881,0.528929,-1.317575,-1.324772,0.674947,-1.632083,-0.820582,1.826835,-1.995229,1.342711,0.647786,0.447325,0.049548,-0.038677,-0.429491,2.990824,-0.635991,-0.00353,-1.070008,-2.175445,1.53658,2.294141,-3.116349,0.318507,-0.165821,-0.874164,1.85371,0.664741,1.445777,-0.932548,-0.269201,0.14612,-0.595024,0.505007,0.874376,0.272582,-0.0
ibmsans,3,-2.105008,0.381278,0.79843,2.737772,1.883464,-1.338838,-0.488707,-1.137593,-0.140676,1.572179,1.189259,-2.716371,-0.416481,0.858095,1.151276,-0.154775,-0.771697,1.388576,0.597898,0.917933,-2.141255,0.327016,-1.518766,-0.365729,0.170955,1.209907,-1.951884,-0.045773,-0.422412,-0.907624,1.436153,0.640886,-1.370228,0.297424,2.799452,0.790804,2.085931,0.961707,-1.223183,-1.432663,0.0
ibmsans,4,-2.054645,1.32112,0.200295,0.996643,-1.515211,-0.966272,-3.101114,-0.615496,0.788416,1.633981,-2.461033,-0.682393,-0.219317,-0.893263,1.402798,0.833516,-0.185871,1.219001,0.618071,0.849258,-0.310607,0.561836,1.713175,-0.42756,-0.33425,2.148676,1.781402,1.436513,-0.6388,-1.051844,2.589785,-0.178225,-1.286942,2.162234,0.409134,1.794905,2.091091,0.90238,0.530292,-1.196051,0.0
ibmsans,5,-1.949881,1.557992,1.836312,-0.149406,1.911255,1.515751,-0.092765,-2.56452,-0.326607,1.109419,1.65553,0.342973,0.550164,-0.615989,1.780052,2.739641,0.533663,0.155627,-0.630036,1.183111,-0.094897,-0.539037,-0.009213,-2.219662,-1.339831,0.162843,-0.627517,-1.65456,0.075462,1.367696,-2.014995,-1.685665,-0.473268,-0.783001,-0.626186,0.121946,0.303562,-0.288229,-1.963213,1.416641,-0.0
ibmsans,6,-1.812303,-2.401222,2.162318,-1.029675,1.211676,0.49317,-1.398715,1.63779,-1.454809,1.769101,-1.030396,0.10403,1.158228,-0.579145,2.802779,0.406088,-0.952051,-0.975696,-1.576526,0.405364,-0.017624,0.233064,-2.2195,0.66663,-0.802574,-1.121871,0.441228,0.439634,-0.051127,1.181234,-0.825819,-1.886448,-0.853786,0.274184,-1.380683,-1.939258,-2.413247,0.311401,0.562659,-0.549473,-0.0
ibmsans,7,6.183763,-2.86334,-0.056826,0.493003,0.164806,0.26729,0.512824,-1.781958,-0.601468,-1.673403,-1.296874,2.30436,-0.291354,-1.16541,1.577518,-0.377482,1.978725,-0.531246,-0.820656,1.04977,-1.231401,0.346172,-0.141289,0.067527,-0.234424,-0.084419,0.968718,0.079973,0.19601,-0.618728,-2.137073,1.068371,-0.582182,-1.368646,-0.29729,-2.34721,0.615257,1.172775,0.996472,0.234041,-0.0
ibmsans,8,2.56843,0.871713,0.640499,-0.594615,0.136925,1.12072,2.004352,-1.743355,-1.161467,-0.517401,-0.109066,-1.132561,0.296344,-2.025319,1.690282,3.086653,-0.722835,1.456996,-0.329139,-1.082452,0.649873,-0.735716,-0.488831,1.101797,-1.168322,-1.174636,-1.139409,0.720217,0.59881,-1.22803,0.429538,1.386938,0.213052,0.639554,0.305586,1.492835,-2.349288,-2.243118,-0.033551,-1.748784,-0.0
ibmsans,9,-1.790627,2.282435,-0.334199,2.668383,1.617569,2.424988,-0.112669,0.787085,-0.421393,-0.726935,-1.039716,0.963956,2.145161,0.601187,-1.942152,-2.233845,0.461334,-1.543299,0.664805,0.393875,-0.139338,2.526895,0.539557,0.472168,0.512606,0.276054,-0.087232,0.872074,0.917717,0.080725,0.773547,-0.666935,-1.254144,0.096553,0.890883,-2.229071,0.82526,1.649725,-1.841656,-0.266088,-0.0
ibmsans,A,1.033262,-1.337363,-0.230864,-2.664376,-0.878721,-0.113685,1.409396,2.375714,1.635242,-1.524256,-3.564408,-0.229178,-1.780588,2.609324,1.402333,2.055134,-1.124448,-1.256677,-2.78735,0.595596,-1.45108,-0.060737,1.549836,0.547558,0.417017,1.734305,0.297607,-0.664547,0.824469,-0.989489,2.071285,1.616764,0.535242,0.63482,2.721564,-0.053278,-0.109798,0.198411,-0.914617,0.585862,0.0
ibmsans,B,-2.139806,-0.573662,0.601007,0.087239,1.127434,-0.679575,3.344642,-0.749036,1.732422,-1.83193,-0.431451,1.900994,-1.529937,-0.235292,1.084289,-1.941799,0.069059,-1.486502,-2.007718,-0.27264,2.430487,1.947383,1.356924,-0.191627,0.061688,-2.260053,-2.961277,-0.353822,-0.236955,-0.449309,-0.435712,0.949185,0.579348,1.552088,0.710908,-0.486706,1.28082,-0.186663,1.092864,0.040411,-0.0
ibmsans,C,-0.13384,-1.366351,-0.099049,0.207841,-1.565501,-0.998798,1.020805,-0.005887,0.37044,1.809411,0.320289,0.226515,0.184244,-0.611448,1.465311,-0.500563,0.209948,-0.344996,1.724547,-0.102451,-1.445452,-0.421983,-0.504643,0.172075,-0.311054,0.513771,-0.486081,0.833169,1.392683,0.00887,0.232555,-0.85163,-0.459085,0.663139,-0.043013,0.055154,0.519882,0.067859,-0.071309,-0.128463,-0.0
ibmsans,D,-0.239338,-1.116964,-1.445057,-0.108512,-0.423291,1.271559,0.556398,0.653568,-1.399098,-0.153668,-0.334638,1.531491,0.077343,0.527106,0.336996,-0.955672,0.121346,0.650925,-1.180733,-0.384397,-0.114307,0.039126,-0.129335,0.487877,-0.807293,1.426111,-1.353192,-1.337074,-1.162352,0.502629,0.000741,0.740889,-0.037228,0.064794,-0.199884,0.576064,-1.084105,-0.673111,-0.019939,-0.066102,0.0
ibmsans,E,2.485829,-1.446695,2.982323,0.489613,1.476473,-2.93653,-1.571826,1.085055,-0.155105,1.583849,1.839981,1.092153,0.404669,1.193957,0.024907,-0.800937,-1.304357,-0.860715,0.927754,0.068743,0.46463,2.239992,0.336956,0.857158,-1.473429,1.201456,-1.324601,1.520154,0.849311,-1.582539,-0.1185,-0.824704,1.383394,0.851513,0.522965,-2.074041,-1.619565,-1.706131,0.993982,-0.875415,0.0
ibmsans,F,-2.25351,-3.476201,-1.068574,0.449576,-1.282036,-0.805628,0.031668,1.46994,-0.905051,2.18684,1.051829,-0.95227,-1.70832,2.771582,-1.763243,-0.902091,-0.641665,0.654328,-2.373545,-0.35117,0.402978,2.306572,-2.298052,-0.883886,-0.443206,1.199883,2.807326,-1.299263,-0.17654,0.886322,0.546887,-0.434436,1.231514,-1.269656,-0.698398,-2.383022,-0.848385,-0.331004,0.055701,-0.431492,-0.0
ibmsans,G,1.711041,0.429139,2.044347,0.263554,0.384212,-0.518467,-0.956762,-0.1465,0.23486,-0.231399,0.360811,-1.485927,1.25122,0.319597,-0.634714,-1.046522,0.224932,-1.064016,-3.230369,0.531738,0.61596,-2.918547,0.203169,-0.53127,-2.646115,-0.895327,-1.073227,0.063962,-0.636636,-0.252283,0.159057,-0.159147,-0.142244,-0.148937,0.472712,0.216549,0.395035,-0.271965,-0.393634,-0.111571,-0.0
ibmsans,H,1.961356,-3.47222,-0.880576,-1.189113,3.439215,-0.226629,-2.012524,-1.381455,-0.068289,-2.823918,2.625416,-0.66204,0.794175,3.916474,-2.297363,-1.235348,-2.171084,1.00492,-1.230605,1.53991,0.818989,0.946031,-2.042977,-0.251199,-0.364522,0.799719,0.96851,-1.84002,-0.233177,-0.153568,0.659885,0.424572,0.646446,-0.330712,0.690933,-1.599803,1.309713,-0.17236,-0.048635,0.009795,0.0
ibmsans,I,7.074016,0.938361,1.720081,-4.945982,1.411022,-3.530858,-4.520604,-0.854068,-1.17726,-0.275827,1.144914,0.696802,2.199705,-0.585277,-1.107624,0.336242,-0.140709,0.128282,-1.0648,-0.633092,-0.478506,-0.000492,0.065718,0.030197,0.019806,-0.001354,0.010096,-0.002785,0.002647,0.000324,-0.00023,6e-06,-7.4e-05,0.000504,-8.3e-05,0.000356,0.00032,-0.000154,6.4e-05,0.000189,-0.0
ibmsans,J,-4.619258,3.876724,2.002105,-4.736094,0.354638,-0.529924,0.776007,1.916474,-0.244335,0.895953,-0.348582,-0.98723,0.635499,-1.352413,0.373635,0.607094,0.918602,-0.392486,0.913103,-1.356366,-0.004287,0.934589,0.27667,0.378239,-0.417914,0.060776,-0.108533,-0.559687,1.153704,1.051807,0.205924,-0.007333,1.257597,-0.371726,-0.751707,0.820509,-1.56448,-0.758928,2.776008,-0.960695,-0.0
ibmsans,K,3.034998,-3.628181,1.564656,-0.05786,0.709929,1.093273,-0.594842,0.970823,-0.637987,-1.747256,1.431667,2.497915,0.009506,0.328499,0.994188,-0.525887,2.359709,0.372532,-0.232174,-0.989804,0.924501,1.580204,-1.031139,0.24806,-0.407771,1.30699,-3.123329,-0.706976,-1.457533,1.857281,-0.275565,-0.80727,1.768398,0.174538,-1.900392,-2.223142,1.041858,1.905876,-0.081337,-1.774622,-0.0
ibmsans,L,-4.404809,-2.449297,-2.702724,-0.304497,3.693951,-2.316494,2.17955,1.085452,0.396566,-0.152353,-0.059474,-0.176909,1.172769,0.479523,-2.125616,1.006969,0.450719,-1.943153,0.029743,-1.851958,1.044524,2.691777,2.114444,-0.84146,0.359184,-0.494789,2.087335,-0.132129,0.313458,0.818307,-1.005035,1.52229,-0.278441,-0.688175,-1.608911,-0.837147,0.417801,0.848314,0.226354,-0.650965,0.0
ibmsans,M,-4.610922,-5.152387,1.3931,1.184885,2.666208,3.813409,0.212128,1.772168,-1.745756,-2.212571,-0.341392,3.272326,-0.570032,-0.908892,-1.636382,0.023297,0.202428,0.185,0.467525,-0.329716,-1.24483,-2.470532,-1.110032,2.135188,1.155165,2.690779,-1.667775,2.173956,1.387254,1.121246,-1.005825,0.716401,-0.491029,-1.122711,-0.622813,0.872985,-0.802876,-0.229547,-0.276355,-0.636634,-0.0
ibmsans,N,-3.719199,0.67314,-0.877246,0.419755,2.333264,-0.434465,-2.303327,0.577134,2.35039,0.441998,-0.801497,0.240851,2.792771,2.172001,1.989179,-0.167224,1.341422,-2.70195,-1.420903,-0.237973,-0.875448,1.676395,0.405517,0.185242,0.300153,-1.792952,1.205202,-1.465683,1.872889,0.244162,0.282677,0.969246,-0.423292,1.07842,0.760756,0.943309,-0.070048,-0.23368,-0.269517,0.397772,0.0
ibmsans,O,0.031961,0.035394,0.130066,0.57496,-0.238904,0.305415,0.825337,-1.192892,0.220831,-0.180065,-0.064864,0.207339,1.575671,-1.790842,0.37496,-1.048167,0.025158,0.479194,0.424878,-0.374386,-1.138549,-1.275072,0.144998,0.099493,0.43525,1.035859,0.407393,0.476748,-0.227013,-0.028985,-0.868623,0.731393,-0.264279,0.228584,-0.246969,0.188208,-0.724297,0.520539,0.003305,-0.195616,0.0
ibmsans,P,-2.760189,-0.298642,2.291649,0.309463,0.098488,-0.385237,0.679005,2.951264,0.907854,2.806815,1.808833,1.006434,-2.732241,-1.83166,-0.662179,-1.013736,-0.277266,-1.383518,-1.454875,1.272379,-0.087739,-2.186481,-1.074097,-0.582181,0.092237,0.937387,1.67717,-0.257738,0.030241,0.088522,1.413529,-0.025188,-0.808585,-1.715287,-0.354812,1.967188,0.055495,0.893987,0.036917,-1.048702,0.0
ibmsans,Q,-2.889697,-0.898664,-1.058795,2.389111,-0.490993,-0.587665,1.259736,0.28155,-0.343414,-0.66311,0.024787,-0.728953,-1.167332,-1.358558,-0.475271,-0.081876,-0.141472,0.246626,1.143845,0.804755,0.511234,0.351112,-0.382033,0.531738,-1.265839,1.712459,-0.130482,0.101278,-0.076461,0.125143,0.921468,1.191538,0.291657,-1.615514,0.112735,-0.564753,1.196986,-0.222738,0.72762,-1.176703,-0.0
ibmsans,R,-6.290535,-0.999388,1.955482,-0.735827,1.806658,1.202542,-0.556927,0.461979,-0.675755,-2.208258,-0.996964,0.633311,0.278025,0.95836,1.742032,-0.327659,1.754081,0.018126,-3.97133,-0.098134,-0.043094,0.031814,0.194547,-0.647063,-0.867021,0.103299,3.651985,-0.106991,1.483538,-0.81285,1.184956,-0.74151,-0.314081,-1.401628,-0.352554,-0.193546,0.851638,0.252603,-1.231343,0.453086,0.0
ibmsans,S,-1.89881,0.802077,0.851357,-0.393662,-3.748329,-0.944735,0.859168,0.475787,-0.366532,1.814898,-1.022066,-0.391257,-1.187446,2.524456,1.992651,0.068309,0.980092,1.215246,1.363816,0.646776,0.23308,-0.66435,0.540766,1.082723,-1.495975,-0.975672,0.875471,1.631464,-2.240838,1.28351,-1.848453,1.261823,1.759324,-1.062512,0.829939,0.910759,0.783356,-0.277951,0.88309,-0.851878,-0.0
ibmsans,T,-3.046548,0.096644,0.282087,-0.915991,0.261432,2.043421,-0.193611,0.207988,-0.026728,-0.053781,0.285158,0.284357,-1.287008,-0.451815,1.733091,1.154737,1.594278,-0.597948,-0.102098,1.670905,-1.772108,0.678866,0.222222,0.670145,0.111083,-0.766754,0.128519,0.098094,0.991517,1.128516,0.260213,1.306854,1.962515,1.347369,1.035605,0.881439,-0.402772,-0.804674,-1.419489,-1.371847,-0.0
ibmsans,U,2.24374,1.081838,0.19546,0.288404,-0.504096,0.839267,-0.595684,0.510236,-1.268998,-0.98284,0.495178,0.991016,0.69435,-1.173634,-0.839249,-0.37581,0.877933,-1.35046,-1.219154,-1.15179,0.390375,0.636786,0.537832,2.354352,0.427,0.511099,-0.338927,0.501524,0.275117,-0.397577,-0.0789,-0.864577,-0.758539,-0.058666,0.720655,-0.518181,0.169576,-0.58329,0.566555,-0.120178,-0.0
ibmsans,V,2.42291,1.275877,4.380247,-0.055016,-2.286572,-2.135101,0.125732,-1.01853,2.978321,0.947321,2.001847,-0.433793,-0.493178,-0.791427,0.315882,0.508819,1.727712,-1.227735,0.58264,-0.592611,1.417883,0.370865,0.382893,1.171053,-0.882473,0.4549,1.660274,1.966308,-0.787231,-1.184459,1.330025,-0.14409,0.689757,-0.093909,-0.369597,0.786557,0.08412,0.294157,0.464764,-0.001612,-0.0
ibmsans,W,1.770392,0.126875,2.033461,0.06766,3.365389,1.719847,3.653055,-1.753475,0.760225,0.222045,1.468181,0.459335,-0.321354,-3.569185,1.384552,-1.020048,1.171171,1.394827,-0.937346,-0.925097,-1.466792,1.249452,0.64749,-1.293219,0.643552,1.193659,2.669103,1.610976,-2.991568,-2.554555,1.737362,1.686112,0.36394,0.159527,-0.44932,0.677499,-0.322244,0.499774,-0.049868,-0.933232,0.0
ibmsans,X,-3.417208,-0.431547,0.068192,0.100713,0.237383,0.309835,0.024475,-0.344785,0.113864,0.2237,0.064548,-0.002225,0.023829,0.14681,0.048597,0.01675,-0.068251,-0.369945,0.549244,0.76651,-0.154239,-0.656066,0.0959,0.285406,-0.174301,0.06855,0.398209,0.044414,-0.422191,0.016514,0.276909,0.184944,0.150588,-0.251792,0.211319,-0.003986,0.194502,0.008868,-0.10978,-0.214253,-0.0
ibmsans,Y,-3.575388,-1.754508,0.824012,2.909813,2.20099,1.918614,2.582176,0.77021,-1.189546,-1.268545,0.513884,0.906821,-0.486332,-0.185713,1.069268,-1.316514,2.364765,1.699628,-2.157381,0.163029,1.059254,0.084071,-0.058752,-0.737612,1.879803,0.20722,-1.482876,-0.076439,-0.914077,-1.698282,-0.040526,1.182427,-0.419628,-1.24264,0.070533,-2.760045,1.23948,-0.995587,-0.510699,-2.67212,0.0
ibmsans,Z,3.363377,3.29771,1.600509,-1.569863,2.212572,-2.535016,1.615532,0.064549,-1.309137,0.942541,0.827314,1.071477,-1.183691,0.524788,0.735225,0.249321,0.052374,-1.002035,-0.207921,-0.00629,-0.497496,-1.791476,1.084771,0.819108,1.342249,1.216399,-1.085577,-0.443053,1.707454,-0.451582,-1.357864,1.083087,-1.12977,-0.519998,0.953695,-1.030776,1.703282,-0.231336,-1.082894,-0.200036,0.0
ibmsans,a,8.9e-05,-0.695439,-0.865575,0.760487,-1.701354,2.462597,1.603157,3.852234,-2.055503,-0.329939,0.895392,-1.142961,-1.304995,0.540405,0.489433,0.487104,-0.089826,-2.076208,-0.11697,1.918178,-0.851631,0.929523,1.431711,1.176414,1.928376,1.011663,-1.055617,2.738638,-0.795495,2.254509,-1.161272,0.008194,1.044948,-0.079955,0.31856,-0.970235,0.936763,-1.92564,1.352818,-0.505607,-0.0
ibmsans,b,1.419459,0.272487,0.215139,0.156376,-1.648548,0.523435,0.30377,0.845508,0.272573,1.561066,-1.936856,-0.646091,0.201612,-0.225281,2.896072,-1.479661,1.242538,2.050964,0.854372,-0.542869,-0.308158,-0.187572,-0.540103,0.782353,0.305823,-0.391839,3.082065,-0.02519,-0.912659,1.254945,-0.569057,-0.551706,0.304807,-1.17646,-0.588118,0.174556,1.195415,0.404831,-0.98712,-1.6929,0.0
ibmsans,c,0.474888,1.061421,-0.557414,0.228864,-0.149138,-0.107748,-0.369955,-0.902669,-1.039572,1.214688,0.796387,0.620478,-0.473224,-1.159751,0.566861,-0.788957,0.691442,1.204727,-0.419877,0.525682,0.349411,-2.626047,-0.298403,0.357999,0.328372,-1.632768,0.856348,-0.370388,-0.313838,-0.201907,-0.155691,1.786878,-0.299414,1.403771,0.225805,0.649695,-0.822908,0.526908,-0.363493,0.091805,-0.0
ibmsans,d,1.322623,-0.853819,-1.836222,-1.009593,2.302857,0.936376,0.82627,1.168352,0.8351,-0.361598,-0.24149,-1.449235,0.69943,-2.761127,0.345414,1.138837,0.002633,-0.76345,1.175532,-0.706326,-0.445425,-2.021294,-1.151883,0.267111,-0.648812,-0.187343,-0.601016,-0.391292,-0.855193,0.25634,2.585294,0.159334,0.421202,-2.015232,0.207777,-0.250931,-0.388576,-0.745229,-1.944502,-0.118258,0.0
ibmsans,e,2.003143,-1.068222,-0.417356,1.725766,-3.532857,-0.248351,-1.628556,0.104165,0.128596,-1.372795,-0.165993,-0.455592,1.477232,0.852966,-2.712202,0.993205,-0.849726,-0.59764,-2.803737,-0.019144,-0.655443,-0.990048,0.528415,2.892185,-0.03637,1.011897,-1.632083,0.606608,-1.123178,-1.024523,0.186251,-2.104621,-1.333427,-0.151826,0.70089,-2.08197,-1.45961,1.933432,-0.033639,-0.300589,-0.0
ibmsans,f,-4.194899,2.886723,0.984847,-1.398985,2.322614,-0.093937,-0.247303,0.368259,-1.343257,-0.272878,2.458706,1.116858,0.178558,0.291876,0.58605,-1.885435,-1.005052,-0.779903,0.814457,-0.158302,-0.84484,0.315736,0.165473,0.835725,1.037308,-0.850854,-0.703014,-0.476949,-1.916815,-1.759111,0.263955,-0.384408,-0.221567,1.79503,1.162154,-1.151796,0.589785,0.283784,-0.383102,-2.6901,0.0
ibmsans,g,-1.904886,3.19293,-2.18691,1.282962,0.100867,0.843581,0.593703,2.974513,1.988139,2.881187,-1.543071,0.671959,-2.534055,-2.542831,-0.460017,0.106869,-0.156481,-2.713698,0.323681,3.472728,-1.418738,0.938601,-0.262734,3.065748,-1.167947,0.527377,2.467603,-0.711102,-1.170733,0.808183,-0.177148,-0.194066,-0.587103,0.03338,-0.911739,0.230147,-0.699135,0.264552,-0.011902,-0.15375,-0.0
ibmsans,h,1.944247,-0.6858,0.298253,-0.026479,-1.562845,-0.84676,-0.073339,1.244702,2.820646,-0.620632,-1.617674,1.319251,1.183883,0.998966,1.876808,1.128076,1.249435,-0.307674,1.259711,-2.456027,-1.74028,1.661213,0.718634,-0.916326,1.631572,-1.018479,-0.043424,-0.87445,0.414114,0.908392,0.814195,-0.511403,0.012153,-2.033916,0.57,-0.273768,-0.862938,1.99095,0.999722,0.409286,0.0
ibmsans,i,-4.059177,-0.582187,-1.869088,0.712903,0.47194,0.170102,-0.398907,0.449456,0.576991,-0.377089,0.838304,1.011613,-0.958103,-0.121592,0.375791,0.438382,-0.362777,0.026157,-0.194667,0.720403,0.194195,-1.4071,0.958157,2.464829,0.532023,1.290034,-0.803635,-0.598881,-1.670524,-0.372985,0.261158,-0.690497,0.359522,0.476263,-0.760919,0.46089,0.553286,0.496201,-0.586761,0.85199,-0.0
ibmsans,j,-3.875533,-0.309642,-1.346783,0.440903,-0.553724,1.920871,-0.702953,-0.034391,-0.7163,-0.859406,1.840591,-0.279754,-1.175525,-0.851718,0.091487,0.540484,0.831257,-0.472448,-0.19332,1.666138,1.413668,0.40841,-2.397187,0.830509,0.782355,0.405817,-0.421665,-0.80868,0.534733,-0.59327,-2.305007,0.659525,-2.962773,-0.255505,0.253891,-1.230378,0.656017,-0.031086,-1.001557,-0.044843,0.0
ibmsans,k,-4.236119,2.547462,0.812266,-0.020313,-0.569682,-1.084668,0.041661,-0.639984,-0.803276,1.427184,1.555893,-1.946489,-0.194353,0.830612,-0.022654,-1.062502,0.892921,0.995555,2.07294,1.20401,-1.321647,-0.63825,-0.669648,-1.344476,-1.000817,0.008646,0.767827,0.028481,1.0427,1.479864,0.743237,1.158009,2.768371,-0.087814,3.127613,0.587521,-0.489764,2.505989,-0.019877,0.069878,-0.0
ibmsans,l,0.529995,4.123804,-0.426288,-0.235269,2.005355,0.167251,-0.109638,-0.098874,0.789002,1.830789,0.148405,0.690745,-0.685799,-0.675632,-1.154479,-1.168733,-1.848925,0.288465,1.369672,1.454909,1.157039,1.744142,0.235467,-1.602656,-0.861186,-1.954174,-0.086888,0.004886,-0.330095,-0.047725,0.021344,-0.009381,-0.008805,0.011027,0.001248,-0.002546,9.6e-05,-0.000481,-0.000136,-5e-06,0.0
ibmsans,m,1.426173,0.663589,1.651398,-1.346526,-1.748258,-1.356003,1.024118,1.702328,0.030917,-0.444057,0.785259,0.101813,1.012222,0.033349,-1.011886,-1.394994,-0.112531,-1.482347,-1.247309,1.830602,0.033555,-1.868576,0.99525,0.040252,-1.856337,1.829518,1.000098,0.033045,0.159122,0.541589,-2.567383,-0.543171,-2.402592,-0.100514,-1.679333,-1.035991,-0.344156,0.433936,1.750171,0.560369,-0.0
ibmsans,n,0.803272,-1.956334,-0.475882,-1.029685,0.13669,-1.912059,-0.817614,0.891758,-1.52564,0.677865,-1.417,0.217511,-0.49588,0.649572,-1.300925,-0.495766,0.689866,2.156812,-0.019917,1.273833,-1.160885,-0.300491,1.042402,0.095725,-0.213869,1.622259,-2.01316,0.209861,-0.752971,1.018508,0.167445,-0.77415,0.083786,-0.96694,0.0406,-0.522642,-0.480091,1.65322,0.559911,-0.986284,-0.0
ibmsans,o,-0.290541,0.201851,-0.491358,-0.247213,-1.012653,-0.265098,-0.286775,0.926286,-0.177777,0.431225,-1.855541,1.143792,0.576868,-0.437353,0.149434,-0.025216,-0.410101,-0.412995,-0.057865,-1.479804,0.056178,-1.674411,1.118358,-1.187928,-0.765398,1.066853,0.212375,1.30764,0.574796,-1.216306,0.059214,-0.573642,0.819904,-0.059308,-1.154656,-0.86489,0.066443,0.753856,-0.003373,0.202617,0.0
ibmsans,p,-1.466241,0.920641,-0.732752,1.334945,0.997616,0.99861,-2.415626,0.52633,-1.274004,-0.100509,1.101561,2.209853,-0.28276,-0.284043,0.533071,0.597196,-0.625379,-1.761998,-0.47631,0.516123,-0.6149,-0.552959,0.727601,-0.105316,-0.918834,0.579599,-0.041164,-2.370327,0.513178,0.302756,-1.644071,-0.527677,-0.934148,1.023485,-0.694914,-0.877293,-1.460336,1.920363,-1.689335,-0.190962,-0.0
ibmsans,q,-1.170809,0.931007,-0.291152,-0.006983,-0.366655,-0.707548,-2.577703,-1.490786,1.150386,-0.200596,1.022898,-1.575278,-1.4903,-1.159674,0.199768,-0.250943,1.398309,0.721193,1.083808,0.072593,-1.756412,-0.447116,-2.088908,-0.642773,0.212984,0.858948,-0.00015,0.433098,-0.757656,0.882655,0.578714,-0.769484,1.250749,0.067128,-0.766694,1.911785,-0.354313,1.761892,1.44163,1.518702,-0.0
ibmsans,r,-2.447513,1.812418,-2.694493,-0.213093,0.002849,-0.737087,-2.001191,-0.955845,-0.185653,-2.590914,0.885833,0.086512,2.810092,-2.978672,-0.531441,-4.761374,-2.459904,-0.105668,2.932397,-2.362694,0.78664,0.660542,1.202255,-0.943591,-0.999494,-0.542217,-0.439787,-0.255568,-0.517205,0.399457,-0.178359,0.065422,0.474752,0.755211,0.310479,0.474826,-0.303724,0.264401,-0.298299,-0.526377,-0.0
ibmsans,s,0.736458,2.607716,4.100288,-0.347041,-0.999351,-1.280278,3.475379,2.537221,0.659073,2.891322,0.450274,-0.630104,0.670436,-0.818344,-2.142914,-0.822901,-0.382427,-0.05695,2.096707,0.024071,-1.027095,0.59588,-0.257225,-2.045986,-1.084257,-0.485486,-0.348237,-0.958687,0.89044,-0.385664,0.433025,1.581492,0.482952,0.441351,0.347172,-0.525553,0.783922,2.155972,-1.753405,-0.133866,0.0
ibmsans,t,1.132247,3.130297,-2.841869,0.276633,0.744111,-1.098668,-0.629058,-1.937995,1.680965,0.918364,-0.199268,0.368107,-1.28667,-0.076821,-0.663629,-0.462733,-0.078318,2.75714,0.091848,1.288649,1.451587,-0.794006,2.219573,0.254431,-0.922203,0.11695,0.169795,-1.271891,2.28813,0.870797,1.76377,-1.576198,-2.256955,-1.26183,-0.793908,1.162332,2.172019,-0.010919,0.837804,-1.055082,0.0
ibmsans,u,1.57048,-0.351801,0.645963,0.366952,1.311956,0.384649,1.127815,-2.300942,0.889456,-0.842449,-0.348083,-1.016169,0.485315,0.582202,-1.428704,-0.201192,0.835003,0.151535,-1.736929,-1.32285,0.90368,-0.999989,0.735523,-0.98302,0.973997,-0.000142,0.814048,-1.106963,-1.870297,1.179029,0.627493,-1.00122,-2.03891,1.03457,-0.29115,0.340861,-0.194345,-0.723086,-0.251529,-0.434242,-0.0
ibmsans,v,2.24698,-0.138968,1.889108,-1.291109,0.301246,-1.613083,-1.029773,-1.998147,-1.754867,1.355596,0.869993,-0.118481,0.759959,1.077229,-2.011046,-1.56633,0.043999,2.937863,-0.904201,0.316169,1.578373,2.92833,-1.304204,-0.67412,0.828913,1.450961,2.198783,0.264058,-0.457073,-1.056185,0.196995,-0.326443,0.039955,1.409108,0.131333,-0.148531,-0.890702,1.846187,0.209695,0.00273,-0.0
ibmsans,w,-2.636676,-0.496209,-3.735162,-0.691108,-2.408611,-1.622729,1.645561,-4.103979,1.437871,1.06156,3.33057,1.198398,-0.80289,-0.546328,-0.167483,0.37718,-1.702102,-0.489265,0.261749,-0.218733,-1.099422,0.825454,-1.921719,0.387814,1.349678,0.355272,-0.058244,0.256782,-0.129535,-1.817544,-1.445921,-1.695542,0.124433,0.92299,0.310381,3.408803,-1.801807,-1.165573,1.039332,1.183707,0.0
ibmsans,x,-3.412315,0.027792,-0.296743,-0.067194,0.052782,0.072621,-0.281315,0.037342,0.210293,0.197542,0.140765,-0.09035,-0.168323,0.081785,-0.017506,0.219746,0.179366,0.135061,0.318816,-0.000733,-0.562125,0.100086,0.118175,0.346717,0.16589,-0.149195,-0.327968,-0.559994,0.198133,-0.07917,-0.004704,-0.143252,0.061912,-0.320871,-0.02422,-0.220638,-0.046721,-0.310419,-0.230385,-0.095234,0.0
ibmsans,y,-4.093616,-0.407658,-0.18637,2.191887,0.578678,1.613603,5.284154,-0.674258,0.204497,3.331264,-1.360921,-0.568926,1.432677,-2.0381,1.064833,-0.110196,-1.959438,1.530265,3.178576,-0.976088,-1.5533,0.146773,1.532852,-0.769904,-1.992202,0.563643,1.440918,0.451372,1.458765,1.047463,0.141643,1.978116,-0.009162,-0.676272,0.221589,-1.219152,-0.658147,0.576399,-1.005802,-1.216391,0.0
ibmsans,z,2.368458,1.473751,0.129217,-0.825784,-0.458351,2.159521,1.563555,-3.327854,2.932913,-0.207454,-0.497718,-2.263044,-1.629054,-0.669548,1.212842,1.733307,-1.615474,-0.425793,0.754156,-0.253557,1.44587,1.478528,-0.205612,0.453622,-1.356149,-0.948599,0.160173,0.712945,0.390307,0.074195,-0.490755,1.275855,0.653039,-0.655014,0.088739,0.293876,-0.792839,-0.083032,1.895488,0.843097,-0.0
ibmserif,0,0.782031,0.702216,0.018151,-0.074777,-0.035111,0.039855,-1.228298,0.625717,0.249514,0.059215,-1.027833,-0.016094,0.729916,0.653776,1.096521,0.479284,-0.19969,-0.408157,0.61332,-0.241945,-0.001083,-0.351659,0.904515,0.115481,-1.19115,0.949947,-0.123857,-0.303357,1.132959,0.724255,0.05398,0.976587,-0.923369,-0.898284,-0.238342,0.335206,-1.119548,0.66721,1.178192,-0.71443,-0.0
ibmserif,1,6.969736,4.166766,1.598592,-2.019722,0.288981,0.953011,1.813376,-2.156973,-1.174744,-0.636039,-0.349466,-1.493385,-3.284978,3.567264,-0.886493,-2.112795,1.31198,0.213259,0.333497,2.280509,1.323337,-1.623126,1.668758,0.795689,2.034758,-0.478943,0.68138,-0.605113,-0.210137,0.516775,-0.303419,0.775732,-0.290569,-0.199806,0.15702,-0.012211,-0.187003,0.484388,-0.097961,0.040773,-0.0
ibmserif,2,1.998508,0.583129,0.315094,-3.039067,-0.295065,0.251428,0.718516,-0.143906,1.476581,-1.060004,0.321901,0.119943,-1.035492,0.866543,-2.896992,1.789938,3.430547,-2.149636,-0.768684,1.416434,-0.997478,-2.200221,1.417726,1.513186,-0.605071,-1.575464,0.987412,1.469501,-0.352814,-0.107455,0.45026,1.75937,0.419033,0.511139,1.920161,-0.401449,-0.303829,0.499638,0.252551,0.842043,-0.0
ibmserif,3,-2.772081,1.146431,0.104245,0.505879,0.333979,0.018611,-2.002532,-1.421582,2.804918,2.322795,-0.896579,-0.580875,0.561574,-1.764673,0.315133,0.2786,-0.652499,-0.742635,-0.011855,0.488798,0.878651,-2.125372,-1.54815,1.75383,-0.428654,-0.573564,-2.354166,0.092449,1.259696,1.809546,-0.902317,-0.922243,1.422914,0.479172,-0.990538,-0.606037,1.279431,0.039454,-2.155231,2.229358,0.0
ibmserif,4,-1.586738,2.684469,-0.571622,1.310645,-0.637211,-1.198918,0.124173,-0.96746,-1.220011,-0.864793,-1.285305,0.036574,0.582401,0.471158,-0.555779,-0.435088,-0.794252,-1.533158,-0.351748,0.077435,0.393863,1.797708,0.887014,-0.218653,-2.244082,-0.685722,-0.670776,-0.185723,-0.56846,1.616745,-1.378592,-2.506347,1.627826,-0.930073,-2.989068,0.484925,2.535313,-0.306864,-1.6277,-0.833047,0.0
ibmserif,5,-1.234742,2.395973,0.056176,-2.619643,0.987342,-0.30449,-1.530883,-1.102567,0.932424,-1.401081,0.481491,1.485744,-1.918533,-0.426251,-2.617043,-0.793965,-0.93599,-2.450001,-1.464377,0.112326,0.300978,-2.036865,0.13173,-1.28801,1.475453,-1.154915,-1.32236,0.81272,1.270442,0.627983,0.330785,-0.547386,-1.614241,2.445412,-0.229886,-0.55774,0.534365,-1.16403,0.401532,-0.008196,-0.0
ibmserif,6,-3.615028,-1.809985,0.381038,1.318649,0.662335,-0.346991,0.196311,-2.312281,-0.843303,-0.810286,-2.317231,0.149795,-0.755151,1.15277,-0.796103,-0.63594,0.119638,0.952716,-2.980627,-0.49624,-2.637905,-1.002911,0.308929,-1.587854,-1.786777,0.431958,-0.314749,-0.996541,0.948367,1.610093,-0.084946,2.133556,-0.832067,0.768397,-0.591331,-1.375553,1.226284,1.136391,-0.730651,-0.080348,-0.0
ibmserif,7,6.715493,-2.148577,0.292939,0.702426,-0.636038,0.534813,-0.507842,-0.845854,-0.896959,0.555697,0.08231,-0.290857,-0.404375,0.419298,-0.379946,0.265389,-1.00753,-0.705526,1.004413,-0.446964,0.982289,-0.954203,0.390555,-0.707809,-0.263057,0.356237,-0.930483,0.001954,0.350105,1.266029,0.361189,-1.394735,0.477053,0.207515,1.615679,-1.835543,-0.220513,-2.047227,0.760226,2.252463,-0.0
ibmserif,8,2.221062,-0.815998,0.995035,-0.906512,-1.032797,0.474109,1.307843,-0.407217,-1.711831,-1.259777,0.042242,-1.187018,-1.141076,1.403571,-0.411746,1.231151,0.419524,0.459996,-1.661376,-1.436633,0.083586,-0.095394,0.067867,-1.849861,0.535784,-0.606723,0.763691,-0.838223,-0.040814,0.748631,0.294922,1.292123,0.560731,2.186126,-2.189668,0.06781,3.440654,-0.116155,-1.824553,-0.814837,-0.0
ibmserif,9,-1.320965,1.333248,1.779248,1.703394,1.788248,1.250639,1.372736,-0.10777,2.265433,0.567286,-1.736715,0.545891,0.197186,1.239597,-0.563014,-1.845511,-1.648697,-1.594778,-0.144151,-1.972716,-0.156593,-0.564658,2.617791,0.314534,-0.429364,-0.059189,1.82841,-0.611146,-0.7114,0.228132,0.465073,-1.321581,0.785407,0.284187,0.792895,2.114633,1.319274,-1.245656,1.256996,-1.004553,-0.0
ibmserif,A,-1.681585,1.002462,2.025576,-2.520517,1.655705,1.748575,0.941927,-1.046592,-3.211036,-3.008958,0.867009,0.971364,0.610169,2.016443,-0.652097,0.400872,0.356274,1.35307,-0.267155,-1.248767,-2.73961,-0.301152,-0.823755,1.476852,1.15053,0.335574,-1.55323,0.02682,2.295566,-0.369583,0.142603,-0.094798,-2.584102,1.428169,-2.087564,0.180714,0.870016,-1.121077,-1.264501,-0.865674,0.0
ibmserif,B,-2.089316,-0.074585,-2.170011,0.878297,-3.153238,-0.750915,-0.563817,0.692556,0.747483,-0.968318,0.918394,-0.057881,2.027788,0.34181,-1.29388,1.359061,-1.489081,-1.372725,-2.780958,-0.945431,1.796375,1.091949,-2.077994,0.886569,-1.175112,0.043975,1.711678,-1.240617,1.256829,2.216956,-1.512056,0.287524,0.909093,-0.810053,0.255431,-0.127334,-0.751787,-0.295786,1.551508,-1.116539,-0.0
ibmserif,C,-2.944793,-0.767581,0.137555,-3.444493,2.311485,0.332405,-0.553492,-0.625189,-1.15089,0.55508,-0.135087,-0.40722,1.678288,0.828159,-0.184421,-0.985387,-0.075665,-0.304123,-0.590403,1.824613,-0.624035,-0.612353,0.309611,0.649118,0.874076,-1.033279,-0.655175,0.288412,0.631817,0.454282,-0.331751,0.160763,0.453736,0.209127,0.321026,0.0959,0.024178,0.152815,0.109387,-0.096771,-0.0
ibmserif,D,-0.2002,0.095186,1.229029,-0.466622,2.122965,0.754934,-1.307783,1.072644,-0.873568,-0.116672,-0.987353,-1.933929,-1.357818,-0.284176,-1.176917,-0.147169,0.236374,0.005448,-1.03733,0.459701,1.114353,-0.509789,1.213193,-0.987357,-0.513871,-1.169479,0.062802,-0.177097,0.478601,0.432325,-0.144509,0.453157,-0.450988,-0.144914,-1.027679,-0.022061,-0.608049,-0.434792,-0.540952,-0.217662,0.0
ibmserif,E,-4.713693,-0.823578,1.744064,0.553405,0.8329,2.432114,0.491632,-0.501287,-0.756499,-1.537882,1.581849,-0.437766,-1.448263,-1.965137,0.320007,-1.38022,2.9786,-0.07922,0.270838,0.946564,0.270444,1.479672,3.19854,0.129848,0.630958,1.810942,1.338072,1.240113,1.564935,0.268033,-0.676504,1.614011,-0.861661,0.627429,1.600582,0.006933,1.041584,0.154046,1.115037,-0.846363,0.0
ibmserif,F,0.997404,0.302584,-3.654885,-0.65219,0.340138,0.767637,-0.714999,-1.570517,2.484458,-2.252758,-1.098501,0.000204,-2.268578,-1.992218,0.748699,-1.461418,0.133809,1.401794,-2.481468,0.008343,0.804453,-1.088829,2.050913,1.215683,0.642855,1.721724,-0.147045,0.11943,-1.424472,0.486947,1.111458,-0.847858,1.711693,-0.706973,1.022957,0.470979,-2.220336,1.599907,0.771341,-1.014733,-0.0
ibmserif,G,0.900181,-0.681898,-0.46805,-1.4994,2.10932,2.053762,-1.458713,0.678986,-0.201452,-0.111003,0.520228,1.589191,0.279252,0.448022,0.739632,-1.137524,0.882208,1.352269,-0.168485,0.128544,1.011277,-1.731971,-1.113172,2.124746,0.466338,1.589424,0.253759,-0.171524,0.744726,0.434862,-2.486449,-0.086759,-0.622938,0.242844,-0.290823,0.76996,0.188795,-0.273456,0.03894,0.060481,-0.0
ibmserif,H,-2.664654,-1.531478,-2.163043,-1.920917,-0.918987,-0.677859,-0.149596,0.363018,0.653348,0.321133,1.024879,-1.18572,0.797743,-2.415253,-0.986983,1.104736,0.270042,1.627375,-0.504912,-0.257353,0.03984,1.175564,-0.024784,1.132588,-3.359458,2.382416,1.278426,-0.541909,-0.231961,1.416745,0.7033,-0.454553,0.122128,2.075906,1.979052,0.791016,-2.800269,-0.781511,0.700426,-0.404881,0.0
ibmserif,I,5.144109,-2.127455,1.417211,1.223368,0.663574,-0.35643,-1.119081,2.787087,0.061485,0.909138,-0.64638,-1.022579,-0.511918,-0.644939,3.064411,3.631294,-2.756678,1.855414,0.330384,-1.113884,0.456203,0.057438,-0.028053,0.016183,-0.005268,-0.009864,-0.004646,-0.002832,-0.001226,-0.003197,-0.000492,0.000771,-0.000738,0.000767,-0.000142,-0.000277,2e-05,-0.000116,-9.5e-05,-0.000212,-0.0
ibmserif,J,-4.047689,4.660653,2.794608,1.822896,-1.922335,3.327591,3.347857,-0.628926,1.012225,0.192187,0.951927,0.235034,1.018541,1.467237,2.716552,-0.713372,0.367147,0.91804,-1.609342,-0.470645,0.796802,1.108948,1.278746,-1.19293,-3.433243,2.410559,-0.822124,-0.626168,0.007415,-0.633971,0.41724,0.300387,0.127389,0.171273,-0.011363,-0.113805,0.291,-0.03166,-0.198938,0.200585,-0.0
ibmserif,K,0.502594,1.508813,-0.351123,-2.90908,2.885918,0.025734,0.917938,1.217436,2.440313,-0.071852,-0.748139,1.835406,1.043746,1.255699,1.2656,-2.470969,-1.900565,2.63617,-1.696623,1.324004,0.052195,-3.628234,0.281035,-2.409879,0.223869,2.956882,0.159186,-0.103808,0.360735,0.787014,-1.949881,-0.588437,-1.387901,-1.508811,-0.914269,1.087472,-0.597694,0.181844,0.549393,-0.874508,-0.0
ibmserif,L,4.175709,2.344364,-0.30791,-1.10771,0.127425,0.582484,0.760326,-0.803941,0.207526,0.492505,-1.361381,0.427872,1.948198,-1.458992,-0.079665,1.709837,0.564576,-2.390299,-0.060843,-1.070524,2.221848,-0.589493,-0.025125,-0.265995,-0.164853,-1.054034,-4.741063,0.528509,0.42477,0.901757,-1.590541,0.205114,-0.693914,0.265396,-0.040601,1.167675,0.581028,0.556906,-0.163837,0.762174,0.0
ibmserif,M,-3.3868,-2.361087,-3.089246,-2.205407,-1.902295,1.650758,-0.191385,2.410459,3.019963,1.19717,-0.756092,3.27107,-1.322945,1.408108,-3.965382,0.050099,1.344839,1.409691,-2.130976,-1.765642,-2.085672,2.448462,-0.276897,-1.998597,0.815277,-0.631919,1.077746,-1.091655,0.901408,-1.569002,0.419276,0.859396,0.988105,-0.169644,0.104221,-0.665736,0.353997,0.484673,1.432787,-0.178449,-0.0
ibmserif,N,4.062963,-1.130032,1.319099,-0.534457,0.015391,2.055105,-1.553216,1.012768,0.470963,-1.097962,1.021849,1.92774,-0.860988,-0.615027,0.755062,0.217827,-2.23398,1.097717,-0.23969,-1.495254,0.155136,1.275964,-2.012792,-2.672882,0.643744,-1.7227,0.199592,-1.492597,0.753359,-1.460385,0.831082,0.330786,0.750921,-2.20352,0.042363,-0.191247,-0.173984,1.534566,-0.222655,0.174009,0.0
ibmserif,O,0.172267,-0.240276,-0.027211,-0.156966,-0.343657,0.120583,-0.965242,-0.653226,-0.027947,0.07425,0.017218,-0.384344,-1.079431,0.654977,0.255086,-0.365928,0.865434,0.440485,0.189715,-1.3012,0.306819,-0.612259,0.258551,0.774041,-0.28568,-0.311717,0.77941,1.827283,-0.224981,-1.09325,0.075802,-0.819294,-0.026765,0.381898,-0.035187,0.111763,0.669574,0.586044,-0.185139,-0.19028,0.0
ibmserif,P,4.289526,0.08211,-1.604486,2.551268,1.798653,-2.869535,-1.666532,1.049066,1.434637,0.024139,0.405628,1.673673,0.151661,-1.238378,1.523893,-0.441296,1.13455,1.805029,2.803864,-1.563921,-0.336579,-1.613776,0.986097,0.423463,-1.803799,-0.932759,0.198679,0.564965,1.175381,1.444604,-0.287148,-1.103327,-0.233395,0.625978,1.572846,1.398025,1.066877,0.502579,-0.420708,0.260137,0.0
ibmserif,Q,-3.036149,0.021405,-1.056914,0.87492,0.619392,-0.385885,0.73886,-0.022368,-0.388071,0.548998,-0.854159,0.921272,1.401419,0.753991,-0.723467,-0.186265,0.055362,-1.441475,-0.641554,0.742984,0.466199,0.370839,0.780508,0.383137,0.022267,1.127379,-0.004338,-0.588529,0.204734,-0.572744,-1.315011,0.9323,-1.535638,-0.595706,-0.22822,-0.819262,-0.003633,1.0477,-1.803997,0.172588,-0.0
ibmserif,R,0.799146,3.306479,-1.400413,0.03606,-0.82637,-0.876573,-2.217475,-0.877853,-0.958884,0.302424,-1.408387,0.20535,0.181711,0.943157,-0.534556,-4.38788,-2.564541,1.694365,-1.010253,-0.09755,-1.460136,0.500639,-0.371197,1.139743,1.319106,1.958162,-0.091126,0.698497,1.188505,-1.961422,1.28464,0.470957,-0.270825,2.219199,-0.599013,0.737929,0.015861,-0.785929,-0.264658,-0.282064,0.0
ibmserif,S,2.362117,-0.385092,2.467986,0.537226,-1.334147,-0.28319,0.017501,-1.374784,-0.200957,0.860827,-0.865864,0.761434,-2.293907,-0.535605,0.389514,0.530902,0.121624,0.819095,0.740171,3.321841,2.367889,2.942532,1.389765,0.473413,0.142961,0.959688,0.866029,-0.958541,0.28329,-2.341741,0.022104,0.267456,-2.072757,-1.664014,-0.62591,-0.52391,0.990146,0.308727,-0.151534,0.595666,-0.0
ibmserif,T,5.057304,1.926823,0.728092,2.73779,0.903011,1.509104,-2.960932,-0.775169,-0.219779,-0.159443,1.820929,3.339747,4.926,0.278392,-1.418657,0.828129,1.293956,-0.915244,-1.010053,-0.271222,0.705803,0.5209,-0.866726,-0.521601,-0.135081,-0.157656,-0.205583,0.006117,0.536944,0.450351,0.020975,0.734804,-0.052709,0.027378,-0.502472,-0.176728,-0.134836,0.037008,-0.24456,-0.150077,-0.0
ibmserif,U,-3.365622,-1.525085,0.838021,0.120781,0.549178,0.326496,0.639726,-0.497147,-0.060649,-0.303321,0.792868,-0.048772,0.087324,0.157024,0.340233,0.345146,1.532758,0.176906,0.5612,-0.395977,1.150386,0.857366,0.390392,-0.07423,1.515149,0.140949,1.567261,0.783868,0.334868,0.054887,-1.045104,1.163687,-0.566353,-0.111508,-1.215502,0.1422,-0.054249,-0.757156,-0.368442,-0.647376,-0.0
ibmserif,V,-2.920779,0.749839,0.412737,-0.212714,0.93097,-0.90818,0.655221,0.069184,1.18074,-2.012122,0.70927,-1.311073,0.032327,-0.214259,1.878887,0.197464,-0.894533,0.638724,1.762785,0.96263,-0.064036,-0.444121,-0.523226,-0.218955,0.056026,-0.50059,-1.623372,0.092595,2.064727,0.882629,-0.137116,-1.160836,0.071702,0.826431,-1.838524,2.57768,0.651363,0.48772,0.140438,0.633651,-0.0
ibmserif,W,0.05284,0.615378,-1.882775,-0.00713,-0.197198,3.638092,2.741005,0.117598,1.845408,2.511355,1.087318,0.031558,1.34631,-0.534204,-0.474181,-2.024853,1.210331,-2.92628,-1.39835,-0.225651,0.76995,-0.623402,-0.468095,0.907666,1.399418,-1.26788,-2.161713,-3.491828,-0.559394,-1.763631,0.702604,-2.207618,-0.965427,-0.493829,2.036044,-0.662409,-0.587321,0.129119,-1.50545,-0.934112,0.0
ibmserif,X,4.257767,-0.226692,-1.30544,1.289855,1.199344,1.138533,-0.882109,-1.964933,-0.134357,3.140117,-0.96408,4.67742,-1.15897,-2.578475,1.758167,-3.00318,2.175124,0.20177,-0.033619,-0.261314,0.149148,0.06716,-0.116209,0.07352,0.207558,0.026129,0.067421,0.018343,0.045052,-0.010622,-0.000851,-0.002892,0.000574,-0.002133,0.000165,-0.001777,-0.00116,0.001313,8.2e-05,0.001237,-0.0
ibmserif,Y,5.59781,2.15284,2.306331,-0.148081,1.786443,1.551586,-0.414424,-0.586727,3.203409,-2.551952,0.178175,-0.343521,0.507951,0.298541,-2.43996,2.443388,-0.723371,1.417899,-1.607032,-1.178849,-0.945623,1.265526,0.092932,0.716023,3.261036,0.317373,0.929997,3.057225,1.423294,0.639126,1.595345,0.830918,0.523728,0.03437,0.183629,0.567123,1.206064,1.118717,1.463333,-0.396125,0.0
ibmserif,Z,-4.342713,-1.361965,-1.992867,-0.689169,-0.379588,-1.465504,2.027673,2.141571,-2.276647,1.355389,0.042771,-0.945981,0.214961,-0.994205,-0.444357,1.907632,1.782569,-0.656592,2.055693,0.697389,2.590569,-1.057911,-1.19422,-0.910164,0.222175,-1.880952,-0.724299,-1.338479,0.098214,-0.769546,0.10355,1.328196,0.035622,1.079296,-0.416011,0.891435,0.583263,0.292101,0.43944,0.246694,0.0
ibmserif,a,-1.934434,-2.41653,-0.614379,0.703198,-0.719169,0.624458,1.171532,-1.730936,-0.534855,-2.661297,-1.690732,0.525335,-1.10203,1.738729,1.029274,-0.87881,-0.904326,0.872561,-0.144867,1.106222,-0.676074,0.481738,-1.614079,0.035031,0.23562,0.516862,0.460014,-2.362158,-0.065672,-1.9776,-2.738031,-3.932059,0.511452,0.366319,-0.109877,-0.271149,-0.376722,-1.955393,-0.145844,0.23093,-0.0
ibmserif,b,-3.296427,-0.855454,0.612122,0.669254,1.348708,-1.409376,-0.909062,0.576841,-0.554009,-0.771508,2.644031,2.531351,-1.361537,-1.532124,-1.504887,1.737179,-0.318046,0.65226,-0.132597,0.10113,1.271125,-2.706286,0.035853,1.615643,0.3269,-2.043392,0.380998,0.520857,-0.596773,0.928497,-1.618429,-1.82414,0.486884,-0.645283,-0.880824,-0.384496,-0.327511,-0.291463,-0.179961,0.106932,0.0
ibmserif,c,-2.988365,-0.497771,0.076661,0.170029,-0.578112,0.721418,1.043657,-0.932944,1.437849,0.833498,1.324486,-1.878163,1.228307,0.841131,-0.561557,1.305754,-0.427234,0.270301,0.74265,0.161471,0.236043,-1.107341,-0.689377,0.179577,0.715637,0.110921,-0.299304,0.169247,-1.961091,1.642326,-0.202211,0.083915,1.371304,0.308104,-0.180316,0.131953,0.952872,0.335113,0.797603,0.182192,-0.0
ibmserif,d,-1.157118,-0.565417,1.15464,-0.20991,-0.652552,-2.02411,0.116996,0.520662,-1.737895,0.952869,1.152869,2.188062,2.658299,2.075081,-1.564044,-1.133568,0.329856,1.54262,1.607126,1.675335,-1.885462,-1.515249,-0.908341,0.024142,1.092808,0.76872,-0.298079,-0.68084,0.798744,1.727685,0.170357,-0.003414,-0.205788,-0.929949,0.8022,1.033856,0.438548,0.700721,-0.586384,-1.080201,0.0
ibmserif,e,2.254252,0.482455,0.291568,2.568133,1.011322,1.530546,0.574985,0.907532,0.009961,-0.402686,-0.212162,-1.492347,0.06666,-3.597929,-0.595915,-1.875084,-0.3631,0.027396,-0.309963,1.816003,-0.251475,0.528296,1.44903,-0.279913,-0.546652,-0.029915,-3.17049,-1.166675,-1.558557,0.663306,-0.160554,2.587791,0.72609,0.044811,0.720621,0.570639,-1.465019,0.224336,-0.483997,2.633281,-0.0
ibmserif,f,4.137211,-4.001843,4.521817,0.710923,-1.213853,0.244103,-1.390407,1.123086,-0.633955,-2.198998,-1.34731,-0.576903,7.142748,0.381232,-2.285916,-2.916921,0.666366,-2.027263,0.326747,0.048601,0.900118,1.275698,0.498736,-1.375201,0.10057,-0.146394,-0.198954,-0.500047,1.238416,-0.250538,-1.115992,-1.121268,0.208726,0.023198,0.59077,-0.455721,-0.216795,0.160186,0.061977,0.161283,0.0
ibmserif,g,-3.493414,0.278165,-2.390508,-2.867571,-2.857208,0.79852,1.799532,-0.244334,4.228096,-0.214834,1.900833,2.266381,0.763256,0.141962,-0.95844,2.38001,1.034863,-0.25483,2.152897,-2.17678,-2.638027,-2.131892,-2.371353,0.053719,1.279193,-0.39617,-0.158128,-1.022154,0.941563,-0.762094,0.090957,-0.825577,0.315573,-0.047355,-0.810458,0.09825,0.366292,-1.430189,-0.577162,-0.646715,-0.0
ibmserif,h,-4.393594,0.077302,0.517527,-0.794147,0.093598,-1.797932,-0.990498,-0.600107,-0.738551,0.542592,2.129854,-0.712598,0.314144,-1.343304,0.747788,-1.731337,0.620918,0.103258,-1.200614,2.653767,-0.069934,1.387709,-0.086829,2.481814,0.061741,0.04274,1.725662,-1.844425,1.865867,0.744302,1.097228,1.761275,0.345027,-0.231463,1.384622,-0.510287,-0.855591,1.073551,0.569481,-0.24003,0.0
ibmserif,i,5.824334,-2.337451,-0.122021,0.300882,-0.836731,-3.216392,-1.657328,1.39738,0.824534,-0.547937,-0.691467,-0.69233,-0.018313,1.089071,1.646155,-4.381981,-2.748886,-1.098749,-0.869134,0.495928,0.245187,-0.067471,-0.094442,-0.884129,-0.061418,0.022529,-0.280091,0.403295,-0.674499,0.262805,0.061592,0.040001,-0.053772,0.178645,-0.119685,0.036589,-0.119722,-0.026312,-0.111839,0.117066,-0.0
ibmserif,j,3.59919,-3.83671,2.118678,2.191646,-2.948036,-0.156092,1.832418,0.8515,-0.221075,0.328604,1.066449,-0.833897,-2.69654,-3.568412,2.625302,-2.585281,0.460635,1.042662,-2.345248,0.658339,0.217981,-0.404158,0.424292,0.934942,-0.372391,0.152518,1.212989,2.009298,-0.351919,0.420782,0.54766,-0.511445,0.302563,0.088546,-0.767148,-0.207223,0.675452,-0.130687,-0.386614,-0.135434,0.0
ibmserif,k,3.61409,-1.790001,-1.12771,1.39433,2.927668,-2.571317,2.776003,2.379423,-0.477229,2.20797,-0.17076,-1.928459,2.430429,0.023869,1.485165,-2.723039,1.480722,-2.710013,-0.443548,0.353185,-1.718199,1.638891,-0.494606,-1.572294,2.548256,-0.299778,-0.920895,1.461399,-2.463197,-1.17354,0.228856,0.351818,0.109303,-0.964215,0.141848,0.146962,-0.516981,-0.151434,-0.24528,1.11579,-0.0
ibmserif,l,-3.759118,-1.152026,-2.119464,0.806096,0.779446,-3.198605,1.809437,-0.03022,-3.143993,1.02097,-1.521683,-1.141632,1.066982,-1.600063,0.089896,-1.158655,0.919168,1.116273,1.000166,2.064925,-1.946114,0.916489,-0.732003,1.215708,0.083238,0.137568,-0.127465,0.090382,0.028216,-0.003386,-0.008742,0.001912,0.0024,-0.004164,-0.001001,0.000367,0.000364,0.000261,-0.000275,2e-05,0.0
ibmserif,m,-2.496283,-3.673189,0.947712,0.546164,0.815456,-1.294837,-0.040165,0.579774,0.212755,0.496532,2.553282,2.059596,0.802437,0.892756,0.122995,-1.825815,-0.289654,1.473668,0.641706,-1.378943,-0.020875,-1.452468,0.739875,0.025721,0.723865,-2.023077,-0.479174,-1.002623,1.201042,0.560899,1.417516,0.565846,-2.652012,-1.286052,1.022896,-0.677251,2.175908,-0.183089,0.506543,-0.85301,-0.0
ibmserif,n,-3.640337,1.184363,0.358824,-1.498503,0.018652,0.627797,0.719394,-0.168913,-1.305037,-1.928693,-0.787666,0.149557,-0.106828,0.119389,-1.50787,-0.909342,0.679734,-0.82081,0.120058,0.098995,-1.653853,-1.713318,0.246636,1.452436,-2.527257,0.731041,1.078362,1.27191,1.449423,-0.856305,-0.147574,0.348286,-0.132767,0.2916,-1.001022,0.427698,-0.588807,-0.897786,0.72774,-0.483845,-0.0
ibmserif,o,-0.134384,0.275046,0.933148,-0.460159,-0.570287,-0.119073,0.753119,-0.761342,-0.313187,-0.072831,0.003501,-0.951349,0.885197,0.574358,-1.455427,1.061576,0.066903,-0.023364,-0.06711,0.389632,-1.253197,1.188419,-0.895021,-0.017594,-0.203335,1.856057,-0.132565,0.207835,-0.039357,0.053173,-0.390506,-1.6993,0.752515,-0.58852,-0.848379,0.595502,0.849723,-1.254257,0.198882,0.032228,0.0
ibmserif,p,2.577486,-0.354846,-2.306635,0.029445,-0.548919,-2.435589,-0.104628,-1.544992,-1.326758,0.180441,0.810858,-2.513261,-0.962723,1.262218,0.915564,0.344683,-3.38797,1.756873,0.503182,0.571314,-0.939835,-0.125128,1.693263,-0.140094,-0.933276,-1.604391,-0.64969,-0.78373,-0.178286,0.250185,0.877911,1.065338,0.394383,0.807202,0.058331,1.938754,0.189495,1.085596,-0.287411,0.00016,-0.0
ibmserif,q,0.715996,-1.341781,1.148117,-0.26428,2.24671,0.62473,-0.400194,-1.805778,0.607872,3.551337,2.655612,-2.075076,0.487756,-2.552939,-0.764865,0.258207,0.525316,1.232103,0.685695,0.65446,0.646424,-0.706767,0.423917,-0.994215,-0.466706,0.204809,1.246886,-0.496686,-1.146108,-1.122537,-0.126792,-1.077228,-0.641822,-0.427656,-0.17748,-1.959714,-0.028103,-1.525293,0.298774,0.856138,-0.0
ibmserif,r,2.545989,-7.75366,-0.12253,-2.127921,2.317215,3.558493,2.457668,-1.566603,0.930408,0.972748,-2.738289,2.122112,2.760703,-1.771698,1.814863,1.303804,-0.381841,1.349212,2.110161,1.286229,0.506836,1.732473,-0.380097,1.468523,-1.008048,-0.89355,2.812075,0.223835,-0.278704,-0.121658,0.676665,0.252471,-0.171001,-0.069244,-0.036431,-0.885574,0.014832,0.302209,0.15408,-0.035289,-0.0
ibmserif,s,-2.776249,2.17719,-0.524137,2.008122,-1.120293,0.524778,-0.381343,1.63554,0.078026,-2.126456,-0.384497,2.107274,1.81115,-0.684785,1.318709,0.304833,1.48683,2.709949,0.687037,0.80277,-1.50815,-0.74949,-1.499342,0.929442,-0.583112,-0.702064,-2.299604,-2.268721,-2.456239,-0.552328,0.679056,-0.513221,-1.081655,-1.927949,-1.381261,-0.320269,0.240025,-0.105038,-1.125427,0.505468,0.0
ibmserif,t,4.806604,3.480305,-0.451364,-2.377707,-0.432168,1.176116,-1.075583,-0.688972,-0.743778,-3.464569,1.559155,-0.626545,0.347803,-1.354848,-0.569353,-0.251468,-2.25191,0.79686,-0.494963,0.519116,0.862551,-0.948889,2.118747,0.176002,-1.031726,0.373049,1.706321,2.492669,-0.343431,-0.82828,-0.057874,0.788002,1.391833,-1.723931,-2.566442,0.883106,-1.286653,-1.238241,-0.112755,0.960148,0.0
ibmserif,u,-3.178284,0.678274,-1.988205,-0.49594,0.105149,0.266307,1.250311,-0.94464,-0.70509,0.247044,0.455395,-0.341869,-1.020511,0.913532,1.387414,1.267707,0.59024,-0.385161,0.504778,-0.819159,1.378865,0.643042,0.530284,-0.015075,0.642264,0.360519,2.699835,-0.512397,0.698603,-2.089894,-0.266969,0.661811,-0.834793,-0.251472,-1.208607,-0.29958,1.281643,0.052109,0.767322,0.898157,-0.0
ibmserif,v,-4.992876,-0.732367,-0.062604,1.098139,2.464566,-0.365977,0.095667,0.165709,-0.301951,-0.405301,0.184734,1.290188,0.326284,0.106323,0.849375,1.118315,-0.426719,-1.196986,-1.047818,2.239616,-2.387797,-0.261687,-0.564524,-0.832232,1.069892,-1.346384,2.418479,-1.002984,1.766184,-1.012217,0.286306,0.25843,-1.637174,0.711786,0.519644,0.824621,-1.381825,-0.161569,-1.982108,0.696841,-0.0
ibmserif,w,1.917545,1.448628,0.024028,2.014987,-2.355407,-1.724098,-2.882885,1.132282,-0.894356,-0.737618,-0.989508,-2.591493,-2.03501,-1.106153,-1.028195,0.129628,-2.162043,-0.815779,1.379084,0.727666,1.629241,-0.307564,-2.100088,-1.179771,-1.182502,-0.443563,-1.229998,1.937465,-0.4335,2.491199,-0.204698,2.464781,3.295278,0.656281,0.509073,0.428772,-0.909127,-1.940139,-0.349487,0.972911,0.0
ibmserif,x,5.468696,0.158326,-1.9456,-0.041585,0.002817,-1.36494,0.822208,-1.317281,0.581324,-3.551082,0.163546,0.357593,-0.53512,2.71819,-4.271375,2.04915,1.50638,-0.215168,-1.730959,0.650496,-0.528411,0.288936,0.129336,-0.078242,-0.054435,0.076758,0.012601,0.029538,0.005504,-0.00415,-0.014658,0.002945,0.002873,-0.001253,0.003361,0.000218,0.000214,0.000559,0.000829,-0.000915,0.0
ibmserif,y,2.846663,-0.236106,-0.348111,-0.676378,-3.332775,0.855866,-0.542194,-1.129688,0.436615,-0.037287,-0.435613,-0.336056,-0.728642,0.003896,0.569599,-1.649233,2.026431,0.994839,1.477985,0.762441,1.037411,-3.888586,1.588653,1.423788,-0.587898,-1.33949,0.578164,0.919924,0.252843,0.999963,1.458474,-0.21217,-0.846879,1.518406,0.827588,-1.453049,0.461325,1.828073,-0.794862,2.998498,0.0
ibmserif,z,-4.921913,-1.072687,2.065736,1.06503,1.650088,-0.770107,-1.961982,0.340961,0.472556,-2.25193,-0.249881,-0.21632,0.024053,1.156478,1.405837,-1.075024,-0.31352,-1.202321,-0.169056,1.273062,0.192847,-0.664784,-1.42288,-1.360282,-0.394562,0.761022,-0.466158,2.112011,1.575238,2.037628,-0.061231,0.376288,0.730156,-1.242934,-0.554136,-1.936148,-0.864928,0.483321,-0.466185,0.666387,-0.0
inconsolata,0,-7.927362,2.13843,-6.001238,-2.4298,1.9783,1.087105,0.590164,-0.034051,0.316024,-0.06476,0.010838,0.157703,0.282882,0.058977,0.166803,0.034683,0.213169,-0.034481,0.099459,0.129848,-0.120713,0.021701,-0.136413,-0.031606,-0.031422,-0.111447,0.159265,-0.181336,0.054097,-0.036481,0.024467,0.000375,0.00796,-0.057914,0.060981,0.047538,-0.066336,-0.071132,-0.040754,-0.093045,-0.0
inconsolata,1,-3.026125,-3.908101,3.699095,-3.443073,-2.124766,-0.487431,-0.11809,0.258211,-0.728911,0.154235,-0.597994,-0.536765,0.511375,-1.84966,0.714832,0.046788,0.678356,-0.94465,0.505223,1.586473,-0.863539,0.728843,0.906198,-1.068143,0.502104,-0.785736,0.475809,0.663597,-0.104894,0.562243,1.012559,0.744887,2.686369,-1.226942,1.167831,-1.663011,1.03025,-0.042941,0.405321,0.301896,-0.0
inconsolata,2,-0.445348,2.222127,-1.175528,0.935797,1.500758,3.455532,-0.711654,0.019036,0.458652,-1.201728,1.902327,-0.416065,-1.456257,-2.659366,-0.921159,-1.519319,0.739574,2.880701,1.322721,0.822651,-0.438758,-1.0302,2.135471,-0.199004,0.605943,1.124439,0.693573,0.351073,-0.228244,1.181572,-2.151888,-1.106226,-0.086282,-0.221534,0.084629,1.318903,0.42718,-1.058729,1.286708,1.561223,-0.0
inconsolata,3,-1.829086,-2.164884,-2.352816,3.142748,-0.194409,0.062671,-0.224133,0.910944,1.90713,-2.095317,-1.847248,2.014677,0.114018,0.052127,-0.518177,0.933272,-2.514006,0.190169,0.075051,-1.995669,-0.786754,0.853903,0.919564,-0.635452,1.518513,0.204204,0.230394,0.572237,0.167702,0.859024,0.680419,-2.104166,1.162803,0.121201,0.026145,-1.329188,-1.338048,2.097347,-1.776363,-1.845529,0.0
inconsolata,4,-0.422013,2.76232,-1.43321,0.010274,0.25685,-0.3495,2.385692,-0.508576,-0.2196,1.449896,3.083318,-1.163794,-0.413885,0.83616,1.641897,1.000856,2.176936,-1.655759,2.114716,-3.261191,-0.333029,-0.316369,1.520123,2.17426,1.608479,-2.707973,-0.489793,0.296246,0.684849,1.94652,2.69909,0.222573,-0.173414,0.178534,-0.021903,-0.003248,0.615747,0.354529,-0.000866,-0.67509,0.0
inconsolata,5,1.063797,0.827944,1.172799,-3.103566,-1.015941,-1.638057,-0.776567,1.56682,0.897924,0.503863,1.227184,-0.31976,2.631315,2.894089,-1.524276,-0.255946,0.22025,-0.178359,1.976964,-0.246842,0.734648,1.039679,-0.90823,0.257925,-0.183243,-0.02394,-1.439286,1.939868,0.012749,-0.667764,-0.501289,0.040509,-1.255163,-0.483229,-1.249188,0.546752,-2.374629,-0.340062,-1.885523,0.154264,-0.0
inconsolata,6,-2.082919,1.590859,-2.554854,0.826894,-1.481336,-1.466551,-0.15892,-2.275279,2.836751,-1.323359,1.415046,2.951358,1.312588,-0.28031,0.724157,0.888967,1.415949,0.049071,-0.009114,-0.716985,0.603828,0.810514,-0.031175,-2.028408,-0.352647,-0.864627,-0.860441,-2.522647,0.350739,-0.454132,-1.350618,0.270782,0.008248,0.191233,0.336234,-0.945885,-1.816393,-1.829382,0.417189,-0.770637,-0.0
inconsolata,7,-2.650041,0.253,1.324639,1.682917,3.1637,-0.676614,-1.59343,-1.891746,2.697334,-1.073297,2.991025,1.72658,-1.101506,1.934651,1.991673,3.207013,-0.77388,0.714875,-1.456507,0.768981,-0.717359,-1.143327,-1.028616,1.466754,-0.023943,0.552352,-0.166112,0.33029,1.181898,0.771558,-0.033457,-0.425691,-0.939381,-0.231049,1.306139,0.636483,-0.088719,0.166788,0.264534,-0.157553,-0.0
inconsolata,8,-1.358657,1.233121,-2.932139,-3.401767,-1.856913,-0.069039,-0.117728,-1.314264,-0.64355,2.384637,0.094305,-0.073067,0.851219,0.8353,0.619249,0.731364,0.642557,-2.059526,0.588698,0.200177,-0.529087,-0.755817,-0.394788,-1.632381,-0.290399,2.017683,-0.690756,2.02755,-0.194275,-0.822803,0.569391,-0.676618,1.857063,-0.914197,0.210916,-0.970377,-0.321081,-1.538642,-2.559958,1.242953,-0.0
inconsolata,9,1.767462,-2.531441,0.823258,1.298343,1.180938,-0.627515,2.516666,1.63656,-3.186263,0.20394,-0.673158,-0.825767,0.544901,1.402235,-0.826682,3.30332,-0.381484,-0.251709,-1.047957,-0.23912,0.756639,1.44876,1.735148,0.532985,-0.742128,1.795345,0.244288,2.466811,-0.916921,0.691678,-0.608889,0.165259,0.541495,-2.190626,-0.137367,-0.589092,-0.326621,-1.253111,0.052411,0.602308,-0.0
inconsolata,A,-4.79185,2.993876,2.724778,2.05845,-2.439078,1.969819,-3.157456,0.552458,1.588657,-0.443138,3.123266,-1.917137,-0.211531,-0.340179,1.143991,-0.107578,-0.601182,1.180806,-2.854532,3.39771,-0.045061,1.384478,-1.1486,-0.288671,2.46983,1.436985,-1.012015,-1.901671,0.301109,-0.408534,-0.408904,0.358084,0.296858,-1.618375,-0.239556,-0.987639,0.213349,-0.198291,0.152792,-0.700826,0.0
inconsolata,B,-2.304526,-0.882613,-0.084028,-1.173879,-0.028455,3.340661,-0.259265,-1.916583,0.016686,-0.479282,1.28241,-0.476696,-0.431017,1.781491,0.071137,-0.673153,-0.007884,2.138159,-1.473008,-0.518482,-1.243045,0.643406,0.299177,0.068569,-0.288755,-2.085584,2.285527,-1.261249,-0.201847,1.359149,1.60891,0.741377,-1.135986,1.826553,-1.31445,-1.115986,1.145908,-0.253809,-1.79696,-1.407505,-0.0
inconsolata,C,2.178233,-0.908434,1.13085,0.992685,0.889514,-2.147981,-0.26334,0.369909,-1.284905,0.14586,0.988967,-0.240753,-0.586629,0.236774,0.534361,-0.354965,1.388553,1.148942,-0.308704,0.460579,0.632631,-0.248425,0.399921,0.425707,0.802438,1.060803,1.013304,0.795042,0.189558,-0.269929,0.627674,-0.427477,0.951158,-1.061544,0.143615,-0.109413,-0.015497,0.084895,0.086433,-0.494397,-0.0
inconsolata,D,-0.993819,-2.948714,0.781206,-0.12142,2.122547,0.397626,-0.704262,0.877819,-0.607646,-0.913217,-0.267752,1.031749,0.408978,-0.053001,-1.108068,0.414001,0.039656,-0.371009,-0.345808,-0.4712,0.964597,-0.40097,-0.164396,0.602558,-0.344583,1.393487,0.158591,1.403828,0.674929,0.106397,-0.948321,0.234567,0.597096,-0.93909,1.336169,-0.18935,0.517006,-0.045901,0.023191,-0.071287,0.0
inconsolata,E,2.220033,0.917998,-0.474259,0.474871,1.736815,0.703849,2.861628,-0.035495,-2.535933,-0.22285,-1.203486,-1.690642,2.080198,1.073703,0.242897,-2.725537,0.529199,-1.127059,-0.758651,-0.064999,1.502215,1.22598,-3.038541,0.653068,0.162666,0.838114,1.33796,2.02557,0.112228,-0.297876,-0.197776,0.06776,-1.368596,-1.461308,0.160327,0.321179,-2.017945,1.608866,-0.527128,-0.318916,0.0
inconsolata,F,-0.365895,-1.653702,2.4188,0.385299,0.9306,2.524202,-0.757154,-2.946954,-0.627357,-2.689224,-0.753319,2.637719,2.640254,0.47912,-1.654075,0.308031,0.903095,-0.74699,0.688898,-2.231497,2.655698,1.052209,-0.143846,-1.673517,-1.555219,0.932251,0.444792,0.479401,0.036504,1.744343,-0.070493,-0.885485,-1.59738,0.09152,-1.882033,0.637265,-1.780279,0.511318,0.125426,0.638187,-0.0
inconsolata,G,0.01044,-0.218756,1.810964,-0.207064,-2.888427,0.717667,-1.297518,-0.139565,1.739067,-1.346905,-0.457064,-0.220043,-1.015438,-0.51466,-0.187327,-2.553936,0.494925,1.230768,-1.112892,0.542063,0.77403,-0.288364,1.003587,-1.228934,3.141528,-0.252602,-0.33705,-0.697742,-0.063527,0.554236,-0.131378,-0.051834,0.608954,-1.382524,0.571943,-0.415775,-0.01514,0.231835,-0.083729,-0.312286,-0.0
inconsolata,H,-0.087625,-0.083663,3.194849,-2.572084,-1.823251,-2.586835,1.650571,-1.116223,0.228248,-2.790065,0.623876,0.333437,-1.2913,0.704268,-1.238896,-0.171353,0.78076,0.316162,-0.001134,0.729337,-1.743629,-2.915068,1.612966,-1.887913,-0.553721,2.357434,0.092162,1.141725,1.037587,0.632968,0.348859,2.547183,-0.061842,-0.242413,-1.676206,0.187587,-0.140823,0.972503,0.933459,-1.358223,0.0
inconsolata,I,8.659809,6.161825,2.119524,-1.433345,-5.593295,3.491013,0.238929,-0.274086,0.091775,2.014111,-0.219448,0.635753,0.33291,0.671432,-1.18768,1.232204,0.31126,1.378269,-0.346942,0.401262,0.138352,0.084545,0.013559,-0.009003,0.043144,0.010675,0.002733,-0.002465,-0.000208,-0.00213,-0.001898,-0.001848,0.00027,-0.000197,-0.000119,0.000481,-0.000266,-0.000125,0.000182,0.000227,-0.0
inconsolata,J,-1.113607,7.0128,4.361303,-0.001119,-0.643618,-0.377013,-1.784403,-2.305656,3.79039,1.991658,1.493146,2.870004,0.48154,2.452581,0.91927,-0.434051,1.303463,-0.270638,-1.303415,0.258278,-0.359524,-1.8119,-1.375681,1.393518,0.335893,-1.735725,0.185673,1.98154,0.841306,-0.651365,0.197527,-0.511087,-0.305026,-0.068905,0.111203,-0.127886,-0.434367,-0.085635,0.370881,-0.368888,-0.0
inconsolata,K,-1.474958,-2.521303,0.532131,-0.033804,1.385128,1.924812,0.525228,-0.034642,-0.276077,1.443822,-1.729822,-0.686324,-1.951105,-0.410565,-1.569146,0.588448,-0.401692,-0.770986,-1.391276,1.838793,-1.400999,-0.194677,0.173387,2.861506,0.0541,1.989751,-1.569009,3.636168,0.710466,-1.127546,-0.517633,1.517067,-0.992578,1.154313,1.731222,0.636336,1.572425,0.764988,-0.316721,-2.090561,-0.0
inconsolata,L,-2.430198,-3.98393,-1.273549,1.06981,1.262702,-0.403992,-0.477628,-1.498777,1.127955,-1.628784,-0.008054,4.579375,-2.956767,-0.731377,0.689566,1.532444,-0.833931,0.390093,-0.190511,-0.027495,-0.227365,-0.119887,0.012015,-1.537545,0.234586,0.849078,0.102695,-0.103005,-2.258965,-1.26348,-1.09291,0.524906,-1.092442,1.120733,1.918275,0.116822,1.583243,0.636524,-0.34064,-0.279033,0.0
inconsolata,M,-9.495331,1.937955,0.851515,-0.10717,-1.329131,-0.189698,-2.197208,-2.791225,0.060461,2.983828,0.865946,-0.250971,0.075518,4.867311,1.191007,4.253436,-0.569972,1.98634,-0.299317,1.751166,-0.205341,0.294744,0.300661,1.653962,0.512829,0.51976,1.554101,2.818209,0.558129,0.344925,0.098553,-0.398392,0.245626,0.153003,0.215627,0.218931,-0.622145,0.237497,0.114825,-0.223479,-0.0
inconsolata,N,0.994014,-0.836488,-2.5099,3.081154,-1.657054,-0.129215,-0.539097,0.769221,0.459597,-1.362243,3.703212,-2.659011,1.505204,-1.266734,1.776615,1.52793,-0.428035,-0.397383,0.085207,0.591156,-0.472003,0.367023,1.240486,0.225017,1.390253,0.463967,2.341897,-0.176599,-1.368321,0.366583,-0.122426,-1.600889,0.763649,-1.401332,-0.625344,0.215371,0.816859,-0.909392,-0.738988,0.124274,0.0
inconsolata,O,-2.413196,-0.798049,0.048719,0.046706,0.871144,0.791693,-0.072588,-0.441943,0.625495,0.690134,-2.239533,-1.022962,0.153534,0.664405,-0.517538,0.14061,0.022695,-1.739611,1.198406,-0.42302,-0.259262,0.198119,1.070746,0.555786,-0.564073,0.676002,-0.046965,-0.127109,1.083144,0.757211,-0.22028,-0.141884,-0.455655,0.349804,-0.033362,0.043113,0.215992,-0.109305,0.09699,-0.028826,0.0
inconsolata,P,-2.275424,2.452821,4.454528,2.115825,-0.532058,1.664844,0.18877,-1.038163,0.34737,2.221639,1.733907,0.702399,-1.129031,0.798176,-1.81484,0.153071,1.163043,2.034931,-1.123301,-1.967178,0.336094,0.235702,0.846323,-0.588736,0.835739,-2.425775,-1.507814,-0.353907,-1.216002,1.015527,-0.848029,0.729572,1.97015,0.537177,-0.059521,0.409698,0.769896,-0.433441,0.119414,-1.115034,0.0
inconsolata,Q,-3.772702,-1.747772,0.13385,0.95784,1.457344,1.993598,0.441641,-0.37899,0.779625,1.392653,0.429106,-1.044655,-0.545857,1.379369,-1.10751,-0.689764,0.392562,0.361243,1.15692,0.338218,-1.120974,1.138176,0.754781,1.076265,-0.333242,-0.968736,-0.390276,-1.953742,0.521335,0.274731,-1.20546,-0.315139,-0.585742,-0.123719,-0.25009,0.903096,0.187863,-1.184701,0.464802,-0.02398,-0.0
inconsolata,R,-4.393,-1.386933,0.323369,-2.568253,-0.063544,0.568051,0.734631,-0.463436,0.044779,1.266072,-0.087885,-0.069906,1.496015,0.921057,-0.229599,-0.624539,-1.524461,0.934476,0.957155,0.755278,0.623895,3.539559,1.123796,-0.813136,0.983592,-2.553311,0.135664,1.778115,-0.150587,1.018487,-1.927079,-0.93819,-0.013891,0.29256,-0.918842,1.509335,0.905614,-0.383417,-0.819572,1.942048,0.0
inconsolata,S,-2.967813,-1.25296,0.477777,-1.522322,0.151322,0.115252,0.061507,-1.623868,1.974991,0.043175,0.460904,0.323574,1.344557,0.211425,-1.173681,-1.302643,-0.028343,0.738862,-0.752212,-1.885809,-2.861477,1.700052,-0.19999,1.73747,-0.240977,-0.211155,3.507458,-0.534003,-0.087786,-0.720923,-1.081659,-0.140436,0.253277,-0.613474,-1.066273,-2.284087,-0.313921,-1.289826,1.145293,0.559803,-0.0
inconsolata,T,-3.726661,-0.029381,0.129874,0.605133,0.698559,-0.995317,0.15081,-0.388705,1.159551,-0.227678,0.263318,-0.107253,-0.088496,0.898686,-0.076825,-0.632065,0.395418,2.240184,-0.341467,-1.356786,-0.226271,0.167278,1.599786,-0.083163,0.418994,0.933149,0.252977,1.504802,2.216809,2.250113,-1.200465,-0.245201,-1.288307,-0.986452,0.732828,-0.756065,0.052947,1.273597,-0.293601,-1.2424,-0.0
inconsolata,U,1.240554,0.458165,-1.948226,1.579652,-0.728954,1.732454,-0.961231,0.181454,0.07639,1.417044,-0.093136,1.252528,0.025149,0.689826,-0.120086,0.410849,-0.196347,0.307947,-1.563009,-0.265146,0.276597,0.129802,-1.120351,0.596082,-0.795126,1.073396,1.502249,-0.868432,-0.991396,0.233694,0.388803,-0.197564,-0.096903,0.159702,-0.901779,1.219125,-0.322868,0.456571,0.044612,-0.379168,-0.0
inconsolata,V,-0.649214,0.391433,-2.71886,-4.882608,1.130735,0.213859,0.481742,-1.88259,-1.175908,4.294436,1.672147,2.400883,1.056653,0.732344,0.354644,-0.08817,-1.047107,0.210266,-0.872486,-0.799192,0.753273,-0.687781,-0.836951,0.75666,-0.352523,0.519147,-0.98758,-0.059789,-0.379752,0.075441,0.870895,-0.096366,0.344261,0.382275,-0.835431,-0.009563,1.076564,0.1276,0.818453,0.087668,-0.0
inconsolata,W,-3.649485,3.561685,2.122743,7.817255,-1.681716,1.516539,2.999536,1.896465,-1.255646,2.231612,-2.366034,1.002964,-0.296,1.500673,-0.841993,-0.672795,0.166569,1.282796,0.426387,-1.848205,1.643625,0.286008,-1.418385,0.824475,-0.461802,0.789113,0.052627,1.629335,-0.400903,1.031976,0.597932,-0.521341,0.436443,1.633067,0.593163,0.363855,1.948682,-0.13416,-0.367464,-0.127653,0.0
inconsolata,X,-2.979072,0.271108,0.848095,-0.858591,0.070029,0.158672,-0.565999,-0.260528,0.258933,0.014453,0.442237,-0.020696,0.025552,0.07506,-0.003523,0.000484,-0.286376,-0.866087,-0.582256,0.552872,0.920805,0.018053,-1.923804,0.524916,-0.117311,0.545398,-0.225335,0.568494,0.172524,0.297929,-0.066598,-0.346745,0.088014,-0.085985,-0.167816,-0.200008,0.185719,0.064692,0.101117,-0.006168,-0.0
inconsolata,Y,-0.943961,-3.235803,0.507284,0.017296,0.511349,-3.867177,0.043987,2.575662,-0.972412,2.354788,0.895072,-0.279137,1.333375,2.629655,-1.282721,1.320318,1.278793,1.507342,-0.68455,0.438097,-3.115759,1.689327,-2.371104,-0.385757,0.688359,-0.469787,0.049544,-1.64418,2.077457,0.564049,-0.357093,0.526734,0.639376,1.786685,0.167473,-0.007134,0.481759,-2.953383,0.335599,0.335885,0.0
inconsolata,Z,3.057521,0.426289,1.930028,0.69092,-0.008414,0.095322,-1.125506,-1.54839,2.997404,0.365395,2.889082,-1.900037,-0.200598,-2.663421,-2.565776,-0.581286,0.086167,2.282201,-0.000276,-0.947022,0.797231,-0.279497,-1.116171,-0.154649,1.47297,-1.198374,-0.855852,0.522132,-0.230197,-1.508571,-0.914575,1.007551,-0.903979,-1.098928,-0.269244,0.060086,-0.329501,0.656526,0.318793,-0.195143,0.0
inconsolata,a,0.060709,0.083656,3.234208,0.982895,0.812469,0.332845,0.092388,1.417085,0.915706,0.456886,0.498311,-3.110923,-0.096,1.108841,0.377456,1.039083,-0.15064,1.962929,2.419253,-0.906338,2.947333,1.133339,-0.095329,-1.583365,-1.413319,2.328715,0.159844,-0.000242,-3.655145,-0.569401,-1.296837,0.146496,1.725306,-0.638775,-0.295661,0.368115,0.867126,1.057664,-0.640299,-0.488268,-0.0
inconsolata,b,0.026292,0.659934,2.459112,-1.673643,-0.811071,0.089202,2.258029,1.318448,0.128496,-1.851444,-0.65417,-0.087293,-1.644042,2.266616,1.694327,0.490166,1.330539,-0.346233,-1.811732,0.234823,-0.213147,-1.818032,-1.478107,1.887254,-0.051567,0.897755,1.182454,-1.824926,-0.494493,-0.397686,-0.356967,0.902566,-0.397102,0.329252,-0.097695,-0.547214,-0.030441,-0.226989,1.621263,1.487255,0.0
inconsolata,c,-0.627974,-0.694407,-0.900962,-1.752837,-1.346105,-0.9795,1.14783,1.12219,0.396991,-1.301408,-0.011941,0.065634,-1.267248,-0.508305,-0.217147,-1.266067,1.123352,0.095869,0.53154,-0.428732,-0.165656,0.174382,-0.267155,-2.048943,1.246785,0.140542,1.060041,-0.975904,-0.426962,0.757791,-1.741888,-0.708973,0.25858,-0.954148,1.107198,0.355947,-0.605767,0.647481,-0.064967,0.199293,-0.0
inconsolata,d,1.417006,-0.228029,-2.93867,-1.475332,-1.198418,-0.022446,0.466157,1.733612,0.375804,0.004508,-0.880174,1.488038,-0.853056,-0.622218,-0.451394,1.622065,-0.734911,-0.005339,1.620251,2.226504,-1.762402,-0.912775,-0.539863,-0.219024,1.528695,-1.125185,-0.82171,-0.095795,0.861535,-1.406821,-0.58481,1.803487,0.578711,1.233544,-0.879856,-1.795441,0.169434,-0.838598,0.890738,-0.138736,0.0
inconsolata,e,2.503144,1.192257,-0.475761,-0.162963,-0.001741,-2.732044,0.573909,0.358759,-2.415643,0.659804,0.698144,1.528348,3.15021,-1.808556,-0.293875,0.588206,1.024262,-1.076093,1.419293,2.976982,-2.36815,-0.711888,-0.201781,1.371775,-0.774475,-0.865236,0.20935,1.877117,1.698806,0.357051,-1.285586,-0.837372,0.255072,-0.03056,-1.882346,0.709211,1.321905,1.009955,1.555058,1.313247,-0.0
inconsolata,f,0.279681,1.018269,-6.555615,6.062035,-2.507628,-3.706564,-1.394412,-2.190019,2.981497,-4.526567,1.881691,-1.838808,0.502765,1.611452,0.076111,0.354407,1.416349,-0.803778,-0.968968,-2.190093,-2.729431,-1.51094,-0.576685,-0.151706,0.224773,-0.607694,-0.346341,-0.885687,-0.353401,-0.369764,0.498185,-0.033905,0.020609,-0.189146,0.008196,-0.205324,-0.033685,-0.042408,0.053912,-0.01744,0.0
inconsolata,g,-4.722016,-0.231116,-1.632062,-2.156872,0.06453,-2.329445,1.683237,1.14936,0.479404,1.25292,-0.237009,-0.243496,3.177519,4.628683,1.765207,-0.120878,2.780991,-2.07592,0.415023,-0.313206,1.495348,1.881943,-0.579958,-1.538056,-0.622127,2.203002,1.718078,-0.200471,-1.963155,0.238677,-0.269645,1.343671,0.205107,0.072438,0.659871,0.408811,0.168248,0.308755,0.799224,0.035173,-0.0
inconsolata,h,3.164342,-2.216692,-0.918419,-2.10124,0.39494,0.124122,-1.037456,-1.369598,-2.324997,-0.956175,0.271139,-1.739986,-1.979687,-0.437152,1.835716,-0.570621,1.521091,-1.1094,-0.454735,0.606772,3.32925,-0.09535,0.583578,-0.960599,-0.169384,-0.19141,-0.274136,0.99851,-1.182826,0.819792,1.31047,-0.564302,-1.870038,-0.81499,-0.772594,-0.645658,-0.931358,0.594956,0.124249,1.857146,0.0
inconsolata,i,9.476069,4.207788,-1.680078,-2.159019,4.539907,-1.152682,-3.56552,2.584364,-1.953876,-0.424455,-0.780685,-0.244966,0.189223,-2.911705,-0.436417,0.524628,0.904325,0.16553,0.472303,0.764081,0.139774,-0.167624,-0.006362,-0.144265,-0.005779,0.272596,0.235969,0.039019,-0.057765,-0.052074,-0.464624,0.003857,-0.157956,-0.117986,-0.05218,-0.02398,-0.019629,0.006166,0.001219,0.01599,-0.0
inconsolata,j,7.948172,2.401988,-3.961857,-3.289371,-0.668647,2.134063,1.024846,-0.141448,-1.617479,0.068705,0.339856,0.516902,-1.713394,0.391748,1.531781,0.298985,-3.60762,-2.732414,1.2985,-0.693773,-0.59127,-2.108375,-0.496268,1.735302,0.899156,1.561001,0.14211,0.239462,0.770921,-0.725897,0.593322,0.179712,0.06527,0.425867,0.271999,0.461802,0.090044,-0.094106,0.040463,0.343751,0.0
inconsolata,k,-4.484598,2.554078,-0.166445,0.365618,-0.853105,0.688119,1.981435,-1.068479,0.181847,-0.78053,0.613018,-0.348159,1.270509,0.132078,-1.559654,0.744382,0.664081,1.04547,-0.027,0.520021,1.002659,-0.065475,0.887486,0.193796,-0.121964,0.632897,-1.642649,0.283622,-1.073251,-1.540159,-0.164191,-1.797455,0.520842,0.909576,-0.849992,-3.871747,-1.946404,1.763896,-1.175782,0.189272,-0.0
inconsolata,l,-9.946925,-3.980591,1.00903,-5.206112,0.324015,0.014677,4.88142,-4.011345,1.423394,1.075288,1.018794,-0.617733,-0.021759,1.569389,-0.075818,0.048851,-0.458515,0.549331,-0.010599,-0.273482,0.330785,-0.252599,0.231357,-0.109361,0.386765,0.04327,-0.053553,0.096407,-0.085621,-0.028821,-0.001464,-0.007072,-0.000452,-0.001029,0.00039,-0.000941,0.000523,-2e-05,-0.000138,-1.1e-05,0.0
inconsolata,m,-4.038463,4.640199,1.525834,0.75687,-3.352706,1.861129,-0.404206,-3.364535,0.760369,0.001237,-0.513142,2.093257,-0.031114,2.001662,-0.238007,-0.990418,-3.940279,-1.591239,1.524668,0.352563,0.066538,0.229848,1.632897,-0.657014,-0.727409,-0.306834,1.094405,1.090697,0.377574,-0.171462,1.062692,-0.34149,0.102363,-0.830507,-0.146511,0.28413,0.122654,0.384198,-0.803593,0.453448,-0.0
inconsolata,n,2.128469,-1.212419,-0.379589,-0.125443,1.716988,0.444533,-0.191333,-1.071313,-1.017321,-0.183846,-0.073448,1.90728,-0.232255,2.750375,-0.786065,0.8934,-1.348186,-1.628741,-0.078424,0.081746,-0.387536,-0.321857,-0.323463,1.198466,-1.113107,-0.291216,-0.025538,-0.174959,-1.537203,-0.188155,-2.100013,0.543328,-0.253035,0.609323,1.219029,-0.367864,0.039416,0.693437,-1.550913,0.173497,-0.0
inconsolata,o,0.696121,0.13155,0.116197,0.308446,-0.533409,1.733028,0.474536,0.940363,-0.223213,-0.344564,-0.015603,-0.474597,0.112545,1.77522,0.553266,-2.207424,0.657634,-0.751822,-0.292639,2.220886,0.497147,-0.19243,0.08864,-0.233059,-1.125817,-0.012785,0.161765,1.517011,0.77259,0.244971,-0.146294,1.077609,0.215999,-0.961567,-0.249547,0.720069,-0.303639,-0.455709,-0.064167,0.386175,0.0
inconsolata,p,-1.651148,0.957604,-0.381476,-1.499429,-0.499755,0.246377,0.677664,-0.711637,-0.967599,-0.047593,-1.542895,0.90543,2.270492,1.30402,-1.604147,0.175914,-1.913902,1.844523,-0.830007,0.182533,-0.092949,1.017271,1.649062,-1.07164,1.023365,-1.096769,0.83279,-1.04344,0.776279,-1.230752,-1.466575,-0.958202,0.09052,0.369947,0.169509,-1.240295,1.020053,-1.621996,-0.323514,-1.587892,-0.0
inconsolata,q,-1.530607,1.196351,-1.799507,0.131307,0.660486,-0.32456,0.401283,0.269033,0.419691,-1.233092,-1.325707,-0.112723,0.599191,-0.262008,1.331565,1.478459,-2.641755,-0.019972,-1.867063,-1.043482,-1.419243,0.509662,2.393201,0.389162,0.49221,0.593674,0.037364,0.917866,-2.244253,-1.737264,-1.123659,-1.360927,1.770089,-1.093192,0.793061,0.121029,0.47516,0.01927,0.035408,0.881395,-0.0
inconsolata,r,-2.513045,-5.998989,-1.95294,-6.513838,-2.150644,-5.866742,4.480377,4.241317,2.936099,-2.588262,-1.08839,-0.803679,-2.520816,-0.353689,0.222095,0.077633,-0.531617,0.367873,-0.060706,0.145917,0.076631,0.100424,1.129939,-0.329496,0.212395,-1.468339,0.360938,0.258346,-0.517071,-0.450183,0.049622,-0.760734,-0.651703,0.30734,-0.282062,0.334776,-0.159041,-0.051552,0.042799,-0.1432,-0.0
inconsolata,s,2.423961,-0.151224,-2.791788,-0.134848,2.713865,1.108153,1.797139,-1.980511,-0.594122,0.16345,0.709107,0.387449,-2.338491,1.816323,-1.117304,2.64864,1.393224,0.587377,1.97453,2.072638,-1.32131,1.468515,1.241597,0.236772,-0.327356,-0.200132,-0.197381,1.35408,-1.481543,1.888203,-1.542025,0.676179,-0.235721,0.017359,-0.102931,-0.545895,2.238881,-0.545741,-1.268702,-0.198892,0.0
inconsolata,t,-5.147757,-6.923652,-0.763466,-0.748449,4.569991,0.58874,-1.115125,0.709124,-0.224701,-0.217046,2.540439,-0.239097,-2.088308,-1.432526,-2.716874,0.941167,0.45287,0.85681,-0.664818,0.842336,2.962472,3.835419,-1.128782,1.001477,0.505839,-0.546249,-1.897871,1.418557,-0.492046,1.06277,0.172737,-0.648478,0.268035,0.992956,-0.354399,0.389491,-0.58821,-0.489454,0.324113,-0.32774,0.0
inconsolata,u,1.733505,-0.717651,-0.069813,1.583571,0.165867,0.291339,1.574683,-0.553847,-0.96055,-0.070693,0.270842,1.245297,1.038306,0.414537,-0.290554,-0.550678,0.292078,0.331247,-1.149571,2.054207,0.187782,-0.980732,-0.869582,-1.367537,-2.306028,-0.834266,-0.800764,-0.524002,-0.999417,-0.227172,-0.640596,1.732324,-1.123533,-1.113435,0.424418,-0.924104,1.157161,0.692249,-0.059526,0.646224,-0.0
inconsolata,v,1.051154,-3.157003,-2.059624,3.465024,0.993929,2.645386,0.178058,2.231082,-1.158822,-0.769871,-0.856356,2.157615,0.163224,-3.108525,-0.668801,-3.546933,-0.099903,1.574412,-0.528893,0.773491,-1.422218,1.621976,0.156107,1.30788,0.707555,-0.020133,-0.852182,0.308325,-0.759946,0.45938,-0.114519,-0.051674,-0.649336,0.992545,0.176066,-0.196273,-0.502305,-1.057441,0.678576,-1.083773,-0.0
inconsolata,w,3.586983,-2.569219,0.32807,1.70254,-1.052281,-3.309849,4.536523,-0.507297,-2.400864,-2.422225,0.076647,-0.953672,3.985933,-0.744589,-0.037417,0.031298,2.828188,-1.961903,1.452362,-2.324619,-2.703294,2.321568,-0.093123,1.078926,-0.482762,-0.032705,-0.175793,1.109614,0.161046,0.331331,-1.439223,0.202889,1.042221,-0.164273,-0.306441,-0.753777,-0.5693,0.037148,-1.37515,-0.536175,0.0
inconsolata,x,-3.00844,-0.661155,0.252657,-0.948585,0.166367,1.130196,-0.614549,-0.394549,0.205717,0.107036,0.019604,0.535554,-0.24791,-0.005321,-0.074374,0.026636,-0.163311,0.354951,-0.326172,0.074056,0.280939,0.019027,-0.428787,1.168482,-0.23404,0.39948,-0.104475,0.025276,0.535147,-0.610533,-0.138426,0.384572,0.113675,0.010683,0.300141,-0.033278,0.021641,0.026676,0.064357,0.007634,0.0
inconsolata,y,5.406079,5.024811,2.200346,1.562009,0.812967,-0.957957,0.918882,-0.610256,-0.775168,-0.333534,-0.591413,-0.31943,0.234236,-0.886478,1.26014,-1.545204,-1.423005,-0.50644,1.507382,-0.082363,-1.731131,-0.591055,-3.435281,1.077822,3.480433,-1.583621,-0.918921,-0.922511,-1.829308,1.158045,0.595989,0.631299,-0.14428,1.636841,2.11138,0.033597,-0.684479,-1.127095,-1.233036,-0.661178,0.0
inconsolata,z,1.961319,3.948528,-1.892374,-0.38885,-1.357566,-2.313735,0.320179,-0.284787,1.339159,-2.1345,-0.955003,1.863427,2.028362,-0.485531,-0.330819,-1.770683,0.66401,-1.005686,-0.199936,0.1355,-1.980052,0.281242,1.045873,0.256395,-0.823973,0.527727,0.040959,0.932131,-0.232638,-0.777953,1.242413,-1.655255,0.550322,-1.599822,0.378026,0.035491,-0.667239,0.06864,1.823383,-0.709464,-0.0
inter,0,0.988115,-0.653294,-0.968105,0.161743,0.034181,0.068952,-0.064013,0.413237,1.221069,0.215198,0.881865,2.193061,0.036323,-0.134543,-0.552223,0.423869,0.156874,-0.103975,-0.3292,-0.25073,-0.361489,0.162975,-0.12598,0.705782,0.099247,0.795302,-0.977104,2.021787,0.163608,-1.297289,-0.013382,0.666091,0.650406,0.709217,-1.487972,0.027432,-0.305031,0.195036,-0.105055,-0.516237,-0.0
inter,1,-10.251457,1.338269,-0.314934,2.731651,1.050425,-1.524424,1.627923,-0.013509,1.115494,0.008766,-0.093872,-2.330694,2.463507,-0.793755,-0.790273,-0.446971,-0.619599,0.811304,-2.1931,1.240034,-1.536389,0.1198,1.34669,1.790034,1.253017,2.475158,-0.874457,-0.221895,0.62702,0.443376,-1.032906,1.036787,0.926812,1.512192,-0.397209,-0.377473,0.138015,0.601518,0.088889,-0.035708,-0.0
inter,2,-2.449946,2.657884,-1.473293,-0.311887,-1.994731,1.404995,1.120925,1.159575,1.449716,0.317505,-1.960029,-1.631088,-0.363674,0.413513,1.322518,0.166713,-1.752508,-0.642016,-2.21934,0.068498,-1.412013,1.058912,1.198921,0.536532,0.837248,-0.675381,-0.482271,-0.330258,3.915172,-1.258093,-1.09673,0.261641,-1.44271,-1.403271,0.062533,0.106202,-0.094841,1.37451,1.132119,0.862327,-0.0
inter,3,-3.470349,3.33823,0.596412,-1.027826,-0.004645,0.652853,0.101244,-1.552821,0.166025,-2.561316,2.232757,-0.453358,-1.422734,-1.394535,-2.358622,-1.464539,-0.757681,1.072435,-0.154834,-3.152447,-1.126988,0.534964,1.490207,-2.373749,-1.724943,0.325488,-1.920526,0.658383,0.905105,1.079397,-1.071913,0.688386,-0.46855,1.456115,1.146603,0.755756,-1.499726,-0.991082,-0.331855,0.984838,0.0
inter,4,-0.582591,-1.167683,-1.39201,1.315114,-0.833384,-0.728835,3.383516,1.862226,1.460104,-0.907716,1.917803,0.787232,2.392906,-1.929731,1.81346,0.887025,-0.166586,2.153239,-0.1343,1.472347,-0.397732,-0.57555,1.652597,-3.158355,3.089682,0.047053,0.236881,-0.039199,-0.521465,1.310014,-1.548304,0.555128,-1.070525,1.116408,-1.39634,-1.395296,1.017069,0.215102,-0.340517,0.36858,0.0
inter,5,-2.975626,2.797082,-0.453513,0.293698,2.239304,-0.640043,-2.801201,1.716595,-0.602272,-1.766051,-1.868261,1.082649,1.841007,-0.723958,-0.84446,-0.832983,0.739687,-1.230938,-0.286,0.71724,0.162055,-0.712876,-1.521633,-0.358798,-0.473804,3.97756,0.656578,-0.213477,-1.704706,-0.469496,-1.285064,1.045349,-0.115971,-0.185384,-0.642538,-0.708926,0.440355,1.012573,0.904116,0.685824,-0.0
inter,6,-3.751033,2.936407,0.501312,0.129986,0.413519,0.929278,1.079097,-2.294628,-3.221623,-0.285128,1.875682,1.390633,3.753873,-1.493387,0.093529,1.194906,-0.697555,-0.371122,1.330036,0.427885,0.245014,-1.705619,0.888189,1.501297,0.249453,0.3349,1.284319,0.109084,2.858483,-0.179532,0.62638,-0.613845,-1.515217,0.047079,-0.229227,-0.208841,1.089201,-0.512501,-0.278043,0.224392,-0.0
inter,7,-1.869276,2.500717,1.142743,-0.392363,0.206595,0.193541,-1.294532,-1.900454,-0.474465,2.816773,-0.8706,1.521589,-1.735802,-0.960936,0.312443,-1.398588,-0.313464,-1.962833,-2.795046,0.290184,2.673169,2.279313,-2.745622,-0.057205,-0.507497,0.338704,-0.836044,0.049687,0.73194,-0.116571,-0.238211,-0.242493,1.794132,0.090299,-0.017823,0.438614,0.014081,0.52219,-0.375543,0.324816,-0.0
inter,8,1.245016,1.036631,-0.570097,-0.663113,1.97693,1.444399,1.179326,-1.161768,0.255008,-1.908846,0.460927,-0.261276,1.545978,-0.75754,-1.050534,-0.577873,-2.332813,0.346148,-0.494246,3.356696,1.880819,-1.584279,-0.53836,-0.59263,0.023323,0.215956,-1.903601,1.415218,-1.750234,2.493917,0.576645,0.297581,-1.695839,0.672755,1.477034,-1.24444,0.311672,0.978418,-0.943291,-0.450204,-0.0
inter,9,-0.92199,-5.049802,-0.228305,-0.682599,-1.293519,1.714194,2.096975,-1.513147,1.863264,0.700659,1.372204,-0.48054,-0.697207,0.38169,0.005038,-0.233649,-2.800371,-2.870319,-1.21991,1.851209,0.811778,-1.782771,-0.434661,1.270843,0.610331,2.319832,-1.295647,-0.778024,1.044127,1.493078,0.335757,-0.350933,-0.83316,-0.450386,0.025373,0.083975,-0.806611,1.16464,0.00505,0.029825,-0.0
inter,A,-5.763797,2.466636,0.982849,0.22803,-1.693007,1.794231,1.396656,0.109244,2.078325,-1.237657,-0.082985,-1.179652,-1.640823,-2.487086,-2.615576,1.624994,-1.257959,-1.260924,0.99921,-0.677841,0.256841,-2.892633,-3.382425,0.320741,-1.012448,0.665755,1.458786,1.966938,-0.750022,-1.924797,1.97758,0.957819,0.474371,0.150717,-1.434647,0.345009,0.250849,0.474007,0.285027,-0.340856,0.0
inter,B,-1.15313,-0.66628,2.167823,-1.426147,3.779922,-2.01341,1.799471,2.355944,0.321902,-0.600302,-3.086312,-2.166321,0.288055,1.238154,-0.254208,-0.618012,-0.37862,0.892688,-0.300989,-1.739834,1.181294,0.426767,0.081228,-1.56046,0.993412,0.47901,1.078759,-0.366364,-0.326977,0.201654,1.201516,-1.204601,-1.405106,-1.667247,-0.344216,1.047737,0.030555,1.416108,0.898055,-1.801155,-0.0
inter,C,-3.377371,0.379904,-0.531357,0.663999,-0.592257,-0.958093,0.218908,0.160531,-1.532287,-0.880411,-0.942183,0.437271,-0.067362,-0.35862,-0.267187,0.418145,0.24777,-0.52809,0.198505,-0.057912,0.174732,1.171152,-1.24398,-0.125414,0.711493,-1.129681,0.560938,0.03025,0.400257,1.642621,0.241705,-0.756826,-0.79088,-0.957451,-0.32845,0.184164,-0.241145,0.066046,-0.484515,0.041409,-0.0
inter,D,0.336766,-0.083846,0.699115,0.762725,0.835882,0.263301,2.351823,-0.491529,-0.47247,-0.058148,-0.835458,-0.492917,0.568075,0.803401,-0.200639,0.422562,-0.649841,0.573473,0.705933,-0.904492,0.850091,-1.643116,-0.224927,1.186148,0.24095,-0.519241,-0.801929,0.493884,-0.029944,-0.729887,1.188248,-0.412253,0.658073,1.028312,-0.198435,0.248044,0.400779,-0.557958,-0.976661,-0.119927,0.0
inter,E,2.77377,-0.162218,1.760202,0.478338,-1.181178,-0.838869,-0.722382,-1.195246,0.7246,1.079049,-0.477691,-0.447417,0.481948,-1.177773,0.81137,-2.166658,-2.585935,-3.125626,-2.287586,-0.21411,-0.538983,2.02563,1.660793,0.383157,0.075109,-1.273668,0.234768,0.546055,0.105202,0.210378,-1.224537,-0.006392,1.502134,0.238495,0.44624,0.263945,2.0389,1.53304,-1.443804,1.727707,0.0
inter,F,-3.148871,-2.238308,-0.357162,0.121268,-0.621752,-0.935004,0.751231,-2.266513,-3.140796,-1.165035,1.899003,-1.245022,0.827648,1.904333,0.757255,0.582438,-1.519472,0.184242,-1.401988,1.252724,0.579748,-0.655753,-0.063952,-2.408972,2.750287,-0.895919,1.591205,-0.689142,-0.243251,-0.712854,-0.528382,2.060932,-0.375575,-0.01583,0.479425,2.887015,-0.319251,0.594887,0.211017,-1.043063,-0.0
inter,G,2.949151,1.257853,-0.556799,1.056689,-0.626056,2.097206,-0.322224,0.541326,1.527964,-0.094293,-0.106604,1.072211,-1.26475,0.252138,-1.056592,-0.051196,-0.757054,-0.850651,0.669582,1.135429,3.422128,1.371647,1.728327,-0.719302,-1.373809,0.642054,1.799082,-0.096751,0.148095,-0.750269,0.222053,0.556751,-0.095062,0.227464,0.220905,0.855034,-0.170154,-0.184652,-0.191502,0.164352,-0.0
inter,H,3.431209,2.426078,-0.319958,0.631927,-1.279892,2.142437,1.05274,2.150635,-1.989458,-2.040117,-0.759954,-0.43852,0.842912,1.086732,2.10534,-2.878102,-1.699967,1.104159,2.002456,-2.335639,1.012115,-0.414737,-0.14102,-1.928006,-0.964279,0.417088,-1.287758,-1.618514,1.740326,0.984627,0.276147,-1.370813,0.584652,-1.275944,0.961007,0.232848,-1.474466,1.683761,-0.198807,-0.294697,0.0
inter,I,-4.641638,0.631232,0.569942,0.293044,0.184986,-0.110612,0.047538,0.272551,-0.374236,-0.244441,0.262474,-0.134523,-0.552307,-0.804626,-0.271062,0.127585,-0.26483,0.239528,-0.070223,1.038758,-1.312662,0.810321,-0.08083,-0.257536,-0.060003,0.416333,0.031962,-0.354258,0.088239,-0.251172,-0.126265,0.107869,-0.149304,-0.014914,-0.047732,0.007535,-0.031816,0.011383,0.035689,-0.010725,-0.0
inter,J,-15.125201,-3.172698,-3.798526,1.315299,0.027438,-2.651735,-0.218881,-0.584799,1.6018,-1.173506,-0.038414,1.707788,0.851875,0.628714,0.655484,-1.123945,1.507505,1.939475,-0.880721,-0.13061,0.149943,-0.371256,2.679596,-1.50181,3.308374,0.226889,-1.633035,-1.431468,0.780211,-0.111817,-0.395372,-0.076238,0.454114,0.479459,-0.278191,0.01049,-0.062245,0.235283,0.241923,0.114307,-0.0
inter,K,6.079477,-0.822713,3.286881,-4.240438,-0.126256,-2.972854,1.754356,-0.183073,0.32702,-2.079215,2.618607,-1.82793,-1.445018,-0.346115,2.327861,3.38574,0.491572,-2.063045,-0.32681,1.026427,-0.752421,-0.513641,2.748628,-1.274346,-1.201613,0.395255,2.313911,-0.028851,-1.226795,1.173193,-0.199668,-0.082611,0.866264,1.201026,0.891105,0.645628,-0.558994,-0.316206,-0.739158,-1.383362,-0.0
inter,L,-0.031165,-4.466628,-0.114137,1.061444,-3.258307,1.477571,0.669407,-0.011119,0.53033,1.48736,-1.295282,-1.81488,-0.63477,2.096949,-0.214701,0.97347,0.971624,2.602961,-0.338742,-3.545651,0.125808,0.318535,0.696829,0.140138,1.013272,0.091219,0.85981,-0.365794,0.513129,2.474306,0.042102,0.54941,0.250526,0.319011,2.087017,1.027863,0.343581,-0.589697,-0.771286,1.071945,0.0
inter,M,2.452938,-0.482069,0.425442,-0.665818,-4.327335,0.261035,-1.167389,1.504052,0.292787,-1.572355,-0.042167,-0.32047,2.225063,1.111628,0.83153,-1.788042,-2.165188,-0.150825,-1.5142,-0.470961,-1.015892,1.357477,-2.441439,-0.597856,0.431089,1.489164,0.929277,1.182818,-2.962473,2.165984,0.652327,-1.637498,-0.729273,0.051201,-2.632323,1.184556,1.481229,-1.527493,0.437506,-1.217272,-0.0
inter,N,-5.189437,1.910821,4.159324,1.92694,0.721909,0.357577,-0.132444,-3.121178,-0.238501,-1.646531,0.585956,1.015343,0.401826,0.897574,-1.24059,1.160985,-1.626566,0.401274,1.205305,2.264114,-1.430247,2.087904,0.577361,0.27043,1.20526,-0.616791,-0.359246,0.748491,-1.595697,-0.227173,0.033213,1.845221,-0.268077,0.476258,-1.002225,0.679324,1.143773,0.680962,1.085599,-0.406472,0.0
inter,O,0.764209,0.877485,1.069776,-0.076135,-1.082413,-1.097339,0.022832,-1.14914,-0.123071,-0.638455,0.078357,-0.59592,-0.214793,0.220394,-0.216165,-0.359414,-0.29917,1.172705,-0.451349,1.271668,0.460171,1.047117,0.941663,-0.256545,-0.552789,0.027248,-0.2852,0.69704,0.789421,0.144396,-0.037521,0.458575,-1.525232,-0.750223,0.312326,0.235017,0.026987,0.196318,-0.255568,-0.057485,0.0
inter,P,-2.06068,6.291726,1.084626,2.312576,-0.734888,0.003622,0.590378,0.976815,-0.664125,0.254867,0.3162,-1.162637,2.665111,1.96252,-0.073049,0.079944,1.213396,-0.852998,-0.912366,-1.520746,0.326231,1.919184,-1.900345,0.041983,-1.039432,0.035433,1.920346,-0.368482,1.039325,-0.938458,0.518619,-2.562359,0.594343,-0.51124,0.603255,-0.617785,0.293602,1.235886,0.631856,0.181865,0.0
inter,Q,4.570924,-0.970283,-1.498802,0.138353,-1.167533,-1.514224,3.004623,-1.733538,0.531327,-1.300251,-0.348391,-0.577912,2.279486,0.629879,0.687644,1.057365,0.940468,2.022071,-0.227015,-1.142019,-1.298643,-0.252881,-0.762551,0.074514,-1.095427,0.18533,-1.117375,-0.702442,0.559859,0.062932,-0.070896,-0.598762,0.144956,-0.39459,-0.492405,-0.487753,-0.239198,-0.05769,-0.156205,0.34312,-0.0
inter,R,7.616175,-2.126692,2.502388,-0.46482,1.567538,-2.421231,-0.148619,1.068007,-3.310948,-1.456395,-2.499609,-0.504156,-3.259818,0.731857,0.029899,0.796686,0.402042,2.396559,0.158407,1.305673,1.109914,2.080117,-1.574946,2.245191,1.0948,0.223577,0.062925,-1.419563,-0.454128,0.487878,-1.019436,-0.784515,0.664635,-0.660429,-0.001578,-0.649077,0.474121,-0.053489,0.013578,-0.225816,0.0
inter,S,1.811992,2.433669,1.186479,-2.513344,-1.060434,1.208299,1.407105,-0.025835,-2.484399,-1.004147,2.597887,1.865988,2.241984,-0.03006,-0.426839,1.710211,4.280329,-0.00913,-0.464876,0.225678,0.881414,0.076892,-1.047359,2.21695,-0.097746,1.985816,-0.509211,1.471659,-0.026144,-1.070864,-0.215616,-0.288391,0.504766,1.220962,0.287737,-0.184785,-0.71165,-0.384535,-0.51575,0.351863,-0.0
inter,T,-2.613986,0.257828,1.132151,-2.235619,0.776578,0.723515,0.336866,0.916879,0.664042,0.675153,-0.210205,-0.215326,0.683635,-0.688244,0.697404,0.376208,0.546184,-1.349263,-0.084425,1.073462,1.529653,-0.383266,-0.571738,-1.345314,0.030602,1.86667,-1.63273,1.651602,-0.524504,0.661346,0.269025,-1.311997,1.477716,-2.273291,0.146071,1.218569,-1.241243,0.212384,0.319098,0.250045,-0.0
inter,U,3.617848,0.319969,1.321965,0.281213,0.912993,0.001218,-0.819757,-0.569948,-0.317709,-1.450328,-1.638962,-0.809698,-0.971328,-0.576695,0.545269,-0.436721,1.986168,0.197648,-0.710567,-0.804089,-0.507897,-1.020155,-0.188303,-1.113607,-0.303216,-0.212252,-0.291777,-1.348779,-0.433465,0.975075,0.081997,0.097534,-0.38132,0.776189,-0.791868,-0.295642,0.672465,-0.664216,0.609876,0.035517,-0.0
inter,V,2.917282,2.384346,4.019088,0.040163,-0.141747,-0.935205,-1.294438,-1.059318,1.36286,2.105647,-1.216113,-3.538255,0.094762,0.885389,-0.021019,-0.880703,-0.914798,-0.981076,-1.325795,-1.403197,-0.079452,0.295771,-1.931182,-0.555287,-0.115203,0.789145,-1.508283,-2.007816,0.117644,0.219138,-1.030421,0.591831,0.164748,1.10606,0.017706,-0.533584,-0.172913,-0.080506,-0.664078,-0.038716,-0.0
inter,W,2.578758,-0.086596,1.661929,-2.604732,1.173895,1.344267,2.729522,1.110752,-0.54246,-1.139976,-2.280682,2.932377,-1.681698,-0.551705,0.914364,-0.160193,-0.961885,-0.875235,1.223235,2.659658,0.137511,1.693133,-1.388526,1.58069,0.501869,3.320073,-1.742538,1.211888,0.722365,-1.240617,-1.839677,-2.086992,0.160574,0.961563,0.068824,0.064618,-1.695868,-1.492308,1.534756,0.790684,0.0
inter,X,-5.303259,-0.449927,0.789761,0.230596,-0.18145,-0.078127,-0.119939,0.083117,-0.273511,-0.170867,0.117622,-0.187491,-0.417587,0.069508,-0.641929,-0.133616,0.899962,0.358309,1.290265,-1.015108,2.623891,1.213916,0.612469,-0.60555,-2.3177,-0.127619,0.433522,-0.130068,0.100674,0.03306,-0.041086,-0.013406,-0.002837,0.007401,-0.013199,0.001169,0.004891,0.002134,-0.001483,-0.003691,-0.0
inter,Y,-3.066979,1.932469,-1.923996,-6.939378,0.666776,1.873838,-0.955404,-1.850338,-0.741637,0.554219,0.526806,-0.876949,1.575159,0.416087,-0.553946,1.186307,1.630932,-2.84878,1.398515,-0.155003,0.663783,1.156998,-1.953721,-1.99213,-1.352032,-2.481005,-1.265902,0.89539,-0.360164,1.461674,1.375565,0.952023,0.935333,-0.699488,-0.084959,-1.196272,1.157632,0.16242,-0.16243,-0.713513,0.0
inter,Z,2.410905,1.409396,-2.428337,-0.244739,-1.745324,2.503276,-0.18686,1.985604,-0.44716,-2.199728,-0.068336,-0.139475,1.036391,1.615224,0.148142,-0.234954,0.564055,-0.658397,0.72117,0.464537,-0.33008,1.54482,0.473845,2.097329,1.874603,-1.370738,0.034975,-0.403516,-1.060585,1.292457,-2.372669,1.139683,-0.717619,0.036114,1.151252,0.227882,-0.952587,0.649416,-0.06034,-0.857254,0.0
inter,a,1.038641,1.56938,-0.255631,-2.190933,1.692519,-1.42962,2.590363,-0.947323,-0.387446,0.941567,-0.456492,2.615717,-1.524627,-2.151473,-1.62045,1.410719,-0.965983,-1.444836,1.569358,-0.289406,0.793799,2.818536,-2.502001,-0.81233,0.933944,0.669447,-0.553342,1.509351,1.716248,0.772298,-1.176306,-1.102936,0.281524,-2.75701,-0.208579,1.220336,-0.45334,1.159431,0.276487,0.431928,-0.0
inter,b,1.130028,0.597937,2.460659,-1.608395,0.245507,-0.07847,0.254005,-0.479673,1.182824,-0.972504,0.356119,1.617093,-2.231094,1.076623,1.069072,-1.437653,0.717025,1.965761,0.12476,1.147445,0.748958,-0.595757,0.548978,-1.559532,-0.502946,0.648939,-0.28378,1.259483,1.295436,-0.217781,1.21873,-1.084283,1.900542,-0.9428,1.127791,1.761314,-1.326494,0.869409,0.301463,0.126569,0.0
inter,c,-2.074125,2.660052,-0.586807,-0.199281,-0.347483,-1.10884,-0.763902,0.05405,-0.894601,1.116921,-0.060982,0.352368,1.571112,-0.299081,-1.471367,1.114217,-0.48215,-0.429385,0.125402,0.026832,1.151074,0.257507,0.554791,-1.012114,1.63519,-0.072076,0.660822,1.431627,0.756734,0.285042,-0.266355,1.027831,-0.253318,-1.024711,-0.575923,-1.079244,0.372724,0.473409,-1.402832,-0.054728,-0.0
inter,d,2.287248,0.261194,-0.460463,0.79765,1.906131,0.700736,-0.962416,0.018045,-0.110491,0.773873,-1.629452,-1.476885,-1.407441,0.667673,0.846818,-2.218661,0.201969,-0.837379,0.412144,-1.201333,-0.245656,0.403938,0.735079,0.440965,0.440203,0.034379,0.099513,-1.792322,0.664011,2.350016,-1.554813,1.903283,1.373996,-1.157651,0.422268,0.417928,-0.335815,-1.519181,1.158143,-0.464948,0.0
inter,e,1.683719,-3.752371,-0.171093,0.996912,1.798016,-3.929895,-0.959632,0.214141,1.89116,-0.924225,0.933276,1.305432,-1.437953,0.11047,0.23962,-0.854409,2.554468,0.457506,-0.046976,-2.619897,-0.31888,-0.127376,-0.043495,1.249423,3.090629,0.560317,0.787703,-1.649399,-0.473226,2.47458,-0.890912,-1.2319,-0.289881,0.894749,0.047522,0.406405,-0.82146,-0.384266,1.101399,1.495079,-0.0
inter,f,-8.294332,-4.461446,-1.046213,0.713282,-0.258916,-1.752853,2.960908,-0.002581,0.733357,-0.273723,0.393964,1.853604,-1.921174,0.328466,-1.628234,-0.463583,-0.85303,2.140147,-0.446476,2.351163,-1.933586,0.624921,-0.495838,-0.845827,-0.367683,-1.564283,-3.051027,1.723045,2.525979,0.089918,-2.214574,-0.325782,0.075802,0.427821,0.855128,-0.197791,-0.295399,-0.052848,0.586328,-0.009537,0.0
inter,g,3.926457,-0.17056,-0.124522,-0.33642,-0.919285,0.129942,-0.166866,0.216887,0.244865,0.371574,-0.65573,-2.332444,-0.718995,0.845226,0.599783,-0.627162,0.203236,0.183568,-1.223818,0.081071,-2.099959,0.097061,0.643277,-0.55162,1.808109,-0.812829,0.462241,0.661332,-0.275224,-2.291067,-2.11726,0.097732,-0.104634,3.226622,0.719704,1.435132,-2.892459,-1.638211,0.709046,1.101426,-0.0
inter,h,3.79385,-2.358635,-1.312512,2.100828,3.393609,0.27664,-0.716469,0.257909,0.300692,1.931438,0.53239,-1.181783,1.108969,-1.042588,0.447901,3.489606,1.111324,-2.227089,-1.330261,-0.703342,0.290504,-0.400277,-0.298484,1.611285,1.030485,0.513617,-1.120236,0.731853,1.170609,0.269976,-0.835743,0.268906,1.742177,0.592527,1.197465,-0.124415,0.680116,-0.214122,-0.337184,1.635273,0.0
inter,i,-3.70593,-0.86387,-1.950706,0.339297,0.132541,-0.390568,-1.075351,-1.162096,0.107053,-0.775313,-0.567383,-0.185784,-1.137872,-0.37899,0.824853,0.074389,-0.20933,0.084361,0.510472,-0.10786,0.458387,0.834467,-1.141682,0.234951,2.266017,-0.740746,0.360225,-1.684052,0.369411,0.325885,0.933247,0.406602,-1.748143,-0.207782,-0.331667,-0.798541,0.8755,-0.687737,-0.262533,-0.093761,-0.0
inter,j,-3.54011,-1.22616,-1.303749,-0.29327,-0.489612,0.330325,-1.003705,-1.019179,0.744009,0.306131,0.555133,-2.181163,-0.64193,0.669382,0.15059,1.345233,-0.837688,-0.508978,0.141229,3.302187,1.577274,-0.581123,-1.315319,0.618095,-0.285193,-1.678852,1.869367,0.676728,-1.362443,1.015952,-0.524772,0.589712,0.703262,0.672827,0.572826,0.747256,-0.492834,-0.256765,2.196334,0.042556,0.0
inter,k,7.673981,4.591826,-0.91816,-1.702035,1.082533,-0.373024,-1.1477,-0.589714,-0.381599,-4.071495,1.759203,-0.138743,-0.365812,-1.409548,1.185868,2.079624,0.758519,0.524844,2.052243,0.294402,0.680236,2.092624,0.976638,0.272232,-0.698568,-0.44307,1.008699,2.991875,-0.771036,1.505488,-2.259686,0.871255,-0.492735,-0.707114,0.180403,0.158109,-0.309445,-0.206746,-1.65602,0.545713,-0.0
inter,l,4.448112,-1.354652,1.077694,-0.778715,-0.552558,-0.652541,0.126069,0.324382,-0.138904,-0.069921,0.22537,0.348023,-0.309217,-0.035346,-0.05466,0.439882,0.175034,0.087317,-0.014574,0.239367,-0.045712,-0.337916,0.035955,0.167888,0.051801,-0.08471,0.505071,0.082804,-0.280446,-0.487158,0.048737,0.069326,-0.415238,0.124908,-0.023819,-0.029933,-0.033144,-0.123429,-0.073399,2e-05,0.0
inter,m,3.690039,-0.038191,-0.596589,-0.485533,1.970975,1.821291,-0.701316,-0.714296,-0.164979,-1.92288,0.793167,2.639421,1.23284,0.331004,-0.828839,-0.371917,0.09943,1.800069,-1.011718,-0.228466,1.781332,-0.739274,-1.683679,0.289154,0.853285,-0.214694,-0.888084,2.886363,0.433379,-0.587237,-1.522324,-3.366034,0.481651,-1.199356,0.055532,0.642754,0.016143,-0.393872,-0.211106,-0.058929,-0.0
inter,n,2.363409,0.037331,0.191559,-0.914931,2.077634,-0.313157,-0.523306,1.244309,-0.562361,-1.151353,1.860671,0.961982,-0.370241,0.093369,-0.477905,-1.869337,1.401763,-1.620935,-0.305367,0.763689,0.808934,0.174016,0.042571,-0.768449,-0.269993,0.748437,0.351682,1.158425,-0.096529,1.607954,1.960441,0.627537,0.045904,0.266833,0.923715,1.359309,0.710198,0.655004,-0.148066,1.270631,-0.0
inter,o,0.459365,1.032542,-0.336282,-0.838223,0.828354,0.093518,-0.549858,-1.30251,-0.366271,-0.355759,0.760018,1.710808,-0.250929,-0.723559,-1.38396,0.296069,-0.450671,2.324465,0.447342,0.537158,1.453721,0.208272,0.93922,1.172643,-1.185675,0.123986,0.914285,0.9916,-1.231482,-0.224419,0.006414,-0.007245,-0.31002,-0.133373,-0.287518,1.090643,0.160258,0.572616,0.139222,0.059478,0.0
inter,p,-2.298089,0.813238,-1.085008,0.874564,-0.959184,1.547102,2.305482,-0.860143,2.204104,1.391098,-0.197686,-0.256464,0.042942,0.769684,-1.241576,0.773576,-1.308505,-2.024884,0.680658,0.401746,-0.339817,1.655422,0.025035,0.137845,0.899383,0.196885,1.007967,-0.859597,-0.116594,0.940075,1.829949,-1.281512,-0.965237,-0.66043,-0.489394,1.308565,-0.927407,-1.360485,-1.575566,1.085053,-0.0
inter,q,-1.463458,1.299673,-0.124243,-1.392125,-1.004678,-1.81041,-1.155564,0.925709,0.254255,-1.967442,-0.694454,-1.078845,0.778411,-1.329209,1.386111,0.461248,0.902453,-3.477696,1.06253,0.346389,0.054209,0.651481,-0.0462,-1.747692,0.422155,0.752557,0.675702,0.770053,-0.191056,1.122964,-0.444545,0.337199,-1.089962,0.373282,0.048343,-2.192691,1.00118,1.127626,-1.440046,0.821169,-0.0
inter,r,-2.842964,4.178088,-0.673156,0.61488,-0.522663,-0.009931,1.717741,-0.247185,-0.433003,-1.220804,-1.040082,0.454244,-0.666938,0.212551,0.599434,-1.106051,0.924042,0.133652,0.682886,0.921904,-0.976056,0.324208,0.29898,1.572953,0.580306,-0.029876,0.773283,-0.085795,1.558333,0.77974,-2.919287,-0.159087,0.677431,-1.278534,1.863526,-0.147901,-1.01899,-0.606198,-1.996912,1.228905,-0.0
inter,s,0.146423,2.904164,-3.034737,-1.57159,-2.716303,0.343067,2.105799,-1.322907,-0.286637,2.342378,-0.015054,2.020488,1.937269,-0.56566,-0.536607,-1.721681,1.667887,-3.067494,-2.271116,0.705001,-0.072406,0.473002,1.104899,-0.888684,-1.270846,-0.693522,0.586324,0.871282,-0.051028,1.716111,0.254273,-1.911225,-0.87671,-1.407406,-1.189668,1.165741,-0.68922,0.45872,-0.061176,-0.483118,0.0
inter,t,-8.910163,1.637614,0.237991,4.251091,-2.097471,1.943715,-0.09394,0.07993,1.570524,0.372335,0.669814,0.311734,2.502516,2.87103,-1.156945,0.55994,-0.470359,2.482887,0.433578,1.048153,-0.168387,-1.31205,-0.202096,-0.280184,1.187191,-0.451922,1.578295,0.662919,-2.121339,0.932456,1.169564,-1.956595,2.014502,1.126818,0.290961,1.347661,-0.490827,0.623403,-0.81159,-0.837407,0.0
inter,u,2.879362,1.405435,1.536852,-1.355901,0.21803,0.329221,0.081506,0.262324,1.350638,0.163136,0.812357,1.151614,-1.702452,0.36432,2.23924,-1.913184,-1.284813,-0.237578,-1.300432,-0.365758,-0.050523,-1.058332,-0.44875,0.458926,1.893134,-0.397928,0.892074,0.681779,-0.488953,-0.834708,1.139309,0.709088,-0.190286,-0.274822,1.439164,-1.173943,-0.600912,1.128845,0.078732,-0.677369,-0.0
inter,v,3.271183,2.022717,3.020875,2.80187,-0.097308,0.306096,2.312496,1.41757,-2.482223,-0.827159,-3.11591,-3.425363,2.431919,-0.347672,-0.42021,1.292599,-0.47108,-0.726727,0.58883,-1.296559,-0.838307,0.820797,-1.041423,0.303957,-1.732285,-1.683466,-0.049215,0.23483,-0.419194,-2.013918,0.041039,-1.47146,0.040094,-0.041085,-0.755693,-0.002482,-0.47804,0.012569,0.036463,-0.079088,-0.0
inter,w,-3.108347,-0.20975,-1.440281,1.866853,-2.448341,1.860457,-1.710592,0.027979,-3.081255,0.973283,0.616142,2.653354,-0.024856,-1.031982,0.867588,2.701336,0.91676,2.521227,0.205997,1.062076,-0.545955,1.888821,2.720431,-0.79615,-2.070972,-2.672322,-0.528704,2.114966,0.434312,-0.239142,-1.457847,0.824554,0.223715,0.894364,-2.132255,-0.236252,-0.037281,1.375752,1.733696,-0.167513,0.0
inter,x,-5.021044,2.911849,-0.011197,1.116278,-0.365705,-2.455372,1.485759,-0.135804,-2.396095,-0.49851,0.499195,-4.604782,3.476389,-1.095519,0.277445,1.830647,-0.372321,0.670221,-1.001247,0.300407,1.80926,0.391096,0.058636,0.224548,-0.183508,0.134444,0.025555,-0.038849,-0.00297,-0.004235,0.006869,0.0101,-0.008612,0.001126,-0.002706,0.000323,-0.003517,0.000924,0.000687,-0.000668,0.0
inter,y,-0.902842,-0.901937,-3.544768,-0.24623,-1.504039,2.36745,-0.547449,-0.32532,-4.398092,-1.078872,-4.819546,-0.246385,0.324718,-1.669148,-0.618244,0.138997,-0.449478,0.278806,1.646643,2.411022,-0.678553,-0.309477,1.147056,0.97398,-1.214054,-0.960102,-0.222489,-0.532139,-2.93266,-2.441293,-0.659811,-1.588748,0.315088,0.481068,-0.437949,-0.066137,-0.979779,-0.614903,1.178421,-0.803832,0.0
inter,z,2.065711,-1.6751,0.22181,-1.981762,1.41418,0.138609,-0.953535,-0.959585,-2.132114,-0.839065,1.052833,0.360106,0.488634,3.580922,-1.043474,1.028269,-0.959687,2.37909,1.512436,0.647592,1.06715,-0.459578,-1.762058,1.509899,0.704659,1.185832,-0.770234,0.736038,-0.428928,-0.281887,0.176201,-1.22781,-0.399614,0.501281,-0.69914,0.256361,-0.656004,0.271765,1.82928,-0.785511,-0.0
lato,0,1.472599,-0.114266,-0.889589,-0.005518,-0.484207,0.075584,-1.017959,0.297976,-0.268873,-1.083004,-0.153324,1.159099,1.337047,-0.450508,0.745144,-0.768623,-1.04207,-0.304995,0.273112,1.250014,-1.374351,-1.570953,-0.223326,-0.43915,-1.632347,-1.284264,0.045726,0.252461,-1.2291,0.495017,-0.776465,0.220174,0.701824,-0.031609,0.226992,-0.052895,0.129479,0.715526,-0.545245,0.065002,-0.0
lato,1,4.575359,4.629493,1.999576,0.929571,-2.572739,1.854171,-0.524026,3.32764,2.088017,0.909369,-2.622855,1.233565,2.886078,-0.58796,2.495607,0.795874,2.402053,-0.869942,-0.956717,1.589586,0.190412,-2.803645,-0.142851,0.321246,0.176667,-1.648336,-0.011934,-0.63128,0.492505,0.083634,-0.272415,0.439558,-0.772631,0.249016,-0.456998,0.458904,0.085157,0.172216,-0.016665,-0.099624,-0.0
lato,2,-0.780672,2.063396,-1.681166,0.90449,0.85403,0.469983,-0.353915,1.298584,1.629159,-1.72558,-2.148076,3.019988,0.877941,0.354594,1.218617,2.21689,-1.21732,1.019184,0.105987,-1.740691,-1.883511,0.05443,-2.925713,-0.537025,-0.140452,-2.148461,0.499986,0.832882,-0.910123,2.007428,-1.747194,0.327231,0.862965,-0.174964,0.157586,-1.660378,-0.030566,-0.658405,0.573053,0.603772,-0.0
lato,3,-1.981845,3.047648,1.088352,-0.184785,2.235902,-0.038906,1.609427,-2.653964,-1.539022,-1.898004,3.11511,-0.356954,1.655581,2.240852,0.269034,0.793834,0.558963,1.089807,-0.641529,-0.984791,0.608214,-0.494485,-2.461485,0.662536,0.181643,1.982561,0.774856,2.184408,1.7087,-0.138898,0.287048,-1.172927,-0.5608,-2.151308,-1.559773,-0.424812,-0.531169,1.291919,0.52137,0.545753,0.0
lato,4,-1.346936,1.586277,-0.424162,-0.032403,-0.336715,1.127254,1.861128,0.988419,1.962618,0.741099,2.61772,0.645477,-1.099317,1.443274,0.516224,0.459077,0.424109,-0.35475,3.214188,0.180147,-2.099669,2.468309,-0.839099,-2.099833,-0.297307,0.389532,2.476617,1.10489,0.146883,-1.99616,-0.501028,-0.586588,1.162365,-1.401129,-0.221606,1.35905,-0.395574,-2.303795,0.875969,0.341513,0.0
lato,5,7.926247,1.222909,0.018978,2.204465,-0.378831,0.490103,-0.067075,3.488677,-0.273128,-1.217735,1.492147,-0.639735,0.054058,0.51098,-1.98121,0.993319,-0.736559,0.207419,-0.145157,0.648748,1.330259,0.773634,0.775181,-0.596026,0.843223,0.61999,-2.073637,-1.438814,1.025503,1.574617,-1.496208,0.994872,2.867183,0.225598,0.830051,1.034982,0.106903,-0.96396,0.210334,-0.605265,-0.0
lato,6,2.405071,-1.675399,2.515797,1.401546,-2.484574,-0.066352,-0.01315,-1.345418,0.334669,-0.121187,-0.637184,-1.660497,0.414068,0.302166,-0.579191,-0.397452,-2.054173,0.365388,0.249455,-3.387088,-0.139818,-0.744688,-1.107964,-1.025416,1.217073,0.229944,2.084492,-0.970654,-0.029762,0.093987,-1.336837,-1.433223,0.834174,-2.562263,-0.794478,0.435973,0.665082,-0.702241,-1.243812,-0.828185,-0.0
lato,7,-1.826795,2.438228,-0.283262,-2.099391,0.057022,0.325598,-0.841425,1.713589,2.237097,-2.159717,-0.301786,-1.686321,-0.14373,-1.942386,-0.746484,1.894151,-0.107145,1.862946,1.317957,-1.4451,-0.256379,1.646015,-1.873434,-0.543716,1.511004,0.548369,-0.560551,0.228223,1.251022,-2.597986,-1.265202,-1.051909,0.577811,-0.422269,0.223807,-0.465618,0.490514,-0.807904,0.17113,0.091,-0.0
lato,8,1.533996,1.055974,-0.636266,0.72745,0.342133,-0.116549,0.42647,-1.478291,-3.008176,1.803552,-0.602198,-0.616231,-0.01584,-0.456188,0.257345,0.34549,-1.253221,-1.507005,-0.145691,-0.352631,1.313671,-2.041055,-0.962134,1.688431,-3.195242,1.046304,0.213604,-2.883443,-1.643951,-0.066409,-0.802021,-2.216231,0.072639,0.266036,-0.145169,0.267844,1.366827,-0.281504,1.40622,1.064623,-0.0
lato,9,-2.444654,2.867611,0.277554,0.91224,0.583786,-0.144789,0.749274,-3.035287,1.52049,-1.458231,1.273473,-0.512133,1.371067,0.04441,1.687351,2.73723,0.966144,0.127878,1.892642,1.178117,-2.14954,-0.221069,0.627258,0.576274,-1.158319,-0.599792,2.004664,1.340411,0.122413,1.453929,-1.442679,-0.998149,0.18033,0.151634,-0.658003,0.077688,-1.330564,1.691582,0.608483,-0.769928,-0.0
lato,A,-0.707515,-2.732291,-3.114797,-0.612946,-2.834029,0.291515,-1.559397,-2.639363,-2.483215,-0.78205,-2.060285,2.5963,-0.491117,0.435702,-2.10343,-0.460557,1.053301,2.398585,-0.162143,-0.047444,-0.766531,-0.621751,-1.165194,-0.644504,0.148331,-0.833018,0.158614,-0.087957,0.767646,1.417133,1.945204,0.364027,2.198239,-2.070881,-0.095881,-2.804761,-0.090146,-0.720632,0.513829,0.711756,0.0
lato,B,-1.284993,1.081031,-0.341202,0.016706,0.758402,-1.987265,-0.708131,-3.7727,-1.453076,0.948605,1.128092,3.756387,1.471417,1.62929,-0.067744,-2.233911,-0.778497,-0.128014,1.091971,-1.865175,1.980874,-2.64467,0.107328,0.172211,-1.239741,0.021295,0.744514,2.631757,0.176905,0.066569,-0.923515,-0.850283,-0.1567,0.053737,-0.984,0.964323,0.713671,0.668845,-0.230151,-0.420806,-0.0
lato,C,1.531862,1.773693,-1.647548,1.34266,0.853086,1.024755,0.199454,-0.65809,-0.105938,-0.487875,-0.177982,-0.276505,1.4507,1.96797,0.798045,-0.140149,-1.085397,0.477367,1.175742,0.892711,0.528672,1.95339,-0.97803,0.088085,-1.09497,0.763925,0.23457,0.318639,0.100234,-0.30481,0.07038,0.325227,0.357444,-0.166567,0.074412,0.389082,0.057719,0.048004,-0.01569,-0.080365,-0.0
lato,D,1.384069,-0.018896,-1.897593,-0.591621,0.155186,0.885528,-0.130538,-0.618999,-0.462346,-0.574755,-0.025614,0.293553,0.473833,2.39321,0.568451,0.703579,1.768996,0.060234,-0.158755,-0.251827,-0.869902,-0.258679,0.390344,0.645284,-1.594504,-0.880572,0.718362,0.829805,0.326123,0.76822,0.944246,0.54109,-0.726334,-0.183497,-0.041936,0.026799,0.23096,0.82535,0.057907,0.492281,0.0
lato,E,1.57552,0.683045,-1.947475,0.257424,-0.014152,0.923822,-0.570946,2.229722,-2.803004,-0.013646,-2.563284,0.282728,-1.995111,1.451573,1.925714,-2.190386,0.6356,2.301658,0.673995,-0.603426,-2.393984,2.240434,1.218193,-2.048823,-0.54036,-1.324918,-0.138768,-0.933796,0.239743,-0.180507,-0.469005,1.668703,0.986491,0.054753,-1.784477,-0.101216,-0.694328,-0.44971,-1.074361,-0.644893,0.0
lato,F,-1.551712,-2.973507,-0.632174,2.706983,-0.865448,1.52595,-1.561113,-0.380367,3.238614,0.946111,-1.543685,0.599908,0.754626,0.507424,1.513993,0.669293,0.254793,-0.178629,-0.286877,1.357666,1.206807,-2.337088,-0.18863,-0.386337,-1.118564,-1.165158,1.502601,-1.111273,0.504091,0.923432,-3.233357,-1.404311,-0.294825,1.231658,2.122342,-0.43965,-0.326312,-1.162163,-1.110239,-0.82152,-0.0
lato,G,0.582976,-1.446754,0.148608,1.366428,-0.545899,0.164342,0.200854,0.188468,1.038936,-1.045216,-0.726323,-0.706775,-1.331132,-0.003329,-1.490824,-0.30232,1.102083,1.755807,-0.178619,-1.774608,-0.234366,0.878532,-0.315439,0.841858,0.058763,-1.498,-0.038863,-0.6908,-2.289707,0.448692,0.136305,0.436571,-0.70175,1.285577,-1.570745,0.810103,0.208273,-0.300028,-0.817418,-0.005843,-0.0
lato,H,3.826216,3.056415,-0.996081,2.932412,-0.161203,-1.140612,-4.51463,0.970516,0.120303,1.02322,-0.242993,-1.319947,-1.428198,-0.078743,-0.255441,2.521516,-0.742692,-0.722639,-0.302117,1.859118,1.643301,-0.795311,-0.44765,-2.14541,0.152962,0.884916,1.704583,2.117125,1.069596,0.933781,0.673565,-0.973471,-0.45971,-1.724634,1.31639,1.968888,0.820606,-0.20272,-0.059001,-0.578686,0.0
lato,I,-4.505849,0.572219,0.179761,0.086833,0.055,0.066005,-0.068149,0.035818,0.009009,-0.092126,0.063243,0.02011,-0.059604,-0.095379,-0.050479,0.0222,-0.043977,-0.008112,-0.024566,0.077506,-0.14178,0.183467,-0.179707,-0.124972,-0.040153,-0.350358,0.264022,-0.001986,0.074736,0.093938,0.145711,-0.123734,-0.107148,0.049912,-0.126172,0.069629,0.086792,-0.043716,0.031128,-0.041573,-0.0
lato,J,4.28288,-4.201245,2.545662,-0.26756,1.622239,-0.439307,-0.704497,-1.482888,1.436786,0.610481,0.042621,0.550023,0.048588,-0.389369,-0.833372,0.326227,-0.376937,0.252929,0.984674,1.067014,0.296042,0.240594,-0.245195,0.090211,-0.421464,0.550707,-0.913404,-1.455253,-0.534698,0.744478,2.547665,-2.952078,-0.038358,-2.05114,-0.697951,0.207967,0.301726,1.505164,0.410708,0.968596,-0.0
lato,K,4.057843,-3.113883,-0.386841,2.77954,-0.057367,-0.466396,0.525397,-2.297795,1.789762,0.236795,1.393592,2.205032,-0.016779,0.512701,0.539171,2.078126,0.568591,1.085144,1.082731,0.120666,-0.551441,-0.441782,0.704,0.212132,-0.026747,0.473075,-1.515191,-2.757103,1.848632,-2.988647,0.06601,-1.171369,0.674582,-1.199059,2.528927,-0.416775,0.724166,-1.560546,1.879529,-0.825067,-0.0
lato,L,-3.900272,-1.03757,-1.733205,-0.884935,-1.658305,-1.079702,4.268186,-0.443014,-3.54073,-1.518443,3.328115,-1.032002,0.790016,0.915463,1.564204,0.304225,0.0987,-2.066908,-0.115202,-0.111986,0.000875,-1.338515,1.722745,0.523188,-0.526084,-0.39009,0.29315,0.323473,-2.078324,-0.079138,0.352161,-1.621422,0.207651,0.449206,1.138882,-0.304836,-1.368303,0.679746,0.391132,1.225734,0.0
lato,M,0.423157,-6.271697,1.966562,0.948202,1.630221,-2.765991,-2.062369,-0.843307,-2.002006,-0.41769,-0.32345,-0.998359,-0.746242,0.419083,2.057886,1.785676,-1.129613,-0.047738,1.737698,-1.320529,-1.038055,-1.087515,-2.409194,-1.294996,-0.234982,-1.815518,2.261877,-1.048156,-0.459796,-2.350115,-0.312121,2.466929,0.977988,-0.688657,-1.606268,1.038455,1.154634,-0.062959,0.34698,0.938472,-0.0
lato,N,-1.008094,-3.551255,-0.796326,-0.17175,1.107733,-0.591869,-0.576515,-0.391498,-1.375661,-0.354807,-0.462062,-2.777052,-0.551746,-0.678384,0.928842,-0.857704,2.97662,-0.510444,0.444356,-0.259772,0.289843,1.301526,-1.043714,-0.778568,1.96088,1.815114,-3.249937,0.043554,0.662614,-0.60946,0.668357,1.562637,0.642557,-0.69955,-0.802822,-0.09731,1.393553,-0.479042,-0.797867,0.2036,0.0
lato,O,1.848476,0.554609,-0.179446,-1.160569,0.728606,0.778339,0.212888,0.183175,0.738767,0.999693,-0.967073,1.490368,-0.945577,-0.444699,-0.328186,0.708165,-1.394333,0.268765,0.293846,0.63566,0.002218,-0.663667,-1.035942,-1.074644,-0.575432,-0.567163,0.635479,0.462062,1.095825,-0.580364,0.276631,0.77697,-0.038898,0.438192,-0.227638,0.100689,0.055233,-0.043239,0.04491,-0.288602,0.0
lato,P,-2.603668,-0.92881,-2.319688,0.748158,-1.002847,-2.111074,1.248978,1.912474,-1.864149,-1.148575,1.606869,0.387591,-0.537887,-0.436562,0.371933,0.806462,2.348607,-2.174418,1.563528,1.291779,-0.319235,0.620006,-1.598307,-0.783068,0.432435,0.217721,-0.584469,-0.27347,-1.442972,2.350666,0.957841,1.15711,2.307629,1.338414,0.187679,-0.581036,-0.913538,0.841468,0.193471,0.671585,0.0
lato,Q,-0.667786,3.310871,-0.952181,-1.074908,-0.20404,0.02812,-1.786197,-0.048825,-1.382466,0.88169,0.045795,0.540172,-0.406943,0.483895,-1.126476,1.240271,-0.237798,0.147052,1.164745,-0.580184,-0.570473,-0.08733,-0.335235,1.00159,-0.852236,1.828494,-0.669525,0.434903,0.488602,-2.176098,-0.0343,-0.109881,0.644736,1.377239,-1.284242,0.547298,-0.175824,0.183787,0.224235,-0.03938,-0.0
lato,R,0.698194,-1.609153,-2.362014,-0.874326,-1.114305,0.636701,3.277457,1.353101,-1.101184,-0.249056,0.476349,-0.253261,-0.25849,0.124676,-0.057863,-0.513455,0.324632,-0.584044,1.301049,-0.622351,-1.064386,-0.088117,-0.155204,-0.303407,0.696411,0.946388,0.970881,-1.4744,-0.968126,0.264938,2.680321,-1.339933,-0.737084,-0.541126,-0.177324,1.289388,1.162642,-1.090347,2.90464,1.590893,0.0
lato,S,-1.499525,0.161079,-1.412317,-0.819968,1.24209,1.997037,-0.041918,-3.421725,-1.03683,-1.744498,-1.823866,-0.114422,0.536543,1.542866,-2.045905,0.739055,-2.264246,-2.27202,-0.505393,-0.874158,2.245808,-0.018418,-0.316044,2.01905,-1.829806,-0.195799,-0.849289,-0.544337,-0.567976,1.176763,-1.208687,-0.417945,-1.096467,-1.496597,0.788324,0.730771,-0.136849,-1.221276,-1.185053,0.014348,-0.0
lato,T,-3.129022,0.362505,-0.525528,-0.650322,0.997148,1.562295,0.486565,0.597178,0.516858,-1.005199,0.533734,0.651481,0.492471,2.042621,0.829142,0.552501,-0.236973,-0.920505,2.041759,-0.684014,-2.06917,-0.603351,-0.516996,1.458616,0.542415,0.425381,-0.982079,0.257901,-0.094364,0.011319,1.082286,-0.148547,1.077561,-0.130568,-1.317862,-0.818412,2.134992,0.951184,1.577363,-0.508046,-0.0
lato,U,2.233739,-0.54264,-1.687549,-1.412369,-0.981069,-0.207571,-0.099157,-0.923632,-1.263967,-0.524723,-1.399982,-0.342364,-0.764081,1.970427,-0.269732,-0.133793,-0.490116,0.582546,-0.318174,-0.69611,1.382209,2.263052,-0.325087,-1.440368,-0.172755,0.129542,-0.173297,0.600178,-0.425648,0.191863,0.27771,-0.44514,-0.16103,-0.810366,0.774947,-0.001045,0.537934,-0.54138,-0.25483,0.161559,-0.0
lato,V,2.659693,-1.937387,0.09786,0.643046,-2.002827,-2.733291,0.141146,1.766371,1.098068,-0.227656,0.547496,2.744551,0.660782,-1.927617,-1.08559,-0.435404,-0.669591,1.514006,-2.688504,1.006762,-0.533246,-0.379955,-1.375651,-1.28939,-0.828414,0.990415,1.34075,0.25432,0.988764,1.024972,-0.964197,0.951223,-1.012017,0.867939,-0.261995,0.062714,-0.067429,0.957463,0.400328,0.171543,-0.0
lato,W,4.466623,1.311408,-1.788345,1.019419,1.888651,-0.754408,-1.43953,-0.328297,-1.228302,-3.30288,1.584761,0.497625,-0.120408,0.965443,2.009244,-1.342379,2.724691,0.187259,-0.840786,-2.540432,2.346068,1.209169,2.481155,-0.124357,0.878394,-0.149992,-0.690302,-0.878943,0.51022,-0.074426,-0.982572,-0.248651,-0.834586,-0.094501,1.364609,3.368974,1.767508,-1.511131,1.371194,0.768199,0.0
lato,X,-3.495069,0.18655,-0.58497,0.44807,0.1219,-0.106015,0.580351,0.036617,0.061845,0.05647,-0.14746,0.317887,0.03127,-0.105921,-0.055912,-0.244582,-0.052705,0.109087,-0.402599,1.021871,-0.753961,-0.016483,0.919502,0.096941,-0.514162,-0.471079,-0.451368,-0.411027,-0.66198,-0.035456,0.004098,0.115029,-0.021154,0.353355,-0.111894,0.018317,0.305701,0.007413,0.084387,0.069814,-0.0
lato,Y,-3.586981,-0.664141,1.076302,0.04268,0.55868,1.043221,3.075144,1.959244,-3.04156,1.478963,-2.965441,3.559155,0.010137,-1.364151,-1.818392,0.045016,-2.138949,1.229246,-0.025079,-2.287585,1.209573,0.183215,-0.193041,0.046731,-1.091036,-0.010077,-0.791282,0.60207,2.29637,0.303978,1.804947,0.582247,-0.086587,-1.060611,2.000565,-0.714469,-0.722003,0.449911,-0.701141,2.041167,0.0
lato,Z,1.584194,-1.63563,-1.854927,3.795201,0.148456,0.919867,0.144528,-0.502882,1.54766,1.354195,0.67201,0.043942,-0.905669,0.112628,0.29633,0.803307,0.965206,-1.106898,1.554581,-0.971644,-0.74885,-1.03014,1.517648,-0.736591,-1.702917,-0.084681,0.490501,1.316999,1.504319,1.451224,-1.779615,0.211609,-0.475325,-0.900992,0.191773,1.721312,-0.188556,-0.627926,0.044929,1.608905,0.0
lato,a,5.353392,1.200412,-0.244107,1.470032,1.024768,-1.613966,0.29917,2.717085,-1.48587,1.193396,-5.17787,-2.993553,0.048531,-2.224608,0.284344,-0.913262,1.447395,-0.355859,-0.973285,0.290915,-0.313498,0.398997,-1.331048,-0.562692,1.899705,-1.755618,-0.929343,-1.499259,-0.671016,-0.606458,-0.896689,1.731196,0.061769,0.245835,-0.26546,0.24455,-1.657783,-0.339444,-0.639558,-0.363699,-0.0
lato,b,2.19189,1.444544,-2.775234,0.502453,0.237954,-3.467641,0.459657,-0.053779,-1.706068,-1.477356,-1.132925,0.849595,-0.130644,0.174781,0.009293,-1.716998,-0.527493,2.734935,1.015523,-0.030457,1.835196,0.494249,-0.670996,1.460276,0.303576,0.661576,-0.074405,0.47783,0.943311,-0.255783,0.969082,0.895185,-0.230151,1.500933,-1.342036,-0.71676,-0.661578,-0.109809,-1.611198,0.985885,0.0
lato,c,2.675249,0.806185,0.204996,0.121503,3.072897,-0.644631,1.916677,-0.350139,1.274369,0.022989,0.30746,-0.832664,0.108646,0.50194,0.669173,-1.588891,0.329626,-1.024848,-0.511817,-0.835269,-0.650827,-0.024751,-1.73815,0.874892,0.530719,1.82221,1.975174,0.454215,0.904191,0.265703,0.885151,0.580119,0.133624,0.079483,-0.520664,0.18424,0.085278,0.186179,-0.323452,0.098634,-0.0
lato,d,-0.051351,0.319019,-2.114664,-0.044658,-0.880181,1.947992,2.438845,-1.091511,2.308691,-2.279079,-0.641286,-1.620283,1.558015,-0.611248,-0.214313,-0.631766,-1.000643,1.51536,0.344805,-0.303866,-0.081361,0.047479,1.204533,0.463005,1.255832,0.403858,-0.734492,1.310978,0.579236,0.245442,-0.653584,-2.153634,1.190145,-1.166431,-0.813228,0.114175,1.820108,0.379166,1.000521,-0.625102,0.0
lato,e,2.356523,1.150619,-2.120096,-0.402105,-1.337411,-1.74175,1.242409,-0.861335,0.282955,-1.307917,2.161775,0.36011,0.107539,-0.675064,-2.059184,1.102856,-0.722432,-0.564012,-2.094324,1.029244,2.808423,-2.040514,1.061317,0.200207,1.041373,-1.305906,1.69373,-0.011498,-2.470767,1.677581,1.745227,1.459902,0.246161,-0.736734,-0.128689,2.065603,1.700897,0.324423,-0.391734,-0.932682,-0.0
lato,f,-3.647172,3.350638,0.927628,-1.203233,1.442106,-0.995724,-1.748419,-0.450977,-1.478571,0.922613,1.00381,-0.1859,0.894388,0.122485,0.144071,0.424431,-0.229739,-0.645692,-1.074417,-0.488915,0.243174,0.260092,-0.066441,0.375092,0.405485,0.827527,-1.466468,-0.691791,1.542458,-0.385879,-0.307101,3.766794,-1.466946,-0.630579,-1.1557,-3.061749,0.604121,-0.130543,0.02258,0.73605,0.0
lato,g,-2.116021,0.468706,5.788644,3.160209,1.72552,2.375424,0.263667,-0.637156,1.364327,0.909435,1.628838,-0.569214,1.479217,0.954701,0.569961,2.01219,2.173607,-1.965656,-0.270569,-0.931607,-1.83584,0.132413,3.255698,1.161854,0.647315,-0.016577,-1.992985,-1.657266,0.137532,-0.326016,-0.050405,1.347707,-0.899139,-1.102422,-0.636326,-0.528228,-1.03672,0.706808,0.165374,-0.161177,-0.0
lato,h,1.985219,-0.947241,-0.209689,1.252165,0.969491,-1.206187,0.801691,-0.615906,0.124486,0.478355,-2.861606,3.89612,-0.301662,0.154054,-0.594553,-2.159946,0.377416,0.48772,1.653516,-0.751703,4.02466,1.634569,-0.38177,-0.007844,-1.111589,0.672696,-0.302992,-0.159308,2.240117,-0.414117,-0.847195,-0.22336,0.870554,0.74152,0.338378,-0.305275,-0.298497,-0.021974,-0.231679,-0.14013,0.0
lato,i,-3.497912,0.967595,0.256013,-0.358836,0.255149,1.284869,0.846497,0.655107,0.714467,0.557232,0.012186,-0.511134,1.166149,-1.224688,-1.439504,-0.063219,-0.87763,-2.356953,0.343275,-1.781521,0.040334,-0.501559,-0.005293,0.074539,-1.835223,-1.441103,-0.49336,-0.709691,-1.327943,-0.126525,-0.845508,-0.484448,-1.204726,0.994565,-0.338091,-0.290341,0.166979,-0.18723,-0.196008,-0.627977,-0.0
lato,j,-3.617058,0.357719,-1.77435,-1.670178,-0.412617,-0.976957,-0.087781,1.305615,2.211921,-2.198476,0.143114,0.879286,1.073231,0.84051,-0.690043,-1.055448,-1.929772,0.059747,-0.408736,-0.68934,-1.247319,0.362298,0.617534,-0.979775,-2.205546,1.966759,1.716484,1.676028,-1.733735,0.073938,-0.822476,0.300246,-1.904794,-0.01574,-0.948919,0.985126,-0.734691,0.963486,-0.144725,-0.134811,0.0
lato,k,-2.437469,1.977158,-0.059379,0.816012,-0.122609,3.068311,1.325775,-0.605925,2.101559,0.378477,0.096897,0.544058,0.340928,-1.414703,-0.629397,-0.573951,-2.970258,0.451218,0.504052,-1.060395,0.88837,-0.466615,0.664189,0.230751,2.336738,-0.780418,0.296022,-1.0569,1.054988,0.325029,-0.623209,-2.355249,-1.043652,-3.498641,0.598461,1.185228,0.105901,1.224441,-0.30604,1.660233,-0.0
lato,l,4.25852,-1.311111,1.042624,-0.810348,-0.515093,-0.495075,0.123018,0.319359,-0.111646,-0.048855,0.149815,0.312124,-0.212842,-0.005759,0.010832,0.346565,0.145421,0.044534,0.040937,0.249586,0.027453,-0.259964,-0.056863,0.059274,0.067063,-0.110098,0.526516,0.009469,-0.274406,-0.25172,-0.189676,0.04815,-0.017895,-0.09375,-0.050117,-0.111453,-0.090327,-0.02221,0.140851,0.000389,0.0
lato,m,2.24777,0.959228,-1.46501,1.107845,-0.375904,2.11203,-2.014803,-2.132002,2.174745,-0.337655,0.02185,-0.112683,-1.427637,1.634913,-0.856018,-0.355777,-0.038821,2.846102,-1.62766,-1.329528,-0.840163,0.60004,0.084743,-0.528256,-3.191896,0.222456,-1.274408,-2.737435,-0.902637,-0.948108,-0.774133,-0.280691,0.073176,0.493745,-0.119801,-1.05055,-0.359827,0.33068,0.459827,-1.276108,-0.0
lato,n,2.114126,-0.755164,-0.68012,0.181249,0.681201,0.610397,2.658831,1.625122,2.467296,0.133162,-0.116625,0.451095,-0.409337,-0.189181,-0.074729,0.418615,-1.675257,2.733461,-0.795026,-0.668966,-1.335456,0.641227,-0.926635,-1.047271,-1.012231,-0.193147,0.322991,1.413986,0.380805,1.911152,0.078958,0.403563,-1.025367,0.75603,-0.196157,-0.010944,-0.299909,-0.699287,-0.893493,-0.337797,-0.0
lato,o,0.3891,-0.598597,-0.517596,-0.055572,1.216579,-0.83945,-0.200856,0.280691,-2.239285,1.181126,-0.388422,-0.557965,0.226681,-1.685759,-0.299442,-0.803042,-0.404003,-1.240111,1.951655,1.042212,-1.023699,-0.971127,-1.018085,1.693643,-0.286724,-0.641734,0.342481,0.216712,0.128999,1.068076,-0.106348,-0.531348,-0.241338,-0.538763,-0.413328,-0.660159,0.280333,0.626599,0.048033,-0.199431,0.0
lato,p,-1.796877,1.40924,-0.715002,-2.650014,0.328547,-0.345187,0.11638,1.859354,1.052098,0.396728,1.833001,-0.571302,1.75853,0.615581,0.517027,1.266,1.09736,0.681532,0.144622,-1.105054,-0.494176,1.22586,-0.503708,0.129488,-2.757929,-2.365926,0.187404,0.877238,0.76369,0.803177,0.13263,-0.053438,0.31959,0.359416,0.773348,-0.74583,-2.498572,-0.597866,0.608853,-0.033595,-0.0
lato,q,-1.425753,0.089639,-1.79851,-1.194658,2.199335,0.407727,-1.600419,1.418665,-1.423701,-0.092199,-0.283668,2.694431,-0.961296,-0.901066,-0.694368,-0.413794,-0.155418,1.006924,-1.368024,-2.64662,0.090488,0.943619,-1.26903,-0.367891,-0.256602,0.623865,2.357175,0.621542,2.142681,-0.429784,-0.093142,-0.777701,-0.655577,0.559661,0.016905,-0.263287,1.954835,0.011756,1.246516,-0.20434,-0.0
lato,r,-0.049878,0.524322,-4.768619,-1.528971,-0.137007,0.079918,-0.976553,-1.369569,-1.973677,2.0193,4.629877,0.029618,-3.135361,-0.314422,1.573222,-0.56553,3.135504,1.845203,0.403842,0.855833,1.615344,2.902293,-1.245458,-1.61503,-0.604451,-0.720269,0.490083,0.897057,-1.101148,-0.557434,-0.481231,-0.437374,0.399294,0.669456,0.450126,0.236728,-0.113474,-0.238718,0.179768,0.032263,-0.0
lato,s,3.106953,-1.481908,-1.548008,-0.409642,-0.937833,0.716024,1.997957,2.369775,0.047364,-1.051385,0.322727,-2.705238,-1.051805,2.565876,-0.350798,-2.583473,-0.380683,2.499698,-0.272083,-1.632278,-0.595644,-0.198023,-2.563642,0.341404,-1.215533,-1.17844,-0.375712,1.376782,1.586459,0.94393,0.573508,-0.798768,0.150625,-0.561309,-1.368486,-0.912544,0.577058,-0.68767,1.229919,-1.591796,0.0
lato,t,1.41193,2.416139,-3.548026,-1.442645,0.444589,-1.11414,0.822501,-0.095647,-1.473475,3.257435,-0.796686,0.764989,0.471852,0.479867,1.088701,1.39211,-0.582546,-1.85267,0.484668,-0.431341,0.546373,0.41103,-1.338296,-0.005697,-0.292795,1.970639,0.652783,0.739431,-2.823667,-1.037503,1.552365,1.690596,-0.525924,1.369562,-2.53397,0.089814,1.400896,-0.335798,0.439314,-1.586575,0.0
lato,u,1.327542,-1.971326,-1.212633,-0.320416,-0.172109,-0.412864,2.08198,-1.976304,0.319861,0.776661,0.415644,1.797804,0.194999,-0.159778,1.137537,-1.569931,0.751849,-0.855381,2.030606,-1.410393,0.870254,-0.081168,-1.855751,-1.005808,-0.432567,-0.213271,0.040872,-0.116495,1.650076,1.189681,-0.413151,1.28462,0.396887,1.338523,0.094254,0.88783,-0.727327,-0.394225,-0.328315,-0.428955,-0.0
lato,v,2.784139,-1.354414,0.490461,-1.425311,-2.221473,3.276333,-3.778424,1.283403,0.236997,-1.068525,-0.415108,-0.650163,0.002199,-1.283842,-1.996443,2.184476,-2.122245,0.740229,-0.174584,0.194466,1.999469,-1.547066,1.196581,-1.02914,1.748814,-1.374676,0.636774,-0.352436,-1.564078,-0.219798,0.470507,-0.783294,-0.281506,-0.194335,0.841599,-0.466907,0.310417,-0.050808,-1.401818,-0.897093,-0.0
lato,w,-0.393416,-0.849895,-4.097016,-1.59417,1.788485,1.613854,-0.220364,-3.049645,0.702775,-2.676801,-1.324838,-0.785619,-3.11823,-0.096714,-3.611216,0.801189,1.500081,1.509174,2.513086,1.295611,-0.840145,-1.048493,0.409381,0.26634,-1.779693,-1.446137,0.527855,-1.134934,-1.173482,-1.50292,-1.112689,0.727326,-0.070892,-1.985766,0.257995,-0.016735,0.701753,-1.001721,-1.823751,-1.549697,0.0
lato,x,-3.051585,-1.157375,-0.041868,-0.048621,0.305967,0.992408,-0.511458,-0.120594,0.056326,0.137296,0.028117,0.035156,-0.297979,0.009639,-0.130479,-0.190824,0.009331,0.258944,-0.54859,0.406232,0.308623,0.125641,0.504818,-0.317157,-0.158971,-0.956333,0.103862,-0.49643,-0.259662,-0.033813,0.356035,0.240014,0.109757,0.470471,-0.012172,-0.134481,-0.074843,-0.130913,-0.002929,-0.021421,0.0
lato,y,-4.47886,-2.892415,2.186042,2.978913,2.729202,0.747784,-2.301994,-1.495559,-0.760644,-0.411421,-1.94563,-2.189717,1.021289,-3.088863,0.492016,-0.135776,0.610399,0.883722,-1.940461,-0.843743,2.677796,0.145401,-0.806165,-3.575498,1.049146,-0.757471,2.596837,-0.324609,0.35087,-1.098442,-0.633801,0.281637,1.503511,1.185134,1.161298,0.010142,0.891491,-0.441214,-0.259975,1.098788,0.0
lato,z,2.575717,-1.143486,-0.525804,-0.14262,-0.167779,1.384277,0.690292,0.169217,-2.375703,-0.617782,0.950357,0.115308,-1.208454,-0.610327,0.492815,-0.472116,1.430505,-4.701548,1.777433,-1.887702,1.253323,-1.051598,-1.606083,0.26594,-0.465303,-0.237473,-1.668687,-0.480292,-0.722642,-0.35058,0.500181,-0.466323,-0.792547,-0.231707,1.194056,-0.19882,-0.825925,-0.386664,-0.308957,-0.456471,-0.0
merriweather,0,0.885682,0.473884,-0.352681,-0.137014,0.027865,-0.257417,-0.843312,-1.430704,-0.561944,1.027823,0.685607,0.446715,1.298617,1.652223,0.334418,0.425165,1.692263,1.38724,-0.150422,-0.97414,-0.948753,-0.419776,2.006186,-1.06894,0.589368,-0.224164,0.570432,0.35564,-0.299699,-0.43805,-0.0708,-0.81319,-0.346756,0.835426,0.340963,-0.096332,0.300501,0.632702,0.410903,0.242242,-0.0
merriweather,1,5.922984,0.676494,-0.48818,0.322824,-0.419125,3.240186,0.137628,0.246599,-2.283924,-0.141509,-0.073841,-1.826346,2.683199,0.419298,0.528346,-1.500102,-1.552777,0.203448,-0.866801,-2.189683,-0.27315,2.745898,2.617192,0.285018,-0.236792,-2.29188,1.56232,-0.856639,-0.153607,-0.885517,-0.410091,0.26521,0.222482,-0.200052,-0.887779,0.354635,-0.246074,-0.268664,-0.280375,-0.01393,-0.0
merriweather,2,4.699413,1.822952,1.954657,-1.709426,0.034468,0.015712,-0.456528,-0.328854,-0.918346,1.085431,0.002292,3.462567,1.472032,-1.973231,-1.87411,-1.55538,-1.047872,-0.751725,-2.257388,0.3286,1.839214,0.003316,-1.9245,1.236975,1.687068,-0.179833,-0.347487,0.542869,1.578035,0.876377,-1.094469,-1.122063,0.791072,1.436817,0.758062,1.678956,-1.473386,0.558512,0.035316,-0.554821,-0.0
merriweather,3,0.351195,-4.663051,-2.325668,-1.071491,2.997997,-2.960408,1.278086,-0.334259,-2.944256,-1.285933,1.469843,0.723273,2.502407,0.686813,-0.661845,-1.262752,-1.963963,0.275271,-0.557507,1.694302,0.0472,0.534882,2.344714,1.367966,-0.852924,-1.947934,-1.955488,0.311211,-0.29462,-0.164907,0.247881,0.707247,-0.118108,0.873954,-2.228785,1.306147,0.381825,0.435395,-0.599544,-0.260423,0.0
merriweather,4,-2.24013,-2.316584,4.830319,-1.819933,-0.208604,-1.757164,-3.041906,-0.612734,-0.372445,0.868165,-1.138978,1.794565,2.398913,-1.745302,-0.247302,-0.302463,0.746762,2.563079,-0.010695,0.832556,-0.180248,1.829833,-0.205309,0.112656,1.628612,-2.834927,-0.29372,1.659994,1.879134,1.521792,0.284328,-2.322475,0.572066,-0.456909,0.478275,0.999583,-1.532691,-0.119815,0.302449,0.454024,0.0
merriweather,5,-0.73756,-2.176197,4.804364,0.582783,2.348062,-1.492142,0.006614,0.691266,1.702471,-1.706018,0.893198,0.202589,-1.183338,0.653306,0.577527,2.474183,0.973174,1.628223,-1.63228,-1.056675,2.704121,-0.120964,-1.501162,1.09082,-1.045686,-0.407914,0.908114,-0.010556,1.253663,-2.334292,-0.050663,-0.280122,0.180928,1.357753,0.185235,0.722886,-0.124067,0.562052,0.839767,0.530819,-0.0
merriweather,6,-1.002589,-1.646502,0.791458,-0.112459,-0.935995,-1.260449,-0.206773,2.299307,0.734967,1.401165,1.868934,0.738817,0.892085,0.97093,1.597012,1.076193,-1.617231,1.035434,2.766063,-0.008756,-1.74899,2.870636,0.62818,-1.791555,-1.178169,2.206271,-0.629024,0.645232,0.087068,1.625593,1.187396,-0.310149,-0.610627,-1.071159,1.575227,-0.837537,0.803011,0.111817,-0.124996,0.170127,-0.0
merriweather,7,5.247553,-2.010823,-0.576831,0.314375,0.907455,-0.786722,0.216549,-0.681453,-0.086453,-1.356658,-0.689171,1.142491,-1.781457,-0.861756,-2.348183,0.262335,-0.84402,1.406118,-1.304391,0.322859,-0.74443,-0.467359,0.779993,0.65153,2.06939,0.978315,-1.3621,-1.379408,-1.117161,-0.545093,0.429624,2.876403,1.013631,0.813753,0.947552,0.432566,0.125061,-0.194169,-1.313764,0.321713,-0.0
merriweather,8,-3.393911,1.256338,1.207223,-0.353081,2.032018,0.350266,0.89066,-0.782879,0.513715,-1.464223,-2.542528,4.124972,1.780585,-1.247756,-1.804192,-1.919775,-1.59275,-2.142793,-1.36338,-2.594097,-0.238373,0.322344,0.240943,-2.02902,-1.550958,1.74223,1.645242,0.323436,0.746539,0.155851,0.440417,0.541032,0.044213,0.089864,-0.137283,0.602258,-0.437341,-0.231365,0.383074,-1.009506,-0.0
merriweather,9,-2.077556,2.140374,-0.710299,-0.868503,1.940172,-1.815571,2.020093,1.397908,-1.086758,0.714324,1.096168,-0.458428,0.55983,-0.774158,0.184485,-0.353276,-1.52437,-0.577414,0.6853,-2.411284,-2.12395,-0.494674,-0.929945,0.40731,0.899211,1.560684,0.971694,-0.154142,1.552692,-2.207894,-1.994589,2.030382,-0.857916,0.350013,1.243747,0.821806,-0.160011,0.767535,0.205312,1.346233,-0.0
merriweather,A,-2.013843,-2.029277,1.678009,-2.563498,3.41248,0.087351,-0.034488,-1.505981,-0.590464,-4.097082,2.489084,0.117007,-1.245314,-0.546845,2.751263,-2.500021,-1.717335,0.239266,1.034502,-2.16492,-0.418922,0.983453,-1.502952,-0.580416,0.025306,1.15778,-0.165173,0.675817,-0.141056,-0.347905,-0.836454,-0.74993,2.875498,0.119651,1.908456,0.436887,-0.484057,0.574951,1.291052,0.086019,0.0
merriweather,B,-0.334498,1.997953,-3.614749,1.341948,-0.233746,0.787127,2.291179,-0.676818,-0.401495,0.320188,-2.764366,-0.544519,1.866922,-0.723585,1.003316,1.072217,-0.916159,0.868696,-1.770636,-0.448168,0.30073,-0.573399,-1.039825,-0.755976,-0.186451,2.674831,-0.700863,-0.090077,-0.985234,0.457363,1.825474,0.607675,1.768652,2.076032,0.046497,1.297715,0.267237,1.644235,-1.201096,0.984715,-0.0
merriweather,C,-1.708518,-1.347966,-0.143345,-2.564977,-0.257324,0.563673,-1.636252,0.174677,0.57118,1.518599,0.842702,-0.470134,-1.066387,-0.506105,1.126115,1.350842,0.129757,-0.395175,-0.328105,0.023517,1.19042,0.018248,-1.092176,1.542487,-0.893016,-0.321805,-0.017546,-0.158438,-0.326949,0.196003,1.062286,0.623944,0.003684,0.196432,-0.180476,0.316766,-0.311779,0.385449,-0.054597,-0.21649,-0.0
merriweather,D,-0.609051,1.863044,1.016105,1.668749,-1.20042,-0.929015,-0.126202,-1.171278,-0.901384,1.079681,2.351569,-0.63623,0.301182,0.52988,-0.00746,-0.804273,0.923482,0.111255,-1.765202,-0.936218,0.339704,-1.1551,-0.095681,-1.388162,-0.197921,1.028636,0.397142,0.220296,0.01868,0.52924,-0.144687,-0.878324,-0.199599,0.398198,0.464626,-0.388807,0.137078,0.082194,-0.512105,-0.165874,0.0
merriweather,E,-5.929497,0.66966,0.473795,1.5622,-2.072267,0.282544,0.321602,-0.424725,-0.833634,-0.992965,1.744002,1.395469,-0.319921,1.525115,-1.53475,-2.308217,0.502456,-0.303287,1.589777,-1.680274,0.882737,-0.545537,-0.59618,0.695107,-1.226355,-2.230391,3.037646,-0.050326,-0.333468,1.467465,0.468054,-1.499265,-0.015754,-0.45031,-0.532242,-1.93244,0.851063,-1.312895,-0.670441,0.624981,0.0
merriweather,F,2.964559,1.539496,-2.796229,-2.108465,1.334238,-0.673844,2.435925,1.174388,-1.534307,0.59525,0.808573,0.5196,2.35166,0.607946,-2.065405,-0.159482,3.355387,-1.839394,0.135361,0.28574,1.500487,-4.067665,1.055375,1.00953,0.157842,0.723715,2.522028,0.527415,0.453809,0.15069,1.368709,-0.041244,1.128944,-0.7944,0.002103,0.2201,0.808772,-1.104073,-0.346268,0.338383,-0.0
merriweather,G,1.772324,0.582251,1.091207,0.976768,0.033822,-0.109514,-0.344108,0.924719,0.660295,-1.061938,-0.349872,1.316753,0.091937,0.014981,1.017954,0.560491,0.417152,1.070584,0.591697,0.286062,-0.355123,-0.330587,-1.782814,0.282769,-0.394889,1.892985,1.097322,0.255493,-2.266678,-0.787271,1.373946,-0.813489,-0.326477,-0.636516,0.684918,-1.051496,1.332007,0.845959,0.079478,0.014803,-0.0
merriweather,H,-3.571442,-0.408594,-1.245431,-1.385257,-2.367267,-0.700019,1.254039,0.146901,2.095281,0.436324,-0.160038,-0.376584,1.293789,-0.553035,0.06686,1.442964,1.180768,-1.511786,1.679648,1.855761,3.749,2.058815,-0.327297,-0.103947,-0.118455,-0.446169,-1.755637,-0.315054,0.939494,2.584131,0.056028,1.994154,1.214032,-1.354204,-0.7038,-1.435641,0.276875,-0.150749,-1.540026,-0.014688,0.0
merriweather,I,4.341997,-1.481,-0.221314,1.139894,0.342283,-0.774716,3.718846,-0.464912,-0.697784,0.414682,4.849959,2.244578,-0.821807,0.236199,-0.489003,2.424109,0.549942,-1.476461,-1.55967,-1.242442,-0.286469,-0.130189,0.077535,-0.016949,-0.01426,0.01521,0.002227,-0.004262,0.003926,-5.9e-05,0.000978,0.002023,-0.000472,0.000793,0.000261,0.000328,-6.2e-05,-0.000122,0.000186,7.6e-05,-0.0
merriweather,J,6.671232,3.07729,-4.081636,0.417305,-1.418294,-1.032604,-0.921745,1.437206,-1.410563,-0.139345,1.993562,-1.501162,-0.168956,-0.670373,2.586557,-5.184459,-1.450769,0.646124,1.166359,-0.544228,-0.444774,-2.35007,-0.726378,1.180539,0.233673,0.86847,0.899441,-0.700931,1.450613,0.120072,0.671166,-0.330085,-0.024239,-0.354123,0.108716,-0.247218,0.380025,-0.108828,0.043972,0.185678,-0.0
merriweather,K,2.154281,0.217024,-0.741773,-3.26544,1.586406,-0.879923,3.727993,0.975195,-2.509536,0.80436,-0.566465,-2.82365,-1.471342,-1.90218,-1.621715,1.099948,-2.451928,1.157746,-1.369042,-3.081394,-1.550247,2.56633,-0.127214,1.109731,0.237293,-0.313354,-0.339821,-0.575768,0.686961,0.114559,-2.237691,-2.709681,0.350324,-0.696134,-0.941997,0.744155,0.564898,0.258946,1.122742,0.717467,-0.0
merriweather,L,3.940051,2.946471,-0.440781,-2.129748,-0.42174,-1.189242,-0.649663,-0.111202,1.830626,-0.294797,-1.296613,-1.562717,-1.812465,-0.128982,-1.267383,0.008532,-0.711721,-0.024434,2.10233,0.756656,-1.393237,-0.884815,-0.3186,-0.80087,-1.19184,-2.414477,0.551806,-1.877551,-1.766739,0.071088,-1.598185,1.505472,-0.584327,-1.623621,0.691547,-0.050513,-2.220831,-0.407208,-0.365068,0.440602,0.0
merriweather,M,0.330546,1.918943,-1.48188,-1.306483,4.396756,0.856059,-2.531347,-0.368278,1.371327,-0.895112,2.83809,-2.497982,-0.592943,0.810282,2.479216,-1.09304,2.628756,-0.380314,-0.507927,-1.90581,-0.827826,-0.245634,0.815855,-2.750152,2.098707,-0.465243,-2.13847,2.539799,-1.116508,-0.906074,0.112909,-0.516007,-1.213284,-1.531803,-0.93995,-0.861469,-0.888112,0.163481,1.243417,0.337026,-0.0
merriweather,N,5.463194,-0.635042,1.840717,-0.934938,0.74022,-0.908416,0.769487,-0.248181,-0.537578,-1.221094,-0.510696,-1.687551,0.980774,-1.698935,-1.101329,0.464778,-0.735523,0.330092,1.240593,0.700933,-0.303546,1.607983,1.261965,0.007335,-1.15138,1.370519,1.028953,1.170575,2.113393,-0.210643,-0.979043,0.885356,0.397367,-0.556278,3.662837,0.235177,0.234477,0.260893,-0.234688,-0.348512,0.0
merriweather,O,-0.270063,-0.433794,1.241527,0.241292,-0.174749,2.077868,-1.159011,0.600818,-0.828657,1.068897,1.233836,0.471266,0.457401,0.322095,0.828503,0.117114,1.78552,0.808505,1.18889,0.410686,-0.344183,-0.009286,0.358468,-0.620831,0.121581,-0.238496,0.590955,-0.659569,0.138685,0.253581,0.067674,0.429916,-0.484732,-0.259866,-0.471671,-0.665961,0.604376,-0.183576,0.017632,-0.066909,0.0
merriweather,P,4.342164,-0.690227,-0.465386,2.103241,0.967692,1.021667,2.7588,2.308459,-0.262407,1.327493,0.379994,-0.293353,0.312632,2.078199,-0.791689,0.395958,-3.476364,0.66832,0.397712,0.469188,1.304305,-0.018327,1.987736,-1.258986,0.616296,0.141111,0.862909,-0.007067,0.307948,0.30959,0.547943,-0.879198,-0.529287,2.924543,-0.535928,0.411178,-1.876811,-0.031025,0.533906,0.021601,0.0
merriweather,Q,0.997213,-0.072408,2.173876,-1.413715,0.545329,0.053797,1.532227,1.282355,-1.448462,-1.014686,-0.217105,-0.576109,-2.027092,-0.40352,-0.57942,1.804779,0.765749,1.224287,-1.603519,0.681759,0.726466,0.922271,-0.833012,-0.427853,1.588281,-0.943728,-1.078266,-0.325732,-0.931147,-1.222184,0.068764,0.085591,-0.511868,-0.464794,-0.674167,0.695332,0.200956,-0.128337,-0.523198,-0.385963,-0.0
merriweather,R,-1.11572,2.872485,-0.248833,3.639109,-0.037715,-0.376161,-1.714395,-3.348636,-1.17781,-3.965696,1.495362,3.011855,-0.897446,-1.404825,-0.817821,0.586452,1.189032,-0.511302,1.79348,0.757647,1.660023,-1.547822,-1.353055,-1.473617,1.939459,-0.198057,0.221989,-0.064463,0.235224,0.208701,0.001996,0.569308,1.114798,0.587877,-0.485883,1.35663,0.738875,0.000846,-0.480719,0.946809,0.0
merriweather,S,2.311734,-1.090735,0.311314,-0.005609,2.018266,-0.295868,0.977746,-2.250695,-0.707398,-0.553562,-1.657956,-1.027299,-2.059096,0.183327,0.101726,0.036287,-0.133427,-1.731434,0.04913,-1.188435,0.694416,-0.396795,1.613685,0.1253,-2.282689,-0.217365,-0.074948,0.477595,-0.279385,-1.77104,1.080239,1.216518,1.414092,2.046836,0.561897,-0.524774,-1.485209,1.696072,2.11914,0.968484,-0.0
merriweather,T,6.863034,2.749476,-2.022015,-0.267121,-1.929261,1.902696,2.181414,0.825286,-3.472366,-2.846547,2.136232,-2.205433,0.59428,1.64404,2.136333,1.471517,-0.086993,0.287973,0.164935,-0.228955,1.827768,-0.080079,1.753714,-0.242884,0.160443,-0.21172,0.479903,0.332605,-0.245784,0.318553,0.427143,0.017852,-0.654722,-0.18317,-0.187829,0.583779,0.082553,-0.100647,-0.161832,-0.000936,-0.0
merriweather,U,-3.480536,-1.26774,0.891959,-0.019758,0.511332,1.341302,-0.326761,0.479142,0.518975,-0.435177,-0.775552,0.677574,-0.183868,0.449316,-1.655069,-2.369452,-0.818864,0.137498,-0.190856,0.517502,0.355918,-1.150366,0.632976,0.369711,-1.709207,-0.210935,0.052543,0.560019,0.451501,0.843019,-0.415601,0.740374,0.163683,-1.374281,-0.183436,0.082022,0.395264,-0.279095,0.424418,-0.0555,-0.0
merriweather,V,-3.769119,-0.936228,0.663834,1.779397,1.048314,0.434981,-0.305529,-1.357479,1.468122,-1.360347,1.043599,-0.122219,-0.570788,-1.041143,-0.365111,-0.11618,-1.079128,-0.009508,-0.221196,-2.164847,-2.522947,0.500696,-1.673365,0.331748,1.945394,-2.34458,-0.011073,0.540797,-0.957084,0.543658,1.10719,0.676227,-0.338903,-0.148231,-0.073742,-1.016225,0.65437,0.504379,1.528432,-0.113573,-0.0
merriweather,W,-0.630286,-0.506232,-1.59366,-0.443376,-3.528173,0.948741,-1.819839,2.517833,0.096008,1.54955,1.327929,-1.65785,-4.528249,0.007568,1.172387,1.359169,-2.166283,-0.696833,-0.700559,-1.593384,-2.030921,0.298059,0.128947,0.585444,-1.018953,0.556373,-0.375281,-0.702724,-2.084417,-1.58537,1.588589,-0.190926,-2.667532,0.352757,-0.848493,-0.234571,1.160403,-0.187018,1.411123,2.208009,0.0
merriweather,X,5.594631,3.918862,-1.633156,0.091334,-0.206599,2.811805,2.029199,1.045875,5.568647,0.529175,0.978488,0.036861,0.309008,3.849913,-1.285623,-0.706052,2.175519,-0.444887,-0.033995,-0.377207,-0.184853,0.031613,0.011463,-0.053456,0.034385,0.063128,-0.020987,-0.005681,0.014977,0.020141,-0.002858,0.000433,0.00339,0.00259,0.002475,-0.000994,-0.001825,3.6e-05,-0.000676,-0.000183,-0.0
merriweather,Y,3.651886,3.356808,2.14393,-1.178013,2.326873,-0.624149,0.887829,1.256014,-3.97063,4.277772,0.222501,-1.966476,0.992075,-2.491272,-0.728868,-0.215212,-1.610688,0.304048,-1.211064,2.127072,0.622496,-2.12601,0.006174,1.585351,-0.083182,-1.101243,-1.426654,2.088721,-0.293606,-0.124818,-1.857801,-0.435349,-0.066095,1.011278,-0.094508,1.624934,1.078273,0.400976,-0.377807,-1.192221,0.0
merriweather,Z,-2.414482,2.875047,2.065966,-0.26087,0.198556,0.685738,-1.60831,0.553034,-1.753404,1.664699,1.884123,0.070807,3.100024,1.501744,-0.735337,1.590204,0.141036,1.409425,0.116848,0.712994,-0.605845,1.211259,-0.422097,-1.56646,-0.716953,-0.0501,1.143053,0.438741,1.99221,0.305614,1.168493,0.725275,-0.476395,-0.014333,0.979996,0.066978,-1.540274,0.281752,-1.492489,-0.007981,0.0
merriweather,a,-1.570674,-0.683611,1.282345,2.033595,-0.995163,1.249531,-3.421015,0.131529,-0.816083,1.363644,-0.957541,3.829761,-0.225986,2.59791,-2.65869,0.336342,-0.455444,-0.903167,-2.082245,-0.113514,1.961821,0.006526,-1.631154,1.657033,-0.834135,-0.69691,-0.270061,0.232895,-0.321923,-0.393299,-2.742492,1.833948,-0.202175,0.875704,0.244817,-0.966861,-0.337234,1.390622,0.932612,-0.617084,-0.0
merriweather,b,-3.941309,0.009105,0.116717,-3.040334,0.905984,2.026435,0.338208,-3.137136,-1.493986,2.444192,-2.131285,-1.675421,-0.526707,0.368839,-1.097805,-0.374356,-0.553933,0.816437,0.453044,1.457075,0.047975,-1.260734,-0.06027,0.150687,2.735841,1.33393,-1.391207,1.266511,-0.682071,1.17177,-0.365178,0.319162,-0.594199,-0.144937,-1.173682,0.074996,-0.308515,0.176454,0.73612,-0.104521,0.0
merriweather,c,-2.041488,-3.177299,1.86846,0.719793,-0.098842,-0.486994,0.764158,-1.290624,1.80042,-1.560436,-1.838313,0.130239,-0.706349,0.979478,-0.008453,-0.120282,0.787368,1.090298,-1.069331,1.269951,0.201619,0.139166,1.373101,-1.565968,-0.053028,0.445677,0.233693,1.763903,-0.406181,0.01897,0.849678,0.434566,-1.014538,0.882321,0.052551,-0.240532,0.007767,0.50664,0.508112,-0.090715,-0.0
merriweather,d,-3.484491,1.279331,0.088443,1.31414,-0.411399,3.259443,-1.614324,-2.556314,1.242459,1.513561,1.047747,-0.333318,0.431734,0.759513,1.696187,2.180794,0.309111,-0.384403,1.414284,-0.762294,0.297053,-1.017679,-0.771889,-1.142446,-0.352359,-1.830682,-1.275185,0.432983,0.687529,-0.137272,-1.33133,0.848517,1.043496,0.403828,1.394481,0.709414,0.398904,1.39493,-0.625944,0.452214,0.0
merriweather,e,1.801254,1.340596,-2.451574,0.470633,-3.093625,-0.80324,-1.067182,1.521216,1.109457,-1.385581,-0.734468,-0.768379,2.337115,1.737593,-0.892558,0.104146,2.238564,1.692607,-1.480742,-0.830053,-0.481007,0.097422,0.046531,-1.857937,-0.620224,0.879764,0.853892,0.869265,2.074673,0.696077,-1.391086,1.640301,0.764637,-2.714816,-1.013048,0.612348,-1.839945,-1.451253,-0.843125,-0.176099,-0.0
merriweather,f,4.327965,-1.587499,4.003117,0.452234,1.356388,1.00854,-2.995749,-2.390858,-0.902563,-0.244307,0.555093,2.615883,-0.875246,1.601404,-0.124813,2.274573,5.697579,0.34056,-1.044438,3.354421,-1.58106,0.751592,-0.06551,0.800743,-0.157926,1.128867,1.123803,0.035924,-0.049361,-1.345905,-0.444404,-0.040587,1.246523,-0.214877,0.052625,-0.121914,-0.0247,-0.121037,-0.224725,-0.140736,0.0
merriweather,g,-3.008559,0.77679,3.02721,2.625815,-0.634376,3.33436,-0.149071,2.701542,0.331871,-1.769458,2.10425,1.625705,2.606745,0.572406,2.372481,-2.749947,-1.478961,0.567176,1.033027,3.017919,0.825099,-3.151868,-1.175348,-1.276287,-2.230734,0.20507,0.425336,0.082724,0.87874,-0.380985,-0.279972,0.345291,0.508246,0.312921,0.475028,0.575744,-0.279329,-0.718363,-0.431097,0.352837,-0.0
merriweather,h,-4.331915,0.479883,1.066483,1.84513,-0.241523,0.384687,-1.810104,0.341811,0.356795,-3.060198,1.694703,0.544036,0.949814,-2.356886,-0.100324,0.074008,-1.524032,1.337492,-0.303339,-2.48881,0.332415,2.783327,0.087155,0.422961,0.462727,-1.881822,0.050757,1.103359,-0.038656,-0.717309,0.437197,0.889493,-1.463612,0.689725,0.197387,0.103574,0.512164,-1.151193,-1.212336,1.247967,0.0
merriweather,i,4.76392,-0.480307,3.821593,-1.779076,-1.477835,-1.155733,1.433731,0.621658,-1.571546,0.948719,-0.403046,2.715939,-1.787878,1.065044,-2.759041,-0.56416,1.044226,-0.319082,-0.501732,1.76005,0.776249,0.600956,0.609787,0.540468,0.284746,-1.601051,1.025887,0.11369,-0.638039,-0.768627,0.22141,0.584926,-0.190879,0.088552,-0.200956,0.220295,0.109893,-0.103089,-0.270453,0.0125,-0.0
merriweather,j,-0.768184,1.968462,3.297239,0.536539,0.582558,0.464113,-0.663578,-2.182327,-1.9641,1.091092,-3.03773,1.053491,0.919834,0.364679,1.22043,1.573256,-1.914882,-0.414685,-1.588846,-0.557479,1.529476,0.250224,1.670964,1.414288,-2.01565,-1.123377,0.634024,0.245025,1.030717,-0.880188,-1.306856,0.620265,0.487035,0.359062,-0.710635,-1.070958,-0.267209,0.888823,-0.279586,-1.3149,0.0
merriweather,k,3.386895,-2.113928,-2.05456,0.075836,1.823244,-3.529122,2.277951,2.690663,1.269853,0.808046,0.13447,-0.95633,-2.645136,2.973981,2.24926,1.116967,-0.626742,-0.073571,3.417508,-0.479824,-0.509539,-0.347564,-2.345566,1.848455,-1.036797,-1.311032,-0.005906,-0.192217,2.185088,-1.270297,-0.640401,-2.039283,-0.842193,0.403779,-0.24591,-0.349831,0.156129,0.40958,-0.270345,-0.521246,-0.0
merriweather,l,-2.622073,-1.018241,-2.297631,2.016144,0.163595,-0.054812,0.34572,-0.739161,-0.956465,-2.903567,-1.810448,-0.302604,-0.287758,2.637855,-0.412536,-1.851897,0.549192,-1.890262,0.760426,0.721463,0.042419,-2.158273,-0.161926,-0.677746,-1.687647,-0.499482,0.042789,0.07076,-0.096428,0.002562,0.010929,4.6e-05,-0.002842,0.002194,0.000119,-0.000124,8.1e-05,-0.000197,-0.000195,-2e-06,0.0
merriweather,m,-1.408675,-2.398632,1.09956,1.235979,-0.660054,-0.995589,-2.360338,0.940064,-0.067677,1.329303,-1.919543,-0.440664,-0.25507,0.615881,-1.252118,-3.612281,2.296668,-0.300663,1.871636,0.541694,-0.712207,1.642845,-0.645565,0.170355,-0.41806,0.277371,-0.040229,-0.215889,-0.069789,0.105164,-1.471332,-0.410645,1.203563,-0.178305,-1.166243,1.593626,2.447134,1.122359,-1.008615,0.280356,-0.0
merriweather,n,-3.820606,1.17258,0.364139,-1.736367,-0.077824,-0.253303,1.805575,-1.121088,-0.98515,-0.841307,-0.148796,-1.429648,-0.827738,-0.356325,1.458238,-2.003946,2.656798,0.648789,-0.939803,-0.706722,0.419556,-2.139146,-1.348784,-0.516694,0.934106,-0.378499,0.250556,-1.084725,-0.916985,0.97879,-0.802411,-0.455318,-0.491516,0.757033,-0.292842,-0.812589,-0.066953,0.222301,-1.060148,-0.045254,-0.0
merriweather,o,0.492319,0.488698,1.808037,-1.100176,0.854916,2.055507,0.64677,-1.094313,1.149848,-1.641576,-2.03696,-0.281299,0.649914,-1.405206,1.896608,0.710592,1.11003,-0.292681,-0.491738,-0.568654,-0.08466,0.371141,-0.964285,0.739349,-0.606339,-1.225919,0.501459,0.24321,-0.510391,-0.558985,-0.903574,0.133572,-0.48068,0.131719,-0.546333,-0.440602,0.079653,-0.332251,0.497782,0.084737,0.0
merriweather,p,3.873485,-0.212299,-1.474186,-0.930084,1.747218,-1.532459,0.522533,-0.793185,0.610039,1.132339,2.927363,0.53699,-0.495508,1.041077,0.563579,0.896345,-2.127658,-1.012452,0.314037,-0.23007,-0.451761,-1.492411,-0.135389,0.247659,2.349445,0.28524,0.555051,2.415433,1.201379,-0.796768,-0.878206,0.331393,-1.226277,-0.235514,-1.112039,-1.259627,-0.504025,-0.308376,0.801992,0.614322,-0.0
merriweather,q,1.96902,-3.111756,1.231104,-2.077377,-0.001979,2.59609,-2.230704,-1.495393,0.395009,-1.929878,2.087875,1.53791,-0.358676,3.011388,-0.1768,0.084372,0.961409,-1.424815,0.493415,0.405574,-0.04607,0.063601,0.51028,-2.71346,1.623192,-0.54721,-0.411218,1.13548,0.198666,-0.94848,0.843651,-0.429054,0.602674,-0.988168,1.390926,-0.206802,-0.342018,-0.341688,0.644591,-0.850718,-0.0
merriweather,r,3.008385,-2.893463,-1.143806,3.69158,-0.957109,1.590182,-0.690725,-0.036844,2.983311,0.744165,-0.503319,0.675095,-3.799669,-0.400955,0.197184,-1.789875,-0.47301,-0.633784,1.90115,0.826322,-0.915096,-1.457508,-2.202815,3.104426,-1.157125,-0.967285,-2.516319,1.775867,-0.507011,0.438507,0.358025,0.451745,0.386288,0.045916,-0.108483,0.245599,0.123798,0.503662,0.283388,-0.095391,-0.0
merriweather,s,-1.703208,-1.028813,-1.473277,-0.106427,-0.424228,0.36668,-1.074808,-1.230017,0.301855,-3.382461,-1.331926,1.997046,0.967192,0.451931,-0.62063,-1.561368,0.191347,1.21949,2.659245,1.243123,0.141506,-1.183934,1.770771,-2.231455,-0.226144,-1.621654,1.545676,0.279456,0.396297,-1.341714,-1.490488,0.104951,-1.284366,0.96041,0.463062,-0.864228,-0.723714,1.78398,1.2296,-1.512198,0.0
merriweather,t,2.399596,2.369532,-2.021112,-2.159557,-0.154172,1.682582,-1.683577,-0.778607,1.625313,0.270398,-1.228717,-1.576654,-0.788881,-0.284242,0.15063,-0.921508,-2.222128,0.304616,-1.490973,0.225328,-1.114706,0.246252,0.677817,-0.060314,-1.724638,0.228491,-2.264546,0.037686,1.819393,-2.270744,2.2411,-0.002842,2.526136,2.222558,1.033158,-1.36889,-0.286187,0.703537,-0.00511,-0.587739,0.0
merriweather,u,-1.675141,1.813525,0.404099,-1.023747,1.411269,1.058729,1.650029,0.119566,1.11689,1.342581,-2.394331,-1.472767,2.634184,0.955483,0.338251,0.477181,-1.964894,1.014324,0.291355,-0.35481,1.832479,0.28953,0.110575,1.843295,0.243689,-0.348433,-1.451456,-0.818562,-0.069276,-0.830487,-0.43806,0.944942,-0.076081,-0.400674,0.395986,1.003344,-0.670364,0.316619,-0.386843,-0.071453,-0.0
merriweather,v,-2.91031,0.53572,-1.032575,-2.467696,-1.111925,-1.228847,0.137959,1.278723,0.69156,0.091644,-1.635337,-0.825288,0.74963,0.63129,1.367157,0.55766,1.828724,2.520263,-1.595397,-1.11189,-0.655909,-2.200516,-0.1584,0.525557,-0.770265,1.865475,-0.087887,0.982858,-0.525334,-0.140178,-1.043162,-0.673102,-3.021754,1.515296,-1.002288,-0.085502,0.889916,-0.333285,-0.63814,-0.835413,-0.0
merriweather,w,0.479525,1.121246,2.648037,0.956098,-2.085452,1.188712,-0.21374,-1.069134,3.181273,-1.655669,4.193748,-2.632858,-0.217926,0.366489,-1.474976,1.302887,-1.634112,-0.465642,1.79356,0.688311,-0.975143,0.12832,0.14685,-1.560387,-0.558454,0.685575,3.131994,1.100912,-1.194045,1.098049,-0.954703,-1.040306,-0.992729,0.568407,1.307059,-1.882269,1.066311,2.601349,0.062848,0.920678,0.0
merriweather,x,5.757242,0.514797,-1.109522,2.941553,-0.670175,-0.054779,-0.516551,-0.263238,0.743586,-3.17261,2.133794,-0.981551,-0.049504,-0.290686,-0.125623,-3.777565,-0.321304,2.427845,2.152813,1.610429,0.434212,0.742775,0.07295,0.101748,0.098614,0.106468,-0.035978,0.020887,-0.002764,-0.009541,-0.003767,0.012295,-0.008899,0.000495,0.00282,-0.005013,0.002932,0.001066,0.001169,0.001951,0.0
merriweather,y,1.16065,-2.685699,-1.466792,-1.376445,0.380137,4.320014,1.962941,-0.130782,-1.687253,-0.918661,-0.679442,-0.068812,0.625711,0.897242,-0.395286,0.182927,0.820905,-0.171634,2.388406,-0.004239,1.201731,2.906944,-1.19746,0.582419,2.550787,2.138689,-0.875598,-0.854845,0.809414,2.199875,-2.423645,-1.45587,0.031525,-1.512691,1.082476,0.59455,0.652392,0.992667,0.044802,1.647388,0.0
merriweather,z,-3.518031,1.000469,1.075121,-1.194992,2.211352,1.466116,1.389753,0.20277,1.025215,-0.694936,-0.033421,-0.173261,-0.705459,1.172798,0.777723,-0.317485,1.270608,1.846178,-0.208664,-1.297103,1.334355,0.583572,-0.195867,-1.647191,-0.144691,-0.845223,2.296627,1.46803,-1.175034,-1.375988,2.578087,-0.571416,-1.110761,-0.265748,1.351369,-0.32348,0.372038,0.185174,-0.967083,-0.296187,-0.0
montserrat,0,0.632116,-1.572792,0.024985,-0.591907,-0.392069,1.272301,-0.819246,0.367139,-0.262667,-0.354307,-0.851572,0.302097,0.132198,0.171327,0.225289,-0.917366,0.51603,-0.018468,-0.867379,0.283103,-0.165736,-0.237615,0.007399,0.068958,0.370305,-0.192986,0.100523,-0.80995,0.610895,-0.165259,-0.580022,0.479969,0.889922,0.991822,0.692055,-1.700211,-0.423396,-1.378071,0.721033,-0.737842,-0.0
montserrat,1,-6.026865,-1.963372,3.419643,-0.28273,1.269937,-0.892657,2.395649,-1.426575,-0.368221,-0.814649,1.186349,-1.529565,-0.816531,-2.544328,1.222485,-2.055098,2.524689,-0.765438,1.390324,0.426102,-2.438085,0.313307,-1.850161,1.193229,0.057274,-0.645145,0.001535,-0.854202,0.495114,-1.609586,0.4855,-0.624527,0.223659,-0.218345,-0.145322,1.756735,-0.704047,-0.212998,-0.106999,-0.258402,-0.0
montserrat,2,4.490386,0.203599,-0.211478,0.12635,-1.930014,-1.922741,0.470112,-0.562172,-0.493218,0.488454,-0.371913,-1.828698,1.670342,0.071858,2.799601,0.708074,0.938763,0.394676,1.619888,-2.037532,-1.754027,-0.481391,-0.531496,1.852634,-1.096527,0.497917,-2.113498,0.300388,-0.394509,0.116776,0.214494,1.363649,0.809254,0.622598,-0.025575,3.213151,-0.829198,-0.647687,0.666133,0.750702,-0.0
montserrat,3,2.948319,-2.699375,3.910319,2.603956,4.054933,1.716049,3.609587,2.884605,1.212639,-1.245489,1.870313,-0.914448,1.120744,-1.487298,-3.147206,-0.674731,2.129238,-2.017584,0.986737,1.061673,0.980639,0.755613,0.174566,0.315743,1.771622,0.271847,-0.382955,-0.427605,0.10539,1.495385,-0.90979,0.117295,-0.181447,-0.435799,0.891161,-1.064313,0.471996,-0.518008,0.108046,-0.091841,0.0
montserrat,4,-4.866936,-2.682777,7.634358,0.337371,0.761417,-0.456209,2.015574,0.806581,0.363804,1.037187,-2.482356,-0.131809,-1.177661,2.198911,-0.129536,-0.452145,-0.9351,-2.081824,0.556052,0.477379,1.975028,0.890797,1.438538,0.456431,-0.168567,-1.29375,1.61682,-1.295899,1.373947,-0.274156,-0.82009,1.213803,-1.848416,-0.39476,0.021807,-0.438607,1.331338,0.470438,0.856438,1.824859,0.0
montserrat,5,-2.618845,1.460874,2.190946,-0.063107,0.492221,2.014359,0.429569,-0.50398,1.661433,0.34685,-0.825162,-1.427014,0.04766,-2.774998,1.207089,0.7124,-0.397479,1.749681,1.956884,0.199029,-0.448148,1.594242,0.955568,-0.35992,0.815011,0.803187,-1.933524,-0.41939,-1.388505,-0.024206,1.402726,0.459781,-0.095026,2.768372,-2.094074,0.500298,-0.526093,0.810398,0.373618,-0.875114,-0.0
montserrat,6,2.487348,0.704242,-2.323006,-4.115292,2.861833,-0.839511,-2.363685,-1.417905,-0.150034,-0.99078,1.768404,0.559227,-0.725453,-1.304186,0.130604,-1.957572,-1.301308,2.467396,0.372264,0.012015,1.083618,-2.476092,0.423363,-0.990922,0.073192,0.86454,-0.520092,0.861268,-1.15468,1.884032,1.075387,0.170427,-0.33409,-0.65408,-0.773273,0.692288,-0.625612,-0.04639,-0.010681,-1.506505,-0.0
montserrat,7,8.995746,-3.418896,-0.063013,1.984598,-0.565691,1.465824,-1.112169,0.009859,-0.749427,0.200709,1.806882,-1.737976,0.932903,-1.421132,1.039559,-0.13084,0.540709,-0.135187,0.491023,-0.673597,0.782097,-0.792086,0.552086,0.901215,-1.750221,-0.158187,0.134031,-0.960033,1.326765,-0.725578,-0.085078,-0.564881,1.143935,-0.696598,0.844333,-0.000754,-0.970651,-0.015979,-1.680226,-2.014446,-0.0
montserrat,8,6.752415,-1.499295,-3.110122,-0.31707,1.228678,0.65824,-3.886203,-0.676835,0.733512,-2.646614,-2.579,-0.345915,1.447007,-2.096535,3.264263,-0.527032,2.156617,-0.423868,0.935938,-1.317143,0.030356,1.168894,-0.163402,-0.234418,-0.551301,-0.372351,1.1285,0.384462,-0.43266,0.971941,-0.898658,-0.033407,-0.556158,0.433931,-0.420273,-0.304224,-0.379834,0.642201,-0.429703,0.809307,-0.0
montserrat,9,0.443956,-2.764412,2.08615,1.500957,-0.680678,1.319978,-0.403397,1.637944,-1.346234,0.500581,-1.708792,-3.282365,2.464977,1.621016,-0.936826,1.919291,0.454632,0.655548,1.892166,-1.528724,-0.220402,-0.49683,-1.32645,-1.402761,0.062413,-0.915016,-0.083682,-3.101101,0.964185,1.402913,0.625647,-0.94738,-0.402967,0.800619,0.390253,0.318945,-0.925269,0.048238,-0.01627,0.636616,-0.0
montserrat,A,-5.095874,0.926066,-2.060627,2.089469,1.511447,-0.514141,-0.839314,0.852434,0.903826,-0.624037,-0.772643,0.93361,1.981225,1.047195,0.381146,0.018278,-2.567042,-2.397095,1.847094,-1.700778,-0.940562,1.612612,-1.641474,-0.670707,-0.913895,0.062009,1.924122,-3.024656,-1.069662,0.504655,0.364374,-0.533835,-2.7244,-0.642938,0.919605,-1.437463,1.09948,-1.365081,0.755884,0.532957,0.0
montserrat,B,-2.343307,-3.380982,-0.125432,0.638975,3.680478,-0.585999,-1.06648,1.132997,-0.845737,1.648393,-0.306157,-0.019973,0.439099,-2.698767,-1.065503,0.303677,0.041502,-0.904213,0.383538,1.860499,1.584352,-0.222113,1.784509,-1.526071,-1.67672,-0.11611,3.365106,-1.337798,0.932101,-1.309213,-0.920833,1.193525,0.751629,0.926346,0.703953,0.460767,0.542749,-0.433348,-0.584236,0.828996,-0.0
montserrat,C,0.382453,-0.976202,-1.055139,1.588197,0.267697,0.03806,-0.575092,0.749491,-1.056238,-0.573094,0.309757,-0.248862,0.567251,-0.357612,0.598324,-0.215625,0.408265,0.135092,-0.619252,-1.132173,0.250602,0.482522,0.167277,0.242005,0.206245,0.943919,-1.087293,-0.617374,-0.494425,0.990424,-0.270403,-0.522026,0.46727,1.21717,1.43694,0.118855,-0.321832,0.305613,-0.645812,0.063444,-0.0
montserrat,D,2.612306,0.721466,-1.807598,-0.328417,-0.062568,-0.219188,-0.014798,-0.192981,-0.888432,0.305619,0.053987,-0.307961,-0.510503,-0.215866,0.039094,-0.274731,0.086312,0.128041,-0.244379,0.143938,-0.435714,-0.132922,0.25281,0.554414,0.211768,-0.377083,0.475707,-0.067574,0.579073,0.203979,0.159542,0.253678,-0.02671,0.684061,0.559523,-0.996975,0.631136,-1.838523,1.409896,-0.748959,0.0
montserrat,E,3.621374,-2.37227,0.334045,1.06882,-0.218541,1.811435,0.51188,1.484701,0.816719,1.616159,-0.443892,-2.054955,-0.55595,0.62558,0.755534,0.419951,0.602717,1.042693,-1.120863,1.780838,1.668993,0.683734,-1.586327,1.570325,-0.641423,0.212546,1.102983,-3.084617,-0.46539,-2.003962,0.605781,-0.149289,-0.802809,1.342726,-0.363159,-1.744399,2.324723,0.399542,-0.084257,-0.842441,0.0
montserrat,F,-5.549074,2.440997,0.515166,-2.819805,3.295578,0.398959,0.896934,1.630421,1.012592,1.725444,-0.624025,-2.530811,-0.638706,-1.508546,0.369243,-0.489272,-1.159225,-0.758519,1.833061,1.349661,0.70337,-0.418772,1.791211,0.202608,-2.154185,-0.085335,-0.088962,-1.82633,-0.367057,1.191732,-0.62592,2.62342,-0.222742,-0.393643,-2.048962,-0.083753,-0.793502,0.574829,-1.164197,-0.849308,-0.0
montserrat,G,-1.458706,-0.894589,-2.224998,1.818893,0.029349,0.438469,0.663307,-0.381547,-0.086355,0.434447,-0.589943,-0.808014,-0.144344,-0.814649,-0.106754,-0.128924,-0.187708,0.132021,-1.022368,-0.690184,0.506542,0.216547,0.576046,0.855324,-0.119273,-0.369714,-0.18569,0.082001,0.668395,0.740492,0.569846,0.229899,-0.219232,-1.186312,-0.496532,0.231286,1.662542,-0.011737,1.498916,1.656332,-0.0
montserrat,H,6.662128,-0.065114,-0.986631,-0.360121,0.673289,1.809815,0.649989,-0.677337,-0.913279,1.900307,-2.887571,-0.391116,-0.405023,1.574493,-0.77503,-2.53929,2.196708,-1.985623,-2.046197,-1.252218,-1.64832,0.832038,0.121758,0.55775,-3.091862,-1.037267,0.538083,0.884669,-0.6747,1.459796,1.508706,1.15696,1.088178,-0.409415,-0.385093,0.928114,0.872975,-0.692402,-1.110788,-0.284296,0.0
montserrat,I,-4.632759,0.446361,0.783025,0.04628,-0.029088,-0.187973,0.084211,0.270527,-0.292291,-0.307722,-0.146601,-0.065128,-0.55519,-0.77888,-0.17273,0.161751,-0.125428,0.168606,-0.0987,0.853131,-0.498203,-0.93284,0.642275,0.02339,0.365103,0.482756,-0.518879,-0.192895,-0.096186,0.170991,0.256002,0.010076,-0.025241,-0.021163,-0.018058,-0.002278,-0.029407,-0.012579,-0.008106,0.003679,-0.0
montserrat,J,-3.395562,4.540147,2.686923,-4.316016,1.617355,-1.525963,0.72713,0.929068,0.398483,0.603213,-0.177908,-1.206776,0.632345,-0.845818,-0.104107,0.485769,-0.352498,0.494203,-0.132245,0.355366,-0.127874,-0.130977,-0.320786,-0.635937,0.10412,-0.640266,-0.698254,-0.129785,1.319302,-0.147131,-0.529839,-0.453473,0.539481,-0.80846,0.429057,2.849375,0.967452,-1.209734,-2.326504,0.407287,-0.0
montserrat,K,10.303208,1.858075,-1.260492,0.528674,-4.198276,2.415465,0.565439,-1.020822,1.641586,-0.658602,-0.076901,-1.177456,1.780325,1.617537,-2.867322,-0.35829,-1.750234,-2.460804,2.067344,-2.607935,1.742056,-2.363311,1.693939,0.545625,-1.676252,0.115999,-0.20287,1.341852,-0.328443,0.110863,0.210165,0.524845,-0.401033,-1.056963,-1.037295,0.008899,1.275819,0.41099,0.35471,0.273051,-0.0
montserrat,L,3.126911,-4.196851,4.059676,-0.328697,-1.045424,0.464346,-1.206606,1.128858,-1.89527,-0.621844,-1.709242,1.239144,-0.743323,0.146073,-0.188361,-1.500416,0.433655,0.538976,0.651225,0.196441,0.005876,1.192481,-1.012654,-2.367086,1.552816,0.080541,-0.286005,0.28148,-1.288245,2.188277,-0.748179,-2.201434,0.656871,-0.686248,-0.799295,-0.271479,-0.777764,1.621251,1.592498,-0.398403,0.0
montserrat,M,2.508152,-5.4458,2.263431,2.222658,2.335277,-1.157381,-2.24518,-0.195188,0.632959,0.320329,-2.976928,0.179191,-0.488535,-0.520715,0.751824,-0.830212,-1.422015,-0.281331,-2.230895,1.1138,0.062212,1.675073,1.643238,-2.02254,-1.905249,0.534474,1.78691,0.146832,0.22885,1.167947,1.013333,-1.558534,-1.94277,-0.19879,2.015238,0.140342,-2.80843,0.787268,0.603478,-0.241885,-0.0
montserrat,N,-5.717528,-0.01235,4.036672,2.011649,0.819482,1.684238,-1.417713,0.996298,-2.262342,2.13593,1.696581,1.148109,-0.10942,0.890056,0.297529,2.151929,-0.390854,-1.050471,1.801914,-0.305254,0.427503,-0.640106,-0.785056,-0.553657,0.779174,2.159942,-0.134956,0.177004,0.275993,-0.37005,0.130997,-0.267521,-0.58794,0.51267,0.877548,-0.598548,-2.581564,-0.928575,-0.961486,0.31748,0.0
montserrat,O,2.968892,1.082974,-0.29255,0.237238,-0.041897,0.437009,0.244975,-0.286842,-0.106977,0.193769,-0.096912,0.426889,0.005806,0.557532,-0.625608,-0.733944,0.036022,-0.381887,0.172749,-0.236843,0.57553,-0.593456,-0.434892,-0.533044,-0.162494,0.195768,-0.598272,-0.449989,-0.044129,0.248878,-0.704015,0.098699,0.27568,0.118288,1.118992,-0.785704,0.447516,0.554872,-1.343138,0.622712,0.0
montserrat,P,-3.815696,1.565965,-2.682136,-0.193436,0.192988,1.260479,0.229421,0.846843,-0.522777,-0.298788,0.106942,0.167974,-1.069886,0.967729,-0.669805,1.177982,0.079185,0.392943,1.067523,0.242409,-0.045369,-0.171189,0.783099,-0.079958,-0.871523,-0.997974,0.57085,-1.247184,0.685813,-0.189464,2.768224,-0.426058,0.258897,-0.83034,-0.27647,-0.876795,0.300919,-2.514748,-2.862804,-0.062771,0.0
montserrat,Q,2.168477,1.319391,-0.548312,-0.546061,0.412015,-1.778896,1.044864,-0.686729,-0.447638,1.095607,-0.658727,-0.322777,0.395631,0.701374,0.486639,0.357455,1.022949,-1.134176,0.41983,-0.625982,0.709817,-0.400323,0.318994,-1.338795,0.14883,-0.176311,-0.291779,1.714779,0.567822,0.315376,-1.407508,0.942411,-0.271205,0.618168,0.543751,0.560484,-0.311081,-1.404525,0.046055,-1.467247,-0.0
montserrat,R,5.303936,-2.436877,0.024355,-1.272325,-0.825831,-0.124793,-0.77324,-1.592709,-0.134776,-1.845007,-0.430798,-1.738018,0.606701,1.2165,-1.376483,1.668136,0.224708,-1.431744,-1.51408,0.212663,-4.174372,-0.47128,0.056467,0.101735,-1.44553,-0.726143,-1.255494,-0.566882,0.455283,-0.048103,-0.550135,0.244679,1.68792,-0.296951,1.566255,2.45546,-0.072837,-0.904729,-0.728438,0.231271,0.0
montserrat,S,-3.212394,2.786666,0.104394,-1.866572,-0.942037,0.399483,1.361173,-0.307326,-0.65849,-0.823926,0.907882,2.55937,0.087046,0.166936,-1.599592,-0.863377,-1.462186,2.643849,0.115024,-1.074737,1.844618,-1.173014,-1.677806,-1.664086,0.841384,-1.436676,-0.516763,-1.05563,-1.777033,-0.00251,-0.737069,1.374274,-1.719479,1.198716,-1.330665,-0.143074,0.300628,1.643246,0.869156,0.521292,-0.0
montserrat,T,-1.313543,-2.818696,3.382787,-0.39206,0.049161,-0.115844,-0.363795,-0.472224,-0.69441,0.202312,-1.336222,0.376953,-0.623449,0.593272,0.962185,-0.490811,2.238593,-1.572163,-0.282843,0.121541,0.032195,-0.35789,1.796798,-0.611015,1.652836,0.243668,-1.317391,1.570759,-0.985711,-0.68515,-0.694874,0.19801,-1.736334,1.891648,-1.536832,-0.433362,-0.666593,-0.412216,0.302868,-0.105174,-0.0
montserrat,U,3.647778,-0.909413,-0.394903,-1.291456,-0.207885,0.464447,-0.780195,0.321296,-0.230987,-1.440959,0.201656,-1.163904,0.077824,-0.316329,-0.229213,-0.144571,-0.123684,1.077083,-0.61024,0.382775,-0.813858,-0.115,0.427257,0.433827,0.10314,-0.204402,-0.732372,0.026922,-0.597142,-1.589216,1.021857,0.421193,0.111515,-1.17952,-1.345177,-0.407322,-1.094597,-0.129429,-0.752967,-0.122115,-0.0
montserrat,V,3.295193,-2.525862,-1.093657,0.321562,0.753996,0.719109,-0.726892,1.009792,-1.380743,0.599568,0.592936,-1.107005,-1.218202,-0.768395,0.916686,0.392961,-0.021914,-1.228216,0.188251,1.23827,-1.098318,0.58483,1.279458,0.923095,-2.054227,-1.672597,1.00368,-0.567291,-1.051036,1.164481,0.45505,1.545969,0.346249,1.984083,-1.810462,-0.285859,-0.172128,-0.975155,-0.433479,-0.092975,-0.0
montserrat,W,4.559859,-0.46619,1.363074,-2.06741,-0.557586,2.747309,-1.681275,0.132348,-0.284132,0.276054,-0.374748,-2.572486,2.701657,-0.943405,0.62628,-0.141059,-0.356558,-0.730052,-1.214902,2.72079,2.12622,1.278641,0.728472,2.385602,-1.724434,0.052076,-0.829085,0.886926,1.193813,-0.626103,1.439718,0.229482,0.796939,0.528027,-2.144098,-0.435171,3.600133,0.709132,0.443948,-1.46941,0.0
montserrat,X,-5.077062,-0.711634,-0.461257,0.336998,-0.465993,0.381825,-0.475816,-0.250321,-0.573341,0.14265,-0.813271,-0.544483,0.372585,0.193149,-0.38731,-0.010641,0.484784,2.01603,2.805395,-1.491673,-2.969448,0.780208,-1.258147,0.366483,-0.577952,0.149536,-0.09453,0.039069,0.07315,0.057165,-0.042212,-0.009268,0.00361,0.023755,0.000704,-0.004903,0.001266,-0.002657,0.000718,-0.001503,-0.0
montserrat,Y,-4.59697,7.215472,3.428941,0.789854,-1.379946,1.442649,-1.632633,-2.118184,1.469242,0.823197,-2.074588,0.246183,-4.682203,1.634706,1.622913,0.548214,1.068566,-0.504326,-0.809166,-0.120354,-1.433992,-1.938784,0.65328,0.569063,-0.463244,-1.240787,-1.303945,-0.662282,2.014861,0.794533,0.334918,-0.186173,-1.129482,-1.320881,-0.30091,1.407576,0.459464,-1.599976,-0.150229,-0.2555,0.0
montserrat,Z,3.255114,2.634811,-2.41469,-1.183187,0.111249,-1.193681,-0.784625,-0.760548,0.78181,-0.668063,0.667725,-0.639763,0.157375,1.048892,-0.252546,-1.979743,0.354527,0.448331,2.645018,0.100209,0.402499,1.831831,-0.425103,-2.222827,-1.607949,0.336994,-0.804481,-0.78468,-0.873929,1.273987,0.619092,-1.010154,-2.253192,0.358065,-0.482849,-0.674683,1.320214,-0.843726,0.239424,-0.338148,0.0
montserrat,a,-3.297597,1.641847,1.392202,3.465659,-0.852807,0.659129,1.541253,-0.273866,0.952287,2.969436,0.477458,-1.19089,-2.25531,2.220963,0.129377,0.604321,-1.247947,-2.621481,-1.265521,1.01575,-0.058618,-0.142212,0.237928,0.267758,2.2999,0.750941,-0.084145,-0.287869,0.100273,-0.360538,2.24667,-1.820542,-1.058741,1.147406,-0.074296,0.713816,-0.673218,1.890602,-2.015285,-0.579178,-0.0
montserrat,b,6.159858,-3.956696,-1.180874,1.105347,1.461523,-0.34725,-0.727016,0.334637,1.212168,0.763765,-2.396871,-0.682139,0.938141,-0.976745,-0.24477,1.912543,0.077819,-0.990816,0.805489,1.602046,-0.927527,-1.802055,0.121502,1.310186,-1.183623,-0.009737,1.133223,2.706073,0.765051,-0.276694,0.204793,0.334531,0.221455,1.227146,0.635437,-0.230816,0.067145,0.919583,0.942107,0.072119,0.0
montserrat,c,0.531675,0.925364,-1.137648,-0.41563,-0.279716,-0.794486,-0.88882,0.826111,-0.220865,-0.24155,-0.681352,-0.191088,-0.078348,-0.443482,-1.28052,0.893705,0.213404,0.715341,-0.852901,-0.036698,0.659124,0.535812,0.389936,0.479343,-0.680734,0.563368,1.028289,-0.156483,-0.242959,-0.675634,0.214758,-0.180738,0.056594,0.440599,1.169666,1.9567,2.003482,-0.422923,-0.621338,0.830464,-0.0
montserrat,d,2.324444,-6.036265,1.040211,-0.978375,-1.93504,-0.506784,1.079788,-0.867212,-1.025304,-0.02769,1.691495,-1.615654,-0.107643,-0.94385,-0.583385,0.913434,-0.619975,1.621584,-0.895445,-0.023711,-0.416567,1.894468,0.310111,1.637661,1.459503,-0.728457,-0.563901,0.145597,-1.731016,1.428121,-0.49363,0.805136,0.426997,0.486389,1.271956,-0.611705,0.119261,0.168412,-0.733311,1.309912,0.0
montserrat,e,0.352964,-4.622677,-0.234456,-3.067369,0.445214,1.310573,0.483958,0.250606,1.239891,-3.484318,-0.997586,-2.480594,-1.281538,-1.471829,0.737292,0.0934,1.129875,-0.183532,3.341197,-0.710834,1.898358,-2.393608,-0.939891,0.725652,-0.809575,-0.111624,0.016759,3.320642,-0.286285,-0.730621,0.213599,-0.046913,0.022892,-1.540637,0.936354,0.110158,-0.27506,0.373865,0.554701,0.429863,-0.0
montserrat,f,-8.268783,-4.094813,-1.191535,1.139015,-1.161312,0.776899,0.791173,0.918,0.354771,0.286065,0.752344,0.232324,0.007195,-1.061092,0.14357,0.279199,3.816174,0.016529,1.751691,-1.233363,3.032361,1.426023,-1.218131,0.785124,-2.350211,-2.755048,0.371361,-0.571559,-2.039889,2.005335,-1.09749,1.444167,-0.141646,0.713781,0.01946,-0.206347,-0.170679,-0.376232,0.053525,-0.062387,0.0
montserrat,g,5.833504,-3.375008,0.488258,1.586908,-0.577784,-1.187791,1.086822,-1.044976,0.072032,0.057518,2.374578,0.254952,0.816818,-0.877814,1.797004,0.471253,-0.344807,1.286704,0.051582,-0.145717,0.019858,0.727456,-0.09441,-0.286275,-0.773306,-0.156549,1.682843,0.850003,-0.182598,-0.725863,-0.001401,-1.793893,1.038146,-1.202261,-3.616461,1.094313,-0.382206,0.895983,2.776429,-0.609286,-0.0
montserrat,h,6.105386,-2.556579,-0.9214,2.288036,3.079026,2.556463,0.719628,0.000194,-1.976289,1.827977,0.568942,0.574797,-0.885379,0.176563,-0.49774,-0.254426,-2.223941,2.163737,0.188676,-0.342923,-1.740517,-0.012259,-2.0459,-0.918075,1.076289,-0.205659,1.756923,0.538402,1.030796,1.328153,0.498141,0.667206,-1.1734,0.21383,-1.031687,-0.898731,-0.522228,0.761545,-0.269293,-0.53714,0.0
montserrat,i,-3.913885,-1.006211,-1.947346,0.335011,-0.223039,-0.501174,-0.256901,-0.795589,0.077982,-0.498847,0.820334,-0.935611,-1.412547,0.182586,1.143365,-0.194881,1.518368,-0.577969,0.660509,2.412389,-0.263429,0.817092,-0.493461,-0.242977,-0.427658,0.511935,0.237966,-0.85708,-0.421724,-0.796325,-0.16751,-0.474893,0.675959,0.303376,0.744968,-0.195607,-0.600105,0.525532,-0.667816,-1.497455,-0.0
montserrat,j,2.85529,-4.958114,0.887441,-0.653161,-3.028076,0.419761,0.785164,0.987911,3.727326,-0.642484,-1.368689,-1.073571,1.227115,-0.551627,-2.818623,0.032774,-0.214675,0.680652,-0.441094,-1.542931,0.326179,-1.982602,0.423247,0.040057,0.18457,-1.525673,0.922883,-1.09686,2.143853,-1.633227,0.391355,0.18499,-1.08309,0.776032,0.071201,-0.028906,0.913599,0.072802,0.812963,0.219578,0.0
montserrat,k,9.825277,3.623304,2.83242,0.521814,0.453463,1.147647,-0.446496,-2.120197,-1.133499,-0.340952,0.598261,-0.027645,-0.368038,2.133476,-1.513009,-1.948072,-0.894576,0.178982,0.139959,0.154229,-1.242178,-4.348185,-0.693632,1.475111,3.184425,1.840726,0.684321,1.776713,1.060307,-0.292854,0.35839,0.818474,-0.24709,0.444518,-0.477792,-0.54477,-0.204726,-0.2725,0.313188,-0.251873,-0.0
montserrat,l,4.24833,-1.43566,0.77103,-0.731265,0.024078,-0.872265,-0.071135,-0.148636,-0.045311,0.101367,0.33347,0.552172,-0.438615,-0.140704,-0.1207,0.230577,0.040334,0.245574,0.268072,0.229793,0.153294,-0.318479,0.199389,0.052357,-0.291512,-0.003277,0.269259,-0.233147,0.73978,0.315995,-0.193331,-0.529765,-0.291418,-0.156104,0.158928,0.047965,0.007215,0.010376,0.012242,9.1e-05,0.0
montserrat,m,6.890996,-1.980358,-2.877328,3.779238,0.014051,-0.836066,-0.327604,-1.467423,-5.202726,-0.129479,0.131883,-2.743515,-0.257021,0.167317,0.134428,-1.405168,-1.93916,-0.394238,0.304433,-0.267517,-0.428201,-0.972615,-0.362161,0.941584,-0.309342,-0.364359,-0.495537,-0.638084,0.489673,0.418345,0.952134,-0.319672,-0.49246,-1.030074,-0.749564,0.934829,-1.545329,0.482651,-0.029769,0.304911,-0.0
montserrat,n,5.233139,0.292054,-0.277745,0.522527,-0.209202,2.228473,-0.855101,-1.091512,0.13837,1.601593,0.031123,0.396145,0.510284,-0.602707,-0.449381,-0.068563,1.158256,-0.938198,-0.847548,0.555391,0.638025,0.01857,0.134772,0.809587,0.805125,-0.596449,1.009431,1.348546,-0.530832,0.015728,0.35371,-0.58912,-2.04464,0.081564,-0.257966,-0.606438,1.707403,0.003747,0.526522,-1.789019,-0.0
montserrat,o,1.603642,-1.228303,0.123236,-0.515301,0.325274,-0.660575,-0.731104,0.111823,1.041836,0.537093,-0.18663,1.304049,-0.513986,-0.745479,0.888247,-0.64576,-0.964757,-0.295547,0.711465,0.17138,-0.332026,0.678192,0.913005,-0.671835,-0.49222,-0.801159,0.238179,0.615718,0.206946,-0.217987,0.489114,-0.068423,0.25827,0.257422,1.28732,-0.168759,1.904794,-1.396797,-0.388819,-0.46321,0.0
montserrat,p,-4.949507,-4.719727,0.318033,-1.256735,-0.323121,-0.971671,-0.467616,0.190869,0.178191,-0.084472,-1.220567,0.905222,0.456567,1.562004,2.725876,-0.222074,-0.397653,0.556406,1.263814,-1.070183,0.566482,-1.634319,-1.225088,-0.960519,0.135331,-0.540803,-0.147778,-0.640886,-1.046309,0.199378,-0.553733,-0.81174,1.747364,-1.312178,-2.348767,0.233906,-0.242128,-0.233505,-0.112393,0.399174,-0.0
montserrat,q,-3.332412,4.105832,2.71728,0.689836,-0.203902,1.150972,-0.233782,2.292222,-0.185033,-0.130902,-0.530687,-0.239449,-0.875195,0.132879,0.485098,1.062187,-0.495573,-0.78077,0.041959,0.197087,0.437922,-2.89364,0.144509,-1.507173,0.204406,-0.580409,0.319034,-1.317551,0.840948,0.924723,-2.959822,0.997273,0.347487,-0.259966,0.287134,0.188721,-0.700966,-0.845378,1.610789,0.029745,-0.0
montserrat,r,-3.956249,-4.662582,-3.949018,-1.57266,4.222606,3.449434,-1.767702,3.035619,-4.350005,-0.503115,0.20983,0.262007,0.488621,-2.214119,0.91861,0.311784,1.156146,-2.083392,-1.062495,0.947101,-1.977356,-0.989429,1.397305,0.613437,1.259471,-1.115356,-1.613007,-0.087933,-0.893456,0.322994,0.283734,-1.648844,-0.817039,-0.023241,-0.436451,-0.015293,-0.172008,-0.225669,-0.2517,0.109159,-0.0
montserrat,s,3.636809,1.7207,1.923035,0.007552,1.253007,3.805449,1.301105,-1.326988,0.681446,-1.010632,0.718287,1.308587,-0.800969,-1.475925,2.091098,1.941968,0.827685,-0.337452,-0.495697,-0.718327,-0.66503,0.075926,0.08663,0.754777,0.954099,-1.131063,-1.69539,-2.045615,2.272093,0.372359,-0.372979,0.101403,0.858042,0.656274,-0.430437,1.993542,0.716519,1.389167,1.90666,-0.595316,0.0
montserrat,t,-2.939367,-6.381658,-3.677798,-0.779089,2.896903,2.922374,-1.460086,-0.035539,2.005109,1.708264,3.431697,1.485017,1.250702,-1.070261,-1.964871,0.431844,-1.174241,1.705006,2.360915,-1.650617,-2.392769,-0.22694,-0.394444,-0.106191,0.742591,1.008966,1.33854,-1.215788,0.971117,-1.171765,-0.735079,2.085165,-0.104557,-0.764341,0.061252,-0.485551,0.60672,1.09787,-0.440346,0.386998,0.0
montserrat,u,4.238656,3.225707,0.65817,-1.687505,-0.614285,-1.204388,-1.063045,0.656371,-0.819262,-1.01584,-1.437652,1.638078,-1.056951,-0.792593,-0.420313,1.096837,-0.055922,0.397924,0.288575,-0.599702,0.392443,0.193674,-1.397998,0.651928,-0.064441,1.652916,-1.142566,-2.644867,-0.257547,0.143154,0.99605,0.247329,0.381032,1.038626,0.131986,-0.503441,0.92149,-0.317904,0.729681,0.592337,-0.0
montserrat,v,4.062379,-1.09683,1.702379,0.009697,0.145159,-0.458955,-0.030285,1.989251,1.885699,2.337026,-0.616076,0.993221,-0.867749,1.091298,-1.21722,-0.522949,2.55656,0.872757,-2.386456,-0.432338,-2.137391,-0.468394,-0.748973,0.201188,0.603746,-0.696177,-0.16729,-0.214178,-1.476478,0.745384,1.719381,-0.431278,1.129451,-1.992583,-0.672561,2.224062,0.495133,0.424165,-0.663528,0.473287,-0.0
montserrat,w,-4.062045,2.419338,0.448806,-1.976301,-1.634889,1.292003,1.376642,-0.487782,-0.314154,-0.063678,-1.68102,-1.488892,1.085013,1.497894,-0.449101,0.020134,-3.362735,0.256021,-0.386669,-0.962014,-2.298265,-0.54064,1.267376,3.187882,1.346606,-1.924137,-2.945857,0.777304,-1.909996,1.000432,0.892664,1.665225,-2.246986,-0.918337,1.010712,-1.16284,-1.506777,0.207505,-0.112937,0.766777,0.0
montserrat,x,-5.021819,0.359249,-0.509212,-0.514812,-0.23827,0.620791,-0.5835,-0.044915,0.52202,0.275952,0.103477,0.226688,-0.119615,0.29714,0.370649,-0.044965,0.312351,0.744427,0.022126,0.5914,-0.501387,-0.358385,-0.437264,-0.955691,-2.461605,0.245718,-0.530045,0.341584,0.141,0.215401,-0.164406,-0.009896,-0.016679,0.045651,-0.060635,-0.011695,-0.016951,-0.038301,0.006871,-0.003558,0.0
montserrat,y,2.400216,2.720974,-3.672583,2.26313,2.19547,-2.550084,-1.052103,1.065483,0.491259,1.250167,0.485065,-1.845626,-1.612911,2.968837,1.767337,1.927347,-0.613558,4.517441,1.299409,1.755426,0.921052,0.539375,-0.297755,1.139445,-0.527508,-1.449304,1.222887,0.462528,-0.465961,0.337655,-1.855892,1.397774,0.409976,-0.492869,-1.073902,1.665422,0.032073,-0.807246,0.146075,1.207852,0.0
montserrat,z,4.264057,0.897887,2.158694,-0.065435,0.081447,-0.357987,-0.442629,1.885388,-1.392158,-1.086517,0.978107,0.022201,-0.929024,0.059856,0.059959,-1.771676,-1.669042,1.751742,0.803472,-0.709654,-1.808935,-0.292409,-0.065178,1.2255,-2.64784,0.105207,0.150653,-0.460911,0.964811,-0.484066,0.089609,0.957003,-1.047848,0.118066,0.835954,-0.961082,1.100248,-2.142722,0.099542,1.210081,-0.0
newsreader,0,0.641621,0.490846,0.195856,0.194482,0.007361,-0.231569,0.356868,0.447729,-0.892247,0.066758,0.104862,0.673231,-0.243927,-0.331477,-0.186972,-0.102881,1.653935,0.570343,-0.832516,0.358996,-0.336182,-0.124997,0.263395,1.242027,-0.203012,0.002993,-1.283853,-1.294365,-0.502817,0.15058,0.41859,0.221935,0.283555,0.641836,0.731238,1.899421,-1.070864,-0.435093,-0.327419,0.239349,-0.0
newsreader,1,2.622026,4.069561,1.277134,0.542264,-2.42442,1.694491,5.833688,0.273055,-1.211492,0.592799,-0.739089,1.985418,-1.092015,-1.815149,0.956497,0.627763,-2.213293,2.62524,2.898571,-0.209098,-0.668492,-0.529787,0.111471,-1.276177,-0.50087,1.260198,0.3249,-0.59278,0.052959,0.23795,-0.669886,0.205967,-0.195474,0.099199,-0.872773,-0.334208,0.241229,0.009695,0.153541,0.081587,-0.0
newsreader,2,2.202831,2.591628,2.551976,-3.454916,0.466296,1.35283,2.048833,-0.518777,0.357883,-1.7052,-0.556883,-2.631,0.42097,-0.901529,-0.480675,-0.567268,1.669292,-1.341665,1.218091,0.842565,-1.400553,2.23844,-0.903237,0.179956,-0.467777,1.769524,-1.78599,-0.263726,0.481134,1.364968,-1.929145,0.064753,-0.398469,0.955894,-1.224615,-1.712126,0.094271,-0.486866,-1.21525,-1.035639,-0.0
newsreader,3,9.306843,1.873036,-1.076945,-1.085329,0.399923,0.58009,-1.188506,0.681711,0.667172,0.332788,0.274456,0.6943,2.313787,-0.559575,3.687056,-1.784097,-1.171752,-0.641174,-0.239723,-2.804511,0.202849,1.655481,0.071674,0.764201,2.587434,0.637154,0.796376,0.050277,2.484356,0.038026,-0.133876,2.511676,-0.285128,0.972526,-0.169113,-0.258832,0.88286,-0.732193,-0.07946,-0.294255,0.0
newsreader,4,1.106906,-6.033304,-2.905747,-2.986482,4.722299,-2.093167,2.834198,2.632097,1.204317,-2.158783,-0.891224,2.384238,2.369278,1.478716,-1.994054,-0.03347,0.468664,-1.101008,1.90374,1.600823,0.021658,-0.958766,-0.544914,0.790113,-1.811913,0.70732,-0.528203,1.66757,-0.311753,0.696155,1.378776,0.144713,0.044217,0.762544,0.267419,0.582325,0.265329,0.259557,-0.081644,-0.385948,0.0
newsreader,5,7.650079,-0.184925,-0.733015,-1.570486,-0.661251,-0.550441,0.486789,-1.082508,-1.36674,-3.119281,0.617024,2.363586,-0.883765,-0.137365,-0.942895,-1.161694,0.571507,2.403345,-1.550285,1.384521,0.094831,0.021034,1.329094,0.674516,-0.189876,-0.031373,-1.093516,-1.348474,-0.61761,-0.086841,2.242753,-0.221834,-0.480398,-2.262812,-1.72313,0.92784,-0.462583,0.102906,0.687677,1.064252,-0.0
newsreader,6,1.74692,-2.867576,-1.422199,-2.017222,1.312818,0.067291,-0.185142,-1.57049,-0.094975,2.415199,0.05816,-3.277682,-0.589758,-0.037851,-2.009108,2.955365,2.336135,1.008582,-0.184768,0.303275,1.531862,-0.606532,1.247124,-0.437044,-0.141887,-0.080988,-0.419233,0.359508,-0.601913,0.118854,-0.857331,-1.745505,-0.305538,0.616934,1.02911,-1.937666,0.762563,-1.198377,-1.003473,0.815508,-0.0
newsreader,7,7.310614,-2.269224,-0.285701,0.680781,-0.713675,0.388186,-0.887664,-1.013347,0.279297,-0.823043,0.640476,-1.102868,1.253487,-0.133289,0.336599,0.168604,0.83622,0.977326,0.699202,-0.844623,0.625352,0.052419,-0.148927,-0.212908,-0.467426,0.436146,-0.205804,-1.350719,0.760507,-0.096732,0.518183,-0.639921,-0.193348,2.075986,-1.130193,1.742009,1.312733,2.171352,1.137377,1.275645,-0.0
newsreader,8,0.462228,-4.155376,2.199136,0.212323,-1.227927,-2.134273,-3.303105,-0.636183,1.860201,-0.076165,-0.44412,1.779691,2.688256,0.925023,-0.683164,2.951168,-0.042991,-1.469995,0.033763,-0.492012,0.283094,-1.281758,-0.685606,1.7569,3.116227,1.087552,-0.245864,-0.640041,-0.539726,0.344108,-0.022159,0.003714,0.31576,0.587969,1.481439,-0.362581,0.819253,-1.170648,0.676755,-0.905188,-0.0
newsreader,9,0.819577,1.20576,2.46997,2.191264,-0.351411,0.302868,-0.721704,3.327082,-0.294524,2.079467,1.679074,-0.869892,0.396003,-3.336649,-0.558837,-1.918736,-0.18789,0.614151,-0.340469,1.901086,-1.268214,-1.445408,-0.119146,0.579629,-2.30511,0.525136,0.812449,-0.52593,-3.199012,0.838406,0.382102,0.445171,0.220415,-0.115583,-0.13963,0.116428,-0.244491,0.551167,-0.655281,0.666228,-0.0
newsreader,A,7.401927,5.650086,-1.701356,0.89217,-1.371835,-1.528314,-2.064188,-0.120292,-1.273151,-0.307235,-0.507957,1.202205,0.588831,0.597053,-0.257637,-0.964376,-1.935304,-2.394963,0.904301,-0.519352,-0.201546,1.322698,0.085333,-0.702088,-0.200634,-1.093544,0.918397,-0.835795,1.300434,-1.411451,-0.792321,1.63294,2.054693,0.960347,-1.112579,-0.216848,-2.026666,0.180744,-1.24669,-2.142563,0.0
newsreader,B,7.00436,-2.265549,2.883676,-0.150939,0.616295,-0.218728,0.003047,0.337233,0.996051,-0.783767,-0.693329,0.78785,0.295061,-1.624212,-0.456583,-1.646227,-1.374966,-0.010431,-0.777855,-1.271781,-0.258486,-0.124775,-2.958575,3.351993,1.317056,0.075841,1.387743,-0.236672,0.231365,-1.016186,0.778724,-0.715729,0.644565,0.004334,0.868167,0.298178,1.892921,-1.052742,-0.627085,0.780128,-0.0
newsreader,C,-2.394031,-0.72472,-1.043101,-1.050408,0.01823,0.279583,-0.235973,-0.083784,0.282163,-0.180953,0.513503,0.09734,-0.430575,0.222363,0.378531,0.804502,-0.061126,0.6111,-0.979449,-0.252722,-0.376276,0.830912,0.229844,-0.236268,0.347796,-0.09817,-0.026973,-0.267565,1.113409,-1.193599,-0.258575,0.307745,0.307887,-0.094684,-0.421391,-1.043135,0.493471,-0.318032,-1.508707,0.294529,-0.0
newsreader,D,0.637815,1.890664,1.666319,0.696365,0.620752,-1.379194,-0.359063,-1.458097,0.940372,-0.086052,-1.194586,-0.438683,0.41275,-0.24514,0.283904,0.930101,-0.897855,-1.062468,-0.272034,-1.160259,-0.542983,-0.448993,0.063441,0.510148,-1.652327,0.457554,-0.89736,-1.448552,0.521882,-0.813455,-0.222251,-0.051867,-0.680297,-0.988616,-0.20957,-0.218484,0.295066,0.282834,0.420018,-0.448437,0.0
newsreader,E,-3.757458,-4.925018,-1.55752,-2.933476,-0.408187,-0.773944,0.964615,-0.269336,-1.746633,-2.14279,1.451223,0.24034,0.765957,1.40556,1.242062,1.426452,1.166624,-1.12348,-1.621919,-2.165237,-1.847449,-0.91989,-0.657715,0.394384,0.257901,2.754051,0.748755,-1.565533,0.395173,-1.459881,-1.246684,-0.536533,1.453952,0.22651,0.180224,0.263853,-0.228413,-0.326042,-1.263707,0.613506,0.0
newsreader,F,0.408781,0.50778,-1.230478,-3.495583,-0.250769,4.070519,-1.044559,1.257105,-0.559145,2.174965,0.0627,1.670341,-3.330154,1.408729,-2.246414,-0.721292,1.197183,-0.762705,-0.411017,0.419763,1.165901,2.162361,1.883653,0.878238,1.518164,-2.263453,-0.634714,-0.48151,-0.482544,-1.442117,-0.8996,-1.600274,-1.468423,-1.186025,0.042965,1.208518,0.308127,-0.110042,-0.75453,0.224789,-0.0
newsreader,G,0.632437,-0.940447,-1.403439,-0.65841,1.117063,-0.727371,-1.143333,0.611276,-0.438735,-0.901948,-0.225679,-0.444316,1.237708,1.277403,1.006555,-0.946568,-0.16382,0.555282,0.385943,0.469468,-0.228207,0.171094,0.403756,-1.119105,-0.733683,-1.555432,1.20374,-0.438707,-0.232741,-0.452912,-0.568812,-0.085065,-1.696865,-0.80419,-1.15807,-0.850744,-1.488629,1.205383,1.018972,-0.06158,-0.0
newsreader,H,-0.574563,1.139949,-1.290911,-0.545,-0.678842,-2.571599,0.40508,3.054588,-1.877393,0.19722,-0.783373,-1.813873,-0.760559,-3.559537,-0.744613,-0.17631,-0.226354,-0.153687,-1.816349,-1.734213,1.325663,-0.837685,0.276643,-1.623085,0.636179,-0.35893,0.806759,-1.832829,-0.564775,-0.677071,0.851909,-0.985412,1.936643,1.673035,-1.309925,-1.557094,2.378894,-0.289151,0.332012,-0.782966,0.0
newsreader,I,4.233446,-2.522467,1.673025,0.380071,1.245286,1.171167,-1.245428,-0.756465,-2.823526,1.471778,2.26541,-1.856377,-0.669569,2.589571,-0.998274,-0.473957,-1.57249,-1.378982,1.838121,2.302585,1.566775,-0.037644,-0.041508,-0.014411,-0.015158,0.015318,0.002711,0.000847,0.00168,-0.002323,0.00082,0.000689,-0.001462,0.000734,0.000239,6.9e-05,0.00013,-4.9e-05,-3.3e-05,-0.000103,-0.0
newsreader,J,4.121785,1.334249,1.001482,1.643712,-3.631613,-1.192103,-2.438396,-2.335681,-2.329633,1.112976,2.919953,0.620774,5.072875,-1.151517,-1.427046,2.228245,-1.729393,0.261784,-0.07777,-0.713301,0.443172,0.701265,-0.130212,-0.745249,0.751999,0.610306,1.224991,-1.180498,0.062823,-0.768776,-0.157846,0.129663,-0.00069,-0.330033,0.477487,-0.317588,-0.24301,-0.661654,-0.02904,-0.061582,-0.0
newsreader,K,-4.289308,0.756339,-1.396843,-2.512119,-2.612529,0.514808,-2.441946,-1.35738,2.365757,-1.714412,1.164805,-0.207509,0.587252,-0.088834,-4.614281,0.353272,-2.370868,2.151991,-1.012125,2.469266,0.142111,-0.435318,-0.181006,1.878351,0.589797,-1.583326,0.118452,-2.292088,-1.416378,1.613324,-1.123743,0.834738,2.316866,0.419129,1.057389,0.214702,-0.178161,0.371009,-0.114912,-0.304192,-0.0
newsreader,L,5.422243,5.919279,-1.122981,5.172836,-0.240773,-3.42105,-1.390466,4.071016,-0.937828,-1.746808,1.249598,0.190185,0.122088,-3.425911,-2.445918,0.013883,-0.723907,1.500127,-0.453002,-0.806991,1.028871,-1.710679,0.848254,0.638544,0.189793,0.891991,0.629541,-0.086611,-0.039753,0.521808,-0.470355,-0.118567,1.002531,0.49414,0.465927,0.099181,0.039869,-0.040652,0.591198,0.149033,0.0
newsreader,M,3.138616,1.874007,-1.759047,0.645607,3.813405,-0.653139,-0.523089,0.793638,0.352154,0.939187,0.258635,-0.354396,-3.403306,-1.669958,-0.785688,1.595422,-0.419132,0.204692,-2.14527,-0.174447,0.425372,2.356651,-1.52752,1.384106,-1.468553,1.039924,-0.612823,0.39759,-0.399692,-1.14205,-0.295084,-1.400137,2.103687,2.351211,-2.584686,0.695254,-1.495591,-0.975213,-2.019991,0.763392,-0.0
newsreader,N,1.003113,-1.409628,-0.087926,0.45621,-1.267747,1.585215,-0.583289,0.605683,0.560326,-0.315808,0.859007,1.154576,1.23515,-0.205314,-0.496199,1.581243,0.466331,-0.766256,-1.072159,-0.352483,2.063231,0.353897,0.389966,-0.588317,-3.352348,2.603226,-0.616137,-1.142839,-0.833511,-0.082088,0.684638,0.265798,0.796687,1.01222,-0.185607,0.659268,1.181565,0.470878,1.784247,1.642487,0.0
newsreader,O,1.222461,0.289375,0.00066,0.243836,-1.120628,-0.045274,-0.074382,-0.7121,-0.069889,-0.014591,-0.336268,-0.089498,0.322113,0.601266,-0.070291,-0.209165,0.072798,-0.432321,-0.260735,0.205016,0.512999,-0.798113,-0.449691,-0.974106,0.991722,0.637266,-0.714911,1.116937,0.112053,0.69369,0.849918,-0.373321,0.149876,-0.06024,0.254418,-1.224298,-0.101551,-0.215603,1.057081,-0.233808,0.0
newsreader,P,3.508219,4.435358,0.793558,-5.176797,1.97445,-1.637025,2.539135,1.092485,-1.489019,-2.380119,-0.42557,0.764849,-1.583573,0.14398,0.394115,-0.661086,1.805152,0.183134,-1.439448,-1.070362,-1.13903,-0.651422,0.441814,-0.201545,0.839314,-1.141716,-1.693507,1.878118,0.258114,-0.576581,1.1339,-1.047236,-0.682086,0.101533,-0.046155,0.273429,-0.880755,-0.512849,0.818891,-0.039776,0.0
newsreader,Q,1.03529,0.582841,1.355791,-2.061796,1.296034,-1.266269,1.298092,-1.211662,-1.145259,-0.995006,0.539091,0.52992,-0.905239,-0.258776,2.285005,0.757425,-1.522918,-0.768988,1.451245,-0.372502,-0.114618,0.394452,0.880456,0.09606,0.819331,1.158531,0.825552,-0.587526,-0.144571,1.382376,-0.187894,0.674926,0.272209,-0.339805,-0.754433,1.250726,0.225874,0.088967,-0.055443,0.991907,-0.0
newsreader,R,-3.385569,1.381727,-1.309487,4.734611,2.544425,1.089802,0.414634,-0.301913,-1.880138,2.478766,0.596726,-3.047067,-2.853825,1.793164,-3.297317,-1.559631,2.215214,-2.391397,-0.150378,0.065452,0.933338,0.555274,-1.100358,-0.212307,-0.983235,-0.003549,-0.039552,1.543693,-0.287161,-0.753927,-0.443248,-0.108546,-0.431246,-0.210363,0.746931,-0.32641,-0.451791,-0.562343,-0.130638,0.486443,0.0
newsreader,S,1.669333,-0.704581,1.937016,0.947175,-1.410769,2.648329,-1.47748,-1.189154,0.497463,-0.714137,1.623562,0.698594,-0.289359,0.770125,0.344136,0.331603,-2.455959,-0.879235,-2.143052,0.719365,-1.23369,-0.850562,-0.097813,0.116316,1.50593,0.205331,0.381352,0.692793,-0.004775,-1.001718,-1.60118,-2.473668,0.558795,0.686517,1.913543,-0.051932,1.621878,2.140522,0.575012,-0.936846,-0.0
newsreader,T,6.437014,-6.277849,-2.159269,-5.118728,-2.016666,-1.258551,2.514978,-2.659282,1.977731,0.980552,1.622275,1.800003,-0.040043,1.827496,-0.977291,0.625338,0.728809,0.490763,-0.851946,-0.691045,0.001164,-0.065069,-0.920124,-0.227556,0.174006,-0.359084,0.389548,-0.024019,-0.100629,0.014458,0.089796,0.317728,0.213994,-0.012046,-0.082994,0.031232,-0.254601,-0.199398,0.120862,-0.159624,-0.0
newsreader,U,-2.900784,-2.176678,0.772145,-1.250646,-0.512339,0.378308,-0.349241,-0.399135,0.700231,-0.951525,-0.747155,0.217162,0.325323,0.340485,-0.255386,0.195443,0.974472,-1.045028,0.571467,-0.301934,-0.591812,0.476873,-0.478319,0.496207,-0.739681,-0.950385,0.075546,-0.547211,-0.214397,-0.125741,-0.784758,-1.071251,-0.713699,-0.072981,-0.288831,-0.37553,0.666221,1.62455,-1.26074,-0.019562,-0.0
newsreader,V,-3.263294,-1.788441,0.159881,-0.15502,1.115555,-1.274924,0.120072,-0.715783,-0.052952,1.159582,-0.429772,-1.072377,1.130826,1.847647,-0.676581,-0.20781,0.105752,0.813953,0.908951,0.559903,-1.417992,0.045321,-1.0246,-1.479097,-0.109517,0.347907,2.564869,0.214146,-0.509014,-0.420964,-0.328794,-0.425893,-0.668855,0.069793,0.955282,1.207707,0.922296,-2.709095,0.281457,0.545022,-0.0
newsreader,W,2.359009,1.192052,-2.740729,0.465249,-2.481979,-0.149402,-0.416313,1.166788,0.063688,1.237708,-1.259352,2.81899,-2.166696,0.129554,-0.624801,-0.120569,3.049741,1.093524,-1.079338,1.761294,-0.310824,0.578692,1.024218,0.054308,-0.389752,1.008763,-2.003742,-1.309117,1.239959,0.730838,0.588676,3.332629,-0.646861,0.985008,-1.76515,1.728791,-2.068018,2.124816,-1.080613,-0.677646,0.0
newsreader,X,4.890382,-2.781508,-2.308391,4.120237,-2.469111,-1.909661,-1.649701,3.368866,3.023145,-2.196681,2.881304,1.002908,-3.23007,-2.252091,-0.453882,0.577157,-1.17613,0.338504,0.461546,-0.130569,-0.052873,-0.311909,-0.170684,0.208072,-0.077002,0.025819,0.040879,-0.027795,0.0105,-0.007673,-0.003973,0.000788,0.001207,-0.003542,-0.000995,-0.001503,0.00244,0.002033,0.000572,0.001299,-0.0
newsreader,Y,3.733484,0.137223,0.057353,0.795353,1.195242,1.006011,-0.238163,-1.466277,-0.806332,0.468001,1.981762,2.790048,0.152094,-0.881497,-0.097132,-0.442197,0.302341,-1.8086,1.668763,0.567391,-3.820638,-2.274449,-0.970746,0.512657,2.25423,1.209884,-2.301941,-1.762261,-0.129886,1.67997,-1.202798,-1.07408,0.939071,-0.953088,1.017266,-1.487184,-0.914629,1.622034,1.138192,0.356225,0.0
newsreader,Z,-4.202733,-1.240174,-2.69315,0.708846,-0.677461,-2.45364,0.707218,0.342331,0.945486,0.466183,1.640704,0.869238,-0.234099,-0.559084,-0.04932,0.313768,1.327774,1.935094,0.171337,-1.372923,-1.636223,-0.859085,1.998982,0.964448,-1.769595,-0.508746,1.038563,-0.619703,-0.801893,-0.317126,0.602585,0.393434,0.581198,-0.147143,1.45022,-2.146375,-0.448557,-0.083492,0.668909,-1.365752,0.0
newsreader,a,-2.14937,-2.51256,-1.413945,2.585247,1.609172,-0.218902,-3.63835,-1.650284,-0.754122,-3.740074,0.389367,-2.240667,-0.314517,-1.809209,0.865351,0.684209,0.806422,-1.240698,1.173933,-1.718899,-0.589561,-0.16156,-0.348716,3.79729,0.16617,1.582422,-1.721931,0.908829,0.782091,-1.078335,0.387232,0.409712,0.438208,-1.197306,1.087588,-0.149442,-0.641511,0.814001,-1.033478,0.164209,-0.0
newsreader,b,-2.484863,-1.739232,0.501839,-2.060713,0.500488,1.485975,1.605474,2.121055,1.620485,0.575817,2.246744,0.009163,0.210863,-0.126845,-2.036201,0.236941,-3.752177,0.081211,0.756207,-1.818183,0.469808,0.789576,-1.112863,0.58107,0.397928,1.452939,2.002511,0.631245,0.827425,-1.357096,0.864501,0.857338,0.091895,-1.148555,-0.131595,-0.561985,-0.164214,0.559228,0.090873,-0.451746,0.0
newsreader,c,1.09006,-1.338605,-1.316669,-1.132498,-2.216727,-0.083155,0.874854,1.378776,0.124241,-0.583341,0.907637,0.484258,-1.447092,-0.631294,0.790159,1.073931,-0.46876,-0.022567,-1.01536,-0.645182,-1.58008,0.173038,0.065101,-0.519383,1.777254,-0.239508,-0.330789,-0.402414,0.651251,-0.455211,0.044338,1.314801,0.016009,0.561512,-0.84244,-0.573764,1.097484,-1.356752,0.774611,-0.050871,-0.0
newsreader,d,-1.204907,-1.260721,1.939986,0.12524,1.367751,-2.668703,-1.715555,0.298536,-0.904101,0.344615,-1.709712,1.288672,0.42792,-1.789683,-0.358952,-1.175836,0.276708,-0.223241,-0.289192,-0.045522,3.223779,-0.371034,0.704416,1.074191,1.450585,-1.46954,-2.346086,-0.442518,1.009848,-0.895081,1.739923,-0.177818,1.029538,0.292349,0.238938,0.46857,0.359749,0.653188,0.876062,0.365182,0.0
newsreader,e,-8.976667,-0.628324,-0.108369,0.782059,-1.349463,1.649619,-0.759502,0.134927,0.216368,-0.219105,0.819492,-0.253046,0.746917,0.200117,-0.015974,-2.231891,1.597815,-0.439792,-0.808094,1.405804,-0.216462,-0.668682,-2.298404,-1.30504,2.869961,0.62652,-2.442033,-0.970456,-0.672211,-0.965847,-0.317788,-0.773534,2.322699,-1.488127,0.108418,-0.062128,1.78519,-0.060293,1.473473,-0.872599,-0.0
newsreader,f,2.555677,-5.336688,-7.897356,-1.091337,-3.360082,-0.375189,-4.139117,-2.339853,-1.742628,3.695729,-1.397866,5.301681,-0.061197,-1.23018,0.4596,-2.815801,-0.376834,-0.387514,-0.331838,-0.660209,0.644877,-2.42778,0.137034,-0.234151,0.226699,0.193969,0.042611,-0.046894,-0.30007,-0.212779,-0.187245,-0.102224,-0.044449,-0.562184,0.201946,0.053528,-0.036453,0.040781,0.120132,0.024531,0.0
newsreader,g,-5.13074,0.788576,-0.789718,1.183311,-5.378234,0.980644,2.143649,-5.4719,0.049391,-0.812551,1.187778,-2.676503,-1.581083,-0.997752,-0.264719,0.450478,0.373419,-0.70354,-2.434592,1.669968,0.46522,-1.098407,-0.25877,-1.609265,0.403806,-0.875277,0.860099,-0.027832,-0.213617,2.062663,-0.169307,0.922629,0.73473,-0.610703,0.882993,-0.216761,-0.351442,1.009385,0.254985,0.24217,-0.0
newsreader,h,-2.755097,-1.267924,0.238162,2.079157,1.374535,-0.43602,-1.440102,0.142391,0.767117,2.111701,1.149587,1.891483,-2.305688,0.386343,2.133512,0.846916,0.613809,2.403549,-1.605232,2.047531,-1.339207,0.873318,2.041691,-0.994991,-0.76356,0.536271,-2.005166,0.167174,0.467539,-1.723413,0.030582,-1.73386,-1.096258,0.301699,0.032048,-0.039081,0.801371,0.42099,0.209868,-0.319565,0.0
newsreader,i,3.824821,-2.85874,1.76613,0.059799,-0.445646,2.455109,-0.833115,-1.019818,0.736636,-2.241047,1.957157,0.286706,-2.855925,-1.754713,-1.868902,-2.039867,1.191299,-0.755779,0.331196,-1.133023,-0.092456,-1.058852,-2.015138,0.279088,0.287555,0.190358,-0.884959,0.66286,0.816563,0.401012,-0.144478,-0.12819,0.362482,-0.17845,0.030379,0.284034,-0.193051,-0.018438,0.01061,0.038134,-0.0
newsreader,j,-2.138354,4.001707,1.339575,0.448831,-0.776756,-1.475355,-3.602011,-1.118325,1.256156,0.814503,-0.247725,0.451799,-0.751614,0.601872,1.239294,-1.70403,-3.177283,1.593362,-1.216456,-0.516407,-2.039554,1.778958,-1.476816,-0.452834,2.010461,-0.702018,1.285796,-1.368177,1.472534,1.434444,0.356271,-0.818104,-0.250848,-0.335491,0.360867,-0.42326,0.048081,0.260889,0.147291,0.316393,0.0
newsreader,k,4.115657,-3.61465,1.496743,4.055342,-0.632589,-2.87734,4.933522,-2.01123,-3.123842,0.616328,-0.615715,-0.207058,1.323317,-3.551878,-0.388947,1.337386,0.9776,1.768439,-2.182414,-0.028421,1.843922,-1.67562,-1.894623,0.639752,-1.285473,-1.469426,1.553651,0.226594,-0.20341,1.062576,-0.011836,0.092344,-0.288684,-0.792347,-0.01895,-0.407743,0.548963,0.259352,0.410655,-0.393931,-0.0
newsreader,l,-3.003137,-1.322962,-2.365858,1.757635,0.62448,-1.303308,-1.534193,0.179026,2.276002,0.911888,-0.900753,-1.725459,-1.447141,1.231347,-1.760425,1.154532,-0.946044,-0.793751,-3.140556,1.481291,0.395684,0.797445,-0.536562,1.538695,-0.394784,0.141579,0.185113,-0.192261,0.040905,0.015614,-0.015734,-0.003962,0.00927,0.001216,-0.000725,0.000108,0.000135,-0.000289,-8.2e-05,-2e-06,0.0
newsreader,m,-2.562681,-3.825993,0.432677,0.73841,-0.092999,1.159148,0.657936,-0.069115,1.124014,-0.66313,1.152963,0.031254,1.184095,0.259199,1.75452,-0.092449,-0.251603,0.918247,0.822254,-1.817592,-1.383852,0.010667,-0.422886,-0.856247,0.356963,-2.002283,2.92756,0.686726,0.9175,-0.669674,-2.30773,1.224853,0.421111,1.259456,-0.21218,1.431258,-2.161114,1.045724,0.575314,-0.153553,-0.0
newsreader,n,-3.367067,1.608823,0.416778,-2.449855,-0.293091,0.077983,1.189733,-0.263627,-0.580385,0.541006,0.990817,0.292409,0.377821,-0.056511,-0.516689,-1.281988,-0.846028,0.070408,2.021272,-0.383747,1.453703,2.469585,-0.517489,0.061347,-1.023446,-0.343806,-1.970931,0.180758,-1.506653,-0.59358,0.185281,0.016974,0.190889,0.650815,-1.999681,0.335602,0.86015,-0.139515,-0.227979,-0.343496,-0.0
newsreader,o,-0.018079,1.402308,0.967657,-0.251203,0.414858,0.233354,0.450745,-0.603857,-0.900719,-1.388737,1.100276,0.155041,1.031389,-0.102459,-0.065805,0.332427,0.420645,-0.811895,-0.302449,0.446447,0.358016,-1.220207,0.755929,1.418523,0.457426,0.171064,-0.748251,-0.442507,0.527102,-1.759819,-0.253551,-0.575834,0.278042,-0.626392,1.268967,-0.144406,-0.345062,-0.110814,-1.420111,-0.415119,0.0
newsreader,p,2.431859,-1.496364,-0.914703,0.692433,2.585194,-0.975687,-1.838744,-1.05224,1.339525,0.008174,-1.04371,-2.680118,1.090754,1.583524,1.07776,-0.134357,1.521493,-0.65624,-0.09312,2.105465,3.375359,-0.921621,1.600825,1.134721,-0.481722,0.878922,2.102091,-0.360339,-0.346282,0.368533,0.21084,-0.147977,0.430166,0.265512,0.612787,-0.732777,-0.276523,-0.546389,-0.251151,-0.169599,-0.0
newsreader,q,2.741707,-1.335934,2.4196,-1.683651,-2.187537,0.633615,-0.736235,0.87514,-0.426416,-2.462155,2.425079,-0.845729,-1.559418,-0.729948,-0.580648,1.513883,0.061296,-0.85625,-1.260709,-1.739865,-1.492145,-1.442453,-1.08786,1.52491,-2.19157,-0.105049,0.016985,-1.46798,-0.555455,-0.3385,0.283984,-0.57269,1.239231,1.166354,-0.484832,-0.500981,0.166585,-0.49328,-1.168286,-0.943275,-0.0
newsreader,r,1.976006,-2.135618,-1.379856,4.518665,0.159203,1.85627,0.261454,-0.148744,2.780138,-1.378952,-0.995483,-0.012549,1.687928,1.202078,-1.106959,-0.984695,0.771245,-0.189524,-0.883932,-0.531039,-2.74739,1.714671,-2.450505,-2.270429,2.630699,-2.390385,0.088409,-0.066062,1.025866,-1.536698,-0.335045,0.182375,-0.450259,0.93343,-0.020879,0.452897,0.518233,-0.399928,0.059554,0.074292,-0.0
newsreader,s,-2.679134,-1.097869,-1.826274,2.156559,-1.048391,0.165718,0.86148,2.508024,-0.649871,-1.049684,0.418075,0.415438,-0.814612,-0.803884,0.131276,-0.541867,0.436913,1.085768,-0.694781,-2.693323,1.180212,1.437999,0.004823,1.475659,-0.512885,0.789434,1.718034,0.275313,-1.140948,0.691588,-1.653817,-1.91348,0.735206,2.652363,-0.081502,0.77007,0.619978,2.016848,-0.594085,1.550707,0.0
newsreader,t,-0.632118,-8.610651,-1.872478,-1.052455,-1.060206,1.090038,2.961755,0.104499,2.253346,-1.557311,-0.909336,3.070707,-1.6631,2.280828,-0.488716,-0.032836,-1.265032,-1.647877,-0.451519,-1.685272,0.405686,-1.436944,1.551247,0.227117,-2.083087,-3.756201,-1.027986,-0.280115,-1.659603,0.55935,0.383849,1.151739,-0.521703,-0.39761,0.018474,0.185372,-0.261767,0.368205,0.22498,-0.266837,0.0
newsreader,u,-3.973563,1.780657,-1.949867,-0.345031,0.300007,-1.328984,-0.219636,1.516679,-1.05593,1.941172,0.934636,1.831925,-1.441021,0.778332,-0.853767,-0.020539,1.405732,-0.788683,0.225921,0.981584,1.62633,-0.398567,-0.202641,2.099031,0.056766,-2.205275,-0.512985,0.437683,-0.850399,0.775232,-0.205843,-0.922919,-0.590236,0.385743,0.542949,0.470361,0.486413,-0.361776,0.572853,-0.685342,-0.0
newsreader,v,-3.416716,-1.892115,1.262007,-0.45562,-0.527012,1.531077,1.104992,2.131467,0.527383,0.184459,0.508078,-1.351486,-0.609959,-1.104666,1.524369,-1.477102,0.431879,0.179931,0.149026,-0.333031,-0.907882,0.552488,-0.829051,-1.40675,-1.188936,0.001874,0.021754,0.80927,-0.321054,1.694103,-0.985106,-0.678857,-0.095952,-1.150065,2.16756,-2.391846,0.282719,1.92612,-0.780895,1.508433,-0.0
newsreader,w,2.092846,3.176747,0.4257,1.456603,0.822841,0.44551,-0.5231,-1.237365,-1.227841,0.243148,-0.381401,0.837437,1.11385,-3.516771,-2.269835,-1.832547,-1.282397,-1.409861,-1.434931,0.200271,0.183379,-0.568562,-2.645149,2.393545,-2.551878,1.522804,-1.144727,-0.909347,-1.07138,-2.079529,-0.948801,-0.000478,-1.229564,1.486915,-1.041627,-2.013426,1.776421,-0.425596,1.914799,-0.23791,0.0
newsreader,x,4.64947,3.007431,-2.564114,-0.57723,-0.10013,1.095345,-4.572944,5.333272,-0.268925,-1.037999,-4.136783,-0.951599,0.667724,0.789592,-0.181602,-0.377649,-0.84442,-0.203272,-0.185074,-0.609266,0.213652,-0.006061,-0.173174,-0.010571,0.050454,-0.025989,-0.001563,0.034261,-0.016345,-0.001778,-0.002517,0.001145,0.004508,0.000147,0.000434,0.003802,0.001565,-0.002254,-0.002712,-0.000669,0.0
newsreader,y,4.974102,0.772099,1.055242,0.123465,1.210356,1.606218,-0.804737,-1.727822,-1.48652,0.133809,0.817688,-1.608175,0.330443,1.036593,0.943822,-0.224125,1.124416,-2.095616,-0.518949,0.410852,-2.808622,2.313363,-0.213566,-0.455422,-1.68112,1.988721,1.823585,1.051227,-2.397129,0.918515,2.067949,2.175127,-0.200179,0.962196,-0.269056,0.865245,1.725306,1.138093,1.974624,0.402932,0.0
newsreader,z,-4.816748,0.619375,2.093764,-0.076357,-0.060447,0.625393,-0.7004,0.806314,-0.305014,-1.301619,-0.27039,-0.577236,-0.259291,-0.245965,-0.337393,2.513103,-0.032347,-1.757722,-1.243021,0.377026,0.874116,-1.38458,1.67935,1.731078,1.11015,0.127096,1.662389,-1.355778,1.528614,-2.049234,-0.718474,-1.188781,0.092325,0.262506,0.3065,-1.83978,0.862251,0.154514,0.96473,-0.041717,-0.0
notosans,0,-0.302456,-0.277816,-0.534065,1.181382,0.1098,-0.537283,0.209533,0.923437,0.833961,1.83503,-1.608947,-0.96415,-1.62607,-0.913755,-0.065886,1.009936,0.035576,0.855174,0.040331,-0.341643,-1.346255,-0.602366,-0.32734,-0.714696,-0.473468,0.041752,-1.756612,0.629425,-0.991046,0.137319,0.566394,0.252482,-0.649543,-0.168871,0.634452,-0.425506,0.870766,-0.422611,0.390112,-0.209789,-0.0
notosans,1,-10.193833,-0.853801,2.628432,1.708675,0.98729,0.582757,-0.489318,-0.056092,-0.599209,1.066671,0.242955,0.211636,-0.232058,0.490062,-0.101755,0.712285,-0.864778,0.889904,-0.024422,-0.514271,-0.016155,-1.235949,-0.459782,-0.400961,0.326661,-1.211563,-0.273808,1.985927,-0.875689,1.313116,-2.574476,0.88819,1.079306,-0.487354,1.145783,1.190304,-1.268693,-1.595532,-0.08352,-0.206782,-0.0
notosans,2,3.907787,-0.594457,-1.182574,1.059968,-2.870581,0.494424,-0.31578,2.607049,-0.39033,0.054014,0.685641,-2.565135,-2.556337,2.35215,-1.670669,0.357529,0.277108,-0.496073,-1.405194,-1.793336,-1.370318,-0.548151,-0.672015,-0.314397,1.484544,1.236736,1.018006,0.176842,-0.674768,2.139572,0.438978,-1.888374,1.2289,-1.593276,0.040856,0.726489,-0.090124,0.460091,-0.463866,-1.488579,-0.0
notosans,3,-1.604072,-1.617246,-2.978952,1.692001,1.042251,0.248372,-0.03272,0.486014,-1.584772,0.004024,-2.858582,0.541041,-1.017159,-0.698627,-0.08514,-2.253629,2.995994,-1.040459,0.951785,-0.883316,-0.349014,-1.253487,0.058865,0.024643,-0.415972,0.044167,-0.233854,2.971872,0.71616,-2.230898,-1.256124,0.32147,1.304183,1.346387,0.737139,0.004458,0.821976,2.019538,1.726021,0.655085,0.0
notosans,4,-0.789288,2.957078,-0.645846,-0.050441,0.598972,0.432733,-0.42483,-0.632395,3.256717,0.753358,0.121276,1.515443,-1.323516,1.806614,1.051008,-1.757539,-0.4199,-0.211284,-1.315771,-0.604702,-3.358074,-1.724649,-2.285276,0.86406,0.568903,0.549531,-1.426198,0.220283,-0.210003,0.690443,-0.990476,-1.366712,-2.343516,0.392407,0.051971,1.723737,0.421516,0.866868,-1.221716,1.954867,0.0
notosans,5,0.415603,0.643723,0.961466,-2.904984,-1.798317,1.547721,0.325951,0.225137,1.837643,-0.143777,1.403315,-1.032833,2.608222,1.646614,-0.442308,-0.566711,1.680044,0.285162,0.51485,-0.7775,-0.698821,0.103501,-1.088026,-1.291934,-1.199101,-1.770077,2.148949,-0.212279,-1.203726,2.015999,0.344717,-0.351045,0.771747,0.430038,-0.465571,0.342851,1.045212,-0.524977,2.534539,0.504691,-0.0
notosans,6,-2.963895,0.337312,-1.80081,0.013832,-0.095496,1.322892,-1.615855,-1.018624,1.280627,-1.731709,-1.659281,-1.352645,1.377261,2.853771,3.327768,0.464256,-1.005272,0.652977,0.328831,-0.460296,0.520113,-1.004323,-1.452672,-0.36438,1.798691,0.612213,-2.799883,1.836274,0.199256,-1.016366,-1.301767,-0.151685,-0.385262,0.360983,-0.202414,0.693851,1.013497,0.057469,0.541391,1.309024,-0.0
notosans,7,-1.498506,1.550296,-0.086987,-2.521569,-1.216615,0.845417,1.881116,-0.433263,2.841196,1.477476,0.116816,0.805586,-0.625392,-2.904571,0.305141,-0.625228,-1.428347,1.957064,0.177803,1.653037,-0.717496,-0.447278,0.382809,-2.73529,-1.273775,0.529474,1.570004,-2.063835,0.461161,1.275081,0.648807,0.305683,0.28216,-0.818068,0.515993,0.541355,-0.294973,-0.1656,0.902043,-0.317094,-0.0
notosans,8,-1.645015,0.04136,2.209829,-1.955454,3.612275,1.462535,-1.228208,-0.454808,1.457362,1.078618,1.92616,-0.896534,-1.918622,-1.430372,1.813306,-1.125556,1.168671,0.824267,-1.692441,0.308475,1.913607,-0.445785,-1.108309,0.1045,1.373497,1.138332,1.284261,-2.372153,0.860041,0.79464,1.752898,0.528381,1.701223,-0.629066,1.235592,1.160779,-0.352017,0.43518,-0.73075,0.819215,-0.0
notosans,9,-0.164318,-1.412025,1.963769,2.192679,-1.254052,1.754651,0.387596,-0.729497,-0.978108,0.843255,0.930372,-0.693757,-2.516568,1.203013,-0.130241,-0.791222,-0.030486,3.27719,-2.497957,0.242155,-0.733434,-1.060613,0.912556,0.173318,-0.992292,-1.789233,-0.819193,0.995341,1.207485,-1.551584,-1.674173,-1.459887,-1.330819,0.402999,1.988305,-0.488423,-0.451302,-0.001223,0.02812,-0.375027,-0.0
notosans,A,-0.386436,-1.130562,-2.511854,-0.204929,1.521078,-4.311546,2.145869,0.970417,-0.158407,1.437701,0.488294,-0.97526,-1.433559,1.019986,-2.177237,-1.577355,0.997481,-2.536193,-1.762446,1.017172,-3.381635,-1.658606,-0.081353,-0.677901,0.226707,2.248809,-0.107035,0.148845,-1.427317,1.150182,-1.513585,-1.588011,1.035864,-0.873774,-1.083324,-0.192829,0.836373,-0.221155,0.113321,-1.554476,0.0
notosans,B,-1.324801,-0.604924,1.193522,1.528159,-0.338552,-0.704613,-0.896801,-2.048523,2.323663,2.450041,-0.297053,-2.072327,-1.242124,-1.653757,1.106702,-0.659993,1.018692,-0.6863,-0.828119,-2.778053,-1.240827,-0.965597,1.138965,-0.484039,1.136166,1.801086,-0.389601,0.035663,1.744707,0.246586,0.357329,0.268117,-0.054547,1.150769,-1.611169,0.95257,-1.02793,-2.674663,1.019071,-0.280545,-0.0
notosans,C,2.734964,-3.547492,-0.847896,0.033947,-0.271106,-0.261248,0.174433,-0.506916,0.66696,-1.419423,1.109558,2.12094,1.029478,-0.058158,-1.483394,0.450551,0.907266,-0.582761,0.032654,-0.427951,0.316933,0.504746,-0.073517,1.092939,-0.066195,-0.886857,0.663558,0.883127,-0.149482,-0.842375,-0.562316,-0.15214,-0.237153,0.717927,0.159824,0.137489,0.115942,0.211737,0.113178,-0.385548,-0.0
notosans,D,1.029884,-0.904781,-1.002009,-0.445333,0.335719,0.251604,-0.237556,-1.731845,-0.449462,-1.034177,-0.307438,-0.407098,-0.278818,0.718631,1.071794,-0.84222,-1.391756,-1.342616,-0.229445,1.347698,0.900064,-0.273153,-1.201747,-1.508414,-0.106902,-0.038134,0.515556,0.682225,-1.303175,-0.886459,0.861358,0.025573,-0.133609,-0.812246,0.198299,0.479867,0.057581,-0.179821,0.25676,-0.24162,0.0
notosans,E,2.630868,0.971892,0.866466,1.119081,0.447555,-0.860224,1.31416,-1.090807,1.554025,-0.806059,-0.173073,1.591063,1.010511,-2.145354,-2.255373,-1.947053,1.170835,0.030889,0.151676,0.165827,-0.884411,-2.73116,1.321767,-0.498155,1.440475,-0.885588,0.040621,-1.623673,1.790737,-2.659656,0.314655,0.246851,-0.133139,0.53501,-1.159471,-1.518365,-1.782111,1.285663,0.084693,0.849147,0.0
notosans,F,-1.664191,-2.685369,-1.696492,1.387324,-0.87964,-2.372351,1.075473,2.573261,-1.441466,-1.832625,-0.190349,0.321333,-0.060461,-0.923066,-2.987175,2.519028,0.925476,-1.206441,-0.03511,-1.372607,-0.813235,2.143327,1.080223,1.50748,0.49595,-1.072445,-1.50928,-0.369726,0.612957,2.719395,-1.28168,0.251183,2.331452,1.730443,0.234343,0.924683,0.068907,-0.224448,0.299957,-0.767983,-0.0
notosans,G,0.867597,0.195714,1.986554,-0.269397,2.177771,-1.330983,0.963855,-0.144744,-0.585296,-1.263497,-2.037488,2.098036,-0.504233,-0.571534,-0.932807,0.067704,-1.04813,-1.093513,0.072193,-3.140606,0.768265,1.081719,-1.011001,-0.399413,-0.486379,-0.343457,-1.119756,-1.888426,0.158384,-0.257711,-0.980137,-0.090368,0.138129,-0.368281,1.307535,-0.036815,-0.209616,0.276677,0.468783,-0.105003,-0.0
notosans,H,3.098422,-1.081768,0.36807,-2.270804,0.013742,2.38497,-0.139225,-2.593188,-0.461274,-0.435943,-0.91436,0.561842,3.751593,-0.795064,2.354322,0.491559,1.659464,-0.72501,-1.814796,0.253405,2.443231,-1.890246,-1.020803,-2.166248,-0.015062,-0.000917,-0.178218,-0.822987,-1.345354,-0.274835,-0.657068,-0.148527,-3.433373,0.91337,-0.227612,0.201885,0.145246,-0.592894,0.166031,-0.522406,0.0
notosans,I,5.648668,-2.292164,1.238492,0.996491,0.750026,1.234655,1.176128,3.27786,-1.688525,1.299897,-3.051022,2.768468,2.944734,-1.063732,-0.986773,-0.711077,-0.409225,-2.669427,0.617015,-0.20643,-0.550666,0.023044,0.043886,-0.004356,0.006142,-0.007392,0.007018,-0.003409,0.002726,0.000448,-0.000128,0.001057,-0.000986,-6e-05,1.1e-05,1.3e-05,0.000214,-0.000129,-7.8e-05,-5.7e-05,-0.0
notosans,J,5.993698,-4.246372,-0.217109,0.448518,1.756873,-0.621391,1.923182,1.54233,-0.021862,0.496128,0.161664,-0.379919,1.586855,-0.017216,-0.144905,0.402003,1.458419,0.226752,0.865377,-0.907205,-0.245985,-2.073305,-0.16111,0.715781,0.203322,0.651412,-2.105022,0.23023,-1.82179,-0.062873,1.661876,0.070879,-1.24562,0.571495,1.011997,-0.433828,-2.206157,-1.561491,-0.994527,-0.222438,-0.0
notosans,K,-3.968573,-2.614467,0.59633,0.585477,-1.992736,1.18428,0.156692,1.33524,-0.075141,-1.311917,-1.199852,-2.399952,0.461946,-0.542539,-0.420028,-1.430003,-0.32933,-1.335012,1.682619,-2.725954,-0.137567,0.576199,-1.854428,-0.994204,0.0461,1.322316,-0.511959,-2.032886,-2.469945,0.271061,-1.503173,0.528711,-3.040792,1.188513,1.796666,-0.862776,-1.270965,-1.61811,0.102119,-1.200801,-0.0
notosans,L,-3.18072,-3.596913,-3.575189,1.767054,0.486202,-0.67648,1.72589,-0.909691,-1.006206,1.124489,-0.078069,1.051636,-2.493207,-1.09276,-2.802481,0.531652,-1.069182,1.106056,0.061527,1.006525,-0.923128,1.802498,-0.36912,0.337014,0.91563,-0.834761,-2.716844,-0.43424,1.528,-0.424228,2.528621,0.262154,0.432291,0.137523,0.1567,0.129188,-1.870862,0.229015,0.511157,0.098032,0.0
notosans,M,3.112157,1.871389,0.129781,1.707896,0.389876,-2.07525,-0.657482,3.463849,-0.253331,3.756791,0.987125,0.658719,0.582092,-2.675019,0.185161,-1.505062,0.313441,1.91942,-1.794561,3.22971,-0.680696,-0.49356,-0.661985,0.111579,1.05446,0.191093,-0.135102,1.888986,-0.933567,0.771422,-1.169516,2.161319,-0.470224,0.680042,1.095496,0.782808,1.833007,1.746116,0.773551,2.196715,-0.0
notosans,N,-4.221267,-0.092426,0.695016,-1.448167,-0.731281,0.416551,1.494294,3.08785,0.439221,0.448585,0.725065,-0.442071,-0.908132,-0.422249,0.505918,-2.56947,-2.091911,-1.874155,0.888714,-1.108187,0.065962,-1.390095,2.642586,-1.035404,0.042624,0.042758,-0.769706,-1.595279,-1.433438,-1.4782,-0.61161,0.9871,-0.049671,0.621974,0.598586,0.733161,0.766979,-0.514637,0.062161,-1.627667,0.0
notosans,O,0.981154,-0.272981,0.385987,-0.159316,-0.128979,0.098438,1.530698,0.305733,0.059171,-0.255417,-0.892796,0.151843,-0.034489,1.525327,0.134688,-1.817032,0.808165,0.431829,-0.70478,0.752787,0.276192,-1.022757,-0.492934,0.859124,-0.866158,-1.197383,0.125385,-0.203278,-0.42597,0.94434,-0.319282,0.120019,0.180155,0.169349,-0.401988,0.400755,-0.096784,-0.49454,0.219894,-0.233068,0.0
notosans,P,-2.565197,-2.331232,0.906973,-0.047469,1.441497,-1.360519,2.002177,-1.760385,-1.758973,-2.12045,-0.114498,0.779904,0.476846,1.300912,-2.29355,-2.011422,1.329738,1.146251,0.334871,-0.893998,-0.064926,-0.757957,-0.001356,-0.783308,1.836921,0.45591,2.647045,0.304121,0.86115,0.366079,-1.089346,1.496358,-1.403368,0.208247,0.580375,-1.382355,0.161372,1.085184,-1.41776,-0.697525,0.0
notosans,Q,-1.988894,1.419716,-0.960145,0.482787,-0.375909,0.602354,0.100005,0.670501,-0.064202,-0.363413,1.94633,-0.040323,0.021508,1.02543,0.648382,-0.267894,1.474189,-0.193106,1.260437,1.375828,-1.283344,-1.583413,-0.455147,-0.543155,-0.324945,-0.531939,0.158565,1.82665,-1.156186,-0.448278,-0.565902,-0.810007,0.169072,-0.793235,0.217585,0.550831,1.354235,0.014507,-0.702359,0.822869,-0.0
notosans,R,-4.003589,-1.630702,-0.479626,-2.137415,-0.321409,0.128142,0.189465,-0.885912,0.765063,-0.673264,-1.009504,-1.198144,0.840899,0.412069,0.87221,-1.937661,1.720212,-2.669597,-0.544047,-0.130573,1.068286,-0.73349,0.469055,1.098526,0.240232,-0.979229,-0.792664,-1.577236,1.365845,0.205064,-1.629237,0.139997,2.414197,1.212154,-2.204426,-1.386494,0.00928,-0.879857,1.738722,-0.497929,0.0
notosans,S,-3.927839,-0.939457,-0.936726,-1.986991,2.522008,-0.226104,0.716845,1.121552,-2.322049,0.193734,-0.896297,0.358091,-0.056675,-0.695628,-0.940256,1.321865,0.533973,-1.5602,-0.443584,2.585495,-0.957995,-1.535726,0.536529,-1.01904,1.917327,1.825571,2.533619,-0.667697,0.298709,1.763893,-0.45352,0.305077,0.035903,-1.174275,0.413742,1.402271,-0.501194,0.823484,1.190509,1.271799,-0.0
notosans,T,-3.640733,0.893872,-0.228825,-0.937607,0.505703,1.138252,-0.185779,-0.570338,0.913541,-0.093483,-0.903769,-0.889991,0.230205,-1.101869,0.129963,1.503391,-0.79805,-0.360431,-2.837598,0.902597,-0.688894,-0.171067,0.022829,0.389416,-1.253366,-1.28458,0.882019,-0.205003,0.321071,0.991136,-0.983973,0.710859,-1.300734,-0.025337,-0.453493,1.700103,0.24887,-0.170657,2.467864,0.363968,-0.0
notosans,U,1.946308,-0.559688,-0.894356,-0.910954,-0.430061,1.571231,-0.650967,-0.706809,-0.603441,0.034905,1.693429,-0.660005,0.401046,1.841403,0.01461,0.237515,-1.31497,0.23917,-0.913406,-0.799689,-0.573314,-0.811672,1.119269,0.342599,0.837376,0.004757,-0.046232,-1.43306,0.955379,0.913155,-0.990098,0.432005,0.573054,0.518828,0.450667,-0.402653,0.02123,-0.139228,-0.775048,0.314994,-0.0
notosans,V,2.793998,-0.690902,1.726513,0.47605,-0.818404,1.626137,-0.71813,1.372372,0.597177,-1.269961,1.736297,2.692792,0.654058,1.96797,3.975937,0.231571,-0.787957,-1.269477,0.478609,-0.694437,-0.940772,0.301737,-0.183054,1.443939,0.808287,1.696044,0.473871,-1.20305,1.156693,0.208557,0.202239,0.358291,-0.890499,-1.030776,0.051962,-0.577282,-0.093034,-0.972608,-0.322654,0.296608,-0.0
notosans,W,2.9841,0.51644,2.239204,-1.263128,-0.664404,-2.6649,-0.137675,-3.687134,-2.499774,1.897817,-1.37618,-0.548779,1.108714,-0.140739,-0.477546,-0.698557,0.390577,-0.480313,-0.062629,1.097152,-4.248568,-0.100411,-1.473386,1.316947,3.453413,-2.11601,-1.264192,1.880556,-0.116407,1.108264,0.348145,0.065496,-1.908762,0.730567,0.754253,1.302621,1.229553,0.138468,-0.559979,0.754437,0.0
notosans,X,-3.351103,0.124562,-0.174377,-0.160926,-0.052004,-0.036095,-0.046561,0.003116,0.126733,-0.036182,0.044575,0.086709,-0.004505,-0.083957,-0.172907,-0.146928,-0.027554,-0.141809,-0.474548,0.665104,0.14048,0.240826,-0.346884,0.358104,-0.204054,-0.085459,-0.484104,-0.032511,-0.23923,-0.03263,0.22302,0.001924,-0.238281,0.186427,-0.136706,0.027738,-0.237891,-0.122394,0.143226,-0.204163,-0.0
notosans,Y,-3.062165,-2.636498,0.017517,-1.348195,-2.70235,0.157249,2.138971,0.136058,1.923114,1.248052,1.328754,-1.867502,-0.685054,-1.264704,0.769081,-1.200866,-0.719563,-2.250376,1.462475,0.485724,-0.014256,1.835918,2.952302,-0.899161,1.359061,0.392229,0.718158,0.73151,3.295231,-0.195853,-1.083182,-2.575502,-1.04072,1.093649,1.473567,-1.310155,1.286601,0.269574,-0.526931,-0.481738,0.0
notosans,Z,1.715705,-1.817091,1.093859,0.664648,1.383048,-0.441815,-0.965236,-2.164289,0.503475,-2.546742,-0.804974,0.319469,-2.583427,-0.320642,2.994746,1.377308,0.554334,0.353683,2.201022,2.972737,-0.46891,-0.141363,0.296192,-0.160295,0.749255,-0.056323,1.225081,0.685178,-0.472234,-0.73762,1.79725,0.985847,-0.979133,-0.161117,0.193532,0.294022,-0.593471,0.99128,-0.172669,-0.326082,0.0
notosans,a,-0.145656,-0.03915,2.404198,-1.106432,-3.231277,0.751145,-2.236469,-0.301245,-0.633426,-1.655378,-0.177299,-1.77748,-0.382882,-1.261806,-2.660209,1.660213,0.646321,0.731237,-0.943294,0.025859,-2.338031,-1.324167,1.117594,-1.723764,0.313953,1.546743,-0.635116,-1.651277,1.749094,1.584392,-0.890795,-0.373575,0.116643,-0.183005,-3.429183,-0.44575,0.453204,1.455128,0.248787,0.102744,-0.0
notosans,b,0.44664,0.333071,1.593889,-0.913889,-1.693854,-0.027493,0.714768,-0.789133,-2.553476,1.189707,-0.337687,1.481306,-0.136699,-1.443582,0.020778,2.425148,-0.823953,-0.744473,-1.211282,-1.329732,-0.317686,2.053101,0.727066,-0.540078,-0.918094,1.095081,1.470914,0.731207,-1.138422,1.941144,1.739312,-1.217957,0.34765,1.153119,-0.498965,0.86827,0.269592,-0.632774,0.128755,1.141944,0.0
notosans,c,3.379892,-1.954685,-1.924185,-0.446512,-1.471014,-0.015487,-0.045418,-0.512606,0.191312,0.345025,-1.788121,-1.857448,1.311677,0.459566,0.323157,-1.72438,-0.010774,-0.813421,0.724411,-0.179231,-1.362579,-0.357442,2.355496,1.308042,0.383218,0.272144,-0.920454,-0.336127,0.153767,-0.280736,-0.245931,0.93305,0.547419,-0.055438,1.221278,-0.471951,0.243228,0.28626,-0.468075,-0.184542,-0.0
notosans,d,1.209237,0.056504,-0.961731,0.227413,1.20041,-1.855718,0.593553,-0.935001,2.85071,-1.362282,1.132775,1.400165,1.255539,0.594202,0.617001,-0.265749,-1.466511,-0.60191,2.226228,2.40843,1.200059,-0.199768,0.91395,0.78732,-1.390715,0.417271,1.229785,0.040717,-0.538305,0.613468,-0.266682,-0.314874,0.925154,0.840671,-0.316805,1.382119,-1.212103,-0.609068,0.030665,1.838191,0.0
notosans,e,1.807079,0.610574,-0.713819,0.064296,0.589318,-2.24398,-1.766786,1.401543,0.172587,-0.724139,-3.28579,2.805303,2.372713,0.951348,-0.888385,-2.533529,1.202371,-0.910337,2.082133,1.222327,-0.069024,-1.202396,-0.4567,-2.725005,-1.433424,-0.673412,0.850992,-0.241937,-2.555784,-0.345592,0.990943,-0.336156,-0.07406,1.90289,1.312631,-1.18561,-0.301115,-0.671181,-0.484819,-0.678371,-0.0
notosans,f,-4.613631,1.759351,0.163107,0.282987,-0.225674,1.820048,-1.410484,-1.685245,-1.096344,0.120652,-1.374659,-2.574433,-1.149068,-0.358862,-0.39894,-0.801071,0.089079,1.473097,-1.115993,-1.491467,0.582107,0.241627,-0.111114,0.697467,-0.388698,0.586291,0.695813,1.425092,0.473992,-0.685574,1.185203,0.564472,0.296521,1.094714,3.696195,-0.533021,-1.258838,0.693447,-1.017007,1.065067,0.0
notosans,g,2.94206,-1.516878,1.240358,-0.374334,-1.321952,1.30645,-0.376597,-0.035402,0.133502,1.323915,-0.629504,-0.284076,-1.393258,0.104974,0.200382,0.795885,0.550433,-0.648117,0.361922,1.702292,-1.116031,-0.759452,-0.323314,-0.822998,0.447279,-0.164773,0.21315,2.222843,-1.571224,-4.042773,0.745885,-0.355963,-1.584107,-1.308412,1.617675,-1.125915,2.91594,0.74118,0.546695,0.913622,-0.0
notosans,h,2.378111,0.848751,0.825177,-1.898069,-0.006025,-0.104007,-0.498491,3.81739,0.792084,-0.498354,-0.728392,-0.390561,-0.822523,-0.500756,-0.324505,0.52735,-0.315126,0.86857,-0.108916,1.258135,0.378543,0.837909,0.30735,0.225914,1.259653,0.761318,-0.391759,-0.964574,-1.070328,-0.390957,1.395828,0.050316,1.990026,1.724765,-1.863665,1.350653,-1.134046,1.112596,-2.237341,0.128583,0.0
notosans,i,-3.552197,-0.18574,-1.324391,-0.05353,0.109113,0.433345,0.113415,-0.392339,-0.080116,0.248496,0.788864,-1.594098,-1.227497,0.132449,0.260683,0.095204,0.599328,0.035885,0.606761,1.157069,-0.707871,-0.576421,-0.249827,-0.910201,-1.114689,-1.148484,0.408202,-1.155968,-0.725326,0.003343,0.345918,0.145748,-0.671556,-0.335954,0.815254,0.232624,-1.313835,0.006954,0.621397,1.485698,-0.0
notosans,j,-1.922165,-3.479911,-0.026322,-0.426207,0.553856,2.533462,1.419516,-0.832651,-0.827073,0.682314,0.37701,-1.0295,1.813377,-0.967408,-0.497008,-1.569066,-0.016799,0.212992,1.853517,0.709019,-2.980443,-0.260123,0.122459,-0.584971,-0.835549,-0.50363,1.810683,0.284118,0.792561,-0.782153,-1.880125,-0.484285,1.456986,-0.642368,1.827773,-0.295978,-0.893212,-0.622375,-1.036942,0.127365,0.0
notosans,k,-4.658529,1.432771,0.669936,0.830053,-0.491716,0.49152,-0.679982,-0.524983,0.923053,-0.113221,0.618569,-2.499433,0.982534,1.230528,0.687689,1.136166,0.776473,-0.721365,0.220155,3.13812,-1.262109,-1.067249,0.2478,-0.275825,-0.953287,-2.110417,-0.037602,-0.793292,1.130123,0.881934,0.389465,1.808199,-0.390282,-1.565572,-3.859683,0.545848,-1.306958,-0.105607,0.571627,0.308503,-0.0
notosans,l,3.993556,-1.419774,0.81224,-0.697012,-0.397024,-0.475175,-0.006553,0.121973,-0.174784,-0.077029,0.332356,0.255035,-0.306095,-0.059026,-0.063351,0.143842,0.056619,0.06006,0.060498,0.111359,0.06688,-0.105113,-0.026945,0.08946,-0.09303,0.064266,0.228927,0.062088,0.140098,-0.27636,0.604153,-0.15052,0.310801,0.009164,0.097783,-0.019886,-0.137695,0.03584,-0.044437,-0.00084,0.0
notosans,m,2.22637,0.792712,0.648863,-1.696411,0.717517,-1.250845,0.406676,-1.837662,0.31451,0.033182,0.206929,-0.037468,1.107101,1.907736,0.823485,0.259259,1.457196,-2.056349,-2.118932,-1.694428,1.624355,-0.875598,-1.110451,0.939729,1.243271,0.341055,2.063677,-2.507913,-1.303835,-1.717713,-0.149282,0.348449,0.215567,-1.318946,0.864355,-0.311967,0.31339,1.11785,-1.262909,1.339609,-0.0
notosans,n,1.045791,-1.659542,-1.568417,0.372606,1.180538,-0.152097,-2.20206,1.4317,0.078925,0.021191,-0.332234,-2.226485,0.335361,0.161265,0.750637,1.203509,0.691643,-0.259608,-1.161717,-0.343313,-0.747262,-0.3523,0.912306,1.333686,-1.341642,-0.827397,-1.682835,-1.664409,-0.959396,0.295883,1.363756,0.483459,-0.740184,0.894702,-0.396955,-0.488201,0.380006,-1.557845,0.277648,0.716765,-0.0
notosans,o,0.715325,-1.108893,-0.294201,0.386397,1.014679,-0.061132,0.079691,-0.910339,-0.230901,1.429387,1.600944,-0.284466,-1.166627,-0.671129,0.722222,-0.674678,0.241668,1.141324,-1.83636,-0.690208,-0.04135,-1.515064,-1.099339,-1.109789,0.714099,-1.091698,-1.379102,0.68802,-0.11089,-0.290981,-0.194074,-0.99756,-0.51789,-0.904314,-0.445594,0.687454,0.279669,-0.027333,-0.014972,0.101629,0.0
notosans,p,-2.028923,1.043098,-0.201992,-0.059174,2.00836,2.784907,0.324306,-1.535845,1.755728,-0.621982,0.215074,-1.125535,1.362958,-0.20452,0.983695,-0.774194,-1.717223,0.279864,1.356168,0.279815,0.568066,1.348763,-2.143822,-0.57687,-2.137488,1.905811,-0.273611,-0.198868,0.898424,-1.726067,-1.229906,-0.002708,-0.385757,0.970183,-0.031741,0.80307,1.071931,0.235217,1.104072,0.833015,-0.0
notosans,q,-0.03821,0.825372,-0.680203,-1.749197,-3.187525,0.109294,0.857222,1.188751,1.312726,1.30252,-0.977725,1.634028,0.328045,-0.359437,-0.343343,-1.666614,-0.529091,-0.194708,-0.368404,-0.280175,3.160466,-0.201708,-1.079461,-0.485632,-0.832543,0.695088,-1.56619,-0.718008,-0.093318,-0.421348,1.238123,0.511858,2.132779,-1.723275,-1.234797,-1.254404,0.552347,0.254738,0.590102,0.367619,-0.0
notosans,r,-2.997687,3.366727,-2.39229,0.550304,-0.879074,-1.403004,1.363029,-0.507318,-0.229684,-0.731491,0.602639,0.504591,1.268243,0.462856,-0.120056,-0.314908,0.801207,-0.059741,0.325375,0.340448,-0.738318,-0.291072,0.590191,0.379079,-0.712967,1.113431,0.347298,1.813336,1.04666,0.14034,3.135014,-0.650944,1.297884,0.327661,-0.342353,0.245169,2.130137,-1.791582,-0.641514,1.272771,-0.0
notosans,s,4.608163,-2.122856,-2.727305,-1.259148,-0.819438,0.4284,-1.093431,0.81818,2.619635,0.513852,-1.47195,0.742668,0.941455,-2.221229,-1.591893,-0.252659,0.259222,-0.084588,1.183605,-1.494535,0.775152,2.396518,0.116325,-1.203537,1.469111,0.187138,-1.209688,-0.07651,0.433028,-0.688442,1.748996,-0.072107,-2.569315,1.123258,0.326684,-0.171019,1.399281,-1.29416,0.667683,1.48225,0.0
notosans,t,5.713776,-1.452874,-0.088523,-1.691671,-3.643915,0.128351,-1.648767,0.678413,-3.887069,-1.162628,0.334105,2.4917,2.368195,-2.483008,-1.137026,-1.127408,-2.695666,0.559482,-0.168026,1.14784,1.236515,-0.690722,0.464046,-1.109611,1.890856,-0.278434,-0.617411,0.651773,-1.304239,-0.020364,0.61134,-0.05888,-2.029875,0.65025,2.44157,-0.859353,0.755412,0.086821,-0.084465,-0.024925,0.0
notosans,u,0.206737,-2.142873,-2.210518,-0.286087,0.30769,-0.091265,0.767841,0.329213,-2.668881,0.573133,-0.357346,1.817876,-1.28697,0.597125,-0.636972,1.977027,-0.491937,1.299008,-1.287011,-0.666804,-1.089758,-0.380828,0.154776,0.180565,-0.46381,0.114585,-0.032731,0.522592,-0.683011,-0.219517,1.129345,0.629485,0.279431,-0.10178,-1.480255,0.556316,-2.348408,0.759718,-0.289772,0.126363,-0.0
notosans,v,3.044027,-1.876408,-2.23518,2.186495,0.279505,2.86853,1.230106,-2.318871,2.511564,0.074934,-1.311987,-0.28666,-0.420633,1.524144,-0.077295,2.134294,1.964042,-0.823743,0.539855,1.682766,-0.674075,-1.556771,0.955351,0.527797,0.065297,0.544328,0.704022,1.590108,-1.34027,-0.937723,1.22375,0.964052,0.004397,1.060596,0.232601,-1.170677,-0.711244,1.397424,1.336548,0.46035,-0.0
notosans,w,-2.490251,0.833105,-0.181387,-0.497492,0.74843,-1.50083,-2.854001,1.451732,2.816471,-1.498321,-2.925875,-1.697926,0.200551,1.484434,1.640689,1.599405,2.840637,-0.229185,-0.640726,2.370023,-1.33693,0.464655,-2.983965,2.545547,0.485914,0.033506,2.167036,1.511956,2.064012,0.264838,-0.704624,-0.656998,-1.287168,-0.971863,-1.768819,-0.835843,-0.923815,-0.851278,1.0105,0.798406,0.0
notosans,x,-3.254372,-0.107158,-0.327924,0.070351,0.213047,0.100406,-0.221431,0.092494,0.227971,0.208502,0.10433,-0.093111,-0.101785,0.10433,0.017458,0.123563,0.173734,0.059866,0.185547,0.045397,-0.491333,0.17184,0.127673,0.019388,0.117576,-0.343027,-0.186529,-0.667107,0.013584,0.075404,-0.095697,-0.067895,0.00339,-0.112975,0.019166,0.049495,-0.122522,-0.047156,0.115469,0.341178,0.0
notosans,y,1.842266,-0.641073,-4.743131,-1.922624,1.001216,-0.425683,0.22284,4.062431,-2.794409,1.811029,-2.513636,0.788584,-0.887123,1.413769,1.978413,0.393849,-1.0178,-3.350657,-1.374365,-1.906981,0.272289,-0.447417,-0.446963,-1.487835,0.193647,-0.9649,-1.15584,-2.345773,1.749104,0.220618,0.312006,1.821272,-0.076917,1.424828,-1.63189,-0.8597,-0.026884,0.26335,-0.043403,0.843932,0.0
notosans,z,2.94473,0.518183,-1.35609,3.428752,-0.306292,1.947312,-0.283582,0.056516,0.997597,1.835476,-1.572956,-1.634881,-0.992898,-0.262863,-2.993306,-1.043115,0.075012,0.92048,2.797979,0.356581,-0.528919,-1.110939,0.260225,-0.930562,1.447837,0.968732,0.755463,0.736645,-0.872032,-0.191487,-1.752282,-0.692844,-0.391708,-1.277211,0.57056,-1.357648,0.150642,0.073628,-0.157582,-0.008582,-0.0
opensans,0,0.096835,0.434149,0.334736,0.434009,-0.010118,0.435278,-1.226222,-0.222474,1.110616,0.066228,-0.436601,0.362167,-0.976597,-0.522238,-0.506957,1.415758,1.239925,-1.706517,1.031001,-0.416463,-0.162594,-0.487389,-0.291917,0.723235,-0.189774,1.11392,0.665413,-1.069747,0.652095,-0.563007,-1.034031,0.717398,-0.000578,0.533738,0.734431,-0.196298,0.938407,0.700067,-0.56787,0.635181,-0.0
opensans,1,-9.219942,-1.321531,2.823553,1.098586,-0.016927,0.398963,0.053906,-0.337978,0.331448,-0.081665,0.470898,0.512487,-0.347013,0.043215,1.156724,-0.521787,-0.370638,0.58958,-2.161931,-0.240422,0.928527,-0.398874,1.359726,-1.385042,0.43776,1.983795,1.684228,0.525185,1.302251,-1.500408,1.138309,0.237571,-1.648874,-0.622892,1.577934,0.848888,1.324707,-1.185414,-0.168606,-0.24905,-0.0
opensans,2,5.124991,-0.641233,-0.484313,1.387167,-1.779551,-2.602586,0.97175,2.003472,-2.356881,2.009203,0.90486,1.881174,-0.347615,-1.771689,0.363277,0.165431,-0.520221,0.426516,0.78592,1.089759,0.035974,0.054737,2.082209,1.950356,0.367546,-0.225052,-2.238601,1.235051,-0.930112,1.74498,0.761329,-0.628808,-0.970314,-0.729685,-0.821555,-2.226471,0.286428,1.171323,0.067076,0.848536,-0.0
opensans,3,-2.058318,-2.161169,-3.10756,2.312861,0.144669,-0.379028,-0.587335,-1.136715,-0.37951,-1.423861,-1.112058,-0.356185,-0.378253,0.390154,0.408822,-0.448465,2.359129,-0.839794,-0.786733,0.628199,0.63244,1.895406,-1.693562,-0.828445,1.243747,-0.959157,1.447128,1.232608,-0.245524,-1.532691,0.706274,-1.355501,-1.258889,0.58149,-0.160497,1.020273,-0.706154,-3.008532,-2.206054,0.918146,0.0
opensans,4,-2.035216,2.782942,-0.494212,-0.716987,-0.64128,-2.428185,-0.453239,0.444466,0.870222,-1.132496,0.142735,1.080408,0.614049,-1.895215,-0.18305,0.381501,0.451923,0.57504,-1.09667,-0.348497,-1.354549,1.699742,-2.588872,1.296144,-0.91596,-0.370773,1.688002,-0.214489,0.417392,0.363749,-0.687844,3.710694,-0.971532,-2.089292,-1.407221,0.219612,-0.386003,1.9074,0.362211,-1.470031,0.0
opensans,5,2.886466,0.685974,0.722699,-3.132451,-1.519343,1.131057,-1.657826,-2.082366,0.455694,2.110082,3.176656,0.89114,0.450468,0.853103,0.946128,-0.023697,-1.418249,0.770401,-0.278441,1.125218,-1.651807,-2.198072,-0.279416,1.023208,0.511207,1.070078,-1.327977,0.732864,-0.75786,-1.911936,0.193307,0.323517,1.728343,0.208371,2.070001,0.236858,0.494299,1.273252,0.25536,-0.12745,-0.0
opensans,6,-3.39396,0.91941,-1.376177,0.259421,0.014231,0.770588,-0.449256,2.613358,1.34383,-1.076402,-0.266732,-0.186176,1.190684,2.962513,-1.677535,-1.487247,-1.389509,-1.500743,0.756906,3.36269,-0.516296,-1.654036,2.030139,-1.075262,-0.618159,-1.080526,1.566512,-0.089004,-1.111363,-0.157536,-0.99921,-0.613231,-0.424898,-0.354943,0.044817,0.322406,-1.00001,-0.060304,-1.778488,0.563688,-0.0
opensans,7,-1.064605,1.833759,-0.222219,-1.326018,0.447218,2.697594,-0.02927,-0.549762,-3.594114,1.443634,-0.167851,0.782587,-0.123028,1.230673,-0.587884,-0.435547,0.247703,-0.03747,-0.480447,1.841102,-1.923199,-3.059748,-1.454269,0.045546,-0.619473,1.060157,0.079243,-0.555675,-0.572039,-2.698206,0.76215,-1.156168,-0.220718,0.047035,-0.367828,0.402977,0.952358,-0.827071,0.29491,-0.238188,-0.0
opensans,8,-0.720697,0.460771,0.935375,-2.237383,1.028116,2.801368,-0.571795,1.171225,1.118224,-0.234814,1.517135,-0.729589,-2.640049,1.057303,1.473157,-0.495638,-1.746735,0.061955,1.276026,-0.536771,0.196987,1.557641,2.310694,-0.106934,0.635348,2.419019,0.261499,1.421308,-1.504109,-1.325607,-2.511794,-0.000617,-1.046286,1.586121,1.014052,0.645582,0.779949,-1.152348,0.965187,0.129674,-0.0
opensans,9,-1.000466,-0.467092,1.52469,0.038101,-1.128139,2.711392,-2.765895,-1.154199,0.910597,0.38093,0.443411,0.294591,1.063632,0.155982,-0.781221,2.09833,0.172399,-0.282515,-0.504534,0.509236,0.584719,-1.389221,0.534274,-1.312339,0.983705,2.062234,1.324438,1.314793,-0.324747,-2.759331,1.403103,0.663944,1.777876,2.402021,0.279873,-1.15452,-0.433462,-0.34527,0.299029,0.516051,-0.0
opensans,A,-0.87304,0.435078,-1.655251,1.009685,2.309096,-4.283487,-0.661055,0.695152,4.575142,-0.401702,1.645128,2.081343,-0.017921,0.026345,-0.768337,-2.509131,1.728145,0.439945,0.723983,0.623244,0.630482,0.057888,0.592736,-0.274802,1.090464,-1.481316,-1.713616,0.783736,1.215032,-2.950752,1.927535,-0.907574,-0.322894,0.96636,-0.02845,-1.201532,0.796791,0.456796,-0.679219,1.045313,0.0
opensans,B,-2.062896,-1.685687,1.111453,0.279497,-0.04047,1.981355,2.521553,0.162892,0.651504,-2.308277,0.615187,0.533802,-1.94954,0.907281,0.156136,2.141786,-1.354004,0.79348,0.58114,1.252358,1.533787,0.590362,0.969633,1.261941,1.897298,3.197618,1.666084,3.002574,-0.009291,0.3599,-0.978669,1.0444,-1.260263,0.126051,-0.387183,-0.887701,-0.285298,-0.368227,0.193521,0.773871,-0.0
opensans,C,4.097004,-0.098852,-0.482513,1.781841,1.781256,-0.144519,-1.772579,1.321216,0.293514,-0.755748,0.76248,-0.901618,-0.444828,0.127795,0.491069,-0.917034,-0.435841,-0.037863,1.321983,0.557395,-0.3837,-0.441099,0.037198,0.798221,0.833444,-0.299824,-0.157862,-0.407148,-0.568236,-0.345007,-0.433846,-0.060915,-1.071028,0.144487,-0.947298,-0.696401,-0.684432,0.356012,-0.239495,0.156998,-0.0
opensans,D,0.575663,-0.430365,-1.292322,0.167965,-0.586536,-0.344702,0.175445,0.738945,-0.331563,-0.300214,-0.792951,-0.971338,0.178663,0.650527,-1.317022,-1.191101,-1.660803,-0.412344,-0.432149,-0.320389,-0.958241,-0.232306,-0.213778,0.530347,1.144248,0.56528,0.361151,-0.176316,0.35859,0.635444,0.896764,-0.530424,0.625841,-0.847784,-0.582391,-1.427422,-0.635834,0.644472,0.102618,0.664784,0.0
opensans,E,3.121687,-0.542193,2.012753,-1.686124,-0.20266,-2.37847,0.198779,0.819213,0.777643,-0.905528,-0.15229,0.612819,-0.50895,-0.013939,-1.512289,1.678126,-1.382117,1.265184,2.59989,0.635983,0.666233,-0.532354,0.741817,-0.622521,-0.774606,2.73345,1.133193,2.061684,-0.410509,-0.106051,0.771289,1.658239,-1.184322,-0.287116,-1.464648,-0.222918,1.160219,0.523652,-2.636337,0.425983,0.0
opensans,F,-1.593321,-3.341622,-0.679344,2.275432,0.32633,-1.78164,-0.061156,2.528655,1.973111,0.585714,0.729524,1.678308,-0.190753,-2.134217,1.927778,-1.163166,0.264293,-0.200334,-0.044049,0.288941,-2.855617,0.432931,0.653809,-1.668258,-0.607564,0.921126,1.407931,0.643226,2.140741,-0.960941,-0.563885,-1.862443,0.733344,-1.268761,-2.000402,2.221833,0.533434,0.592143,-0.325818,0.645861,-0.0
opensans,G,1.141531,0.062801,2.078388,-0.534501,2.622664,-0.18538,1.335096,0.496293,0.409138,-1.563484,-0.813253,-0.067519,1.653474,-0.869159,0.225147,-0.050069,-1.84724,-0.891611,-1.124366,0.373517,-2.615391,0.880834,2.903437,-0.26055,0.676408,1.436956,0.802995,0.366889,-0.769826,0.263805,-0.881707,-0.57127,0.128585,0.2999,-0.483901,0.426334,0.303606,-0.345304,-0.153733,0.157417,-0.0
opensans,H,1.375709,-4.74616,0.387483,1.627847,3.528212,-1.17178,2.2022,-1.208408,0.11424,-0.270499,-1.159901,1.034816,-2.613112,-0.389661,1.182132,-0.926626,0.442445,2.837952,-1.270925,-0.033486,3.708233,0.085791,1.536981,0.978562,0.553622,0.49298,-1.096961,0.856027,-1.157948,-0.488443,-1.395514,-0.385576,1.508289,-1.271101,-0.190796,1.370405,-0.620773,-0.797972,0.449759,-0.842668,0.0
opensans,I,-4.55751,0.457615,0.368121,-0.05703,-0.109651,-0.066514,0.003319,0.034594,0.041827,-0.097769,-0.259974,-0.052687,-0.037431,-0.213722,-0.027916,0.014812,0.139317,0.011829,-0.109529,-0.025572,0.50975,-0.770073,0.383501,-0.317553,-0.231204,-0.18325,0.394547,-0.053684,0.200566,0.079243,0.016856,0.144712,0.017457,0.06231,-0.085063,-0.107547,-0.009008,0.03,-0.073445,0.032843,-0.0
opensans,J,5.423114,-4.402085,-0.371922,0.142882,1.263718,-1.316959,1.430796,0.576325,-1.804704,-0.178796,0.560272,0.128718,1.032756,1.114994,0.593744,2.849335,1.481219,0.041873,1.22241,-0.901392,-2.188384,-1.100876,-0.001102,-0.905545,-0.292679,1.127602,0.009607,1.951436,2.863966,0.509708,0.074993,0.965291,-1.304278,0.085668,-0.151822,0.089139,0.854051,1.57106,0.309057,0.471146,-0.0
opensans,K,-1.584627,-3.316513,1.624291,0.370521,0.335981,0.328842,-0.247711,2.170677,-0.301279,1.519003,-1.097017,0.451367,0.020045,2.45266,-1.389196,1.446913,0.464265,-0.5445,0.613594,1.744752,-0.128087,-0.328355,0.524152,0.091268,2.998702,1.482144,1.150933,-0.462519,-2.425537,1.145052,1.820425,-2.92254,-0.921415,-0.640642,0.308051,-0.019855,2.586572,-0.887529,-0.924203,1.550883,-0.0
opensans,L,-1.87003,-3.631344,-1.671562,1.81764,-1.760252,2.076846,0.402301,1.0789,-1.415498,-0.084107,-1.363264,-1.335533,-2.122412,1.863131,-0.104641,-0.720016,-2.489417,-2.765247,0.807572,0.055458,0.124808,-3.702922,-0.616458,-0.777432,0.800508,1.175322,-0.429692,0.941786,1.347604,0.155805,-0.953691,1.139973,0.514014,0.245961,-0.64015,-1.319707,0.116511,-0.823569,-0.064829,-1.09601,0.0
opensans,M,1.687101,-1.004463,0.702535,0.186736,-2.846591,-1.053404,-1.356533,0.330699,-1.030196,0.707746,-2.434702,-0.604845,1.785996,0.981345,0.582772,-0.795256,2.06177,-0.471311,-0.579399,-4.066735,3.142257,0.927193,1.168865,1.504166,-1.14662,1.732776,-0.670974,1.123154,0.158505,-1.779376,-2.787313,1.190562,-1.222313,1.373338,-0.635582,-0.959254,0.219299,2.08144,-0.570478,-0.699986,-0.0
opensans,N,-4.622439,0.352398,0.680104,-0.000959,1.454064,0.833102,1.174176,0.512303,3.195936,1.779481,0.701671,2.16611,-1.305136,0.612398,1.023495,-0.660905,-1.716397,1.777755,-0.990312,-0.576498,1.304686,0.952625,-0.550457,3.037998,0.056813,1.183817,-0.594276,0.79549,1.180924,1.160184,-1.533835,-0.119672,1.504307,-1.080378,-0.242732,0.269898,1.018368,-0.832156,-0.593284,-0.101683,0.0
opensans,O,1.123604,0.18932,0.650866,-0.721499,0.212421,-0.103917,0.450002,0.313125,-0.192252,-0.184417,0.759907,0.29975,0.057542,-0.436363,0.489745,-0.535542,1.312965,-1.628283,-0.450241,0.222746,-0.427107,0.781609,-0.987166,-0.136659,-0.149864,0.372067,-1.545665,0.262252,0.63917,-1.035414,-0.800533,0.150974,0.06494,0.002242,-0.255432,0.559023,0.663653,-0.062187,0.487772,0.021764,0.0
opensans,P,-2.054579,-0.70785,2.245091,-2.113004,-2.79293,-1.094597,-1.769313,0.482098,0.790885,1.546274,-0.693136,0.024196,0.049024,-0.542077,0.084614,0.290775,0.001619,-2.186614,0.005495,0.825071,0.102117,-2.167479,0.473103,-0.308527,2.297128,-1.013496,0.049223,-1.38728,1.164572,0.659895,-2.261988,-2.260571,0.012831,0.247722,1.338543,-1.29306,-0.820931,-1.02319,-0.178203,0.856003,0.0
opensans,Q,-1.879159,1.252309,-1.65774,0.68607,-0.569322,0.356844,-0.364939,-0.746085,0.101026,-0.313433,1.100211,-0.56662,1.341008,1.153583,-0.329882,-0.334733,-0.161545,0.560726,0.423473,0.250115,0.392682,0.027346,0.081743,-1.29237,1.803343,-0.122373,1.165309,-0.485461,-0.349324,0.667298,-0.298342,-0.97345,0.459478,0.051477,-1.525556,-0.121277,0.072907,1.333364,0.612834,-1.521953,-0.0
opensans,R,4.337168,0.344037,-1.785188,-0.623303,0.427798,0.774753,-0.364799,-0.602102,-1.753952,0.068251,-0.982876,-0.899734,1.005642,1.453604,0.626314,0.008288,0.014162,1.255791,0.517281,0.251276,1.431098,-1.673745,0.764963,-1.559221,-0.803609,0.342531,1.060604,1.265811,-0.508413,3.287386,1.453354,-1.595197,0.803965,0.619666,-0.636082,0.212094,-2.670629,-1.094848,-0.576407,-1.065305,0.0
opensans,S,-5.132446,-0.159713,-0.205728,-2.145331,1.239226,-1.066795,0.604035,1.491692,-0.765189,-0.545947,0.512327,1.106409,1.481837,-0.04375,1.474578,-1.448139,-2.208341,0.274513,0.188491,0.612046,-0.31479,0.364799,3.258865,1.031382,-0.314893,0.980207,-1.695717,0.093434,0.070828,0.538484,0.774225,0.756203,1.465472,0.261175,0.290949,-2.082967,1.561993,0.867993,-1.867558,0.68601,-0.0
opensans,T,-3.395115,0.228031,0.120847,-0.065717,0.496701,0.7793,0.809665,0.812653,0.855448,-0.639634,0.363622,0.182142,-0.65258,-1.283512,0.09934,-0.286717,0.697609,0.572286,-1.03163,-0.905098,0.342914,-1.669868,0.281963,-0.175681,-1.156879,-1.285523,0.584252,0.724625,2.783711,-2.709105,1.387515,-0.258269,0.140987,-0.84291,-1.672896,-0.438778,-0.412307,-0.61671,-0.599947,0.040925,-0.0
opensans,U,2.190065,-0.864695,-0.24801,-0.521589,-0.275796,0.630921,0.384378,0.21159,0.756202,-1.332084,0.014645,0.173819,-0.839977,-0.952251,1.958955,1.254978,-1.753778,-0.822545,-0.289719,0.512466,-0.489015,0.741831,1.099458,-0.180429,-0.257479,-0.52518,0.706616,-0.411223,0.673257,-0.845734,0.14761,0.759571,-0.33555,-0.322108,0.168806,0.635875,1.187621,0.433125,0.918471,-0.335077,-0.0
opensans,V,1.870331,-0.257967,-1.006878,-1.615681,1.071763,2.00117,-3.167364,-0.578354,1.002118,-0.968921,-1.00203,-0.182843,1.991492,-0.921973,1.747255,-3.101104,0.532511,0.158057,1.591054,-0.021793,1.730638,-1.911429,-0.411546,-0.198562,0.787838,-0.592462,1.927572,0.268114,-0.959791,0.99262,-0.946804,0.195835,0.535606,0.320241,0.682285,0.082905,0.092191,0.965389,-0.286613,-0.40806,-0.0
opensans,W,3.187097,-0.033902,1.701983,-0.958148,-0.0641,3.90422,-1.648755,1.639704,-0.329627,-1.467234,1.257526,0.294728,0.291086,1.862237,-1.82531,0.462939,0.284528,-1.188739,-0.780971,-0.241421,2.011485,-0.651263,-0.183242,-2.393742,1.124778,-2.788544,-1.779007,3.011684,-1.607262,-0.048486,-0.268613,2.078665,0.941278,1.456617,1.140662,-1.730932,-1.40853,0.574398,0.742639,1.403754,0.0
opensans,X,-3.730346,0.243932,-0.19971,-0.252717,-0.078867,-0.053011,-0.06362,0.079155,0.013276,-0.11226,-0.028547,-0.048811,0.045105,0.056489,-0.100003,-0.057779,0.058971,0.162145,-0.423963,0.191963,0.244542,-0.196639,-0.561829,0.11975,-0.005399,-0.054909,-0.136315,-0.026026,0.115576,-0.277819,0.427816,-0.479837,-0.218355,-0.089725,0.157597,0.367664,0.067225,-0.051888,-0.02881,0.080584,-0.0
opensans,Y,-4.047663,1.063395,-2.081336,-0.380941,-2.480066,-2.567639,2.034398,-1.122157,2.499179,-0.851894,3.065912,1.579693,-1.444455,-0.973421,0.083313,1.266824,1.733342,0.958407,-0.878101,0.528414,0.25605,-1.561587,-0.943979,0.725552,0.545993,-1.477261,0.509684,0.330474,-1.868666,-0.933783,-1.073994,1.500718,0.348858,0.704881,2.773208,1.01862,1.472905,0.917084,-1.340611,1.731548,0.0
opensans,Z,2.644219,-0.840324,0.773968,0.328083,-1.361082,-0.41094,0.664533,3.716898,-0.617992,-1.64576,-0.350579,-1.884019,-0.910483,-1.09646,-0.458454,-0.327832,-2.096265,0.623931,-0.279595,1.368554,-0.205492,0.190675,0.964821,0.904311,-1.205177,0.124299,-2.437403,0.44174,1.846391,-0.845907,1.149303,-1.106475,-0.719406,0.280905,1.483052,0.52606,-0.962325,-0.843785,1.019027,0.138312,0.0
opensans,a,0.621988,-0.714905,2.249448,-1.601695,-0.969182,1.003068,-1.873941,0.441066,1.523876,-0.400716,2.348327,-1.992311,-0.667311,0.815903,0.51683,0.881173,2.835195,-3.107945,-0.574172,-1.055882,0.773262,3.082546,-0.929264,-1.053663,0.457241,-2.099055,1.433413,-2.463297,0.846515,-0.541143,1.226684,-0.131427,0.265276,-0.674711,1.487245,-0.913015,0.620965,-0.309817,1.532427,0.665091,-0.0
opensans,b,1.048657,-0.1675,1.122153,-0.946074,-0.164156,-0.832992,1.597842,0.570496,0.035603,-1.100848,-0.644892,2.626479,0.468333,-0.26527,-1.504082,-0.930637,0.367509,-1.572134,-0.780683,1.9369,-0.472055,0.618162,0.48898,-0.294635,-1.134262,2.502389,0.157248,-0.209142,0.309675,0.689519,-1.995607,-0.661425,-2.461975,-0.033495,0.505297,-0.076825,-0.794744,0.269392,-1.150592,-1.223807,0.0
opensans,c,3.7566,-2.161062,-1.340931,0.391354,-0.340928,-0.165196,-1.384971,0.188728,0.471594,-1.00751,1.084733,-0.448142,1.379952,0.043393,-0.003765,1.304122,1.204599,-2.091542,-1.376363,-0.78592,1.230816,-0.4393,-0.575762,0.057739,0.792688,-1.041996,0.125409,0.40624,0.587885,-1.01505,0.416177,-1.264291,0.15472,0.612247,0.957607,-0.341756,-0.317201,0.762519,0.804087,-0.314687,-0.0
opensans,d,1.989502,0.328423,-0.355664,-0.339939,1.235286,-1.690093,-1.522294,-1.741744,-0.930308,0.096674,1.16708,1.294042,1.162119,0.45233,0.788088,-0.819003,0.103733,-1.151426,0.400159,-0.971754,-0.543953,0.967055,2.686576,-0.091448,0.322803,-2.382645,0.460231,0.839389,-0.213048,0.074066,-0.747515,0.052035,-0.316866,-0.733629,-2.216874,-1.295998,-0.457108,0.763306,-1.597813,-0.866165,0.0
opensans,e,1.24152,0.780498,-2.025199,-2.884961,-2.42171,-1.189451,1.644914,0.294439,-0.865338,-0.290169,-0.914504,1.172393,-0.90009,-3.599687,1.134915,0.485603,-1.403276,-0.937471,-1.254464,-2.113667,-0.780784,-1.299155,1.223636,-0.635941,-0.640386,0.067346,0.451182,-2.110538,1.011336,-1.078621,-2.142318,-1.132916,0.813164,-0.758411,2.370013,-1.03642,1.57864,-0.994902,-0.837643,0.527619,-0.0
opensans,f,-4.987573,0.989974,0.327713,-0.43882,-1.29941,1.481431,-0.330788,-1.389707,-1.587999,0.625424,-1.747732,-2.306548,-0.90569,-1.655524,-0.500898,-0.117349,-0.285858,1.102485,-0.225553,-0.613114,-1.055211,-0.390903,-0.484866,-2.333498,-0.622935,0.827212,-0.175729,-0.314783,-1.223883,-0.315924,-0.461019,-1.299924,2.390284,2.26042,-2.796322,-1.500386,-0.719425,0.57474,0.210184,0.22187,0.0
opensans,g,-2.735244,0.75466,4.513824,2.025464,2.323819,-0.06793,-2.038106,-1.274014,1.693999,2.23375,2.780999,-0.373628,-1.519773,2.854288,-2.329565,0.293306,-1.031833,0.400687,-0.409452,0.032942,0.772316,2.028522,-2.861572,0.077511,0.817916,-0.531286,0.796335,1.402983,-0.058149,1.483939,-0.393356,-2.177683,-0.144202,1.639555,0.537132,-0.617574,0.743631,-0.453812,-0.042333,-0.835741,-0.0
opensans,h,3.612155,0.509215,0.678066,0.757482,0.02498,-0.03259,1.099922,-0.371463,0.282695,-0.401949,1.011884,-0.603434,0.418825,-0.568118,-1.725659,0.478234,-1.035602,-0.804998,-1.495207,-0.440614,2.187203,1.008119,1.346276,-1.406807,2.685846,1.525688,1.025397,-0.938184,-1.577764,-0.783581,0.437549,-0.275978,-0.727862,1.156488,1.391428,0.363995,1.080286,0.308072,1.768496,-1.692677,0.0
opensans,i,-3.706785,-0.427759,-1.878805,0.094941,0.766054,-1.167602,0.240149,-0.27975,0.04693,0.817771,0.062948,1.374994,0.468096,0.20528,-0.502727,0.082187,0.289528,1.065249,-0.474257,-0.822637,-0.576572,0.300851,-0.572152,-0.230214,0.162274,-0.083256,-0.31435,1.016478,0.396828,-0.249929,-0.647615,0.276936,0.555987,0.772135,-0.312227,-1.863349,-1.198692,-0.547507,-1.221052,0.611261,-0.0
opensans,j,-1.64212,-2.929727,0.626368,-0.298212,0.091284,2.167983,0.045933,-0.442928,-1.958598,2.448139,-0.404493,0.152696,-0.158258,0.965057,-3.283058,1.147117,0.504811,0.737268,0.8755,0.638615,-0.115619,0.311624,-1.098363,-0.2,-0.05747,2.307028,1.599381,0.989179,0.291366,0.810015,2.503577,0.228725,-0.025388,-0.690375,-0.65674,-1.980511,0.22037,0.590603,0.17393,-0.211953,0.0
opensans,k,-3.877452,2.742671,0.190363,-0.643653,-1.445993,0.154593,1.664464,-0.045311,-0.981369,0.214765,-1.197895,-0.544504,-0.710541,-0.717551,0.282617,-0.417033,-0.852262,-0.584533,-0.598221,-0.3569,-0.536302,0.976473,1.39481,1.785926,0.906322,-0.823066,-1.33498,-0.257657,0.389236,-1.76638,0.445562,2.546595,-0.50234,-1.387128,0.388911,0.077341,1.574957,0.454677,-2.221529,-2.826804,-0.0
opensans,l,4.135806,-1.371741,0.819959,-0.743304,-0.389364,-0.670159,0.075927,0.189502,-0.18231,-0.0685,0.457227,0.417182,-0.414748,-0.073309,-0.117761,0.319213,0.178216,0.137354,0.088484,0.238661,0.107673,-0.241229,-0.006375,0.129737,-0.107513,0.011205,0.371158,0.149323,0.284758,-0.170993,0.556162,-0.236775,0.02082,0.205351,-0.078661,-0.047304,0.144575,0.015381,0.048342,0.00039,0.0
opensans,m,3.057106,0.863966,0.081114,-1.732233,0.294453,-0.094642,-1.25372,1.676215,1.171199,1.222755,-0.620964,-0.4608,0.118986,1.664796,0.745653,1.619794,-0.437407,-2.017675,-0.714982,-0.657619,-0.04117,-0.895182,0.534389,-2.098715,1.873167,0.519144,-0.987771,0.26214,-0.960452,1.310256,0.576837,0.045042,0.385697,-1.018017,-1.174303,1.701538,-0.147089,1.347135,0.711691,-2.827146,-0.0
opensans,n,2.93986,-1.467445,-0.981387,0.351091,-1.029105,1.392778,0.038725,0.210089,-0.31668,-0.104047,0.585352,1.679452,-0.800679,-0.561846,0.741061,1.166805,-0.037365,0.579319,-0.377471,-1.736421,1.053775,-1.430539,0.286266,-0.594003,-0.466515,-0.273049,0.507451,1.180412,-1.104511,-0.758451,0.098611,0.446043,0.118583,-0.694801,-1.861363,-1.16774,-0.596445,1.197718,0.941207,1.537825,-0.0
opensans,o,0.029721,0.701718,-0.165744,0.68127,-0.624564,0.683285,0.563296,0.678846,-0.838604,0.085519,1.398911,-0.953775,0.051604,0.428435,-1.079642,-0.989498,0.41471,0.698953,-0.540237,-2.594354,0.138864,0.001438,-0.485322,0.514319,-2.096539,-0.211413,0.78441,-0.794993,1.519041,0.25465,-0.304505,0.185141,-0.734882,0.769577,0.113888,-0.1433,0.531891,-0.176108,-0.158498,-0.387174,0.0
opensans,p,-1.595238,0.20807,0.632193,2.2354,-0.670676,1.45505,-0.74652,0.345145,1.162334,0.056073,-0.41009,-1.165592,-1.185125,0.259142,0.145283,-0.159243,-0.636959,3.725457,-2.077826,2.445465,0.174183,0.543324,-0.569621,0.974447,-0.072527,-0.020247,-1.813417,0.714652,-1.010885,0.126908,0.337242,-0.659037,-1.701936,-1.420716,-0.904444,-1.303761,-0.738235,0.345633,0.286604,-0.105715,-0.0
opensans,q,-0.27022,1.566882,-0.416119,0.953491,-1.955104,0.102549,-0.034852,-1.215795,1.136255,-0.06214,0.37633,0.228196,2.251327,0.263839,2.619056,-0.400339,2.495229,0.142721,-2.203725,0.802341,-0.415821,0.775515,0.411336,-0.159356,-0.278148,1.503933,-1.609597,-0.664082,-1.031786,-0.880974,-0.598798,-0.021001,-1.471899,1.520131,-0.824969,0.195974,0.893306,-0.389112,1.574232,-1.320111,-0.0
opensans,r,3.779025,2.447821,-6.151325,-1.402695,-1.996114,-1.614435,-1.010188,-0.526484,-1.186545,2.073491,-3.591022,1.348075,1.321626,3.222659,-0.681856,-1.211365,1.307263,-4.030079,-1.387851,-0.450786,2.09063,-0.723174,-0.486154,0.583988,-1.787592,-1.040804,0.687788,-0.852046,-0.998703,-0.578435,-0.315104,-0.112537,-0.456892,0.536367,0.31536,-0.099494,-0.053248,-0.23785,0.068628,0.029254,-0.0
opensans,s,4.782456,-1.68897,-3.211943,-0.525387,1.844072,-0.645829,0.31318,1.657862,0.576538,0.699222,1.574053,0.169102,-1.76612,-1.825352,-0.571061,-0.699678,-0.441156,0.201775,1.278679,0.883386,-0.685484,-1.16818,-0.654565,0.751224,3.988632,-0.998701,1.006453,0.127133,-0.326419,-0.163961,0.195736,-0.31557,1.110363,-1.268229,-0.209073,0.387282,-2.773465,0.87161,-1.036033,0.30104,0.0
opensans,t,6.093629,-4.983248,1.544833,1.509941,-4.506976,0.547611,-0.659362,-1.144099,-1.017537,-0.328027,1.58063,2.600172,0.705462,0.031824,3.590776,-1.603978,1.516637,1.037127,0.088273,2.709495,-1.622285,3.261483,-0.805148,2.3905,-1.186692,-0.727871,0.713601,-1.030676,0.464876,0.781721,0.66147,0.984942,0.873926,-0.083748,-0.539415,0.139796,0.179386,-0.115731,-0.015807,0.016001,0.0
opensans,u,1.85135,-0.886424,0.163774,0.580807,-0.381201,-0.366461,1.801869,-0.099993,0.986482,-0.562972,0.08636,0.998481,0.178634,-0.264343,-0.446698,1.543008,0.540943,-1.393796,0.858104,-1.04511,1.147012,2.202786,0.916106,-0.858435,-0.342131,0.521185,0.220547,0.010897,-0.902139,0.787623,0.459052,-0.893359,0.936609,-2.48681,1.326913,0.204807,-0.388548,0.699648,1.064543,-0.330463,-0.0
opensans,v,2.076268,-2.503703,-1.08967,-2.539453,0.73069,-2.789246,-0.797329,0.748162,-1.410455,0.322418,-0.100086,-0.975735,-0.154683,-0.82907,-0.329877,-1.762207,1.973458,-2.803909,1.734638,-2.828033,-0.985506,-0.292748,1.510346,0.389395,-0.152539,-0.473396,1.077338,0.467789,-0.166292,-0.826829,0.295377,2.15433,0.985475,0.809137,0.997344,-0.239346,-0.015389,0.247483,-1.076827,-1.384672,-0.0
opensans,w,-3.772503,0.771302,-0.211955,2.053965,2.914554,-1.510978,-2.087877,0.77564,0.070414,-1.924412,0.474605,0.152043,-0.193468,1.532065,1.485239,0.232449,-4.000567,-1.202623,-2.262275,-1.941165,-1.010418,1.378069,-0.137757,0.300247,-0.744806,1.372198,0.382991,-1.187574,1.179336,-0.052316,-1.793932,2.113954,0.529763,-1.597328,-0.650508,2.243135,1.54844,1.825004,-0.949939,-1.290718,0.0
opensans,x,-3.405149,0.033294,-0.364491,-0.241005,0.291804,0.171221,-0.376705,-0.021586,0.349093,0.227523,0.0928,0.034913,-0.082263,0.136439,0.056927,0.173274,0.191038,0.151835,0.241506,0.095046,-0.56014,0.272596,-0.386889,0.088891,0.051881,-0.072113,0.058498,-0.479958,0.208257,-0.193754,0.137482,-0.206948,-0.414608,-0.025589,-0.068262,-0.029241,-0.230498,0.111329,0.260474,-0.139012,0.0
opensans,y,1.924839,-2.18662,-3.228241,0.980555,-2.509405,-3.672255,1.034929,-1.055306,0.360819,-1.55466,1.167149,3.978292,2.533009,0.755386,-1.171368,1.142683,0.409025,-2.937694,1.679318,0.018365,1.227428,-1.720948,-0.318189,-2.766835,-0.605017,0.182802,1.398756,1.249061,-2.266045,1.426399,-1.657768,0.447907,0.572103,-0.23132,-0.160746,0.509487,0.630354,-0.793443,-0.953126,-0.316779,0.0
opensans,z,3.455306,2.957571,-2.364542,-1.737055,-0.142985,-0.185006,-1.190914,3.597026,-1.022483,0.281419,1.055184,0.481741,-2.372742,2.02353,-0.723874,0.819104,1.226996,-0.119569,-1.542106,-0.075373,1.317417,1.017042,0.806348,-0.628844,0.799094,-1.010152,0.166394,0.492535,1.352085,0.550574,-1.309793,0.829546,-0.30962,-2.115774,-0.497561,1.079576,0.021247,-0.41754,-0.083964,-0.353748,-0.0
oxanium,0,-0.060828,0.164362,-0.333486,0.412748,0.326681,-0.185218,-1.109395,-0.514242,1.169988,-2.38227,-0.781368,-1.273523,-1.659708,0.872669,-1.089797,-0.70539,0.125017,-0.69952,-0.33724,-1.767569,1.028865,0.745327,0.739606,-0.648133,-0.902759,0.031816,0.017412,0.212358,-1.75943,-0.113901,-0.00124,-0.061487,0.45892,0.112109,-0.084114,-0.136825,-0.786119,0.162014,0.089636,0.218936,-0.0
oxanium,1,9.620725,1.420026,-1.101835,-3.00134,6.380462,-0.285418,0.611245,0.934695,-0.887326,0.09437,3.374508,4.609497,1.610629,0.220153,1.426885,-0.028312,0.453255,-0.691764,-0.509884,0.44382,-1.067959,0.593249,0.430356,-0.730737,1.555216,0.424054,-0.525886,-0.298068,-0.815266,-0.027718,-0.261127,0.49393,-0.151223,0.044742,0.153396,-0.18566,-0.106104,0.064259,-0.211951,0.152815,-0.0
oxanium,2,-3.450717,-3.386621,-5.588417,-3.383793,-5.6877,0.391699,1.403071,-2.454786,0.479351,-1.838144,0.879225,2.232208,-1.71091,-0.642185,0.12203,0.768364,0.719824,1.573595,0.446521,-0.873799,1.914234,1.11674,0.29334,0.124225,0.595612,-0.467367,-0.465432,-0.937944,-0.249276,-1.068076,-0.228078,-0.234323,0.690254,0.325083,-0.462443,-0.153029,0.144136,-0.460888,-0.461887,-0.419093,-0.0
oxanium,3,-2.11084,-2.249168,-2.547757,-2.525793,-2.230117,3.444328,1.888168,-1.026717,-0.407427,0.048857,-0.29489,-2.267259,0.942836,0.513118,-0.859577,-1.969944,-0.637296,-0.297217,-2.796167,2.071267,-0.413899,1.500599,-1.414065,-0.13912,-0.768656,1.037,0.693807,-0.070777,-0.369189,0.906625,2.155487,1.593824,2.695785,0.360904,0.823329,-1.321939,-0.596973,0.308116,0.023227,0.425238,0.0
oxanium,4,0.323915,-0.107597,2.663924,-3.652602,1.463627,-0.047337,-1.149597,-2.272073,1.841467,-1.87122,-1.176349,-2.512016,-0.450161,-1.2224,2.056853,-0.431676,-0.046177,0.938393,3.35387,-0.144651,0.211465,-2.142816,0.212612,0.563603,0.48832,0.235142,-0.466793,0.488714,0.348364,-2.895697,0.135632,-0.00214,1.350854,-0.6247,-2.161105,-1.31851,-0.474569,1.134057,-1.480696,0.514725,0.0
oxanium,5,-4.709867,-1.494611,1.285692,3.88414,-2.30623,-1.610043,-0.649592,-3.876682,0.686082,-0.380183,2.760272,-1.665648,0.824369,-0.737047,-0.932956,-2.584198,0.980125,1.254289,-0.085227,-1.607736,-0.149145,0.964361,0.831114,-1.069437,0.965656,1.458886,0.191632,-0.489764,0.857525,-1.213547,-0.961416,1.156953,-0.66387,-0.289554,0.058045,-0.806426,0.324224,-1.368436,0.180363,0.26665,-0.0
oxanium,6,5.348382,1.777596,-2.256281,-1.656004,0.57583,-0.303293,0.527767,-2.790643,-0.771447,0.8616,-2.394449,-0.308732,1.250419,1.360206,0.532387,-0.877076,1.110948,-0.07333,0.154701,2.566386,1.392781,3.772842,-1.419884,0.066104,0.179438,0.434267,1.669199,-0.540254,0.893581,1.434066,-0.572941,0.653866,-0.026357,-0.587745,-0.399608,1.193217,0.046894,0.569601,-0.559305,0.350165,-0.0
oxanium,7,0.287385,0.58521,0.976633,-0.931074,0.136317,-0.36714,-0.200464,0.554513,1.824211,1.986646,0.251248,0.319609,-2.052482,-0.018459,0.302185,-1.85933,0.553067,-0.583737,1.756229,-3.337025,-0.605805,-1.269253,-0.655806,1.73175,0.80979,-1.068537,2.192327,0.561164,-1.592763,-0.657955,1.194283,-0.012354,0.476165,-0.879656,1.462129,0.098036,0.245637,1.220875,0.16235,0.540604,-0.0
oxanium,8,1.279886,1.820246,-0.542958,1.801747,-0.09732,-1.890369,0.861332,4.554202,0.954677,-1.003139,1.584562,-1.885266,-0.288898,-3.019784,0.277592,0.874408,1.116975,-0.531663,-0.521042,-0.594655,0.093742,-0.578486,-0.890568,-1.708636,-0.115739,0.93864,0.140838,0.519394,-0.198416,-1.287187,-0.579815,-2.055453,0.533462,-1.479924,1.063574,-0.446551,1.039333,0.736133,-0.065878,-2.381239,-0.0
oxanium,9,6.803908,-1.24577,-4.564754,0.050516,0.182711,1.625352,-2.362931,0.720354,-1.023114,-0.490536,0.384471,1.995791,-1.144415,0.838359,-0.061025,-0.09076,-2.183558,0.852918,0.025321,1.072944,0.044526,2.30206,-0.333886,-0.609638,-0.355969,0.750734,1.722664,-0.175695,-0.078438,1.035815,-1.570678,-0.940719,-0.488338,2.082729,-0.571431,1.463126,-0.059686,-0.001894,-0.136869,0.711908,-0.0
oxanium,A,0.176504,-3.826152,-0.91188,1.297005,0.108909,-1.286858,-1.023755,-1.478053,-0.563911,2.011237,-1.796781,-1.12418,-1.137711,-0.673223,-1.244795,1.398029,-0.449747,1.17413,0.407039,1.339858,-0.256808,1.745763,-2.099205,-1.745935,-0.932705,0.519476,-1.828434,1.985843,0.618567,-2.236598,-1.432197,-0.033236,-1.451888,0.41438,1.902962,0.921581,-1.534213,-2.629043,0.248626,-0.586065,0.0
oxanium,B,-2.152505,-0.963931,1.721215,-0.502627,-2.251036,-1.4723,-1.864936,0.910845,-1.535661,0.430879,0.066046,1.540201,0.3999,-1.391906,0.01378,0.455451,-4.204095,1.413438,-0.966454,1.301399,-1.123323,1.791373,-1.232004,-2.675988,1.300976,-0.517579,-1.272384,0.386376,0.846457,-2.030269,-0.392442,-0.669879,-0.173593,0.283001,-2.302564,-0.199139,0.098387,0.189261,-0.188009,0.107309,-0.0
oxanium,C,3.732975,-2.44203,0.739713,1.766479,-0.195124,-0.237501,0.792139,-2.437879,-1.959307,1.659808,0.023744,-0.204966,0.133227,-1.149982,0.591194,0.9635,-0.439198,0.248164,-0.010182,0.863591,1.151041,0.253531,0.8365,-1.014862,-0.302982,-0.826826,-0.325758,-0.359835,-0.101772,-0.46625,-0.451857,0.022423,-0.535208,-0.047966,0.249483,-0.336559,-0.295773,0.29331,0.135216,0.183945,-0.0
oxanium,D,0.619188,-1.066461,-0.930365,-1.556694,-0.268989,-0.700473,-1.347653,-0.478711,-0.763648,-1.016284,1.547088,1.708728,0.842708,0.426847,-0.075022,0.447584,0.22749,-0.963444,-0.369003,0.730103,-0.009579,-0.076216,0.429755,0.01672,1.319745,-0.372604,-1.278218,-0.508409,1.082621,0.237981,-0.097301,-1.138745,-0.008037,-0.345271,-1.122714,0.670731,0.796908,-0.289312,-0.242368,-0.046101,0.0
oxanium,E,2.383027,-0.601152,1.388842,-0.988278,-1.353408,0.558818,0.676293,-3.381148,0.551206,0.788155,-0.991024,-1.306635,-1.443049,-0.533054,-0.925516,-0.921635,-0.008535,-1.024846,0.647638,-1.964178,0.296584,-0.480555,-0.594345,0.919191,-0.983376,0.840145,-0.616323,-0.999995,2.276855,0.984864,3.209484,0.471311,1.967794,-0.896853,-0.633411,1.606925,0.313869,-0.239914,0.179885,-1.883954,0.0
oxanium,F,-3.644035,-2.465217,-1.508207,0.855942,-0.984037,-0.374304,-0.970915,1.26956,1.575545,-0.904718,-0.545992,-2.518578,0.569807,1.06965,-0.04824,-0.886196,-0.563532,-1.836471,-1.733454,2.06881,-1.035448,0.674952,2.560837,-0.555256,-0.065867,-0.579721,0.111433,1.265352,-0.544773,0.641505,2.207347,0.440459,-1.682551,1.759011,0.435959,-0.393331,-0.649297,-1.109451,0.484134,2.679695,-0.0
oxanium,G,-0.307045,-1.176175,1.858187,1.625728,-0.507317,-2.626277,-1.425872,-0.174478,-0.951541,0.352782,1.757002,-1.449021,-1.687958,2.980622,-3.931678,0.630388,0.963973,-0.665153,0.368549,0.203386,-1.082487,0.275623,-0.378509,-0.857579,0.135058,1.644448,0.445407,0.050201,0.53633,0.167652,-0.872394,-0.157021,-0.034527,-0.242667,-0.091251,0.035401,0.162022,0.190393,0.25721,0.197246,-0.0
oxanium,H,1.909482,-2.472096,2.24935,-2.316582,-1.036664,1.057459,1.987359,-0.03712,0.719799,-1.307011,1.991246,0.443724,-3.100061,-0.156995,1.129878,1.356591,-1.144687,-3.726211,0.039484,-3.072401,0.434185,2.272538,0.469145,0.339559,0.379977,0.826641,1.948999,-0.851149,1.117817,-0.465846,-1.866449,0.186588,-0.819518,-0.08942,1.06566,1.030967,1.144869,-0.358973,-0.242576,0.38233,0.0
oxanium,I,-4.586143,0.467069,0.376876,-0.068123,-0.081577,0.021533,-0.046603,0.038062,0.054355,-0.155448,-0.246628,-0.005413,-0.061683,-0.219953,-0.026184,0.057484,0.080017,-0.030961,-0.085277,0.05426,0.316318,-1.03532,0.315927,0.07268,-0.025411,-0.05036,0.005316,0.212133,0.073086,-0.1769,0.051524,0.141625,0.074328,0.101534,0.062716,0.018491,0.000951,0.013014,0.084622,-0.079099,-0.0
oxanium,J,-10.14724,-0.098532,-0.899857,-4.19621,-1.826036,-1.335217,-0.383464,0.252325,0.027381,0.127117,-0.408895,-0.314679,0.078691,-0.061766,0.584377,0.037543,0.303397,0.34528,0.103503,-0.151631,0.763809,-0.026397,1.321389,0.472523,-0.527247,-1.148042,1.024839,0.693633,-1.046165,0.815846,0.796703,2.689514,-0.149655,-3.138422,-0.337061,-1.399128,-0.323414,0.640672,-1.002618,0.201017,-0.0
oxanium,K,1.726212,-4.393309,2.383066,0.875313,1.235788,-0.456113,0.054875,-0.375531,1.054976,-1.082596,-0.073774,1.523601,0.6497,-1.301692,-1.145921,0.849402,-1.444666,-0.578492,-1.581039,-0.309007,0.919215,-0.103951,-1.551232,-0.849657,1.673324,0.988758,0.680567,1.704461,0.564202,0.828821,1.425506,1.211159,0.829792,3.009965,-1.43466,-0.373106,-0.565919,-1.578602,2.989139,1.150127,-0.0
oxanium,L,0.27169,-4.790845,0.087362,1.919556,-0.478298,0.776992,-1.635449,-1.187363,-0.251157,1.760119,0.870963,-0.135597,3.035363,-0.929765,1.661376,3.137021,-0.588318,2.340026,-1.657762,-0.158787,0.82979,-1.174453,-1.527268,0.568613,0.242815,-0.040297,0.466708,-0.612812,-0.791329,-0.24361,-0.31459,0.720803,-1.968524,0.277534,-1.611943,-1.560821,-1.543481,-0.290499,0.826756,0.062614,0.0
oxanium,M,-0.549388,-5.705667,1.959606,-2.820733,0.935354,-1.350527,-0.849943,0.291937,2.529728,-0.716649,2.49752,-0.344653,2.951655,-0.429222,-0.525894,1.398812,0.489508,-0.294596,0.148817,1.609761,-2.067708,0.069733,2.491441,2.496713,-0.725819,0.433766,-1.54254,-1.563403,-2.773727,-0.390148,-0.87695,-1.187133,1.258138,0.502368,0.633384,-2.216198,0.848032,-0.203523,-0.434464,0.419605,-0.0
oxanium,N,-2.596283,-2.241056,-1.80248,-1.458125,-0.363923,-0.681128,-1.858102,-1.687627,-1.983088,0.046732,-2.627303,-0.22374,-1.604309,0.659782,0.22761,0.542095,-2.077251,-0.369268,-0.890953,-0.982029,-2.805074,-0.151316,-1.35747,1.025392,-0.321703,1.729645,1.225034,-1.646581,-1.12911,1.317768,0.899814,-0.498679,0.825362,0.862404,0.772584,-1.179949,1.078851,0.599264,-0.726334,-0.605536,0.0
oxanium,O,-0.776576,-0.930484,1.393949,0.133675,-1.462086,-0.731538,1.070284,0.018437,-0.426486,1.962234,0.329123,-1.592803,-0.592649,-0.049351,1.695962,0.791669,-1.314416,-0.196158,-1.063966,-0.769583,-0.930509,-0.57552,0.097417,0.26811,-0.061738,-0.728981,-0.392127,-0.386108,0.145678,0.026759,-0.089336,0.25592,0.024917,0.024939,-0.13268,-0.451683,0.204442,0.250241,-0.022044,0.250542,0.0
oxanium,P,-3.319014,-0.656875,-3.167177,1.012792,-1.22243,-0.316541,-0.702535,2.206465,-0.908222,0.832826,-1.240491,-0.001646,-1.074668,1.703924,-0.078094,1.507617,-0.688041,0.742741,0.826154,-0.457127,-2.587295,0.489066,-0.160183,0.572844,2.942628,-0.268549,0.027621,0.533429,2.333428,-1.335785,-0.359086,1.429177,0.429091,-0.308456,-0.773555,0.9857,1.623887,-0.094806,1.356465,0.747253,0.0
oxanium,Q,-2.189009,0.305807,-1.505391,0.074118,-0.5026,-0.523946,-0.655583,-0.6764,-1.691,-1.574443,-0.570606,0.510458,1.064973,0.226972,-1.752569,-0.140483,0.719287,-0.212802,-0.567693,0.871437,0.409301,-0.60248,0.6174,1.59678,1.595376,0.285533,-0.028659,-0.026417,1.097507,0.971128,1.400847,-0.874917,1.129869,-0.036276,0.693235,0.580046,-0.060462,-1.008313,-0.8849,-0.031627,-0.0
oxanium,R,1.913589,-2.515613,-0.037129,2.651214,-1.888523,-1.058141,2.075056,-3.134909,-0.244586,0.591424,3.276483,0.425594,0.752116,-2.312101,0.906765,-2.842318,-0.255987,-0.585646,-0.687639,-0.394953,-1.137254,0.963268,-1.803879,1.357362,-0.264244,-0.531541,0.423048,-0.698849,1.165249,1.587489,-0.777473,-1.98971,-1.175037,-0.748747,0.126661,0.254911,-0.710373,1.254801,-0.316939,-1.150529,0.0
oxanium,S,-3.615081,4.031509,-1.596799,2.758054,0.614771,1.932692,1.368085,-2.401014,0.312909,-0.524875,-1.036001,-0.467751,-0.398008,-1.707761,0.779219,0.618878,1.614314,-0.046224,0.479358,1.981446,-0.801493,1.540673,0.311368,0.281883,0.753926,-3.214021,-0.548104,-0.012151,1.554618,0.814511,-1.214853,-0.893037,1.513946,1.135443,-1.70178,0.378112,-0.15417,0.53984,-0.657525,0.319282,-0.0
oxanium,T,-2.536583,-0.963017,1.563158,-0.185985,-0.601492,1.081361,-0.26871,1.762703,-0.997384,-0.820023,0.94118,1.23862,-0.994489,-0.342591,-0.828178,-0.021042,0.022702,0.960164,0.317661,-1.649063,-1.170342,-0.207472,-1.281428,-0.462506,1.057584,1.327678,2.000309,-0.968518,-0.020315,0.660264,-0.793751,-1.575889,0.138778,1.064589,-1.406019,1.903537,-0.242859,0.797595,-0.828306,1.012786,-0.0
oxanium,U,3.608626,1.334704,1.942514,-0.391434,-0.28948,-1.838039,-0.74088,0.878117,0.195798,1.784066,0.046538,-0.766909,0.092461,0.76886,-1.015899,0.503518,0.729197,-1.330075,-0.542623,-0.233878,-1.221534,-0.112331,0.03632,-0.888872,-0.671779,1.481512,0.348654,1.126887,1.681458,-0.47669,0.090488,0.176449,0.213289,-0.141226,-0.444923,0.178458,0.572707,0.123756,-0.392264,0.071563,-0.0
oxanium,V,3.157113,0.250682,-0.930815,1.731513,0.153252,0.54013,2.097067,-1.54925,-0.762168,0.265779,-2.773337,-0.937925,0.115114,-0.316199,1.393089,1.629434,1.231033,1.716764,0.399896,0.265039,1.666354,1.070173,-0.773027,1.165466,1.013499,0.864178,-0.206114,1.779683,-0.787597,0.45182,-1.083787,0.153961,-1.97012,0.081585,-1.132837,-1.199239,0.805651,-0.105154,-0.026075,0.604968,-0.0
oxanium,W,0.266149,2.379586,-4.748424,1.718104,3.215142,-1.130618,0.152879,1.958911,2.342132,-0.528024,-1.338954,0.891658,2.087719,0.852663,3.780715,4.027098,-1.018568,-2.730444,0.950851,-0.854457,-0.811409,0.27475,1.24693,1.316645,1.942089,0.343683,-0.4153,1.720262,0.268928,0.993708,1.975912,0.614128,0.464363,-1.126739,-0.307889,-0.91611,-0.358718,-0.039072,-1.039154,0.199317,0.0
oxanium,X,-3.348093,0.839963,-0.229305,-0.200771,-0.178517,-0.219214,0.214082,0.227779,0.10881,-0.206476,-0.004093,0.134276,-0.00656,-0.227929,-0.252098,-0.314494,-0.154257,0.184254,-1.148382,0.510342,0.077617,0.929909,-0.310851,0.35495,-0.35996,-0.382671,-1.090938,0.208139,0.137045,-0.374535,-0.189193,0.443698,-0.25092,-0.392405,0.088584,-0.053461,0.007237,-0.014966,-0.005756,0.061253,-0.0
oxanium,Y,-2.931443,-1.642667,0.354676,0.602677,0.298734,-0.153883,3.231867,2.438428,-1.090266,-1.558283,0.232287,-0.813167,0.428415,-1.313722,1.424509,-2.23098,1.230338,-2.829455,-0.833954,0.31129,-0.46466,1.047057,2.931776,2.15935,1.584436,-2.254819,0.653493,-0.159175,-1.241867,2.440946,0.996619,1.280122,1.143685,-0.316929,-1.570045,0.992647,-0.696972,-0.690687,0.85113,1.293951,0.0
oxanium,Z,2.792904,1.444879,1.429027,2.184407,1.09763,0.919605,2.903514,1.649086,-2.465416,2.817769,0.027319,-0.308028,-0.318774,-0.965348,-0.85113,-1.518629,-0.227865,-0.298346,-0.233368,0.30456,-1.864347,0.143771,1.030309,-0.655368,0.110007,0.821935,1.409261,-0.358493,-1.559882,-0.091015,0.291437,-0.877703,-0.787856,0.302288,-1.000999,0.634819,-0.153915,2.258193,0.98507,-0.36733,0.0
oxanium,a,3.360279,0.828823,2.605225,0.206718,-0.355139,0.506378,0.602098,0.583937,-0.674922,-1.476068,-2.45603,2.898252,-2.05966,3.322909,3.298269,0.398471,2.091535,0.116858,1.33835,-2.248739,-1.117554,0.450015,-0.254071,0.165996,-1.403199,0.756377,-0.735493,1.102152,0.383215,-0.415189,2.26983,0.706243,-0.358519,0.584602,-2.219777,0.963344,-0.605914,-0.541738,0.90085,0.053754,-0.0
oxanium,b,1.555466,1.828796,0.675177,-0.320316,0.221372,0.333942,-0.745909,-0.151035,-1.893967,1.770784,-2.174565,-0.445902,-0.45936,1.065552,-1.001751,0.198864,-1.059548,-0.641388,1.067915,-0.256112,0.14834,0.665351,1.786859,2.391679,-0.296623,-1.684679,0.063069,-2.802516,1.043537,-0.29906,1.133821,-1.148413,-0.121497,-0.023785,0.709735,-0.290362,-1.727704,0.078922,0.657939,-1.126706,0.0
oxanium,c,4.210311,-0.361466,-0.695677,0.539422,2.291519,-0.621165,-0.535696,-1.887889,-0.40672,0.110427,1.645603,1.884042,-1.702629,-0.830826,0.715288,-0.119007,0.12267,0.249644,0.788885,0.424965,-0.646761,0.315205,0.02138,0.360799,-0.834587,-0.091203,-0.2016,1.998011,-0.439035,-0.381429,-1.25615,-0.076502,0.975314,-0.694532,0.760544,-0.711415,0.934847,0.114809,0.294369,-0.096903,-0.0
oxanium,d,1.208231,1.014104,-1.880803,-0.397547,-0.049252,-1.03571,-0.089746,-0.339108,-0.676457,-1.448116,-0.985333,-0.601577,1.605901,-0.453769,-0.188206,-0.24147,0.792719,0.262242,-0.485627,-1.380803,-2.399306,-0.820327,0.31647,0.077929,-0.676561,-0.875078,-0.035295,-2.984999,-2.137303,-1.853253,-0.686383,-0.464594,-0.582213,0.125514,0.33394,0.893738,-0.60067,1.452588,1.315348,0.590464,0.0
oxanium,e,1.796429,0.342915,-0.987341,-3.374954,1.298094,-1.108289,-1.260818,1.141262,-3.676507,2.84753,-0.388609,-1.962735,1.890332,-0.054614,0.402397,-0.558041,-0.362549,-1.848746,0.744378,-2.201393,1.230393,0.381701,1.968135,0.580024,0.606992,0.572752,-0.437788,-1.734012,-0.039365,-1.337564,1.95638,0.544131,0.054015,-1.070682,-0.615032,0.577323,-1.556958,-0.296465,2.21905,-0.877162,-0.0
oxanium,f,5.517509,2.913189,-4.470644,-4.51145,-0.131193,4.400051,3.509534,0.792276,-0.689431,-0.74472,0.879829,1.626862,0.303232,1.645222,-1.98575,2.332286,1.671175,-2.077286,-2.189914,-2.397228,-0.365924,0.459975,-0.088339,-2.283296,1.231201,0.581036,-1.21741,1.672612,-0.717019,1.585307,0.26728,-0.230942,-0.172969,-0.148439,0.3991,-0.061103,0.015713,-0.201517,-0.117991,-0.156175,0.0
oxanium,g,3.177454,0.430093,-0.622233,-0.40656,0.204249,0.369354,-1.594304,0.816268,2.131558,0.972385,-1.250788,-0.747788,0.239666,0.667723,-2.579765,-0.754828,-0.757698,0.244211,-0.776538,1.505067,0.636755,-0.169573,0.750839,-1.406432,0.383103,-0.730731,-2.167444,-1.637944,-1.944663,-0.824216,2.410886,-0.394428,2.404957,-0.974432,1.107489,2.268507,-0.463528,0.102612,0.09566,-2.318978,-0.0
oxanium,h,2.920034,1.245901,0.938708,0.521065,2.149688,-0.264503,0.626835,-1.534147,-1.537345,-1.349157,0.345073,-1.033224,1.815225,-1.710559,-0.725248,0.838415,1.704036,-0.127407,0.577145,0.596889,-0.643733,-0.634509,-0.5058,-1.465129,-0.116609,-1.678433,0.106439,-2.048466,0.750339,-3.708881,-0.463161,-0.504542,0.19633,-0.909945,-0.773995,-0.259997,-1.715324,-0.754115,0.06235,-0.309265,0.0
oxanium,i,-3.712281,1.036871,0.874648,-0.572411,-0.017353,-0.292468,-0.50638,-0.443714,-0.159932,-0.410091,-1.271691,-0.192201,-0.557685,-0.432535,0.809164,-0.236058,-0.288913,-0.791217,0.533219,-1.045088,0.485944,1.867353,0.397459,0.663462,0.231556,-0.871575,0.677281,0.823406,1.621175,-0.43206,0.168995,-1.053246,-0.293353,0.983603,0.088423,-0.072784,-0.0501,1.719649,0.218056,0.499363,-0.0
oxanium,j,-3.308003,0.412636,-1.159393,-0.97202,0.152234,0.085299,-1.403053,0.198908,1.065845,-1.033304,1.153676,0.355543,0.621126,-0.332451,0.441527,-1.543429,1.397599,-0.522335,-1.141534,-0.469187,0.685473,0.112499,0.888182,1.604582,2.283652,0.422671,-0.199097,-0.179301,-1.004456,-2.735088,0.75304,-0.625538,0.524481,-0.741908,-0.092624,-1.373687,-2.478467,0.291163,0.819853,-0.068625,0.0
oxanium,k,-3.197173,2.980632,-0.198075,-0.725826,-0.846913,-0.294868,2.252258,-0.920275,0.1279,0.388,-1.242079,-0.608927,-1.071242,0.347528,-0.869756,-0.79276,-0.231458,1.316789,1.18077,0.603021,0.628835,0.477738,-0.206045,-0.134066,-0.666661,-0.514653,0.1768,-0.889616,0.912821,-0.803994,1.136549,1.915124,-0.684696,0.894231,0.893625,-1.521415,1.62804,-2.6485,-0.549453,2.928562,-0.0
oxanium,l,0.988953,4.208723,-0.977291,-0.06264,2.007104,-0.546085,0.007863,0.134323,0.324086,-0.814808,0.044592,-0.049353,-0.824617,0.362242,-0.319803,-0.086019,-1.327362,-0.232402,-0.818444,1.028683,-2.578441,-0.404141,1.926956,-2.010971,1.41978,1.383725,0.255305,0.346397,0.12513,0.035604,-0.004477,0.014012,0.010149,0.000567,-0.000179,-0.000135,0.000316,-0.000137,3e-05,-6e-06,0.0
oxanium,m,1.034806,0.616944,2.302361,-3.335717,-0.232349,-0.86861,-0.39583,-1.125795,-3.188245,-1.761215,0.680194,0.610036,1.341771,-1.230606,-0.404393,0.86183,-1.331818,-0.995283,-1.850946,1.461065,-1.392596,1.499163,-0.652426,-0.606799,-1.237596,-1.059137,-1.199798,-0.55633,-0.345735,-0.144267,-0.880543,0.769315,-0.66371,1.532535,2.164661,2.085849,1.066954,-0.14834,-0.428544,-0.554067,-0.0
oxanium,n,0.505665,-2.324278,-1.804645,0.5713,-0.279012,0.27417,-1.332012,0.145369,0.827294,0.392386,0.583502,-2.495271,0.299109,-0.403673,0.03426,0.151629,-0.181011,-1.529287,0.996482,0.271291,0.7035,-1.969388,-0.760887,-0.881902,0.090645,-1.285293,-2.321811,2.096153,1.481174,-0.076503,-0.738926,-0.178541,0.61232,-0.615665,-0.151409,0.470886,-0.217349,0.138266,-0.999454,-0.358108,-0.0
oxanium,o,-0.021171,1.594518,-0.01133,-0.78972,-0.074219,0.691552,2.394492,1.613932,-0.939626,1.423663,-1.044455,0.326258,-2.318401,1.394693,-0.082713,1.21704,-1.214006,0.628655,-0.058938,0.428756,-0.143907,-0.519506,-0.020901,0.581385,0.243703,-0.860556,-0.430435,0.229458,-0.595545,0.033612,-0.251014,0.024623,0.370413,1.172912,-0.48023,-0.233187,-0.617828,-0.834465,-0.416965,-0.469575,0.0
oxanium,p,-2.563523,0.956,-0.164195,-1.707818,0.729435,-0.09425,2.042087,0.204486,-0.597676,1.727635,0.183978,1.454916,0.06484,0.273296,1.501159,0.842008,0.292032,0.21285,-1.617152,-0.991586,0.310778,-1.080929,0.725109,1.211367,-1.202113,0.373178,-0.415135,0.022887,-1.911304,1.985867,-0.956114,1.374657,-1.655648,0.437705,0.627574,-0.050488,2.101709,-0.94407,-0.479022,0.920116,-0.0
oxanium,q,-0.901645,0.32389,-2.050987,-0.803364,0.945037,1.390574,-0.371584,-0.493424,0.81111,-2.273831,1.98512,0.783873,1.406587,-0.564609,0.865839,-1.413298,-0.852601,-0.760794,-1.837639,0.353423,0.015433,-0.132952,0.675781,0.573588,0.992851,-0.129501,0.846843,-1.754536,1.853588,-0.906494,0.254284,0.179014,-1.087599,-0.733446,-1.955412,0.620288,-2.073925,0.147224,-0.868652,1.161634,-0.0
oxanium,r,4.494131,6.078564,3.049584,-7.922012,3.641229,0.799158,-2.185908,1.606698,4.266064,1.864636,2.428513,3.673691,-0.360501,1.03574,-1.671157,-0.085635,-0.061969,-1.780217,0.591607,0.504838,-1.510558,0.824885,0.586533,-0.867698,-0.187287,0.559671,-0.20667,-0.472885,0.937808,0.590063,0.295622,-0.11397,0.275208,-0.16771,0.083956,-0.102538,-0.249387,0.375378,-0.081929,0.04892,-0.0
oxanium,s,4.488994,0.834206,3.735539,0.260623,-0.503093,-1.511821,1.768862,0.132683,-3.29275,-0.59831,-0.63015,-2.673249,1.294965,-0.647902,2.240529,0.823683,1.907107,0.025792,-1.417099,1.141369,-1.867325,1.002015,-1.040702,-0.066798,1.197459,-0.586538,1.685157,1.346397,-1.173147,-1.321184,-0.997061,-0.068874,-2.333019,0.689407,0.503415,0.091494,-0.564987,-0.397115,0.659092,0.474574,0.0
oxanium,t,6.221895,-2.452423,4.62061,3.571812,-1.281558,-2.340439,-0.049005,-0.937636,-1.610387,2.540569,0.738113,-2.873471,-2.088886,-1.87545,-0.648989,0.209987,-0.130569,0.583325,3.299069,-1.879945,1.545665,-0.635324,-0.076031,0.654563,-2.789282,-1.308525,1.657702,-0.330484,-1.030964,-1.336359,-0.179727,-0.623924,0.767174,0.477383,1.420543,0.298588,0.398422,-0.472621,-0.118233,0.257177,0.0
oxanium,u,1.686869,-1.695164,-0.253114,0.470275,0.721968,0.077516,-0.134322,-0.381468,0.490849,0.18554,-0.194888,-0.724432,-0.449446,-0.806081,-2.206672,0.118387,0.617476,-0.346058,1.360535,0.526789,-2.189173,1.140704,-0.531319,-0.094441,0.362853,-2.003927,-0.230715,-1.140819,0.996944,-2.548343,1.113091,0.028185,-1.03128,-0.188167,0.938515,-0.077515,-0.695674,-0.966087,0.176644,-0.407592,-0.0
oxanium,v,3.612583,0.97671,-0.840208,-0.521035,-0.85461,-2.024591,0.280696,-0.319109,1.530931,0.709965,1.317191,-0.720494,-1.848524,1.30719,0.936672,0.681926,-2.508463,1.864564,-1.992705,-1.04298,-1.665944,1.48734,1.936482,0.822268,-1.515,-0.62257,-0.212131,-0.994603,0.82591,-0.676384,2.045305,0.063529,-0.749161,-0.612622,1.458119,-1.640175,-0.547279,-1.191666,0.585075,-0.302302,-0.0
oxanium,w,-3.859436,0.845187,0.026763,1.056796,1.93939,-4.629433,-0.192479,1.918563,-0.948733,2.976389,0.767944,-1.558837,-1.742489,1.904839,0.056065,-1.314543,0.771952,-0.183436,-1.30779,-2.20857,2.106302,-1.044976,0.425489,0.521199,-0.426906,-2.882402,1.827603,0.635796,-2.019718,-1.585349,-1.179271,-1.663918,0.713409,0.858049,1.42865,-1.509365,-1.013045,0.008933,0.097567,-1.446085,0.0
oxanium,x,-3.452196,-0.014284,-0.243507,-0.066936,0.106091,0.257473,-0.281592,0.068841,0.239233,0.224127,0.101707,-0.002742,-0.162235,0.184528,-0.011804,0.152283,0.151437,0.186084,0.24031,0.000341,-0.632251,0.021314,0.220235,0.591787,-0.105721,-0.165529,-0.153709,-0.645805,-0.148406,0.217096,-0.024383,0.355508,0.075265,-0.157847,-0.239238,-0.089452,0.096308,0.361141,-0.10316,-0.028493,0.0
oxanium,y,-6.904205,1.259451,-0.401917,-2.215869,-0.142921,-2.652955,0.200838,1.355012,-0.471305,0.130048,-0.743954,-3.050277,-0.611948,-0.292973,-0.889769,-0.419633,-0.503983,-3.483254,-0.635726,2.318087,-2.655773,-1.247147,1.875117,1.407249,1.689632,0.413601,2.129736,1.942368,2.536949,0.91293,-0.868539,-0.79952,0.757812,-0.138911,0.951072,1.065727,0.326458,-1.375818,0.318372,0.2266,0.0
oxanium,z,2.008295,-1.303788,0.409637,0.323206,-0.688501,0.987778,-1.605762,-3.721493,0.158409,-0.571195,0.593669,2.59313,-1.887846,-1.776793,-0.125561,-0.347027,0.142088,1.293731,0.498858,1.148809,-0.685525,1.058679,-0.79069,-0.158467,1.144967,-1.415263,-0.00216,-2.206856,2.018242,0.014773,1.343522,-0.36398,-0.369411,-1.142877,-0.63875,-0.512766,0.011316,-0.007027,-0.889495,-1.122674,-0.0
playfair,0,-0.001789,-2.552041,-0.001497,-0.563465,0.001755,1.686942,-0.333319,0.533339,-0.533195,0.823935,-0.79047,0.679843,0.391057,-0.643574,-0.111402,-0.050877,-0.212051,0.231875,0.306763,-1.412261,1.212462,0.126595,0.49991,-0.642689,0.201345,0.389688,0.676463,0.924389,0.01589,1.304761,-1.10572,0.117494,0.784437,-0.318908,0.157342,1.440555,0.935236,-0.805061,-0.081357,-0.345186,-0.0
playfair,1,5.788843,-1.200104,-1.843513,3.901421,2.486283,-0.127618,-2.089368,0.877102,-0.189724,-2.074463,-0.869115,-0.510058,-2.579402,-0.9442,-1.066942,1.673199,0.039993,-2.738074,0.957855,1.422381,-2.314405,-0.809665,2.491547,-1.905919,-1.821323,0.193399,0.956552,0.24412,0.266465,-0.229152,-0.520971,0.168588,-0.047209,0.480048,-0.596189,0.119341,-0.119698,-0.01516,-0.175587,-0.11007,-0.0
playfair,2,2.53711,3.319278,2.81677,-2.382956,-0.568681,-0.549034,-2.136671,0.960219,-1.651137,-2.508634,1.310189,1.349339,0.565469,1.766118,1.923281,-0.858979,-1.362198,-1.505376,3.326447,0.859052,-0.843669,2.550172,1.351198,-0.216951,0.442582,-1.001627,2.236266,-0.177027,-0.27562,-0.907127,0.2274,-1.013002,1.234516,-0.251056,0.247496,0.662908,0.494075,1.089141,-0.290082,0.469305,-0.0
playfair,3,11.632665,1.123912,0.307884,1.239975,-1.749624,1.765972,0.013272,-0.928878,-3.703602,-0.872306,0.000594,-4.755817,-0.951457,-1.989699,0.031814,0.004869,-1.577866,-1.088508,1.182191,-0.833843,-1.564069,-1.439204,-0.61612,0.175929,0.597056,-0.588837,0.261255,-0.402447,-1.8987,-0.56896,-1.313409,-0.836858,0.93155,-0.619653,-1.230576,0.412591,-0.521143,0.021928,-0.447567,-0.400105,0.0
playfair,4,-1.693173,-4.54026,-1.887382,0.364802,-3.459809,0.405883,-0.017864,-1.862398,1.340065,-2.496856,0.030178,4.764814,1.997547,-0.730487,0.795028,1.812361,-1.2603,-1.112941,-1.393142,-3.013845,0.52168,-0.246283,1.41877,1.096756,0.216474,0.494463,0.318019,-2.120477,0.019528,-2.191875,1.025058,-0.82745,-0.337729,-0.747309,0.194982,0.323109,-0.371625,-0.720739,-0.359105,0.106075,0.0
playfair,5,12.728661,-0.532784,-0.014186,1.061332,0.17561,-0.2131,-0.238565,-2.081949,4.132271,2.167816,-0.976484,2.032071,-1.22373,-0.550049,1.391479,-1.123924,-0.773891,-2.185583,0.629938,-0.095625,1.348621,1.049379,-0.001503,1.163093,-0.930456,0.395878,-0.219392,0.444055,0.094742,0.302976,-1.59869,-0.786721,-0.029809,-1.37345,-1.03787,0.00339,0.055523,-0.236264,1.273236,-1.277977,-0.0
playfair,6,-2.946691,-2.769565,-0.582027,0.197637,-1.025942,0.64961,0.778435,0.821147,0.594025,0.236169,-3.0324,0.990105,-1.795155,-1.973245,2.539915,-0.421626,2.2862,0.08832,2.139007,2.220534,-0.311511,-1.155495,-0.688994,0.79258,-0.471689,1.223535,0.136272,-1.819577,-1.212347,-1.002943,0.928002,-0.761485,-0.369892,-0.082823,-0.932307,0.493383,1.625244,-0.937935,-0.404177,-1.269328,-0.0
playfair,7,0.23132,-0.280873,-4.035027,-3.186493,3.207019,-1.750654,0.26008,-0.164167,0.190816,0.261205,1.13306,0.094071,4.188005,-0.505942,0.015476,0.349235,-1.76087,-2.963087,0.209607,0.368248,-0.844817,1.491331,0.495951,0.892292,-1.270979,0.09511,1.678923,0.317278,-0.020807,-0.789155,-0.232766,1.021058,0.24362,0.641239,0.652396,0.476358,0.218608,-0.640674,-0.105665,0.637495,-0.0
playfair,8,-2.732319,-4.316383,-1.387196,-0.054718,-2.146895,-1.037822,1.273076,-0.65058,0.948017,-0.31634,1.065791,-2.88409,1.550002,-1.30033,-1.177847,-2.029249,-0.985888,0.275304,-0.015526,-0.909565,1.896867,3.794019,-1.699424,1.036967,-0.229951,0.664725,0.028832,-0.649721,-1.003903,-1.859576,1.574142,0.526178,-0.265714,0.84045,-0.62446,-1.436119,-0.38934,-0.012852,0.169846,0.150371,-0.0
playfair,9,-1.447953,0.812102,0.717961,0.843414,2.32512,-1.054425,0.936784,1.450023,1.700674,2.471624,0.438592,1.085298,-3.054867,-1.087799,0.217518,-0.055301,-0.024679,-0.03414,0.57512,-1.451229,0.583597,0.139623,-1.672877,-0.835217,-0.108369,0.211979,0.929394,0.478367,1.978194,0.334833,0.580417,-1.329407,0.98484,0.161689,-1.48928,-0.770165,-1.960499,-1.385012,-1.868409,-0.752733,-0.0
playfair,A,5.30153,5.065457,-0.126521,-1.121363,0.346245,-0.823509,-2.082559,0.372191,-0.986101,0.254328,1.187933,-1.427846,-0.80599,0.354937,0.955871,-0.460401,-0.282511,-1.645564,-0.143682,0.355144,-0.754133,0.083718,-0.098384,-1.587549,-0.17408,-1.384194,-0.003257,2.735601,1.0887,1.701505,0.833139,1.205249,-0.334295,-2.130927,0.042436,2.231851,1.91628,-1.307227,0.026507,2.236007,0.0
playfair,B,5.711907,-2.153744,0.685259,-1.07332,-0.127784,-0.686873,0.781685,-2.659859,-3.062111,-0.582526,-0.04854,0.544032,0.183464,-0.794166,-0.205966,1.832841,1.492667,0.068832,0.224533,-0.298245,-2.198729,-0.306749,-0.310049,-1.306726,-0.863947,0.952444,0.110674,0.242055,-0.30531,-0.582522,0.385599,2.55035,0.520969,-0.190401,0.089906,-1.504207,1.062476,0.781291,2.482857,-1.206192,-0.0
playfair,C,-2.472134,0.069061,-0.021755,-0.604398,-0.14922,-0.279999,0.007773,0.040734,0.936905,0.112198,0.953444,-0.313539,0.595659,0.466845,0.486333,0.427051,-0.317096,-0.310304,-1.03053,-0.18286,-0.742271,0.136,0.611911,-0.244902,-0.144142,0.592154,0.419489,0.879192,0.119975,-0.285156,0.058026,-0.032404,-1.218369,-0.426304,0.84283,0.158108,-1.56239,-0.978799,0.214332,0.271583,-0.0
playfair,D,0.002299,0.792368,2.096816,-0.543168,0.267974,-1.13635,0.85503,0.060782,-1.496389,-1.293053,-0.101109,-0.593342,0.401957,-0.829076,-0.323319,1.076464,0.494696,0.620226,-0.654836,0.233758,-1.445116,0.814449,0.595788,0.366656,1.705101,0.445339,0.181982,0.340447,-0.994952,-0.55703,0.53441,0.584766,-1.558637,-0.432072,0.552418,0.059693,0.07719,-0.137483,-0.483775,0.006082,0.0
playfair,E,-5.570241,-2.518999,1.463928,2.501345,4.517988,0.031298,-1.274856,0.821301,3.883522,-0.672058,-2.380037,-1.346765,2.783926,0.698787,1.172003,-1.788258,-1.388604,-0.099998,1.144642,-0.900197,-0.93568,-1.495181,0.427485,0.63102,1.26488,0.632567,-0.090278,-0.515911,-1.651429,0.93688,-0.202794,0.576915,0.220614,-0.238017,-0.46981,0.220639,0.331161,-0.475259,0.016092,-0.965023,0.0
playfair,F,1.07704,2.32026,-4.31528,-2.172902,1.091218,3.826835,-3.255577,1.503181,-1.32857,-2.23962,0.420289,-1.705505,3.731689,-0.697267,1.254828,-3.36034,-0.015556,0.032926,-0.442364,0.754247,-0.614101,1.26057,-2.959578,0.102271,-0.630004,-1.095718,-0.443484,-0.537162,-0.359699,0.992833,0.183801,-0.429818,0.949164,0.353324,0.261886,0.375161,1.546581,0.636688,-0.170714,-0.050771,-0.0
playfair,G,-0.091706,-1.2982,-0.805782,-0.864649,1.126521,-0.600371,-1.403718,-0.224134,-0.560564,-1.131713,-0.263326,0.794597,0.884572,0.145641,0.376279,-0.394285,0.513217,-0.230226,0.611504,0.209394,0.968543,-0.162436,-0.939715,-1.454515,-0.101904,0.581735,-0.375297,-0.6393,0.017933,-0.138842,1.115381,-1.487196,2.174556,0.367011,-1.841847,0.002691,-0.344697,-1.414893,0.534187,0.09285,-0.0
playfair,H,-2.39576,0.179455,-2.903412,0.619893,0.813966,-0.116841,0.865398,0.321912,-0.046495,-1.501848,3.436982,0.706568,-0.214216,0.393899,0.124691,-0.531404,0.455978,0.700459,-1.94985,0.64883,-1.147007,-1.224011,2.032056,-0.386893,1.373735,-1.904803,-0.004494,0.163977,1.83708,1.161788,-0.077834,-1.274074,-0.56955,1.475958,-0.416007,0.877843,-0.688444,-0.897301,-3.590169,-0.102131,0.0
playfair,I,3.006676,-2.958673,-3.687852,-1.192746,-2.560995,-0.131934,-0.974554,-1.128443,0.333142,-2.010214,-0.724325,3.05555,-3.186485,-0.956686,-1.402332,-0.860967,-2.98512,-0.114695,0.951165,-0.597339,0.604114,0.088306,-0.025522,-0.001221,-0.021417,0.012656,-0.000897,-0.003441,-0.003198,-0.001322,-0.000682,0.002073,-0.000405,0.000213,0.000647,-0.000551,0.000266,0.000132,-0.000263,0.000133,-0.0
playfair,J,6.770233,3.242372,-4.503184,0.302376,0.157789,-0.249244,-1.200125,0.108127,-1.059979,2.219663,-1.406647,-3.273958,0.172506,2.158874,-2.087787,-1.207337,1.944629,-0.305246,-3.84549,-1.086807,-1.845203,2.154451,-0.097077,-0.384256,0.442522,-0.328444,0.453469,0.021441,-0.268452,-0.126277,1.544455,-0.021692,0.469999,0.275818,0.484275,0.306861,-0.132184,0.667544,-0.121365,0.063194,-0.0
playfair,K,-3.547625,1.980266,-1.610356,-3.685813,-0.764418,2.211579,1.021485,-2.584197,4.419074,-2.16575,-2.925639,0.355642,0.460244,-1.658963,3.162284,0.076412,1.636543,-0.9612,-0.899807,-0.234351,0.872381,1.783201,-0.38808,1.464418,-0.608753,-0.124635,0.272518,-1.970879,0.447553,-0.520216,0.929289,0.320542,-0.986356,0.814686,-1.566297,1.941038,1.991644,-0.284825,-0.326747,0.338412,-0.0
playfair,L,3.543632,2.86158,-0.695144,-0.702042,-0.523127,0.119748,1.076959,1.855215,-1.562659,1.312489,0.752191,-0.073627,0.475733,2.007733,0.284073,0.055147,-2.283674,0.625885,-2.780199,1.428994,-1.75773,-0.1822,0.094838,-0.020574,-1.00463,-0.135244,0.241192,-0.105473,-0.261478,1.24103,0.479111,0.500299,-1.504245,0.213529,-0.407443,2.474213,0.215662,1.580603,-0.898623,-1.969431,0.0
playfair,M,1.730856,1.11509,-3.261164,-1.220406,0.589193,-1.397275,0.924844,-2.303852,-1.503203,-1.295419,0.110959,1.092455,3.244538,-0.885995,-1.239832,0.992238,1.42146,-1.573754,-0.063746,1.051113,0.929322,-1.62659,-2.74353,-2.066675,2.169068,2.478379,3.060945,-0.357533,-0.220575,-0.670505,-1.476194,-2.051534,1.004784,-0.34186,1.187928,-0.846237,-0.979387,1.139586,-0.768057,0.523182,-0.0
playfair,N,2.525975,0.305073,1.489149,-0.550478,-2.276026,2.637486,-0.347267,-0.216899,0.828192,0.347329,-1.178979,-1.500664,1.163854,2.960515,2.084631,-0.977046,1.600848,1.401861,0.299247,-1.675937,1.731291,0.105693,-0.571857,-0.41707,0.6297,0.540801,1.191171,1.640692,-2.079639,0.611182,-1.371196,0.560685,-1.343471,0.344636,0.566697,-0.404443,0.315012,1.650979,-0.37556,-0.435215,0.0
playfair,O,-0.177264,-0.242956,0.176232,0.794704,-0.071024,-0.416644,0.531248,-0.460845,0.344533,-0.987723,-0.607296,-0.154024,-0.207357,-0.775292,-1.289058,0.053397,-0.784848,0.432815,0.745197,-0.104051,-0.103265,0.182717,-0.46702,0.446568,0.771127,-0.576711,0.593492,-0.662893,-0.498209,0.05669,-0.423616,0.220782,0.122693,-0.713924,0.277413,-0.02294,1.579688,0.312462,0.873005,0.09352,0.0
playfair,P,4.496467,2.727209,-0.403467,-2.713031,-0.155445,0.624778,3.504542,1.593123,3.377161,2.199851,-3.629769,-1.637292,1.856437,-1.630341,0.488698,1.007022,0.849997,0.710209,1.289176,-0.177746,0.456291,-0.091152,-1.409673,1.698342,0.414094,-0.729077,0.641752,-1.256877,-0.543206,0.186411,-0.483907,1.801714,-0.020545,0.185397,-0.307765,-0.060961,-0.071545,0.393812,-0.568983,-0.549832,0.0
playfair,Q,4.955154,-4.81561,-0.723726,0.802924,0.296959,1.210718,0.299851,1.011481,-1.159008,-1.587428,-1.362013,1.043974,0.389396,0.346695,-1.48412,-0.330447,-2.20421,-1.466146,0.79481,-0.219263,-0.644106,0.030082,-0.021073,-2.12608,-0.417536,-0.685186,0.378475,0.079119,0.9548,-1.142361,0.341564,-0.495963,0.0765,-0.81453,0.072723,0.47204,-0.19283,-0.089139,0.201561,0.116529,-0.0
playfair,R,-3.768627,0.656338,-0.536997,3.925369,3.147499,-3.57582,3.013341,-0.067588,0.572347,2.047752,-1.426324,1.721993,0.051765,-0.356066,-1.161041,2.973576,-1.961618,-0.018762,-1.297306,-2.420172,0.399571,1.196546,0.744909,-0.348197,0.026036,0.16207,-0.903855,-0.188961,2.042016,0.90642,1.449024,0.190367,1.437806,0.104649,-0.193315,0.231293,0.433499,-0.099026,0.159487,-0.669204,0.0
playfair,S,2.159082,-2.48362,1.828079,0.052079,1.71805,0.33973,0.632219,-1.02415,-1.674622,-1.364843,-2.011631,-0.780038,2.032045,0.521145,0.909336,-0.934437,1.535041,0.542667,0.418789,0.766708,-1.77007,-2.12556,0.928199,-0.576324,0.744069,-1.056144,-0.721751,0.688969,1.172049,-0.355232,-1.078531,1.781246,-2.436971,-0.474299,0.075698,-1.380576,-0.635366,0.146726,-0.237823,-2.300738,-0.0
playfair,T,6.033648,-0.798737,-2.01866,2.581476,1.082694,-1.532028,0.171415,3.943993,3.522113,0.486011,-0.848911,-0.682145,-0.079927,2.624417,1.279991,-2.11412,-0.635393,-1.466045,-0.504755,0.001462,0.213891,-0.710499,-0.326022,0.459946,-0.614128,-1.379961,0.312907,0.131339,-0.351073,1.353259,-0.048897,-0.370938,0.256284,0.418341,-0.637805,0.202675,-0.687073,-0.260187,-0.388012,0.208691,-0.0
playfair,U,-2.68128,0.212982,-0.200554,0.792142,1.341577,0.045314,-0.412353,0.344472,-0.49223,0.314611,-1.114555,0.770813,0.57221,-1.070072,0.013732,0.749699,-1.014825,0.773516,-0.169856,1.389563,0.060835,-0.074987,0.158739,0.265111,0.371817,0.204623,-1.072424,0.010153,0.102847,-0.425761,-0.366512,-1.033605,0.539499,0.541428,-0.599258,0.786206,1.285856,-1.248487,-1.051013,0.110068,-0.0
playfair,V,-0.321546,-0.069481,0.014242,-0.887546,0.710469,-0.894378,0.152783,-1.263031,1.621529,-0.526579,0.993083,-1.154301,0.261282,-0.116395,-1.463002,0.637649,-0.134201,-0.007235,-0.27375,1.512601,0.402871,0.145833,2.153436,1.454965,-0.176526,0.222892,0.290634,-2.548435,-0.626399,0.91795,-1.812358,-0.495712,-1.027283,-1.740586,-0.286474,0.047949,0.194902,0.082816,1.619419,-1.302622,-0.0
playfair,W,0.002594,0.207077,-1.324101,-2.206148,-2.900998,0.800949,3.586477,-1.906108,0.734557,-0.108492,1.839514,-1.11029,-0.052434,2.329055,0.050224,-0.165114,-0.432121,0.166143,-2.623895,-2.922639,-1.116533,3.646068,-0.619359,-1.466535,0.768923,-0.064086,-0.227536,0.179901,0.638289,2.804,-0.806043,-1.635085,1.792607,-0.760156,-2.571607,-0.372887,-0.465942,0.257628,0.512307,-0.293487,0.0
playfair,X,5.913127,-1.613453,-0.416671,-1.662869,-9.150166,2.0343,-0.10536,-1.275583,-1.841711,1.833889,0.659133,0.031614,0.594867,1.357933,1.234344,-0.101705,-1.007809,0.487363,-0.012364,0.113829,0.316755,-0.013418,0.112178,0.034399,-0.006472,-0.0458,-0.026806,-0.03781,-0.039503,-0.023792,-0.010955,-0.000111,0.005526,0.002139,0.000905,0.001558,0.000669,0.001892,0.001085,0.000831,-0.0
playfair,Y,0.520144,8.566254,1.147637,0.929479,2.195854,-3.204461,-3.295532,3.326083,3.11151,2.728307,0.399482,2.608879,1.090876,-0.522667,2.273007,-1.217416,-0.143499,-0.142284,0.772956,-1.768986,1.124466,2.053433,0.185442,-0.415367,0.246704,-1.732381,1.143195,0.091423,-0.996094,-0.396709,-0.600589,-0.131666,-0.308039,0.099495,0.64384,-1.108393,-1.407826,0.434345,0.537932,-0.557017,0.0
playfair,Z,-4.632501,-0.589812,-0.842538,-2.001807,-1.58029,-0.158274,-1.16329,-1.489347,-1.599148,0.910596,0.999097,0.625457,-1.28187,-0.872962,-0.454729,-0.16211,-0.803829,0.212665,-0.579921,0.643438,-1.124588,0.429632,1.933146,-0.876896,1.673082,-1.374451,0.411911,1.794303,-1.184246,-1.272534,-1.035017,-1.812918,-0.586705,1.761897,0.26391,0.82303,0.41625,-1.279168,-1.011102,0.314344,0.0
playfair,a,-0.782451,-2.846129,-3.972399,0.579213,1.548069,-1.333059,-2.399147,1.428593,2.502903,0.464993,0.155398,0.635471,0.241375,-1.021248,-0.331736,0.586194,-1.658654,-1.675032,2.169674,-1.352635,-0.867013,0.968264,1.232796,-1.949394,0.853027,0.717094,-0.220076,-0.218608,0.202613,-0.894073,-0.993988,0.372935,-1.198748,3.323551,-0.236166,2.270089,0.964052,-0.343599,1.092971,-0.127241,-0.0
playfair,b,-4.113393,-2.174796,1.015991,2.822939,-2.460345,-2.198515,-0.428621,-1.334614,0.167715,-2.414545,1.032198,-0.720105,1.971973,1.887841,-1.752418,-0.261189,0.332919,0.123321,-1.149521,0.191252,-0.617691,-0.932271,1.334729,0.846432,0.217713,-0.575947,0.380988,0.220734,-0.03292,1.195359,1.892736,1.80179,-0.741373,-0.587555,-0.113831,1.502036,0.214985,0.173472,0.179086,-0.836766,0.0
playfair,c,-1.447416,-1.990877,0.751895,-0.354786,-0.658397,1.292766,0.179764,-1.390102,0.546863,2.024897,1.52191,-0.354743,-1.022112,1.530383,-0.656303,0.720661,-1.614201,0.549298,0.271244,-0.677961,-0.028704,-0.73118,-0.260641,-0.717932,-0.015509,0.922172,0.304157,-0.035066,0.423484,-0.816356,0.51593,-0.392895,-0.661305,-0.267754,1.860323,-0.308666,-0.896032,-1.214893,-0.567925,-0.123342,-0.0
playfair,d,-4.160026,-0.514013,1.405395,1.011963,2.103374,-0.351778,-0.645553,0.766757,1.750737,3.424003,0.352155,-4.327286,0.17836,0.795759,-0.043648,-1.183849,0.229859,1.353282,1.049698,0.843074,-0.307902,0.114106,0.247122,0.053117,0.771642,1.065006,0.54031,-0.850945,-0.055259,-0.939044,0.493657,0.558852,-1.027308,0.468872,-1.777819,-0.536182,0.725799,0.527961,-0.206156,0.912149,0.0
playfair,e,-9.826192,-0.366981,0.366543,1.618599,-0.411913,0.43211,-0.31729,-0.035447,-0.001693,0.793889,-0.508734,1.957771,0.518277,0.081099,1.622041,-0.110019,1.296833,-0.960737,-0.016053,0.736979,0.773866,-0.920754,2.808102,2.275233,-0.247526,2.14335,0.306816,1.07328,2.016274,1.420853,0.774368,2.605691,-1.30493,0.786129,1.689215,-0.986718,0.642129,-0.635941,0.141692,-0.489362,-0.0
playfair,f,4.361324,-4.663825,1.582932,-2.606106,-0.998331,-1.640173,-2.076731,3.183416,1.402244,-1.753547,4.734645,-1.412984,-3.704228,-1.594541,-5.014171,-0.679593,-0.222985,-0.13103,-0.519543,0.409789,2.645639,-1.66182,-0.085487,-0.166152,0.015053,1.110902,0.702622,-0.215842,0.227774,-0.58124,0.366324,-0.187284,0.024626,0.060376,-0.172779,-0.024658,0.161059,0.06688,0.178629,0.021906,0.0
playfair,g,-6.635853,-4.811988,-2.767063,2.917993,1.557054,1.023392,0.574147,-1.537064,-0.300482,3.257903,-2.348288,-2.31336,-1.18676,1.765926,0.874689,-0.097976,-3.591595,1.665043,0.950894,-2.593164,0.023614,-1.797845,0.265044,1.061217,-1.784305,-0.240301,-0.095104,-1.550361,-0.894076,-0.520049,-0.548358,0.325875,-0.015181,-0.05695,-0.242705,0.257994,0.68448,-0.294061,-0.099586,0.399752,-0.0
playfair,h,-2.285149,-2.456872,-0.680385,-1.117387,-2.198543,2.657666,-1.266277,-1.179053,-0.802569,0.559286,-1.239533,-3.276706,0.595239,4.435367,1.596762,0.77459,0.198105,2.082138,-1.210218,-1.052598,1.063219,1.275381,-0.877045,-0.313151,-0.472116,0.084873,1.357351,-1.175025,0.2403,-1.181082,-1.271776,0.479467,0.777843,0.031658,-0.050311,0.518362,0.721475,-0.09789,-0.28479,0.066886,0.0
playfair,i,3.502633,-2.47157,2.870259,-1.59847,0.588357,-0.12731,-3.486339,-0.493859,1.010104,0.773988,2.700649,-2.394711,-0.320974,2.732406,-1.686391,2.856281,-2.278554,0.351731,-0.024207,0.321637,0.636756,0.028264,0.011859,0.079876,-0.077942,0.099523,-0.121612,-0.042535,0.408899,-0.020881,-0.146352,-0.180599,0.046108,0.126101,0.048381,-0.456539,0.10849,0.081669,0.001671,-0.081487,-0.0
playfair,j,-0.50073,2.282189,4.601137,2.489613,-1.604666,1.349502,1.342515,0.025124,-1.671617,-3.35316,-0.74336,0.842782,-2.103055,-0.582287,-0.957688,-0.74137,-1.101704,-0.002284,-0.26277,-0.309226,-0.207566,0.766366,-2.463313,-2.22563,-1.522216,0.534944,-1.265987,-1.125857,-1.052158,-1.727348,0.528565,0.930789,1.033124,0.228118,0.910795,0.025025,0.018978,0.151092,0.733427,-0.027687,0.0
playfair,k,2.864475,-1.143924,-3.891484,2.324144,-1.124923,-0.528853,-0.890459,2.337312,0.303263,-1.658618,-1.147837,-0.75783,2.624983,-0.335197,-1.696075,1.476551,2.180103,1.190774,-1.041064,-1.973433,-1.096149,1.23976,-0.783815,-1.522491,-0.060512,3.725811,-0.829815,-0.443718,3.624091,0.302095,0.758851,0.282203,-0.382736,-0.408039,-0.507,0.412174,0.126274,0.18321,-0.92507,0.173399,-0.0
playfair,l,-2.07942,-1.444174,-3.052965,2.410784,-0.991526,2.070445,1.438199,0.978831,0.44596,-2.778884,1.139406,2.523704,-0.224615,1.588908,0.823196,1.573706,-1.526163,-0.555514,1.566303,0.197609,-1.270527,1.94656,-0.471668,1.192652,0.320148,-0.183715,-0.284145,-0.079213,0.09695,0.011059,-0.015278,-0.002367,-0.006544,-0.001218,-0.000643,-0.000197,-0.000414,-0.000607,-0.000151,1.6e-05,0.0
playfair,m,-1.089374,-0.515377,0.110138,2.062873,-0.171086,-1.601044,2.757468,1.497083,1.489689,-0.7806,1.290297,-1.185437,2.905863,1.302313,1.935122,0.691247,1.554366,0.847379,-1.508562,1.088535,0.399031,0.585679,2.009329,-1.543086,-2.491885,-0.586672,-0.556679,-0.23463,0.136524,0.903175,1.637991,-1.402169,1.228055,-0.286894,-0.366091,1.199667,-0.161351,-0.55643,-0.99625,0.891669,-0.0
playfair,n,-3.911703,0.196577,1.420177,-1.293929,-0.761164,-0.179121,0.035794,-0.21232,-2.008905,2.769079,0.861025,-0.908425,2.051382,0.108938,1.58054,0.079864,-1.271605,1.283752,0.288325,-0.137592,-0.117379,-0.673142,0.897106,0.262054,-0.003912,-0.568786,0.676046,0.496216,-0.128332,-1.156349,1.202425,0.273354,-1.830821,-0.104525,1.132634,1.150074,-1.108842,0.635358,-0.51536,0.28083,-0.0
playfair,o,-1.534915,0.852871,0.527423,1.839637,1.000329,0.322187,1.030071,-0.760698,0.420033,-0.379664,0.014371,-0.263792,-0.008172,0.662344,-0.165265,0.591098,0.700132,1.079603,0.853932,0.529367,-2.683472,-0.701064,0.776638,-1.152639,-0.278983,-0.065687,-0.193273,0.502646,-0.071733,0.428625,-1.27585,0.254351,0.146711,0.616276,1.279683,0.059428,0.404688,1.070864,0.144825,0.291082,0.0
playfair,p,2.923881,-1.151687,-1.472759,-1.02155,-0.840112,1.553457,-2.020478,-3.459026,1.002241,-2.498009,0.814334,0.918324,-1.394971,-1.604534,-0.381793,-0.889567,0.531482,1.258751,1.229506,-2.122648,-0.105324,1.901094,1.226956,1.192634,0.225964,0.367948,0.080638,1.094492,-0.597476,2.195597,-0.678758,-1.133998,0.603808,0.661316,-0.582211,-0.354297,0.253279,-0.152698,-0.197289,-0.086478,-0.0
playfair,q,1.625858,-0.080949,2.634444,0.794177,2.929691,1.082937,-1.661014,-2.391693,-0.137627,0.149625,0.460045,-1.108627,0.782849,-1.231656,-0.249962,-1.730359,-1.609236,-1.253908,-0.642551,-0.717504,0.066739,0.275288,2.174402,0.505755,-2.280524,-0.41562,-1.40909,1.154289,1.040767,0.528723,0.344207,2.606206,0.545734,0.538345,0.33587,0.30965,0.855239,0.530607,0.481219,0.340485,-0.0
playfair,r,1.957572,-7.885775,-0.442042,-2.760791,1.981147,3.02571,1.839408,0.026968,0.47065,0.156036,-0.643057,-1.094881,1.38067,4.165018,1.657168,-0.246271,1.983614,1.6343,1.888638,-2.531035,1.265974,-1.838006,0.603595,-1.196532,0.251551,1.743502,-1.944204,0.708453,0.565276,0.203619,-0.529847,-0.090797,0.247339,-0.14389,0.162716,0.934037,-0.246106,0.032111,-0.029886,-0.06939,-0.0
playfair,s,-5.082525,-1.310461,0.954676,1.332135,1.433538,0.760512,-0.502201,2.057389,-1.322704,-0.302925,0.43702,0.72511,-1.000329,-1.67992,-0.241828,2.439865,-1.056753,0.712065,1.091006,0.518898,-0.767103,1.314245,0.113288,0.353349,-1.792469,0.1198,-0.256238,2.050065,3.171404,0.577052,0.83184,-1.173183,-1.742889,-1.197446,1.757215,1.183622,-1.461546,-0.462616,-0.50743,-0.123338,0.0
playfair,t,3.748909,1.228853,2.018391,0.754624,0.466434,0.523158,-3.117416,-0.5868,0.789851,0.862286,-3.223295,0.583291,-0.690531,-2.835985,-2.134624,-1.13564,3.187694,0.806216,-3.06133,-0.78099,-1.358081,-0.785396,-0.676641,-0.8404,-1.023551,0.875314,-0.198338,0.207451,-2.043769,1.479302,0.069845,1.283106,0.524759,-0.464132,0.196098,1.412554,0.297214,1.574832,0.456911,0.747674,0.0
playfair,u,-3.39966,1.249901,-0.54656,-0.289018,0.956715,1.970584,1.439947,0.666434,0.128333,2.207278,2.587211,-0.035504,0.595841,0.932248,-0.140882,-1.110822,0.478565,0.212267,-1.560539,0.509488,-0.755839,0.520228,-1.816096,-0.835244,1.015266,1.621487,-0.800996,-0.737349,0.313473,0.013969,0.841008,-1.097018,1.048084,-0.951006,-0.186605,0.060949,0.055611,-1.214871,-0.414033,0.729841,-0.0
playfair,v,-3.162879,-0.572369,-1.343582,0.496091,-0.333142,-1.459484,1.108994,1.480329,-0.470174,-0.499489,1.418959,-1.055126,0.149891,0.291264,0.788128,1.929951,-1.031107,1.180006,1.291244,1.527765,-1.134418,-0.483534,0.998317,0.102792,-0.241337,1.171916,0.358896,0.915984,0.988212,1.895783,0.270086,-2.002889,2.564634,0.256571,-0.015274,1.095964,-0.920465,1.013356,0.043026,-2.142184,-0.0
playfair,w,0.397236,3.574083,2.681806,2.399497,2.045868,0.155109,-1.452873,-2.768823,-1.799363,2.433636,-0.127312,0.382712,0.649432,1.368093,-0.568,1.731423,2.355195,-3.662371,1.631882,1.275933,-0.228187,-2.4958,1.630913,0.154266,1.7161,0.306258,-0.202283,2.025889,1.554728,-1.714713,0.759896,1.553938,-0.891991,0.94471,1.413093,1.68579,1.037506,-0.039769,-0.641322,0.021672,0.0
playfair,x,5.466847,1.300982,3.832651,-0.037959,-6.491937,-3.246061,-3.808816,-0.498471,0.403072,1.142753,1.058794,2.219907,0.980253,-0.612481,0.67457,0.576861,0.015808,-0.387018,-0.95539,1.055563,-0.248754,0.420505,0.155588,0.038874,0.006218,-0.068645,-0.001796,-0.035113,0.000112,-0.004319,0.004176,-0.000697,-0.004158,0.001265,-0.00283,0.002079,0.000973,0.001114,0.001278,0.001019,0.0
playfair,y,3.276182,0.106113,0.223877,-0.619337,0.551518,0.700536,-1.386396,-0.316471,0.041049,1.231221,-0.310336,0.053629,-0.519757,0.506527,1.349705,-1.36174,2.273962,-1.695355,0.851179,-0.363359,-0.693225,0.8235,-0.019162,0.617813,0.713122,-0.382595,-1.138147,2.571016,0.300003,-4.276157,-0.609906,0.977031,1.132578,-1.833472,-0.421761,0.497481,1.056542,1.053484,-2.993085,-0.548206,0.0
playfair,z,-4.878683,-2.947469,1.304138,0.274401,-0.979219,1.410512,-0.584922,0.74502,-0.0139,-1.321098,-1.476988,0.615879,-0.874144,-0.851992,-0.673849,1.430306,1.915621,0.563367,-1.064779,-0.824098,-1.747986,1.238459,-0.192724,0.354495,-0.387249,-0.07716,-1.427628,0.30156,-2.620017,-1.046799,-0.453408,0.294593,-0.62986,-1.075633,-2.425227,-0.013522,-0.215453,-0.793664,0.294531,0.805606,-0.0
poppins,0,0.92327,-0.259954,-0.306541,0.403789,0.916185,0.336484,-0.17709,1.125678,-0.040601,-1.962507,-0.879316,-0.067379,1.282207,-0.554483,0.359565,0.901391,0.314912,-0.045404,-0.375251,1.25622,0.350866,2.09445,0.98721,-0.202394,-0.787247,0.420583,-1.270594,-0.080565,0.759023,0.618636,0.012901,-1.301267,-0.342888,0.495427,-0.350202,-0.378736,0.818796,-0.052057,-0.341859,0.288455,-0.0
poppins,1,-2.663378,-4.95365,1.892053,-1.619796,0.19143,0.841223,-0.752978,0.057418,-0.927347,-0.391189,-0.577468,0.030292,-0.441401,-0.514031,0.097515,-0.272599,0.206459,-0.32751,0.616073,-0.537354,1.332135,0.530605,-0.68105,0.451177,-1.484672,-0.048618,-0.92781,0.583378,-1.399146,-1.318238,-2.203837,1.046236,-0.527967,0.58389,0.808494,0.376585,1.81175,2.01638,-0.728303,-0.53093,-0.0
poppins,2,-1.996034,3.038846,-0.972045,0.335494,0.530938,1.680111,-0.223446,-0.621742,-0.407409,-2.141464,-2.662706,-1.929461,-1.788154,-2.397223,1.218571,-0.890661,-2.023176,0.56323,0.877231,-0.402907,0.659917,-0.797771,0.70508,-0.803724,-0.845802,-1.726325,-0.899181,1.68712,-0.885083,0.526604,1.830043,-0.346718,-1.300349,0.960906,1.924262,0.476731,-0.68771,1.018041,-1.193232,-1.468077,-0.0
poppins,3,-3.580722,2.883366,0.783758,0.553227,0.752709,1.79099,-0.279507,0.055113,0.810162,0.847879,0.977336,3.211059,1.25595,0.732093,0.336495,-0.722173,-2.323196,-1.06168,-1.156821,1.006147,-1.360682,2.07222,-1.485328,-2.673162,0.798795,-1.684763,-0.192839,-0.898418,-1.6152,-1.603377,-2.695499,-0.387238,1.14283,-1.420938,0.011819,0.742335,0.917195,0.297748,0.816031,0.727819,0.0
poppins,4,-1.540312,3.156432,-0.379466,-0.553402,0.056388,-1.282051,-0.480057,1.031234,-0.298793,1.018354,-1.777731,-0.991098,0.667828,-2.509788,-2.736713,1.111528,0.206077,-0.627991,0.049544,-0.600569,-2.521186,0.155635,0.062111,1.169492,-0.585028,1.082196,0.492004,0.578264,-1.458815,0.286336,1.086061,-1.367723,-1.534905,-0.893284,0.344883,-3.738,0.03286,-1.603076,0.527772,1.12552,0.0
poppins,5,-3.661695,2.32241,-1.127896,1.781044,2.415483,-0.854165,0.285061,-0.896607,0.204942,0.570007,0.006006,2.33634,1.958294,-0.140831,1.829493,-0.169826,1.524681,0.788975,-0.660843,1.63425,0.102779,0.131805,-1.552413,1.769352,3.518226,-1.577526,1.342557,0.694381,-0.29167,0.533741,0.410955,1.032959,1.049145,-0.018523,-0.476667,0.555488,0.264083,-1.576774,-0.899377,-0.565284,-0.0
poppins,6,-3.689163,3.835195,1.283321,1.157098,-1.072301,-0.14787,0.043918,-1.172006,0.40165,3.72172,-0.316853,1.703444,-0.031027,0.852606,-2.013485,1.404908,1.545731,2.402565,-0.196552,1.059283,-1.442499,-0.458846,-0.615892,-0.28021,2.327382,1.171299,0.92239,1.831484,-1.547627,-1.166023,-0.067009,0.33475,0.343449,-0.555398,-0.468602,-0.278274,-0.922687,1.128193,0.765129,-0.733287,-0.0
poppins,7,-1.367002,2.297837,0.793513,-1.471724,0.053332,0.505131,-1.472299,0.994614,-2.326833,-1.585482,-1.88445,-1.692644,0.170718,-0.579423,-1.25834,0.653672,-0.100566,2.052663,-3.3749,0.08323,0.171842,-0.055231,1.365491,1.189591,-0.849188,-1.550577,1.41206,0.279617,-1.032789,0.22967,-1.109895,-1.113364,0.144593,0.579945,1.095788,0.435155,-1.706591,0.566514,0.877564,0.343386,-0.0
poppins,8,2.352854,1.382811,-0.276555,1.205287,-1.801204,-0.726042,-0.334065,0.606428,-1.236375,2.977028,-1.088902,-0.979144,0.629127,1.009153,0.928958,-1.45306,-3.064005,-0.483204,-0.411299,-1.773265,-0.651621,2.361764,-1.256972,0.737212,1.050825,-0.270085,-1.400099,0.612566,0.569724,1.742587,-0.378978,0.750972,-0.455032,-1.747212,1.285596,2.563236,0.819518,0.952677,-0.781203,-0.174438,-0.0
poppins,9,-0.606156,-3.512365,-1.450341,-0.720207,-1.972947,2.984448,1.705572,-0.758127,1.522459,-0.180494,-0.24793,-0.573477,0.654807,-2.266792,-1.683467,0.42248,-0.910687,0.325576,2.207771,-1.12164,0.720266,-0.014952,-2.541321,-0.027014,-1.536321,-1.159829,-0.188877,1.055688,-0.359431,-0.928136,-2.079496,0.034393,1.022504,-0.667931,-0.665517,-0.514592,2.331701,-0.408525,-0.173852,-0.401915,-0.0
poppins,A,0.357964,-3.216399,-0.995432,2.872575,0.324659,3.744967,-0.985001,-0.010439,0.925462,0.037637,0.358626,2.172482,1.368336,0.450947,1.521723,0.846284,1.192664,-3.900625,0.746295,1.513934,-1.320676,-0.599823,-1.343531,0.59724,0.646842,0.797979,-0.76718,2.010876,1.033173,1.612277,-0.708009,-0.884597,-0.460029,0.137615,-0.384484,-0.304381,-2.44141,1.634084,-0.7239,1.449917,0.0
poppins,B,-2.374185,0.31433,0.290603,-1.687763,1.95933,-1.955823,-1.809097,-0.02495,-1.948905,-0.769849,0.914716,0.784448,-1.382753,-1.696693,2.620035,-0.886525,1.682492,0.951037,-0.121371,0.806299,-0.315714,0.48632,-1.40115,0.125357,-0.112073,2.89941,-1.52752,-1.41965,1.075923,2.478552,-1.50408,-1.15731,-0.642648,0.023296,1.31563,-1.144444,0.607479,0.097817,-1.250734,-0.47886,-0.0
poppins,C,-3.497989,-0.188,-1.388547,1.218045,-1.436067,-0.071361,-0.201163,-0.186182,-0.311392,-0.652948,0.041758,0.779421,-0.614258,-0.199856,-0.989163,-0.077286,-0.416499,0.870054,0.706683,0.654898,0.095585,-1.512857,-1.32907,0.680875,-0.001397,0.110431,-0.182617,-1.441043,0.701682,-0.996288,-0.253937,-0.056224,0.224911,-0.56664,1.028964,0.303996,-0.288978,-0.103096,0.263515,0.376779,-0.0
poppins,D,1.334739,-0.261519,-1.486222,0.439784,0.955507,0.183823,-0.63657,1.055409,-0.112783,-0.132703,-0.677775,-0.764852,-1.239679,0.572091,-0.21656,-0.533643,-0.442897,0.831931,0.478754,0.172382,-2.180268,0.686922,1.148951,-1.254124,-0.568964,0.555467,-0.783122,0.1279,-0.060003,-0.603099,-0.092924,-1.039894,0.745108,0.619036,0.684523,0.64909,0.671933,0.533516,-0.235255,-0.389354,0.0
poppins,E,3.11425,0.800036,-1.090718,2.256193,2.07544,-1.163543,-0.216011,-1.594779,-3.285637,-1.280425,0.793001,-0.033782,1.112623,0.302862,-2.149927,2.302883,0.201945,-2.386831,-0.305589,1.46367,-0.928008,-0.49663,-0.763057,-0.283623,1.198257,-2.080624,0.940587,0.490705,-1.380572,-1.048918,0.439862,2.499361,0.937848,0.269223,0.166406,0.662358,1.107661,-1.67738,0.304354,-0.882089,0.0
poppins,F,1.07498,-1.884991,2.03345,2.042354,2.037583,1.82644,-1.636126,0.632212,-1.353787,-1.005863,-2.486195,-1.772202,-0.226428,-1.251594,-0.683932,1.705268,0.467685,2.356632,-0.410245,-2.381285,-1.58984,-0.160071,0.152536,0.081857,0.01537,-1.190705,1.720176,2.579366,-2.540471,-1.404753,-0.723077,1.403229,0.949521,-0.788014,-0.0016,-0.335156,0.00214,-0.340983,-1.836328,0.70526,-0.0
poppins,G,3.047657,2.663486,-4.059808,0.306628,-1.163803,-1.030283,4.005166,0.194054,-0.670347,3.382124,-1.852638,0.668685,-0.70777,2.540163,0.730231,-0.819547,-0.169753,0.416916,-0.737946,0.682442,-0.208982,-0.426108,0.126321,-0.711615,0.357596,0.738136,-1.031011,-0.730324,-0.61278,0.105327,-0.46947,-0.180644,0.291963,0.183192,-0.332608,-0.211858,-0.098342,0.197793,-0.279138,0.087209,-0.0
poppins,H,3.628484,3.080709,-0.085111,2.311087,-0.590888,0.836648,1.220369,-0.75806,-2.231512,0.862427,-0.86848,3.361803,1.713124,0.110905,-1.417987,2.309301,-2.063905,0.772979,-0.363303,-0.269403,-1.316681,0.695704,-0.752448,-0.02989,1.671345,0.726651,2.092833,-0.76198,-1.409297,2.450886,-2.492228,0.467548,1.198264,-0.058936,-1.570777,-0.38472,-1.069438,-0.218209,-0.048924,-0.170381,0.0
poppins,I,-4.459484,0.629766,0.467801,0.189218,0.163739,-0.013186,0.008789,0.24194,-0.285082,-0.235943,0.198539,-0.061137,-0.436272,-0.644858,-0.170478,0.149588,-0.252857,0.132321,-0.062488,0.847207,-1.101503,0.451114,-0.283838,-0.062311,-0.008719,0.551309,-0.154313,0.060826,0.223053,-0.016702,-0.043498,-0.11671,0.110422,0.116176,0.055379,0.029137,0.075729,0.022649,-0.067756,0.010137,-0.0
poppins,J,-10.542679,-1.163091,-1.532884,1.551355,1.275933,1.77038,-0.668583,-0.002711,-1.929057,0.10711,-1.710011,0.893383,-0.318306,-2.580259,-0.427769,1.128324,-0.44533,-1.536738,-2.682468,1.562424,-0.450365,-0.364951,0.073957,4.011644,0.051212,1.786892,-1.031978,0.102794,1.468115,-1.331046,0.03728,0.054289,0.275697,-0.547588,-0.124144,-0.487648,0.072441,-0.224449,-0.140788,0.026493,-0.0
poppins,K,-3.062869,4.925498,5.632904,3.261268,0.121529,-1.575525,-0.138561,-0.670137,1.008628,-2.609951,-2.166881,0.583779,-4.743026,0.784896,-2.158584,0.063606,1.317657,4.00431,1.946087,-1.295894,0.471699,0.997249,1.563293,-0.489783,-2.068025,0.675893,0.579768,0.61294,0.909878,1.19189,0.741051,0.289025,-0.663487,-0.10425,0.076407,-0.069086,-0.006936,-0.051431,0.002444,0.396921,-0.0
poppins,L,-7.763623,5.884489,1.446378,0.184113,1.893063,5.3628,-0.013539,-0.057745,2.119229,-0.14688,-1.068474,0.130938,-0.223733,0.248774,-1.104742,1.967438,1.44095,0.153678,-0.737524,0.949347,0.216119,-1.121771,1.957338,0.489632,0.844522,1.76746,-0.597207,-0.729685,-2.215537,0.629137,0.885313,-0.051127,1.567853,-0.510977,-0.75085,0.357888,-0.697875,-0.32384,-0.072453,-0.592899,0.0
poppins,M,4.105321,1.038243,1.912487,0.871318,-1.528448,-0.717718,0.757332,1.42785,-0.403068,-3.026083,2.722715,2.591139,-1.5415,2.565059,-1.636391,-1.031473,-0.554512,-0.501946,1.841201,1.185012,0.727705,1.399567,1.083211,0.280022,-0.362069,-3.088744,1.172525,0.807336,0.859541,0.941032,-1.6985,-1.231988,-0.646765,-1.485193,-1.906395,-0.92742,-0.668947,1.679958,-1.143821,1.912935,-0.0
poppins,N,-0.766742,-2.082385,-3.2434,0.391927,-0.482603,0.759175,-0.603942,-0.977154,-0.127776,2.036878,2.867161,-1.964025,-1.466441,0.435683,-1.010921,-0.615628,0.662459,-0.718722,3.203084,-0.680225,-1.011504,1.136905,-1.329127,2.18633,-1.994703,-1.751987,-0.478333,-0.767848,0.380196,-0.919561,-1.647576,-0.428909,-0.604722,0.091723,-0.076272,-0.580175,-0.158802,0.905535,0.88452,0.28161,0.0
poppins,O,1.972713,0.745187,-0.628529,0.098127,-0.102122,1.452002,-0.86702,1.108359,-0.098771,-0.122781,-0.313029,0.577372,-0.839311,0.547176,-0.782102,-0.175607,-0.739078,1.222629,-0.256346,-1.232354,-1.244076,1.035051,0.680961,-0.102223,-0.617725,0.146995,-1.285065,0.009451,-0.460774,0.423327,-0.339993,0.051843,0.394602,-0.199117,-0.325605,-0.092108,-0.363599,0.557844,0.375154,-0.427635,0.0
poppins,P,-3.147347,-1.667548,0.680449,-0.351706,0.23001,0.451502,0.590966,0.41716,-2.18539,0.649528,2.671677,-1.220571,3.341132,1.367749,0.164109,0.36986,1.28135,-1.478956,1.398198,-0.237293,2.545476,-2.475257,0.114262,0.984846,-1.028668,-0.224716,-2.57786,0.140441,0.970757,-1.74482,-0.614837,1.016912,-0.831308,-0.232646,-0.875361,1.052109,-0.267737,0.269809,-0.394199,0.088295,0.0
poppins,Q,-1.001879,3.579177,-0.853628,-0.521288,-0.396287,-0.283253,-1.489739,0.605326,-0.082175,0.336456,0.608785,0.478892,0.638475,0.486509,1.219494,1.917644,-0.204686,-0.159925,1.083423,-1.184437,1.000361,-0.061385,0.684317,0.792841,0.217321,-1.542819,-0.864453,-0.804427,0.342401,-0.777684,-0.02619,0.015075,0.199113,-1.625228,1.714237,0.086821,-0.412083,0.857503,0.53394,-0.198643,-0.0
poppins,R,2.574123,-1.979689,-1.7047,-0.743841,-1.054214,0.185705,2.190833,-0.77237,-1.27991,-0.386627,0.268963,1.08085,0.669652,1.469547,-0.194193,0.451676,0.290248,0.79813,1.403781,-0.09941,0.807956,-0.611636,0.483335,-0.889043,-0.419182,-0.628912,0.711603,0.486497,1.311895,-0.872324,-1.492119,1.994805,-2.270958,-0.854207,0.227819,0.0363,1.584718,-2.242021,0.109892,-2.558434,0.0
poppins,S,2.105452,1.663469,-2.067131,-0.055666,-2.310966,1.916539,1.791859,1.667075,-1.360929,2.141517,0.094544,-0.568442,0.159272,-1.340969,1.262493,-0.007823,-2.620112,-3.52059,1.812502,-0.980237,-2.459057,0.640005,-0.792708,1.47768,1.290005,0.417452,-0.424858,0.220646,-0.538344,-1.19204,0.311904,1.639361,-1.199041,0.418672,-1.150517,0.900881,0.257145,-0.339269,0.083899,-0.100721,-0.0
poppins,T,-3.319533,0.550749,-0.649604,0.690417,-1.744551,-0.150453,1.78425,1.672186,0.63079,-0.599519,1.460078,-0.564586,-0.935748,-0.145665,-1.239728,0.061635,-1.066454,-0.47404,-0.094272,0.325027,-0.505702,1.965471,-1.228123,-0.487538,-0.554892,1.510288,-2.485025,-1.342398,0.327313,0.189554,-1.041464,1.234908,-1.215297,-0.708624,-1.200818,-0.279583,0.379416,-1.541074,-0.779276,-0.24581,-0.0
poppins,U,1.088254,-0.363328,-1.536336,-0.707018,-0.634505,-0.36197,1.715218,1.733695,-1.007527,-0.522782,-1.75646,1.341358,-0.103678,-0.800292,0.090761,-0.671205,-0.6517,2.002316,0.091588,-0.278394,-0.454864,-0.434552,-1.468807,-0.034352,0.359492,0.808204,0.562371,0.237574,0.965468,-0.473125,-0.74679,0.522855,-0.016399,0.720803,0.20709,-1.102563,-0.055253,0.568871,0.015584,-0.159449,-0.0
poppins,V,2.57646,0.691904,1.694017,1.615421,2.997514,-1.236946,-0.425442,1.048987,-1.773197,3.089418,-0.0813,-0.097016,-1.184801,-3.930092,0.37299,-2.071046,0.263556,0.727364,1.02767,-0.178127,-0.727896,-1.022179,1.077606,0.828306,-0.170662,-0.315477,-0.635421,0.175907,1.819298,-0.414826,0.23716,-0.425251,-0.684526,-1.097003,0.934641,-0.348098,0.144459,-0.494775,0.164446,0.377162,-0.0
poppins,W,3.019033,0.557683,-0.252306,2.78171,3.453342,-0.919743,-1.021477,-2.492538,-1.159389,-1.024108,1.209864,-0.89728,2.419956,1.533707,-0.286,0.754516,-1.067923,-1.607486,-2.363817,1.269794,-0.15424,-0.620393,-3.000348,0.65132,-2.400153,2.264115,0.34732,-2.594053,-2.93163,1.823581,-0.704045,0.902721,-0.39588,1.284223,-0.459958,-0.063289,-0.948614,-0.119083,0.162002,0.674612,0.0
poppins,X,-3.293638,-0.684471,0.822843,-0.206923,0.314135,0.57031,-0.429454,-0.489219,0.10951,0.137395,0.12105,-0.257074,-0.020009,0.324341,0.120399,0.141927,-0.022179,-0.634495,1.171239,0.430183,0.455735,-1.274457,-0.406296,0.303661,0.213733,0.5447,0.698833,0.440481,0.046024,0.093736,0.074956,0.501652,-0.068031,0.008163,-0.186278,0.249464,-0.049148,0.143723,0.077562,0.070067,-0.0
poppins,Y,-3.282574,-0.948596,0.053891,1.067313,3.268931,1.250384,2.858678,-1.543972,-0.700831,2.21319,0.171931,-1.145745,-1.380207,-0.382152,2.768027,0.332586,-0.62822,-0.397837,0.628572,-0.929712,0.03072,1.253116,-1.183265,-3.607402,0.181318,1.335712,1.125508,-1.461999,0.176099,-1.5518,-0.452223,1.125713,0.690453,-0.12231,-0.358093,2.727408,0.308928,1.511008,2.026912,0.189275,0.0
poppins,Z,2.541705,-2.113155,1.869364,0.668698,-1.355108,2.634686,0.616281,-0.609425,-0.833015,0.393304,0.772014,-4.064423,-0.007756,-0.44378,1.875157,0.545587,0.293701,0.627797,0.833994,-1.139009,1.422275,-0.445178,0.032215,1.239879,-0.647135,0.173451,0.359447,0.353203,0.050882,0.966807,0.065697,-1.44409,0.8955,1.153166,0.238171,-1.352037,1.297483,0.604465,-1.7969,-0.322835,0.0
poppins,a,-2.548441,3.343792,-1.050847,-1.18436,1.459596,-0.874534,1.495256,-1.177687,-1.789472,1.13197,1.482836,-1.254413,-0.182807,1.737708,-1.054669,0.03253,0.200068,-0.480105,-0.265139,-0.828804,-0.965752,0.055389,0.416896,0.501241,-0.221503,1.154222,0.871427,-0.08491,-0.623659,0.007206,-1.139978,1.819977,0.16039,1.333212,-0.254709,-0.288645,-1.038753,-0.670051,-0.568627,4.114306,-0.0
poppins,b,2.956738,0.406798,3.071408,0.39825,1.439719,1.069814,-0.094184,0.232586,0.601235,0.74737,-1.093786,0.992774,0.574252,1.644821,-1.153925,1.140731,-1.331822,3.132385,-1.31512,-0.596299,-1.156846,-0.380224,0.176506,-0.83757,0.078194,-0.64934,-1.11623,-0.526583,2.501846,0.32592,-0.466627,-0.209372,-0.646902,0.287027,0.229809,-0.149076,2.407031,-0.964146,-0.371362,0.191955,0.0
poppins,c,-2.22456,3.964028,-0.380627,-0.196488,0.902558,-1.060101,-0.948557,-0.312596,-1.335942,-0.753981,-0.645911,0.122695,0.086885,0.419441,-0.924563,0.444533,-0.360868,0.966533,0.431531,-1.999266,0.323348,0.392448,0.435304,1.291281,0.217429,1.336673,-0.183597,0.18281,0.446154,0.529176,-1.236436,0.272405,-0.811284,1.073237,0.343498,-0.374508,-0.813806,-0.011875,1.604054,0.26631,-0.0
poppins,d,3.587428,0.612187,2.360839,0.768415,-2.131766,-0.26523,-1.404564,0.831772,-0.393988,0.122548,-0.037471,-0.142498,0.012819,0.004354,-0.682235,0.652465,0.707287,2.252487,-0.454647,-0.145527,0.050171,-1.330983,2.881451,0.450128,-3.251623,1.536812,-0.553359,-0.271214,0.82575,-1.518868,-0.511252,0.471494,1.10372,-0.007171,0.375866,-0.484852,0.78058,-0.821384,-0.9288,-0.114053,0.0
poppins,e,1.048831,-3.086925,3.961334,1.545583,0.639109,-0.225289,-4.07021,-2.211546,-1.05685,-0.294655,4.53685,-0.420187,0.500609,0.548693,-1.022873,1.756707,-0.918434,0.007269,1.360251,-0.359796,0.361094,1.471501,1.664713,-2.441466,-1.664232,0.005082,0.805275,-0.024779,-0.577643,0.390979,-1.266005,0.541288,0.77209,-0.929935,0.787472,-1.743101,0.857339,-0.031737,0.731619,0.073558,-0.0
poppins,f,-3.571077,2.731963,0.768249,-2.338224,1.374704,-1.751812,-1.079419,-0.2154,-0.568519,-0.050842,2.805771,1.172329,1.232664,-0.150859,0.656309,-1.016571,0.165126,-0.37856,0.307211,0.353722,-1.255003,0.026128,0.681769,-0.643713,0.491649,0.247086,-0.396644,-0.963497,0.824548,1.04927,0.253231,1.451329,-0.640062,2.176144,-1.072129,3.206579,-1.534715,0.23598,-1.280731,0.531768,0.0
poppins,g,4.012315,0.019128,-0.778971,0.489954,-0.036222,-1.280203,0.360041,0.359768,-0.656927,-1.470751,0.946761,-0.495863,0.309761,0.519012,0.895936,-0.208374,0.378922,-0.27647,0.661501,0.891298,0.267742,0.040652,1.002088,0.376473,0.130106,-3.743041,-0.755334,0.615322,-3.145712,1.861147,0.627401,1.76522,-0.496444,0.503899,-1.821369,-0.960558,1.560915,-2.915057,-0.484906,-0.062224,-0.0
poppins,h,2.956395,1.928882,0.083336,-1.03863,0.421539,0.442072,0.614226,0.731929,-0.738919,0.209428,1.971746,0.568226,0.725475,3.225024,-0.020109,-1.402402,0.331058,-2.159393,1.027916,-0.04041,-1.068242,0.683591,1.863228,0.707899,0.669208,2.510313,0.376341,0.662972,0.604495,-0.82825,-0.215509,0.262848,-1.461681,-1.498979,0.784514,0.030071,-0.326715,-1.12239,-2.389956,-0.243087,0.0
poppins,i,-3.714579,0.172116,-0.416285,-0.54297,0.608837,0.517154,-0.757011,0.104901,-0.037308,1.268814,0.612576,0.11993,-0.018166,0.303058,-0.146,-0.526941,0.780351,-0.317657,0.553354,0.613802,-1.783159,1.400262,-0.010555,-0.232693,-0.373143,-0.048436,-0.283847,-0.441429,-0.007077,1.730797,0.486751,1.434624,1.256854,1.361427,-1.289438,0.085928,0.465191,0.062683,0.806648,-0.06197,-0.0
poppins,j,-3.352351,-0.69237,-1.208156,-0.192977,1.234688,1.280345,-0.193042,-0.297837,-1.077854,-0.196058,1.94923,0.067354,-0.319362,-1.111552,-1.135039,-0.272933,0.366722,-0.967851,-2.235919,-1.520471,2.106442,0.888647,1.375129,-0.039431,-0.558282,0.356392,0.60163,-0.931977,1.758009,1.19851,0.278041,2.052513,0.794107,-1.451815,0.178431,1.551786,-0.455906,0.147712,-0.262487,1.550149,0.0
poppins,k,-3.046611,-1.610567,0.010833,-2.220043,4.366089,-2.924447,1.637035,-2.84571,1.670105,-4.031766,-2.157173,2.328632,1.095003,-0.251209,1.314814,-2.50636,0.595191,-2.309964,1.425313,0.225738,3.435859,-0.36703,0.687959,-0.921777,0.878092,0.870523,0.88624,-1.281978,1.031839,0.602358,0.990379,0.390293,0.18824,0.904355,-0.451201,0.510615,-0.4593,0.408909,-0.106157,-0.560355,-0.0
poppins,l,4.243826,-1.065834,1.045211,-0.946627,-0.554657,-0.497764,0.29953,0.50967,-0.120806,-0.135423,0.212695,0.343185,-0.148832,0.047886,0.11386,0.458427,0.285727,0.028581,0.031301,0.37413,0.128881,-0.262732,-0.230067,0.000515,0.191601,-0.206181,0.801001,0.167416,-0.408597,-0.066624,-0.341503,-0.093533,0.242918,0.180933,-0.050253,0.226453,-0.017042,-0.022301,0.018543,0.000186,0.0
poppins,m,4.534756,-1.02411,-0.579058,-0.222631,1.794236,1.780558,1.190043,0.96366,-2.807548,-1.074527,-1.249025,0.048978,0.50759,2.038047,0.696464,0.820482,0.652507,0.059704,1.224784,1.110393,0.794238,2.535769,0.922537,-1.615417,-0.748111,0.465804,0.896567,1.1871,0.984307,-0.65447,-0.116943,1.475013,0.94499,-0.998785,1.09305,-2.594466,0.951816,0.987117,0.977101,-0.347575,-0.0
poppins,n,1.395449,-1.732727,-1.138546,-0.996782,-0.884457,-1.552555,-0.731605,-0.924133,-0.144595,2.222934,-1.81449,-0.653227,-2.414619,-0.313872,-1.687616,-1.48754,-0.27825,0.080246,0.172207,0.639573,0.156597,0.951178,0.462324,0.179606,0.28205,-1.739466,1.33896,-0.019739,-0.060737,0.561535,-1.30255,-1.184184,-0.34224,-0.241277,-0.273435,1.058791,-0.317767,-0.852248,0.493899,1.373525,-0.0
poppins,o,1.671838,-0.70531,-0.130892,0.183916,0.563443,-1.574455,-0.742178,1.125724,-0.682755,0.264114,1.390284,0.097897,-1.287526,-1.183142,0.995027,-0.235797,2.496235,0.664702,-0.092883,0.551792,-0.604616,1.382476,-0.543139,-0.327782,-0.731973,1.283782,-0.164632,-0.010494,-0.778667,-0.770954,-0.178999,0.693359,0.745935,0.461618,-0.286209,-0.75549,-0.727247,0.02346,-0.293506,-0.447663,0.0
poppins,p,-3.286651,1.459847,0.149233,2.077877,-1.096547,-0.574174,1.355545,0.976779,1.00017,-3.052287,0.099336,1.081702,0.010721,0.444156,0.724153,-1.542016,1.25741,0.920824,0.28651,-0.656165,1.501391,-0.595149,-0.770778,1.03763,0.935624,-1.736886,1.205445,0.707292,1.070163,-0.825426,1.295853,1.1407,-1.099272,2.165024,-1.086471,0.278715,0.482094,0.495691,-0.912979,-0.32614,-0.0
poppins,q,-1.973257,1.64836,-0.472665,-0.83174,-1.795751,0.36808,1.32034,-2.282617,-1.633948,1.56911,-1.533088,-0.366033,0.788332,1.601689,-0.045429,1.168689,1.29516,0.530876,-2.348004,-0.318137,-1.316204,0.170271,-0.102961,-1.031897,-0.786547,-2.54093,0.448435,-2.174033,0.290935,0.74791,1.611328,0.261933,-0.31973,-0.254817,1.627159,-0.050285,0.545305,0.275613,-0.268935,1.307673,-0.0
poppins,r,-3.134163,3.755865,0.682276,1.115075,0.827391,0.364345,0.848227,0.2495,-0.739361,-0.649227,-1.099685,-0.005892,-0.496982,0.739597,-0.213477,-0.534931,-0.050173,0.416036,-0.842123,0.941039,-0.090292,0.235561,-0.768176,-1.012826,-0.851751,1.584831,0.60611,1.571933,-0.05284,1.310295,-0.555521,-0.427382,-2.340195,0.858578,-0.455396,-0.204668,1.79175,2.085104,-1.785267,-1.071101,-0.0
poppins,s,-0.924103,2.464407,-3.023089,-1.63514,-3.055643,1.597671,2.46304,1.00308,0.083991,-1.431467,0.531641,-2.104396,0.373001,0.241847,2.454795,2.11165,-2.837094,0.713571,-1.02589,1.2755,2.326197,0.370831,1.202149,0.013503,1.059716,2.484532,0.269543,-0.906926,-0.169771,0.776965,1.003011,1.656132,-0.939871,0.101574,0.514608,-0.917683,-0.631754,0.536003,-0.290533,-0.846535,0.0
poppins,t,2.181166,1.48741,-3.780682,-1.470704,0.643574,-0.590408,0.528345,0.26714,-0.367992,0.49482,0.149049,0.318693,0.918603,1.087371,0.145505,0.386864,-1.114457,-2.683751,-1.085899,-2.191194,0.617139,0.929936,-1.271456,2.005135,-0.775263,2.093938,0.708854,-0.022103,1.110157,1.434356,1.729536,-0.517168,0.061494,-1.335159,2.402139,2.013948,-0.326122,-0.544087,-1.930526,0.798621,0.0
poppins,u,2.310214,-0.124615,-0.842974,0.336534,-0.784934,-1.747396,-0.211379,1.315795,0.932184,-0.47373,0.629835,-1.37029,-1.492428,2.811803,-0.428229,0.213066,0.665546,0.562675,0.989362,-0.370411,0.80091,-1.1529,1.223785,-0.494392,-0.868413,-0.132479,0.331377,-0.648634,-0.546515,-0.743227,-0.188117,0.213843,1.794345,-0.049297,0.501652,-0.409589,0.116172,-0.756976,-2.339937,-0.121782,-0.0
poppins,v,2.75477,3.231919,0.795972,3.079723,0.34875,-2.623358,-0.709899,3.687112,2.872893,1.644372,0.634478,-0.283478,1.408565,-1.25365,-1.999731,0.692975,-0.915283,-1.295643,1.392399,-0.485343,0.717042,-0.272421,-0.07288,-1.255534,0.364905,1.378504,-0.542936,-0.800479,0.671537,1.845406,0.948914,0.895054,-1.159838,1.825003,0.136303,0.104211,0.207702,0.293246,0.536351,0.79519,-0.0
poppins,w,-1.042374,0.669545,-4.461072,0.945204,-4.81162,-1.460621,2.119006,-1.547201,0.213252,1.866585,-2.208895,1.127474,-1.616747,-0.141817,2.691279,1.221227,1.206095,1.314946,-2.244912,0.623489,0.594345,-0.355216,-0.590898,0.844649,0.33951,2.855972,0.530383,0.748685,-0.729673,1.627357,1.20531,0.355466,-0.07475,0.663838,1.650744,-0.882704,2.476784,0.516308,-1.249531,-1.069687,0.0
poppins,x,-3.008813,-0.315048,0.010401,-0.745853,0.166987,0.348361,-0.285171,-0.23647,0.326331,0.114327,0.178267,0.304266,0.273133,0.112867,0.024574,0.281171,-0.208438,-0.277367,0.260779,-0.089504,-0.417988,0.520351,-1.033162,0.306368,0.712124,1.226579,-0.133833,0.110517,0.091815,0.366419,0.112335,0.014566,-0.319593,0.229312,0.028076,-0.23947,0.16471,-0.038154,-0.070912,0.076538,0.0
poppins,y,-3.265603,-3.927123,2.101978,3.264047,0.197773,-0.249747,1.526084,0.893795,-0.59175,1.231434,0.09792,3.493829,3.12303,2.342168,3.928827,2.113135,1.058876,0.753512,-0.837783,2.723581,-0.677592,0.135529,-1.074396,0.450296,1.004246,0.370125,-0.85017,1.531843,1.320155,-0.958108,2.070473,-1.809348,-0.240947,0.72024,0.046433,-0.499082,-0.010056,-0.79071,0.777652,0.207823,0.0
poppins,z,0.832871,-3.40984,-2.179414,0.170623,2.297231,2.059293,3.136361,-0.108868,-0.462489,1.625389,-0.979033,1.050387,-0.091537,1.318308,-1.798668,-1.98184,0.44159,-0.291096,-1.605947,0.199044,0.060629,-0.41906,1.337907,0.6225,-1.029956,1.10277,-0.588534,-0.328932,1.332883,-1.285704,1.132567,1.995108,1.335607,0.035096,-0.554626,-0.53781,-0.269392,0.884052,0.112605,0.043904,-0.0
ptserif,0,0.528275,1.542544,-0.449688,0.728879,-0.38907,-0.330327,0.469581,0.450679,-0.733699,-0.688207,1.32453,-0.181455,-0.266389,-0.190475,1.115377,0.521813,0.815252,-0.551606,-1.734009,-0.406201,1.638327,-0.520136,-0.228169,1.479029,-0.183896,-1.235854,0.092597,1.807295,0.258651,0.205322,-0.376248,0.201674,-0.892309,-0.345027,1.035337,-0.399374,0.182871,0.018178,0.152039,0.191138,-0.0
ptserif,1,6.470626,-1.494582,-0.242361,1.586365,0.935579,1.456001,-0.3934,-0.409044,-1.564551,-3.081282,-0.739029,-1.206354,2.813468,-0.513406,-1.806901,-2.5386,-1.768476,-1.172779,1.350266,-0.672057,1.159147,-2.08415,-2.07604,-2.050902,1.379301,0.217423,-1.481149,0.692099,0.901278,-0.215145,0.963319,0.52762,-0.106864,0.046499,-0.056831,-0.413904,-0.160123,-0.090898,-0.273746,-0.040658,-0.0
ptserif,2,0.99971,3.12201,2.545163,0.504317,0.18636,3.040165,-0.231174,2.34156,-0.097605,-0.456796,1.464168,1.148012,-1.596091,0.129308,-0.966038,0.247677,-0.852096,-0.068169,-1.12011,-2.434145,1.688836,1.44342,-0.59718,0.685072,-1.447496,1.277654,-0.700188,-3.265958,-1.217579,0.257524,1.182398,2.14165,-0.825063,0.534938,0.818707,-0.046218,0.552014,0.704227,0.11003,1.047319,-0.0
ptserif,3,3.812228,-3.360016,6.505495,-1.024894,0.057401,0.847469,-2.305753,-3.129454,2.110999,1.099886,-3.265715,-0.913041,3.04441,2.272334,-1.836396,-1.698561,0.746673,2.448008,-0.721219,-1.399273,0.828692,-0.366779,1.621701,-0.062331,0.380657,0.1775,0.449439,0.046592,-1.499982,-0.95196,-0.260275,-0.408285,-0.256529,-0.100508,0.116455,0.265344,-0.118066,0.067402,0.041619,0.125191,0.0
ptserif,4,-0.302478,-2.765726,-4.148361,-1.283363,-0.271854,-1.990354,-4.399128,1.360807,-2.75604,0.464068,2.03046,0.155905,-0.950395,-1.295105,1.784417,-1.357537,-1.617767,-1.022092,1.414819,1.607657,-0.325309,-2.046486,-1.196949,0.577765,-0.665834,-2.873018,2.144883,-2.065999,-1.294089,0.078187,-0.582871,0.194913,0.05917,1.149817,0.24126,0.009299,0.542621,-0.951427,0.06103,0.447238,0.0
ptserif,5,-2.446028,-3.502025,0.274069,-2.126757,-1.090707,-0.104768,0.500983,2.507553,0.344552,2.698919,-0.865676,2.22414,-0.949683,-3.699395,-1.505474,-0.510251,0.15721,1.912838,-1.097343,-0.554751,-1.992219,-0.264188,-1.238612,-0.721133,-0.056677,-1.486326,0.096162,-0.080293,0.904901,0.051594,-1.897598,1.377891,0.498705,-0.389605,-0.595471,-0.738872,-1.111424,0.46965,0.03904,0.46602,-0.0
ptserif,6,-1.23541,-3.478013,-0.509498,-1.180024,1.917188,-1.801693,-0.411708,1.024935,-0.650274,-0.015246,0.051888,1.099188,-1.007722,0.251905,-0.782129,1.937484,0.836764,-2.585032,-1.924479,0.467916,-0.398133,1.138017,1.596374,-1.111388,0.841803,-0.827398,-1.294417,1.540703,2.097101,-1.382716,0.344725,-0.018122,0.181554,-2.248909,-1.351139,1.521203,0.357964,-0.332826,0.073439,-1.116803,-0.0
ptserif,7,1.252486,0.255466,-0.123683,0.652276,-0.405019,-1.047934,4.126157,-0.300239,-0.260854,1.053034,0.990319,-2.232835,1.505192,3.605006,-0.34642,-0.569715,-1.493473,1.251114,-0.550901,1.486007,1.76475,0.183731,0.384067,-1.314914,1.051053,-1.264322,-0.637157,0.726588,0.765832,-1.502069,0.228855,0.587995,0.294165,-1.484622,0.970881,-0.146801,0.022434,1.294927,0.359275,0.149493,-0.0
ptserif,8,-4.220617,1.177738,-0.296654,-3.087424,-1.106612,0.421874,2.690712,-1.617228,0.260743,-2.262703,-0.720085,1.873163,-0.294741,-2.078035,2.466553,0.828075,-0.419302,0.577932,1.67522,0.355027,-2.82511,0.069838,-1.179726,1.676409,1.241906,0.419669,-1.612236,-1.215101,1.598594,-0.616719,-0.614846,-0.408899,-0.113561,-0.047607,-0.391135,-0.508506,1.188645,1.868058,0.237033,0.177102,-0.0
ptserif,9,0.664356,2.616639,1.772758,0.434922,-0.606266,3.044852,-0.962573,-1.029078,-1.064378,-0.600477,-4.406113,-0.44681,-1.392907,-1.542623,-0.946672,-0.950564,0.207216,-0.380752,-0.833233,1.186482,-0.122621,0.773401,0.539176,0.728216,0.280584,-0.431393,-0.237697,-0.829945,1.522702,0.214399,-1.350463,3.015274,0.991597,-0.707741,-1.315866,0.482476,-1.520473,-0.067335,0.601445,-0.36409,-0.0
ptserif,A,2.200225,0.992382,0.396801,-1.773292,3.460007,1.814655,1.001626,-0.767798,-0.889025,0.725955,0.093827,0.01086,1.081855,1.576566,-0.565132,1.486288,-2.290069,-0.23725,-0.806752,0.125188,1.27993,-2.329372,0.560854,-1.942437,-0.649666,-1.398717,-3.627365,-0.499005,-2.768681,-1.302424,-1.386695,1.512461,-0.207874,-1.15922,-0.341736,-1.693577,-0.116758,1.109797,-0.061925,0.726307,0.0
ptserif,B,1.312569,-0.8077,-0.898209,-2.564622,-1.289623,-4.086207,0.914855,-0.49186,1.04958,0.092417,-1.683318,-1.898332,1.543358,3.111077,-0.215233,0.675097,-0.122465,-0.016495,4.56992,1.142198,0.264889,1.345666,-0.35479,0.314946,-0.235943,-0.525846,-0.173931,-0.400676,1.425962,0.956804,0.322377,-0.275932,0.535668,1.975565,-0.349611,-0.63566,0.346138,-0.951039,-0.005598,0.780291,-0.0
ptserif,C,-1.064327,-1.502197,-0.778966,-2.09332,-0.134626,0.24822,0.107343,0.931991,0.803711,-0.605729,-1.024387,-0.900617,-1.497956,-0.417811,0.89813,-0.245728,-0.062561,1.577937,-0.250887,0.375702,-0.516136,1.204549,0.669251,-0.454189,0.014472,-0.649584,1.089722,-0.613629,0.086086,-0.312038,-0.691112,-0.839107,0.030145,0.682352,0.057195,0.839151,0.031423,0.256177,0.613325,-0.15374,-0.0
ptserif,D,-0.08501,0.499756,2.443653,-1.368028,0.045195,0.542703,-0.639751,-1.788558,-0.161359,-2.009204,0.465622,-0.046169,-1.754367,-0.714518,1.834322,0.751622,-0.386747,1.69678,0.458619,0.574696,0.018593,0.435115,-0.588233,0.529719,-0.454863,0.135214,-0.098793,-0.086193,0.119186,1.205393,-0.010933,-0.744601,0.81576,0.030031,0.101166,-0.75346,-0.434228,0.08238,-0.284116,-0.051586,0.0
ptserif,E,-3.551449,-0.649222,1.646643,-0.92022,0.011025,1.748595,-1.380225,1.517123,0.241645,-0.593941,1.969999,-0.569459,-1.187768,-1.446936,-1.443022,1.391296,-3.450285,1.140419,-0.332859,-0.502459,-0.765457,0.248301,-1.178756,-2.456377,0.443553,-1.224813,1.864275,0.589848,-0.020306,-1.095142,-0.364586,-1.391683,0.864266,-0.066036,0.135659,0.467653,-0.526892,2.079338,0.477913,-2.149586,0.0
ptserif,F,2.929499,0.066533,-2.245731,0.137847,1.012713,-1.310713,2.092047,-1.619276,1.808737,0.261137,-0.001387,0.365579,-0.597137,0.826921,0.940553,0.361866,-4.359836,-0.189785,-2.019063,-1.897933,0.248696,-1.022006,-1.908553,2.952943,-0.26831,-1.883783,-0.684639,0.982213,0.627151,1.771185,0.342279,0.066627,-1.043052,-1.624338,-0.945587,1.029763,0.292524,-1.26328,-0.36704,0.423497,-0.0
ptserif,G,-0.537924,-1.095019,-0.756511,-0.761848,0.604918,0.544442,-0.215093,0.38583,0.875325,0.540585,-0.44144,0.704025,-0.46705,-0.029521,-0.939027,-0.75876,0.186162,-0.301982,0.309,-0.014169,-1.305925,-1.23768,0.18131,0.556905,0.546377,1.093105,-0.750111,0.471339,-1.016648,-0.234213,1.731834,1.544492,-0.492079,0.367776,1.064317,0.778257,-1.866615,-0.740007,1.205627,0.160131,-0.0
ptserif,H,-4.540836,-0.746196,-2.869627,0.615859,-0.318267,1.887571,-0.790806,-0.817169,0.675544,2.177219,0.725267,1.885609,1.09021,-0.991658,0.255171,0.104528,-0.144662,-0.223566,-0.640751,0.836514,-1.344783,0.838717,2.166006,0.110492,-0.520609,1.792228,-0.393503,-0.973084,-1.531989,-1.751478,-0.249903,-0.069843,0.273426,-1.078269,0.923883,0.422263,1.579384,3.387994,-1.156707,-1.410814,0.0
ptserif,I,4.190441,-2.75671,-1.959364,-1.13862,-0.588092,1.214297,-1.71766,1.880968,2.379417,-0.645635,1.791503,-0.770245,-0.109338,-2.54921,-0.06711,1.241438,3.430301,-0.678741,2.790112,0.505166,0.413344,0.105107,-0.01393,0.056619,0.027619,0.001245,0.005449,0.001889,-0.002725,0.001506,0.000948,0.001005,-0.00033,-0.001064,3e-05,-0.000433,4.7e-05,0.000567,-0.000426,6.2e-05,-0.0
ptserif,J,5.907815,4.481254,-5.987583,-3.360251,-1.109122,4.880686,-0.566546,-0.201722,0.559906,-1.516773,-2.230338,2.735051,1.215557,1.791437,-3.118748,-0.8869,1.306843,-1.523374,2.824327,0.874568,0.166098,-0.630006,0.010878,-0.503926,-0.181729,0.577464,-0.031431,-0.900475,0.387151,-0.724403,0.028659,0.553567,-0.039008,-0.233477,-0.413867,0.338029,0.303388,-0.222956,-0.180946,-0.318697,-0.0
ptserif,K,-0.1801,0.081494,-1.532195,-2.107441,0.296545,-0.313266,4.39313,1.612947,-0.189931,3.791074,-3.078599,-1.829261,-1.232037,0.226477,-0.00855,-0.329935,0.334809,-1.023801,-0.82422,2.739031,3.414171,-0.025037,-0.308711,0.160301,-2.287687,-0.129174,0.121982,-1.521708,0.93816,1.045125,1.349458,0.904816,0.507196,-0.748236,0.761401,-2.696857,-0.750151,0.089051,0.642752,0.308555,-0.0
ptserif,L,3.427697,2.526258,0.222112,-1.607569,-0.827535,1.225995,-0.616156,-0.747274,-0.925002,-2.558086,0.644991,0.431565,1.241203,0.086065,0.074914,0.735087,0.181484,-0.746408,-0.696017,-2.603125,-1.117801,0.130871,-1.95449,-2.075253,-2.219416,-1.066412,-0.195786,-0.850791,-0.426562,0.246424,2.771692,1.440823,1.694458,0.355154,0.155778,-1.167257,1.131565,-0.363926,0.85427,-0.568656,0.0
ptserif,M,-0.378896,-1.737215,-2.987357,-2.627398,0.168453,-0.099768,-0.767852,-1.553454,1.521197,0.74573,-0.822702,2.948719,-0.55249,-0.993828,1.935134,-2.585629,0.885545,-1.247778,1.883451,-0.310282,1.363632,0.148215,-0.836168,3.062213,1.799744,-3.44533,1.381423,1.060154,-1.173844,0.409188,-0.169772,0.405469,-0.8362,2.005679,1.426589,0.598766,-1.237742,-1.986085,0.104096,-0.138362,-0.0
ptserif,N,4.446392,-0.57437,0.979022,-1.862256,0.56654,0.685828,0.79635,-2.331383,0.599323,-1.109613,-1.02763,-0.386849,0.174666,0.156407,0.330364,0.691323,0.078481,0.876565,0.713678,-1.155862,-1.823199,-0.88672,-1.381389,-0.925494,0.015965,-0.000386,-0.52749,-0.451276,-0.534969,-0.447469,-1.840452,-1.303515,0.760512,1.073685,-0.499194,3.511403,-0.850439,-1.437516,-0.349245,0.473468,0.0
ptserif,O,0.083942,0.000839,0.474427,-0.149233,-0.092015,0.615156,-0.05223,0.009485,1.26183,1.813633,-0.243599,-0.522758,1.301093,0.965356,-0.954175,0.413128,-0.059445,0.524416,-1.363035,0.181979,0.86054,-0.000818,-0.203059,-0.715768,0.256151,0.942797,0.230697,-0.937347,-0.84775,-0.705523,-0.156754,-0.706443,-0.56294,0.29524,-0.100451,0.667877,0.085295,0.291336,0.204341,-0.154576,0.0
ptserif,P,4.545982,-0.240493,-0.34097,-0.066611,-0.569377,3.180739,1.397516,0.302411,1.023559,0.499008,2.357091,2.776561,2.055695,-1.184482,0.893077,2.028007,-0.001881,1.14337,0.521323,0.443756,0.889524,-0.311635,0.189699,-1.890052,1.681397,1.763298,-0.444606,1.756024,-0.679861,-0.470431,0.495271,-0.070582,0.0213,-1.642847,1.459768,-1.576558,1.063122,-0.093368,0.29043,0.555627,0.0
ptserif,Q,2.355262,-2.666211,0.985867,-0.406004,0.885304,-0.65883,-1.290709,0.446644,-0.642852,2.051335,1.793174,-0.986379,1.259508,-1.898426,1.44369,-1.748653,0.809322,0.330488,-0.954154,-0.423467,0.267474,-0.390712,1.340037,-0.295309,-0.393105,0.822398,0.584327,-0.454657,-0.347491,-1.231013,0.706053,-0.733726,-0.02939,-1.106006,-0.529958,0.480373,-0.781007,-0.621956,-0.368126,-0.264327,-0.0
ptserif,R,0.595617,4.392188,-1.35921,-1.38048,-0.012208,-1.613822,-0.835996,-0.696942,-0.938594,0.094991,-2.342612,-0.981857,0.94396,-1.081867,-0.925937,-0.295902,1.678969,0.637903,1.712044,-0.348879,0.016926,0.278355,0.772823,0.137007,-2.439239,-2.0518,0.826595,-2.113991,1.107136,1.121067,0.751449,1.263701,-1.750675,1.899209,1.222473,-0.545366,0.263784,1.615309,-0.066215,0.931155,0.0
ptserif,S,2.432641,-1.376337,-1.762034,1.258081,2.338796,-1.107146,-0.031857,1.322592,-0.984489,0.944453,0.394948,0.085176,-1.885973,1.230144,-0.563538,0.347608,-0.208772,2.945444,-2.188779,-0.379233,-1.207311,0.880739,0.911252,2.976353,1.125057,-0.691983,-2.189154,1.530322,0.110187,1.317226,0.534867,-0.813324,-1.70337,0.103561,-0.233054,0.701534,0.181182,-0.437476,1.488326,0.832548,-0.0
ptserif,T,5.127204,0.647723,-1.639163,0.126772,1.71432,-3.054425,-3.444287,0.408486,1.031925,-1.72001,0.30047,2.220927,-2.527803,-0.909618,1.575899,1.843716,-0.380516,2.801999,0.609732,1.300357,1.311246,-0.452524,-0.252793,1.025126,0.310405,1.048665,-0.855454,0.176348,-0.200776,-0.704226,-0.012406,0.528859,-0.188711,0.181124,-0.317006,0.681921,0.160876,-0.090931,0.303367,-0.05623,-0.0
ptserif,U,-3.71737,-1.104457,0.47324,0.200986,-0.099933,-0.108006,-0.616415,0.525954,0.456185,-0.595054,0.253627,0.668442,0.642286,0.316165,-1.23274,2.397497,-0.702446,-0.080147,0.910344,-0.908297,-1.57264,1.02869,-1.332144,-0.021552,-0.983669,-0.755846,-0.164907,-0.371924,0.377583,0.42728,0.444092,0.350711,-0.033407,0.183389,0.025777,-0.393642,-0.704329,-1.183831,0.516679,-0.036889,-0.0
ptserif,V,-4.050016,-1.184444,1.156682,-1.037105,-1.353016,0.495434,-0.037668,-1.076669,-1.262916,1.045153,-0.657118,-0.674429,0.21636,0.418614,0.13522,1.674976,1.059404,0.137626,1.271108,0.192385,-2.748241,-2.30221,1.732716,-0.308506,1.364493,1.46796,0.265609,0.369444,0.701158,-1.520957,-0.971347,1.672795,0.27363,0.783695,-0.437327,-0.238001,-0.392164,1.283785,0.146813,-0.31359,-0.0
ptserif,W,-0.484041,1.914928,-1.702205,2.01176,-3.381828,1.648213,1.071495,0.006028,0.219294,-0.289435,0.399176,-0.064815,4.100027,0.461001,-2.288724,1.127846,-0.919086,-0.367152,2.021894,3.805858,0.16874,-0.140283,2.071559,-3.158714,1.17619,0.3647,2.40302,-0.256236,-0.186482,-0.733822,-0.25023,-1.1466,-1.593997,-0.699202,-1.358528,1.697903,-0.24266,-0.227329,0.585157,1.210804,0.0
ptserif,X,4.682206,-0.867872,-1.031276,1.234681,2.224009,2.325756,-0.790734,-0.562063,1.580063,-0.395092,2.134002,-3.386198,4.187319,-2.163828,1.680299,-2.450534,-1.803529,1.139741,0.328481,-0.036952,0.445112,0.18985,0.181144,-0.245288,0.092415,0.040345,-0.067856,0.01567,-0.033741,0.017393,-0.001793,-0.01348,0.001466,0.002414,0.001091,0.002447,-0.000393,-0.000719,-0.000601,-0.000139,-0.0
ptserif,Y,5.318689,-0.191055,-1.277927,1.242721,1.651176,-0.939822,0.691215,-3.742654,-1.791826,0.400026,-2.839711,0.445078,-1.512112,-1.021987,1.044618,1.003523,2.293456,-2.403099,-0.831904,-0.186846,-1.291225,0.344083,0.316904,-0.367268,-0.415035,1.026447,1.350497,2.063732,-1.453467,-0.680107,1.782977,-0.916788,0.21498,2.449866,1.707547,-0.290423,-1.79812,-1.520706,-0.656114,-0.420759,0.0
ptserif,Z,-4.526327,-1.30253,-1.1821,1.549077,-0.614796,-0.560696,-2.01952,0.94432,0.415207,0.87381,-0.761824,-1.355753,-0.01761,-2.696498,0.350012,-0.342231,1.555503,-2.115198,-1.350167,0.433434,1.513505,1.675488,-0.246139,-0.601433,1.723517,3.322489,0.990936,-0.495088,0.388258,0.189294,-0.213798,-0.293096,-0.844286,-0.848672,0.780147,-0.680507,-0.342804,-0.570408,0.059173,-0.428298,0.0
ptserif,a,-2.063875,-2.024349,-1.259806,-1.541193,-1.071311,1.669115,0.966609,-1.543909,-0.252684,-3.015325,-0.876065,-1.179621,-0.496624,-1.253389,-0.343784,-2.380928,-3.645134,-1.383927,-0.977627,-1.046265,0.653317,-0.884518,-2.835017,-1.410005,-0.771689,-0.274689,0.519754,0.387237,-2.159601,2.095059,2.284808,0.654706,0.569882,1.020866,-0.085237,-0.172052,-1.042774,0.572675,1.052744,0.029047,-0.0
ptserif,b,-4.364668,-0.572685,-0.466438,0.470487,4.041563,0.758391,1.659065,0.777489,0.107165,-3.369807,-2.532553,0.966586,0.154235,-2.162412,0.463983,-0.042179,1.578117,-0.429814,2.209602,-1.107781,-0.93645,0.326145,1.981064,-1.424314,0.055403,0.096204,0.43311,-0.588082,0.639598,-0.257011,0.232071,0.548179,0.329028,-0.259149,-1.287053,0.035059,0.169282,-1.009775,0.953342,-0.242817,0.0
ptserif,c,-2.283188,-3.461149,1.961993,-0.498614,0.016222,-0.749989,0.675698,-1.831783,-0.801546,0.235884,-1.397815,-0.795313,0.689416,-2.247652,0.560841,-0.28433,-1.620656,-0.359505,-0.662081,-0.082768,1.260789,0.705519,-1.40942,-0.863177,-0.966689,-0.214204,-1.028615,-0.266711,1.494515,0.330737,-0.286975,0.942916,0.774736,-0.388652,0.437325,0.617016,0.013368,-0.040519,0.590511,-0.038574,-0.0
ptserif,d,-3.421769,0.482469,-0.342668,-0.295325,-1.348889,-0.474941,-0.090402,-0.549946,1.365764,0.788034,-2.4885,1.638849,-0.361309,0.582064,3.519946,-2.345881,-0.54432,2.49336,-0.493681,-0.878168,-0.270236,-1.457596,0.346473,0.369431,0.639952,-0.341777,1.481882,1.531314,-1.613894,-0.22692,0.88937,0.198886,-0.459732,0.476049,1.370298,-0.823586,-0.428704,-0.676862,-0.080681,-0.343739,0.0
ptserif,e,-1.181333,0.679102,-1.642356,-2.381328,2.983716,-0.401089,-1.299098,-1.025482,1.203547,-3.461534,0.577105,1.229477,-1.125871,0.533029,0.740934,2.868104,-0.622437,-0.774175,-0.102,3.46092,-1.839998,1.357446,-0.831319,2.068952,0.912928,-0.331724,1.036694,-1.582629,-0.155532,-2.255484,0.097108,1.278768,0.835624,-0.231443,0.087208,-0.387036,-1.477093,-1.325288,-0.100042,-0.334621,-0.0
ptserif,f,5.306912,-5.286249,4.235292,-0.015,-0.657828,-1.318265,2.01813,2.304156,0.109197,0.275371,-2.729588,0.45375,-1.2926,-0.840377,1.216234,0.235457,0.322628,-3.451245,1.338069,-1.024794,-2.02704,-0.950953,-1.350899,0.305542,-3.768222,1.551617,-1.882341,0.592004,0.147176,-0.973322,1.872639,0.566646,-0.526603,0.327879,0.037328,0.317409,0.013831,0.025571,-0.168815,-0.201926,0.0
ptserif,g,-5.108638,-1.536375,2.608566,-3.66205,0.361579,-2.518779,4.963412,1.479847,-0.926402,1.841323,-0.420423,1.531334,0.511394,-1.549464,1.147383,-1.797847,-3.039317,-1.216687,-0.020567,0.485675,-0.119104,1.226537,0.750233,-1.238362,1.379666,-2.246814,-1.652599,-0.683868,0.227145,0.460081,0.082915,-1.996435,-0.34757,-0.334057,0.526731,-0.640917,-0.536584,0.461825,0.134239,0.732008,-0.0
ptserif,h,-3.273364,-2.215649,-1.005084,1.295964,1.054831,1.062346,-2.802373,-1.260807,1.239595,0.810949,0.190358,1.300775,1.601607,0.100278,-1.479989,-0.441968,3.631557,0.683222,2.17737,0.976013,-0.050482,-1.01983,-0.461262,-0.199124,0.564285,-0.366811,2.293789,0.122118,-1.647104,1.055575,1.40236,-1.606843,0.273471,0.319918,0.443932,0.844908,0.774864,-0.872633,-0.651989,-0.152757,0.0
ptserif,i,3.789525,-3.588299,0.722812,-1.029887,1.029251,0.679223,1.152034,0.934197,-2.315425,-1.137182,0.796281,-0.391655,-0.788628,0.523625,2.15609,1.403805,1.147882,-0.962518,-3.921864,-2.092601,-0.87086,0.428499,0.159031,-0.766051,0.059478,0.285231,0.178465,-0.531811,-0.37726,-0.717174,0.461947,-0.033436,0.183677,0.149854,-0.133293,-0.056756,0.09692,-0.033141,0.156301,-0.010466,-0.0
ptserif,j,-3.01209,3.809321,-0.973429,1.627472,-3.382735,-3.558618,2.65796,-2.685637,-1.123902,2.74125,-0.025106,0.101032,0.750362,-0.131847,-1.462394,1.39789,-0.52077,1.244765,-1.552468,2.655536,-1.003573,-0.833321,0.518298,0.15269,0.238579,0.502614,-1.507784,0.136481,0.374945,-1.261933,0.650821,-0.353667,-0.774105,-0.341024,0.153927,1.478129,-0.703773,-0.308767,-0.463872,0.285284,0.0
ptserif,k,-1.494236,-2.77042,-1.826804,1.090822,-2.835244,1.133408,-0.470799,-1.073489,-3.332239,-4.682815,0.717864,2.473484,0.813859,1.109286,3.893833,-2.211949,-0.424079,2.411537,0.165528,-0.959621,-2.545,0.38509,-0.657108,0.660294,0.596231,-1.470529,-2.321521,-0.642749,-0.528327,1.206184,0.874089,-0.579113,0.156577,-0.054841,0.259454,-0.339112,-0.167844,-0.522542,0.619569,0.103816,-0.0
ptserif,l,-1.840741,-1.69904,-2.085186,2.012394,-0.126345,1.786634,-1.090381,0.568132,0.524949,2.536626,-0.847265,0.868733,-1.290107,1.143958,4.000913,-0.763947,-0.189843,2.520122,-1.256865,-0.181959,-0.821471,-0.797932,-0.123277,-0.327101,-0.562673,-0.496338,-0.06183,0.011858,-0.004993,-0.028207,0.006888,-0.000777,0.004686,0.004529,0.000593,0.000766,0.000957,-0.000489,0.0004,-7e-06,0.0
ptserif,m,-1.055113,-2.167264,1.223796,2.078131,-3.805872,0.158146,1.770753,-0.07836,1.164126,-0.839323,0.486139,0.787242,-1.390407,-0.146358,-1.429522,0.549144,1.647398,0.74128,-0.367537,2.0832,-0.239211,-0.264152,-1.998053,0.185976,0.795386,1.075243,-1.312203,0.992426,-0.502556,-1.769786,2.255275,0.544336,-0.507994,0.072408,1.016925,0.691152,-0.742884,2.218709,1.059001,0.353799,-0.0
ptserif,n,-3.377282,0.685526,-0.03169,-0.910615,1.064781,1.023149,-0.443048,-2.335721,1.01754,1.477566,0.387857,1.13492,0.296515,-0.488329,-0.615985,0.393578,-1.363172,-0.451648,0.887245,1.907869,1.485692,-1.453099,0.575521,-1.360861,-0.989659,-0.544371,0.500295,-1.777778,0.344783,1.830283,0.611378,1.105785,0.465689,-0.415509,0.021091,-0.920439,-0.625211,-0.348596,0.631601,-0.541894,-0.0
ptserif,o,-0.814669,0.91367,-1.347852,0.019863,-1.026664,1.434269,-1.47647,0.555328,-0.450985,-1.028273,0.382401,-0.672204,0.163189,1.243645,-1.511359,-1.038112,0.55881,-0.786641,-0.366422,0.389345,0.590825,0.289876,-0.98805,-0.83859,0.932803,-1.01752,0.677939,0.340545,-1.737471,-0.653019,0.26264,-0.868458,0.322589,0.617354,0.390662,-0.828869,0.66682,0.576123,0.295757,-0.410955,0.0
ptserif,p,2.592648,-0.835856,-0.690924,-2.141574,-0.894846,-0.512265,-0.886517,0.448572,1.507816,0.267124,2.464665,0.608298,-1.121971,-2.005761,-2.998737,1.406299,0.542924,-0.513081,-0.97764,0.615797,1.806623,-1.00923,-1.055691,1.316575,-0.705994,-0.742656,-0.879418,-2.245882,-0.288066,-1.15449,0.158348,0.199252,0.305097,0.144208,-1.451516,0.844215,0.535916,-1.029124,0.761042,-0.556306,-0.0
ptserif,q,1.180849,-2.511113,1.170329,-2.382694,1.808749,-1.733565,0.109625,-2.536624,2.516012,-1.411929,-3.256468,0.646627,-0.029209,-1.146516,0.777888,0.763724,-2.087888,1.965912,0.305722,0.982917,-1.538786,-0.458875,-2.241487,-0.884241,0.220574,0.966394,-0.192688,-0.903477,0.14165,0.198094,-0.062524,1.387068,-0.582362,-0.945917,0.163751,0.169095,0.267471,-0.817766,-0.597219,-0.928343,-0.0
ptserif,r,1.93024,-1.358234,-1.336109,4.159241,-1.147633,2.071481,0.535274,0.222886,1.150963,-2.349737,-0.785983,-0.167616,-0.729391,0.713566,-1.239535,0.386923,0.124891,-1.921664,0.986569,3.078107,0.135866,1.5153,3.059326,-1.037128,0.844328,2.595837,0.052098,-0.17291,-2.612475,-0.844687,-0.473143,0.81095,1.065874,-0.228151,0.233906,0.259812,0.274626,0.445375,0.69799,0.23149,-0.0
ptserif,s,-0.92793,-3.19781,-0.770094,1.07746,-1.127037,-0.860949,-0.603401,-2.076219,0.750846,0.481019,-3.277242,-1.536402,2.635323,0.736436,0.130541,-1.238422,0.643601,1.225703,0.143021,2.51663,1.052987,0.906483,-0.758358,2.567434,0.604874,0.010517,0.764927,0.779387,1.211354,-0.512011,0.785268,1.317651,1.298163,-1.101909,0.646439,2.343419,1.542531,1.010393,-0.544571,0.034281,0.0
ptserif,t,5.068763,1.435064,-0.38862,-2.909047,-0.951124,2.126716,-2.827471,1.891936,0.593059,-1.184835,0.66071,-2.309603,0.727334,0.858845,1.693237,1.817229,0.902361,0.701749,-0.487366,-1.121648,-0.245759,-0.220199,1.15083,-0.245896,-0.07291,-0.849404,-1.273875,-0.303883,0.149868,0.934245,-3.083564,0.702121,0.069089,1.552725,0.243168,1.482473,2.090871,-1.365566,-1.43683,-0.973168,0.0
ptserif,u,-1.742955,1.993037,-0.172697,1.242312,0.496931,-0.47643,0.63638,-0.913889,-3.135062,-1.79477,1.443305,-0.058492,0.297013,-1.391145,-1.682526,0.265554,-2.891914,-0.02072,-0.200944,-0.181854,1.268153,-0.117973,1.250265,-0.306815,1.038182,-0.305856,-0.122386,0.796967,1.33013,0.659656,-0.021071,0.565039,0.359024,0.067433,0.94796,-1.086607,-0.173953,-1.208821,-0.260359,0.219246,-0.0
ptserif,v,-2.956092,-1.431569,0.690126,-0.496222,-1.415449,1.323576,-0.78823,0.631668,0.399806,-0.877853,0.077379,-0.062634,-1.531674,1.119577,0.863155,-2.141157,-0.072986,1.026655,1.574571,-1.608139,1.461411,-0.814705,1.15512,-1.161163,-1.292269,-2.905073,1.305093,0.656,1.148867,0.556948,0.483612,-0.034507,-1.170053,0.403955,-0.544278,2.163363,-0.743262,0.357888,1.940261,0.556936,-0.0
ptserif,w,3.430542,1.151243,2.131083,1.234207,-0.085391,2.578536,1.396992,1.689143,-1.421894,1.41916,2.599185,0.706936,-1.685206,-3.546611,2.139061,-0.548878,-1.35625,2.004603,-1.51665,0.385248,-2.68104,-0.952377,-1.892307,-0.053023,0.846839,-2.328546,2.22161,-0.338286,2.474261,-0.278106,0.2695,0.76907,-0.942772,-0.504448,1.025471,-0.317704,-0.875892,-1.319819,-1.524376,-1.005128,0.0
ptserif,x,4.342527,0.242837,-1.18484,1.958056,-2.275791,2.339123,0.434909,-2.685317,-0.018087,-1.437953,-1.255291,-0.907115,-0.503137,1.549811,4.259711,0.426448,3.044648,0.55954,-0.8092,-1.597768,-0.00288,-0.432174,0.003057,-0.021685,0.169362,0.05585,0.065943,0.032961,-0.003339,0.003712,0.007095,0.006842,-0.00201,0.002139,-0.000776,-0.003201,-0.000128,-0.003972,0.001096,0.001171,0.0
ptserif,y,0.958753,-2.938154,0.19519,-1.025562,-1.254415,0.527805,-0.225417,-3.182787,2.3673,-2.047649,-0.309357,-1.480345,3.383423,-0.501427,1.00558,0.809434,0.138073,-1.107742,0.219003,-2.27586,1.110453,0.041548,1.204691,1.945178,1.826715,-1.114299,0.268157,-0.323706,0.747644,-0.958275,0.446753,2.160972,-2.468394,-0.577219,-1.322982,1.783087,-2.167031,-0.885626,1.025779,0.227708,0.0
ptserif,z,-3.777315,-1.508031,1.101062,1.642073,-2.030283,-0.322747,-1.297008,0.584385,-1.552525,1.23476,-0.931821,-2.493124,0.961629,1.697145,1.348303,-1.353342,-1.688227,-0.710003,0.538133,0.416898,0.555967,2.99955,1.078525,-1.523955,-0.880332,1.085533,0.445135,-1.63362,-0.045595,-0.865588,0.083424,0.179266,-0.201406,-0.24351,-0.082275,0.57802,-0.672348,-0.627339,0.167132,-1.70285,-0.0
roboto,0,0.17936,1.064475,-0.046042,0.081348,-0.600632,-0.359528,-1.4548,-1.147992,0.401664,0.170614,2.098198,1.410579,-1.184903,-0.269718,0.979525,-0.907925,-0.040114,0.583566,0.877463,1.825848,1.8542,-0.047338,0.213563,-1.488833,0.193822,1.022354,-0.296305,-0.269781,-0.656257,0.145366,0.16537,0.661662,-0.862616,0.069255,0.084126,-0.160579,0.10756,-0.557751,-0.229169,0.033483,-0.0
roboto,1,-9.404997,-0.701236,2.070871,0.940805,1.043826,-1.514827,0.41157,-0.265825,-0.175394,0.593737,-0.199395,1.201079,0.940198,0.829585,-1.45678,-1.727147,-0.542686,-1.034342,-0.998347,0.481718,0.677051,-0.427563,-0.043524,-0.351391,-1.243387,0.340882,0.146488,-0.003686,-1.379786,1.454794,0.313989,-0.839037,0.11988,-2.185768,-2.467917,1.144665,1.020396,0.464035,0.950498,0.072619,-0.0
roboto,2,-2.199276,2.028281,-2.543148,0.143817,-0.647736,0.671706,0.128492,-0.327788,1.938859,0.33849,-0.993326,-1.212204,4.83106,-0.38733,-1.311397,-0.712862,-0.256731,-0.793737,1.87937,1.29951,1.151855,-2.349088,-0.231752,-0.279836,0.747357,-0.680034,-0.477775,-2.897642,0.311531,1.66916,1.381682,-0.129783,1.106445,-1.071774,-0.058002,0.064936,1.306865,0.670274,-0.625592,0.349274,-0.0
roboto,3,-3.982819,-0.061317,-1.414335,-5.46335,1.720437,-3.324959,-2.491473,4.503533,-0.519283,-0.157828,-1.412956,-2.014572,2.270538,-2.633702,-1.482439,1.417674,0.588429,1.178809,-0.352777,-0.278514,-0.407233,0.175532,-1.283572,-0.405568,-0.387493,0.899914,1.313974,-0.506268,0.266059,-0.721437,-1.379703,0.110911,0.150055,-1.098059,0.607876,0.523597,-0.446907,0.351456,-0.880465,-0.311851,0.0
roboto,4,-0.562077,-0.559835,-1.912561,2.252495,-1.499897,-1.821823,-1.76789,0.51747,0.019411,-1.608528,-1.578763,-3.585759,3.955561,3.63665,0.533705,-2.450039,1.070119,-2.464269,-1.561519,-1.74616,-0.568284,0.067486,0.248353,-1.394185,0.842143,-1.044096,0.671004,1.733027,-0.982247,-1.231438,-0.934079,0.372224,0.11819,0.391744,0.687115,-0.400561,-1.186981,0.307997,0.146321,-0.240884,0.0
roboto,5,-2.756699,0.822943,-1.934524,-2.441683,-0.771003,-1.124047,-1.900827,-1.66883,-0.999384,1.46307,-1.690483,-0.536437,0.962927,0.811812,0.255691,1.047548,-1.945256,0.409279,-1.494541,-0.390177,0.33608,3.138303,-0.166432,-0.09173,0.87338,1.269721,0.925825,0.249153,3.447572,1.37692,1.128259,-0.291049,0.567595,-0.078395,-0.261415,0.024929,0.408769,1.477112,0.353792,0.552045,-0.0
roboto,6,1.202447,-1.220379,-0.816012,-5.385046,0.069594,-1.70712,-0.151355,1.617407,2.047118,-0.377611,0.3371,0.301047,-0.658122,-0.068484,-0.022024,0.537466,0.026786,0.150222,0.819935,-1.647781,-1.217925,-0.361151,-0.811588,1.34519,0.428817,-0.209285,2.341977,-0.589742,0.231682,-1.827054,0.050222,2.344261,-1.223421,-0.398752,-0.96325,-1.001229,-0.07198,0.034999,0.322118,1.991202,-0.0
roboto,7,-1.914305,2.48997,2.884876,-0.979772,-0.104595,-0.765032,-0.973184,2.039773,-0.127233,0.485255,-0.184109,1.041292,2.117153,-1.885689,1.012406,1.890371,2.071383,-0.886956,-0.219688,-0.44271,0.886637,-2.193823,2.235112,-0.641008,-0.274294,1.12707,-1.823691,1.676198,0.037389,-0.225157,0.561116,1.112288,1.037471,-1.473983,-0.575953,0.841949,-0.192556,0.219103,0.451309,0.64385,-0.0
roboto,8,1.527147,-3.538397,-1.798576,1.129632,5.133449,-2.969036,4.877329,-0.480272,1.486981,1.326575,-2.290775,0.355797,-0.712922,2.136848,0.761115,0.538147,1.589176,-0.509314,-1.09307,0.950495,-0.31511,1.716537,0.821479,-0.02993,0.261561,-0.325435,-1.211533,0.514504,0.007919,0.060477,-0.239349,-0.846667,1.132082,0.647821,0.586537,0.219716,0.126924,-0.086583,0.573717,0.204537,-0.0
roboto,9,-1.548861,-0.909489,0.352318,2.796435,-0.329886,-0.588206,-0.746515,2.419282,1.887513,-0.895771,3.461023,-1.128898,-0.696323,0.909128,-1.463439,-0.463498,1.116846,-1.095584,1.211476,1.994666,0.288346,0.502109,1.19823,-2.726433,2.452229,-0.97367,-0.296805,0.222889,0.17973,-0.802863,-1.013011,0.775557,-1.234706,-1.151051,-1.484847,0.861214,0.298879,-0.606512,0.773207,-0.128105,-0.0
roboto,A,-3.842099,0.048645,-0.237308,-1.342426,-1.13684,-0.900215,-0.243996,-2.202052,1.225393,-0.536088,0.384789,-0.359324,6.311999,-2.283659,-1.898616,0.412737,1.036839,-0.805099,0.77325,-0.005901,0.498527,-0.532587,1.405161,0.597677,-1.631309,2.132947,-1.665741,-0.662193,1.080906,0.880763,-0.313635,1.269027,1.259779,-0.199452,1.600554,1.118747,1.087822,-0.236659,-0.924713,-0.326879,0.0
roboto,B,-0.213278,-2.559993,1.217677,3.273072,0.677224,2.314344,-0.396204,3.320089,-4.456538,-0.447477,0.348157,-0.039812,2.650696,3.073508,0.62572,0.320225,0.851593,-1.156522,-0.288844,-0.976014,-0.96041,0.618675,1.904621,1.675994,-0.686949,0.538381,-1.667243,-0.42399,0.967418,-0.031394,0.008438,-0.84691,0.059192,0.124788,-0.96968,0.518778,0.881507,-0.47498,0.267665,0.56012,-0.0
roboto,C,-1.970784,0.734087,0.459578,0.574123,0.216599,-1.851787,1.132325,0.504441,-1.078924,1.260172,-0.184069,0.938591,-0.565417,0.537783,-1.39486,0.487997,-0.988295,1.657491,0.266292,0.349492,-0.378394,0.142673,0.218854,0.721341,0.097195,0.051549,0.195047,0.17059,-0.912228,0.530753,0.465464,0.5422,-0.002513,1.273803,-0.519116,-0.109435,-0.023215,-0.871128,-0.042044,0.208207,-0.0
roboto,D,-0.947683,-0.564324,1.738488,0.689404,2.069312,0.817019,0.967069,-0.322146,0.865745,1.457915,-1.041733,-0.639526,1.484657,0.167223,0.622888,0.575131,0.74809,-1.339605,-0.318011,0.505785,-0.778907,1.609487,-1.316794,-0.848423,0.465785,0.433693,-0.379835,0.044702,0.855624,1.189704,0.616385,-0.047026,0.273426,0.648308,0.000977,0.235841,-0.316313,-0.3549,0.133283,0.00195,0.0
roboto,E,2.727555,-1.747789,-2.699746,0.888977,-0.790717,3.661465,0.695027,-1.648719,1.901359,-1.208584,0.778372,-2.297255,-0.315738,-0.965015,0.968594,0.735708,-0.315548,-1.045665,0.747406,2.46055,-2.605485,-0.305041,-1.250821,-1.604184,-0.300644,0.486518,-1.302867,1.588357,0.846686,0.843261,-0.375394,-1.040365,0.089187,-1.568299,-0.729869,-2.193936,0.156408,-1.07658,0.013661,0.633581,0.0
roboto,F,-2.66548,-1.251539,3.492038,0.897417,2.842754,3.721868,-0.351249,-1.292796,2.196782,1.824556,-1.725691,-0.390426,0.112404,3.659465,-0.376009,1.368905,-0.440227,0.039329,-0.209038,-1.590442,-1.072437,-0.910586,-0.064301,0.717585,1.133738,1.675628,-0.930642,-2.035986,1.294576,-0.283143,1.543288,0.111324,1.713258,1.087491,0.273472,0.657888,1.478902,1.147971,-0.032045,0.90046,-0.0
roboto,G,1.738394,2.085678,0.516582,0.035815,-3.151758,0.852416,-0.116531,-0.627476,-0.897733,0.002468,-0.396396,0.334451,2.678832,-1.338881,-2.530449,-1.304095,-2.238335,-1.077697,-0.170737,1.75291,-0.508794,1.160006,-2.621898,1.186871,0.573683,-0.38045,-0.169233,0.228921,0.270606,-0.421015,-0.081475,0.345514,-0.233038,0.177522,-0.610171,-0.127189,-0.101277,0.026547,0.022464,0.072838,-0.0
roboto,H,3.649064,0.671183,-0.244347,0.220235,2.019374,2.89579,4.881108,2.465597,3.020433,0.642429,-0.175755,-1.881706,0.47481,-2.342501,0.743729,-0.820379,-0.998547,1.034369,-0.425554,3.488174,-1.491291,0.67427,-1.714919,0.680979,-0.117686,-0.106282,1.232864,0.465525,2.028297,-0.849109,-0.350833,-0.181134,-0.790827,-0.442336,-1.070306,-0.104038,0.520465,0.266013,0.77957,-0.271948,0.0
roboto,I,-4.209051,0.703732,0.384543,0.172856,0.135018,-0.035941,-4.6e-05,0.180543,-0.176319,-0.140736,0.173842,-0.080706,-0.255239,-0.393921,-0.168543,0.054756,-0.133135,0.102496,-0.07088,0.464742,-0.637778,0.623809,-0.256856,-0.393603,-0.254358,-0.059453,0.191694,0.011753,-0.048584,-0.023319,0.133986,0.146323,0.093704,-0.149622,0.070305,-0.023846,0.094322,-0.058075,-0.000716,0.012359,-0.0
roboto,J,-13.678016,-2.554152,-2.657621,2.140481,0.208532,-1.021219,-1.140185,-0.831862,0.712884,0.194596,0.758617,-0.882238,0.337175,0.226764,0.471008,-0.829595,0.276244,-0.920585,1.695954,-0.406496,-0.96054,1.466962,-4.595372,-0.90538,-0.179818,1.36999,-1.764817,0.842933,-1.417306,-0.217505,-1.209211,0.627444,0.930859,-0.656429,-0.14608,0.176333,0.121999,0.310095,0.071544,-0.161917,-0.0
roboto,K,7.782115,0.369486,1.959256,-4.161957,-2.256204,-0.869713,1.062841,-0.178,-2.01136,-2.245012,2.440981,-1.984265,2.274093,-0.409326,0.143047,-1.915141,2.027144,3.335017,1.263749,2.505141,0.521343,1.265092,-2.646986,1.514863,0.701132,0.825003,-0.403611,1.055243,0.248249,-1.016887,1.154625,0.399842,-1.39102,-0.493996,0.756711,0.471433,-0.611709,0.048682,-0.145231,1.13696,-0.0
roboto,L,5.146651,0.357368,2.562838,1.048329,-3.683559,-0.307837,5.913689,0.80971,4.001109,1.978828,0.717375,3.588476,1.647014,-0.010326,0.347418,-0.535975,-0.414411,-0.104314,1.534368,0.737934,0.848428,-0.238142,0.549342,-1.194598,-0.55558,1.192173,0.554843,-0.737062,0.938122,-0.356156,0.845645,-0.232656,-0.060187,-0.693598,-0.145403,-0.581416,-0.222896,-0.315348,-0.397987,-0.063496,0.0
roboto,M,1.529245,-0.231491,0.404844,-0.063606,-1.974761,-1.389274,-1.925077,0.193212,1.699665,-1.713755,-0.89114,-1.694139,0.975697,-2.29277,0.687584,2.112277,3.736123,-0.67472,-2.516534,-0.071346,0.203446,-0.084007,0.117433,0.292645,-0.192613,-1.216969,0.466776,0.521041,4.121894,1.970725,0.174884,0.129889,0.134718,-1.394699,0.15472,-0.095066,1.482768,-2.559825,-1.296318,0.769067,-0.0
roboto,N,0.13776,-2.451756,-3.449074,1.180434,2.030233,1.022601,1.021345,-1.544995,-2.705463,0.376455,1.210389,0.90624,2.622603,-1.069598,0.196586,-0.283608,-1.350124,1.538931,-1.438464,-2.060491,-0.176536,0.429195,1.972299,-0.916549,0.535739,-1.005271,-2.395044,0.100054,0.026025,2.401967,-0.549565,-0.565185,-1.014048,0.479357,0.533844,-0.49664,-0.528713,0.205951,0.484359,-0.118115,0.0
roboto,O,-0.686339,-0.138906,-1.019827,1.197905,-1.030318,-1.009468,-1.86475,0.043776,-0.275202,-1.778097,0.549739,0.602759,0.579384,0.112987,-0.777889,0.212998,0.089339,-0.96689,-1.572871,-1.048069,-0.609174,-0.603423,-0.16858,-0.494802,-0.477078,-0.463212,0.600715,-0.754105,0.607423,0.151413,0.05959,0.183586,-0.698728,0.551677,-0.269259,-0.123574,0.159358,-0.19632,-0.087519,-0.219661,0.0
roboto,P,-2.010968,5.458955,1.433402,-0.005534,-2.505882,0.532465,-1.424715,2.222949,-0.379177,0.049538,0.801591,-0.009766,-0.997721,-1.327885,1.398327,-2.125566,0.367124,1.387373,0.84593,1.592827,-1.861012,0.117202,1.595025,-0.631419,-1.77383,1.994638,-0.372566,0.026036,-0.083434,-1.574034,-1.444035,0.933385,-0.310493,1.515261,-0.921958,-1.540367,0.042963,0.203076,-0.441913,-0.281089,0.0
roboto,Q,-0.376746,0.086508,0.20396,-1.064603,0.127694,-0.739165,-0.292092,0.172705,-0.813146,0.68718,0.889218,1.171965,-1.296437,-1.717709,0.446869,0.194538,0.017926,0.336912,-0.313547,0.042909,-1.035751,2.310864,0.663783,-0.249047,-0.293924,-0.184434,-0.327566,1.204793,1.791287,0.812909,-0.390155,-2.001072,-0.543201,0.209878,0.302476,-0.94182,0.736461,0.445203,-0.123391,-0.229342,-0.0
roboto,R,8.061949,-2.223788,0.408444,1.920772,1.292874,-1.981779,-1.694275,3.271656,-2.438835,0.142656,-1.278576,-0.616625,1.467431,-4.093466,1.359493,-0.789746,-1.426003,-3.330281,-0.519528,0.039249,0.739281,-0.942843,1.323049,-0.194427,-0.066233,-0.823739,0.413187,2.026957,-0.461912,-0.671626,-0.245264,0.372359,-0.277085,-0.28698,-0.239531,0.275617,0.562515,0.026153,0.195265,0.324021,0.0
roboto,S,1.609251,1.295912,4.9e-05,-0.606521,-1.205035,-1.139702,-5.363367,1.852655,0.826062,-0.081054,-2.566867,0.74889,0.177423,-3.293914,-1.546575,0.869269,0.698554,-0.92939,-0.579413,1.277331,-0.753683,-0.940172,-1.442271,0.5307,-1.739304,-0.119105,-1.771322,-0.505059,0.024685,0.431951,-1.090182,0.899163,0.267645,0.313069,-0.125674,-1.274355,1.149284,-0.329861,0.958732,0.440384,-0.0
roboto,T,-0.759969,-4.847163,0.971962,2.208822,0.489641,-1.297372,-1.102566,-1.840769,-1.62722,-0.455282,0.265043,-0.758033,-0.108443,0.794217,0.443058,0.559883,-0.402183,1.082581,0.2369,0.772854,-0.84649,-1.137086,1.64669,-2.376218,-0.705178,-0.097555,-0.166477,-1.595146,0.440201,1.222573,-0.374328,-0.41362,1.84756,-0.355185,-0.527254,-1.119842,-0.017195,-1.192045,0.579003,0.961679,-0.0
roboto,U,1.593526,0.415502,0.688515,0.23093,-0.363433,-0.13359,2.191392,0.981114,-0.318274,-1.850028,1.883299,-1.053705,-0.281481,-1.1137,-1.682415,-0.322102,-1.331029,-0.428895,0.623788,-0.682142,-0.0912,-0.592993,-0.074025,-0.86948,0.329609,-0.081759,1.284042,0.592847,-0.964436,0.721961,0.444139,-1.170688,0.626004,0.300795,-0.248209,0.313543,0.272848,0.072318,-0.216945,-0.178701,-0.0
roboto,V,2.529775,1.025564,1.623353,0.801639,4.686703,-1.70391,-2.363399,-0.834592,-1.724933,-2.384753,0.001921,2.674239,-0.136308,0.880158,-1.055393,1.030279,0.81222,-0.149554,-0.246463,-0.4583,0.560874,1.496044,0.38041,-0.690725,-0.174573,-0.100082,-0.137093,-0.149237,0.090247,-1.481835,-1.220965,0.770885,1.408419,0.001048,-0.386141,0.083474,1.510015,0.332217,-0.324618,0.082129,-0.0
roboto,W,0.863782,0.031526,2.606953,-0.744421,0.970752,2.069414,2.071153,-2.884558,-2.457,-1.529615,0.712114,3.31473,-1.512805,1.929469,0.821673,0.539998,-0.750578,0.635045,-1.632515,-0.276988,-0.058846,-4.007402,1.267588,-0.750527,-0.021521,1.001401,1.093414,-0.889223,3.238237,0.024852,1.288018,0.178942,-1.057974,-0.747827,-0.429825,-2.199678,1.22984,0.131637,-0.901911,1.092569,0.0
roboto,X,-3.05313,-0.083121,0.623765,-0.083791,0.01067,0.193191,0.008123,0.08337,0.127285,0.196708,0.095507,0.118465,0.012091,-0.131588,-0.101692,-0.029748,-0.132958,-0.473521,-0.246508,0.784491,0.179072,-0.386009,-0.029556,0.410375,-0.468333,0.210826,-0.629385,0.856466,0.295772,0.072638,-0.261225,0.053646,0.246123,0.387771,0.164753,0.091403,-0.058176,-0.111397,-0.156603,0.004478,-0.0
roboto,Y,-1.979302,-3.045294,2.317495,0.994187,0.314243,-0.029482,-2.583167,1.042218,1.34817,-3.505066,-0.824647,0.537162,2.564853,0.602227,1.362729,-1.338634,-2.487484,-2.682933,1.269308,1.47889,1.058785,0.861036,-1.978023,-0.005761,1.214324,0.895541,-2.833398,0.373317,-0.447401,-1.094692,0.728011,-0.216307,-0.079836,0.004938,1.563938,2.46962,-0.111769,-1.152947,-1.194905,-0.168453,0.0
roboto,Z,2.795888,0.14449,-0.472677,-0.378675,-2.147966,0.169205,-1.140407,3.419738,1.596397,0.062696,0.823591,0.630864,-1.910752,0.526624,0.307394,-0.023354,1.46354,1.075881,0.309192,0.631478,-1.965941,0.968586,0.186984,-1.165973,1.12895,1.070422,-0.692935,-0.201799,0.929471,-0.256482,-0.049848,0.71858,2.544081,0.688123,-2.503604,-0.579066,0.167947,-0.122382,-0.527636,0.275073,0.0
roboto,a,-3.858115,0.537881,-0.469466,2.661381,-1.488838,0.742049,2.728743,-2.079543,-1.583045,1.688989,1.353864,0.814781,-0.379195,-2.15429,2.624289,-2.472938,0.335738,1.258771,1.473509,1.709995,-0.497318,1.230883,-0.342897,0.850978,-0.634881,-0.218649,-0.665604,-2.343826,1.439525,0.007833,-0.023177,2.261422,1.624396,0.81866,-0.228997,0.361226,1.842927,1.180213,0.734777,-0.357022,-0.0
roboto,b,2.513911,-5.999788,-4.558851,-2.09334,-1.491562,1.339882,-1.451585,-0.246415,-0.432674,-1.284319,1.105883,0.15834,-1.44299,0.88536,-0.217513,0.292453,-0.160797,1.997093,-0.002935,-0.751116,-1.310526,0.838522,-0.187405,-1.832359,-0.958379,-1.035951,-0.168953,-1.425248,-0.295125,0.833531,-0.725721,0.0932,-0.769634,0.333362,-0.850827,-0.069478,-0.684015,1.296252,0.74761,0.089808,0.0
roboto,c,-3.412505,1.174455,-0.205742,-0.964432,-0.428975,-0.037323,-0.015448,-0.026223,1.958698,-1.400148,1.134456,-0.246172,0.155441,2.234007,1.837325,-0.232725,0.102341,1.733436,0.630093,0.185011,0.753938,1.695855,-0.865677,1.307351,0.437185,-1.541187,-0.924489,-0.008659,1.055642,-0.494274,-0.343305,0.299604,-0.195282,-0.217385,0.147768,0.255785,0.108512,0.42421,-0.70508,0.232856,-0.0
roboto,d,-1.50662,-6.902698,2.538148,-1.524678,0.505629,0.865338,0.559737,-3.186794,-0.050187,-0.815617,-1.203286,0.798472,0.559328,1.251328,0.379004,0.72273,-0.286969,-1.508227,1.300155,-0.736739,0.328069,0.294904,-1.254543,1.363287,-1.538931,1.533759,-0.120906,0.14619,-0.301448,-1.331584,-0.078618,0.815762,-0.739009,-0.181052,-0.693299,-0.064444,0.159873,-0.178099,0.868346,-1.299521,0.0
roboto,e,1.640736,-1.128239,-0.543754,-0.453786,-0.460954,-1.379453,-1.257798,1.003467,-1.119412,-0.129326,1.839107,0.930082,0.16384,-3.215354,3.766391,-1.022838,-1.363071,-0.162401,-0.681961,-0.772315,-0.840814,2.025176,-0.596785,-0.984804,2.472004,0.037234,-0.780644,3.158667,-0.516257,0.382297,0.996895,0.251616,-0.165426,0.459832,-1.314807,-1.104567,-0.474347,0.11675,-2.083829,-1.285371,-0.0
roboto,f,-7.378544,-3.106265,-0.51312,-0.032497,0.081553,-1.825991,2.340303,1.811557,0.64491,-0.773789,-0.982205,0.502262,1.64591,1.908576,-0.055405,0.491064,-1.40025,0.424442,-1.242406,-0.583264,-0.092564,-1.414673,1.965473,0.412722,-1.003591,0.707515,3.612776,3.11861,-0.390972,-0.68382,-1.333731,1.394906,0.474398,-0.753415,-1.028299,0.051421,-0.180395,0.342043,-0.909647,-0.763189,0.0
roboto,g,5.192325,-3.673136,-0.277794,-0.145512,0.855776,0.119789,-0.605617,-0.965168,-1.808441,0.829807,1.156514,0.806078,-0.811354,-2.058784,1.650217,2.268599,-0.306132,-1.32578,1.784685,0.414826,-1.396605,2.111715,0.422949,-2.712756,-1.934566,-0.491102,0.951279,-1.629245,1.626594,0.147737,-0.795283,1.252481,0.504017,1.854061,1.320461,0.102147,0.920015,0.50102,-1.293752,-1.753221,-0.0
roboto,h,1.576016,-1.819562,-4.316584,0.741101,-5.227961,3.480183,3.155542,-0.846279,-0.997549,-1.389255,2.950717,1.064761,1.531388,-1.63455,-0.877495,-0.105864,0.783177,0.73759,-0.676797,0.081731,-0.14967,-0.650855,1.373983,0.036553,-1.081438,0.057436,-0.861276,-0.061452,0.756612,0.840954,-0.478481,-0.817842,0.748956,0.309471,0.042366,0.324551,-0.262061,0.940412,-0.476203,-0.060018,0.0
roboto,i,-3.473852,-0.205678,-2.096749,0.553452,-0.296182,-0.426411,0.546318,-0.194619,0.698976,-0.684571,1.07065,-0.500588,1.129009,-0.215189,-0.855105,-0.493807,0.218207,0.666196,-0.960928,-0.27024,0.409621,-0.791571,-0.444907,-0.90701,-0.148763,-0.394028,1.394327,-0.335384,-0.070683,-0.088181,-1.657648,1.448165,0.41187,-1.036916,0.036866,-0.229328,1.246735,1.191704,-0.300639,0.232495,-0.0
roboto,j,-3.595392,-1.091881,-0.189151,-0.290256,0.233718,0.234147,-1.155366,2.056524,0.604934,-0.591486,-1.141029,-0.138082,-2.781913,0.541725,-1.858072,-0.961474,-0.78031,0.008133,0.488452,-0.177534,0.164595,-0.360253,0.85277,0.265082,0.186843,-1.197442,-1.757799,1.11941,0.727968,1.483512,0.921322,0.942067,-0.423649,1.099975,0.642806,0.022561,-1.705193,-1.544724,-1.046389,-1.43299,0.0
roboto,k,7.66323,3.45717,-0.786718,-0.725488,0.951963,0.212504,-3.287997,0.366227,0.66636,0.376114,-0.984591,0.766971,-1.162444,-3.140608,0.262228,0.471437,2.265822,2.319011,-0.101574,0.151801,-0.323136,1.482413,0.582177,0.325488,1.624621,-2.459297,1.101699,-1.528211,-0.002068,-2.282911,1.97654,-0.293743,0.932279,1.243509,-0.813409,0.416165,0.400534,1.392142,1.019438,0.270686,-0.0
roboto,l,4.360812,-1.102047,0.99653,-0.913547,-0.581753,-0.449733,0.229518,0.475905,-0.097031,-0.085695,0.160862,0.374096,-0.163978,0.036915,0.149211,0.417123,0.259707,0.015584,0.055986,0.388184,0.145128,-0.295396,-0.252162,-0.028857,0.217243,-0.205005,0.818103,0.096885,-0.401504,0.0018,-0.5174,-0.156503,0.269162,-0.10251,-0.05318,-0.1443,0.05416,0.029814,-0.079973,-0.000296,0.0
roboto,m,4.830047,1.997971,-2.219079,0.211755,0.341487,-3.147564,0.570362,2.486808,0.971175,1.721022,1.749793,1.874643,-1.551604,-2.188355,-0.588732,1.551501,-1.30672,0.078349,2.801146,-1.561042,0.150898,1.487708,-1.115193,-1.315274,-1.627302,1.228806,1.58964,-0.528634,-0.383896,-0.981551,0.212213,-0.887926,-0.441142,-0.626958,0.762297,1.061354,0.106849,-0.342128,0.172802,0.369145,-0.0
roboto,n,5.326855,3.344384,4.15564,0.794334,1.232554,-0.679799,0.865517,-0.259306,1.034566,-0.826699,-2.7463,0.684167,1.835577,-0.64722,0.122569,-1.787479,-0.952382,-0.755593,0.591342,-2.029117,0.099329,-0.622617,0.928466,0.272939,-0.158337,-0.71809,-1.05075,-0.028431,-0.062605,0.296476,0.330138,-0.945697,-0.012002,-1.259607,0.65057,-0.487166,-0.154961,-0.34578,-0.032297,0.367772,-0.0
roboto,o,0.655499,-0.207697,1.048527,1.20219,0.771624,1.632762,-0.627565,1.662488,-0.130578,-0.688935,-0.748669,0.3844,-0.804824,-0.370518,-0.216739,1.664763,0.414288,-0.060358,2.02315,0.23001,1.824337,-0.07155,-1.460895,-1.046517,-0.465782,0.30887,-1.408789,-0.680979,0.753105,-0.096085,0.777883,-0.260978,-0.073749,0.079388,0.33687,0.740726,0.348382,0.464283,0.070824,0.158066,0.0
roboto,p,-1.975179,-7.091413,3.055454,-1.012936,-2.124569,-0.229128,-0.555457,-1.856952,-0.839829,1.362665,1.565735,0.379071,1.101305,0.67384,-1.310392,-0.583033,1.851114,0.875003,0.204652,1.764526,-2.224872,-0.288734,-0.07405,-0.289053,-0.328733,1.421379,0.543232,0.140008,1.282284,0.319303,0.639159,0.866977,-0.809369,0.975663,0.283145,0.172505,-0.086838,-0.158113,-0.018055,-0.009867,-0.0
roboto,q,-0.398748,4.240457,5.973337,2.47503,1.152832,-0.029669,0.846761,-0.083433,0.207345,1.186274,-0.096187,1.338007,0.937617,0.238478,-1.822075,0.276566,-0.285781,-1.440178,1.544839,-0.945962,-0.20912,1.732646,-0.265909,-0.277724,2.020114,0.39699,0.040029,-1.605474,-0.341224,-1.105625,0.602045,-0.544482,0.128177,0.09218,-0.807642,1.265555,1.126751,0.076153,-0.974806,-0.123458,-0.0
roboto,r,-8.414631,-1.221401,0.914649,1.953788,-0.122564,-0.084273,-1.643109,2.80378,-0.558655,-0.802041,-0.751216,0.191139,-1.278281,0.446287,2.404748,2.85676,-0.438752,-1.103251,0.424956,-2.887006,-2.448026,0.718293,-1.178996,-1.513829,-2.93906,0.105998,0.425814,-1.228042,-0.639397,0.304711,0.05877,1.005762,0.997351,-0.753869,1.081086,-0.260956,0.624324,0.154242,0.263678,-0.031758,-0.0
roboto,s,-1.488537,2.340514,-2.342971,-0.050813,4.431113,-0.408517,3.193345,-1.770135,-3.202216,-1.710753,1.035377,0.469495,2.187628,-0.0854,0.148987,-1.385406,-0.321999,-1.12572,0.37311,-0.10365,2.150434,-2.626615,-1.80493,-0.69409,-0.107561,-0.034112,-0.534575,0.097101,1.523008,-0.650387,0.642518,0.07316,0.3313,0.703961,0.644714,-0.385425,0.704456,-0.805404,-0.40312,1.69884,0.0
roboto,t,-8.187771,2.058188,-0.521296,3.057948,-3.037779,1.591989,0.209881,0.277316,0.424997,0.940193,1.46443,-0.082985,-1.902551,-0.031683,0.979944,-1.062309,0.392938,0.184869,2.284774,-0.29262,-0.252468,-1.395027,0.394182,-1.514603,-1.35262,2.557159,-2.154654,1.432048,0.382701,3.210806,0.448136,1.204215,-0.666746,0.523453,0.032225,-1.411921,-0.67696,-1.415604,-0.039391,0.80571,0.0
roboto,u,2.304519,3.836348,1.234477,-4.854041,-1.408007,0.35427,-0.049483,-2.083922,1.157302,-0.977318,0.916006,1.2035,0.317233,0.508102,-1.651284,-0.502562,-1.126373,-0.237768,0.484942,0.325796,-0.966894,0.801527,-0.041603,-0.084217,-0.612381,-1.081699,0.212032,1.219453,-0.604403,-0.23247,-1.057494,-0.395675,0.232433,-0.515635,-1.550478,0.350638,0.181005,-0.277277,-0.314875,0.154074,-0.0
roboto,v,2.943815,-0.872688,-0.470615,-2.448889,4.209014,-1.249555,2.76544,1.436807,-0.644898,-5.334292,1.315287,2.382234,-0.289379,0.226995,-0.626996,1.900527,0.199068,0.405439,0.05972,0.128081,1.035711,1.274524,0.668375,-2.013865,-0.785718,0.15809,-1.273247,0.961806,-1.102336,-0.314809,0.274253,0.332683,-0.443735,-0.336091,-0.177262,0.44362,0.570013,-0.005982,0.007443,0.449767,-0.0
roboto,w,-2.134914,-0.34068,0.930894,-0.418677,0.539952,-0.536747,-2.858499,-2.003084,-5.363361,-0.557574,-2.282258,-1.418634,0.900562,-0.478283,0.24745,-3.9817,0.334353,3.370278,1.941807,0.5596,-1.347209,0.726753,0.036178,0.316948,0.672742,1.386998,1.717406,-1.579009,0.457155,0.62921,0.587173,-1.225415,0.69643,-0.07221,2.184029,0.810928,-0.001397,1.048877,0.979378,1.013251,0.0
roboto,x,-2.655503,-1.037407,0.165596,-0.489665,0.035397,0.830386,-0.359482,-0.225958,0.21528,0.055853,0.18609,0.475224,-0.024116,0.069799,-0.1101,0.053154,-0.332529,0.086359,-0.211288,-0.149715,0.098592,0.186315,-0.299961,0.971217,0.466828,0.973763,-0.501332,0.038652,-0.126066,0.119735,0.03459,0.048181,0.160879,0.112834,-0.198826,0.380712,-0.239045,-0.079204,-0.061987,-0.041244,0.0
roboto,y,4.344471,2.64999,-2.516086,-0.087856,0.859477,1.373416,-1.03777,-0.998572,3.712094,-1.360551,-0.77097,-0.039562,-0.094506,-3.128189,2.705046,3.43743,-2.681223,-0.970079,-3.399481,1.04033,0.315572,-0.474281,0.401047,0.621832,-0.807586,1.793942,-1.896936,1.684129,-0.548945,0.925552,-1.103623,-0.343456,0.91449,-0.141397,0.660902,-0.859565,-0.978181,1.103439,-0.335043,0.184581,0.0
roboto,z,3.981846,2.577193,2.593068,1.763026,0.944602,1.331499,-0.166046,2.199178,1.795035,-0.006758,1.916149,0.767183,1.595929,-1.588267,0.205851,0.382783,0.394791,0.836817,-1.259132,-0.506628,-0.248417,1.620107,-1.412098,0.673771,-0.372688,0.784075,-0.671482,-0.140105,-0.077141,-0.726005,-1.492248,0.815169,-0.507417,0.998385,0.449383,-0.628946,-1.468989,1.908614,-0.427712,-1.228169,-0.0
rubik,0,-0.403897,-0.346636,-0.192476,0.758334,-0.186882,0.896662,0.36684,0.255135,-2.737163,-1.896021,0.061965,0.580267,-1.205174,-0.133375,-0.399307,1.400577,-1.547195,1.974009,0.334612,-1.015774,0.536437,-1.52374,-0.007504,0.37429,-0.543382,0.173988,0.348813,-0.805405,0.375431,-0.504863,0.586397,-0.129938,-0.251739,0.380647,-0.733506,-0.203267,0.329857,-0.063652,-0.025411,0.02465,-0.0
rubik,1,-10.972441,7.357723,-6.900831,-2.354343,-1.429177,-1.431448,1.182091,1.148786,-0.51832,-1.623969,-1.627479,1.05259,0.017822,0.132236,-1.328338,-0.119234,-1.331635,-1.621811,-0.522357,-0.348609,-0.812151,0.04327,0.157099,0.220834,0.099646,-0.500001,-0.686103,-1.566557,1.065301,0.129135,-1.151424,-1.662166,-0.129911,-1.334415,1.961692,0.134421,-0.064879,0.309722,-0.325452,-0.041932,-0.0
rubik,2,-2.569808,-1.720662,-3.261412,0.113424,2.654534,2.732103,0.462729,0.642349,-2.762282,-0.663094,1.868125,0.055282,3.075387,0.669531,1.043474,1.555073,-0.012955,-0.56095,-0.916238,0.842176,-0.494854,-0.165828,-0.16196,2.610889,0.184735,0.43652,-0.419573,-0.565511,-1.865982,-1.967725,-0.945008,-0.966236,-1.026969,-1.49383,1.224504,-0.145635,-0.820635,-0.338517,-0.034108,-1.342496,-0.0
rubik,3,-4.163411,-1.279424,2.262399,3.716776,-3.891563,2.38497,-0.041039,2.63667,-2.939724,3.00379,2.184314,0.003068,2.57447,-0.732913,1.613053,1.10172,1.204257,1.662075,0.075663,-0.337869,0.043386,0.196761,2.219868,0.132801,-1.165971,-1.297929,-0.012139,-0.084762,1.89002,-0.937996,0.397196,-0.107399,0.492332,-1.091064,0.641164,-0.043568,-0.90533,-0.071654,-0.667915,0.558436,0.0
rubik,4,-0.693342,3.034497,-0.345604,-1.308021,0.428256,0.16493,1.040975,1.285931,2.570702,0.289436,1.411317,-1.494698,-0.214167,-1.34492,-1.777195,2.393871,-0.736934,1.273361,-3.583469,-0.371976,1.111076,-3.103494,1.151368,0.087236,-1.961688,-2.550438,0.353779,1.860678,0.546855,-1.482322,-0.990061,0.037098,1.388059,-0.178944,1.193259,0.787513,1.066082,-0.119292,0.532426,0.356556,0.0
rubik,5,-4.800132,2.011173,-1.804766,1.518582,-3.053918,-0.547752,1.638508,1.279643,1.09018,0.851073,1.339498,-0.170084,0.272137,-0.632018,-1.102066,0.086804,1.368436,1.035999,0.156885,1.709744,0.659996,-2.151996,-0.084862,2.510523,-1.999168,1.071399,0.60257,-0.612331,1.65945,1.397317,0.485173,-0.28263,-1.463411,0.539814,-0.33909,-0.297104,1.022116,0.938128,-0.83145,-1.581002,-0.0
rubik,6,3.493963,2.583548,2.673669,1.525212,4.1983,1.897274,-2.452294,-0.483245,-1.009822,-1.034043,-0.512911,-0.773624,1.099937,0.28033,0.798786,0.183516,0.508023,-1.798204,0.522625,-0.110984,-0.713877,0.547952,0.984314,-0.363458,1.235678,1.011561,-0.666767,-1.646248,-1.252987,-1.043457,2.10961,0.900672,1.84768,-0.576578,-0.532989,-1.678368,-0.444001,-0.515051,-0.404419,0.631375,-0.0
rubik,7,-1.705769,1.073913,1.103368,1.653133,-2.233135,-2.106603,-4.250081,1.853852,-1.62454,1.781467,1.095038,0.059862,2.770634,0.847353,0.172896,-0.821516,0.63315,0.308311,0.12284,0.506278,-0.302441,-0.718126,-1.42476,-1.548595,2.886693,0.645364,1.887585,-0.692776,0.494169,1.035332,-1.115444,0.802207,-0.105457,0.625239,0.430267,-0.31126,-0.181214,-0.061247,-0.286409,-0.205904,-0.0
rubik,8,0.91565,3.607572,1.97808,0.751111,-2.360639,-0.467977,0.927073,-1.463481,1.487408,-0.715464,1.750194,2.074557,0.464233,2.69108,3.131581,-0.053772,0.733501,0.829939,0.393139,0.889549,1.867148,2.282741,0.084003,-0.578421,-0.747459,-0.098331,0.701687,-0.383675,0.520042,1.824205,0.918473,-1.648228,-0.795444,-1.518951,-0.979202,-1.017717,0.139563,-1.485704,0.744211,-0.802499,-0.0
rubik,9,-2.058004,1.864356,-2.829661,-2.679041,-0.982049,-1.958892,0.868202,-0.194805,0.109278,1.138972,-2.72902,-2.206518,0.610034,1.75224,0.775366,-1.857135,-0.19493,-1.370192,-0.434419,1.981529,-0.630231,-1.906097,0.060317,-0.911043,0.106812,-1.441375,0.642502,1.362276,-0.353403,1.203337,-0.84821,0.117967,-0.555168,1.324723,-0.275973,-1.551931,0.327693,-1.763362,-0.383136,1.117536,-0.0
rubik,A,0.144923,-3.125032,-1.951475,2.154858,-0.962214,1.966653,-0.906412,-0.238483,-1.554423,1.641613,1.850882,2.633927,-1.942804,1.623248,-0.713019,-1.802371,0.399881,-1.34091,-1.018664,-1.4523,3.993689,-2.10877,0.396608,-0.688484,1.38864,1.983133,0.308668,-1.123126,0.446312,-0.209067,-0.363468,1.746171,-0.303664,1.672094,0.185885,1.414231,1.294348,-0.841519,0.81515,0.052481,0.0
rubik,B,-2.032855,-0.909239,1.93389,0.309439,-1.73752,-3.603217,-0.953516,0.951794,3.898074,1.055112,0.229478,1.821924,2.126888,0.729752,0.15841,0.763284,2.007959,-0.165294,-1.744184,1.352356,-3.081193,0.577136,2.146229,1.425441,0.388252,0.286493,0.457465,1.151355,-0.617748,-0.265705,-0.014415,0.577929,0.173812,-0.161282,0.9931,0.582963,0.276117,1.601936,-0.899492,-0.615027,-0.0
rubik,C,-3.121999,0.444431,0.668832,0.085245,-0.891185,-0.238246,0.598424,-2.808252,-0.083992,0.132093,0.508923,-1.890669,-0.614159,1.89734,-0.598893,-1.493798,0.931939,-0.10838,-0.481688,-1.293935,0.583224,-0.458214,-0.472549,0.268832,-0.506691,-0.037334,0.311593,-0.231276,-0.273666,-0.014659,-0.389352,-0.598954,-0.255535,0.43022,-0.571725,-0.23336,0.023851,0.073599,0.039716,0.147898,-0.0
rubik,D,0.56803,-1.078337,-0.099728,-1.566716,-1.324616,1.51693,2.088776,2.304258,-0.063203,-0.779464,-0.025861,0.181364,0.426233,-1.569853,1.756521,1.087475,-0.172696,-0.998711,-0.455457,-0.672532,-0.405018,-1.498767,0.075242,-1.29567,0.188571,-0.528535,-0.103283,-0.050042,0.13998,-0.029089,-0.455998,0.168343,0.038779,0.350579,0.07729,-0.504169,-0.013073,0.703073,0.211901,-0.268967,0.0
rubik,E,2.14883,-0.257871,1.423034,-0.260407,2.355349,1.351332,-1.106109,-1.152986,0.158556,3.16619,1.208792,-0.698755,0.930394,0.057229,0.792748,2.809738,2.387176,1.476583,0.812562,-2.20031,0.398915,0.868689,0.586642,1.372198,1.741576,-1.543257,0.467156,1.452938,1.151527,-0.335785,-1.184863,-1.37604,-0.205041,-0.471512,-2.547122,1.058152,0.40963,-0.18781,0.117035,0.793576,0.0
rubik,F,-1.296993,-3.10972,-1.823379,1.473744,-1.519874,0.809255,1.227533,-1.339796,-3.740922,2.831824,-2.906523,-0.946347,2.106037,-3.416015,-0.606917,-2.418924,-0.146838,1.48471,-0.057097,-1.158827,-0.208839,0.069992,0.502952,1.05688,1.149788,1.194013,-1.186218,-1.027929,2.756849,-0.675289,-0.396293,0.672741,-1.287481,-0.704136,0.919129,-0.623748,-0.802276,-0.435729,0.05284,0.5091,-0.0
rubik,G,2.334143,2.005959,-2.418283,-2.816404,-1.169318,-1.032182,0.739698,-0.43107,0.528472,0.197094,2.512986,-1.670298,3.718091,-1.172419,-1.317745,2.229985,1.053329,1.280116,0.951104,-1.669445,1.11823,-0.231763,0.821545,-0.457813,0.581518,0.535067,-0.182345,-0.451047,-0.432251,0.214464,-0.090421,-0.020476,-0.25634,-0.347506,0.463848,0.098027,-0.099903,-0.156951,-0.047848,0.041352,-0.0
rubik,H,2.789485,1.375445,0.099154,1.751151,-0.356615,4.227754,1.858591,-1.792596,1.784784,-2.393106,-1.137047,-2.411857,-1.797378,-0.62993,-4.342572,2.158962,1.876146,0.155123,0.970644,-0.427433,-0.52743,-1.220938,0.037758,-0.306975,1.56414,0.091692,-1.946778,-0.556004,-1.446559,-0.196185,0.299967,-0.682852,0.310853,0.400952,1.856564,-0.464695,-0.054549,0.124853,-0.350206,0.448455,0.0
rubik,I,-6.23136,0.867902,-0.462549,0.027722,0.207468,0.35331,-0.275883,-0.346402,0.34071,0.116147,-0.147261,0.005982,0.851987,0.593329,0.029472,0.01698,0.125864,-0.462582,-0.070049,-1.367181,1.425275,0.176481,-0.85381,-0.208348,1.107585,0.565894,0.325702,0.127333,-0.131274,0.067558,-0.013,0.057184,-0.017671,-0.00159,-0.009854,0.006493,-0.005348,0.014355,-0.00654,-0.007947,-0.0
rubik,J,-4.040243,3.748716,2.352295,-7.39236,-1.237636,-0.774096,-0.704822,-0.179396,-0.797865,-0.101793,-0.050021,-0.511611,-1.177589,-0.391673,-0.103048,-0.020084,-1.210369,-0.009418,-0.499749,0.339883,0.217807,-0.658147,0.157606,-0.05912,0.777171,1.228006,-0.888536,-0.116404,-1.929574,-0.933248,-0.234579,0.122452,-2.249596,1.072326,1.994404,0.291942,1.028662,1.252933,1.052614,-0.298042,-0.0
rubik,K,-2.034057,3.737782,3.545991,4.440946,5.013579,2.379843,-2.123441,4.999149,1.449524,-0.761926,2.361659,-4.681978,1.64785,-0.109196,0.975648,0.859023,-1.362016,-0.665973,1.715406,1.521006,0.873773,0.752424,0.08377,0.367738,0.090314,0.048927,0.058721,-1.070643,1.005609,-1.177356,-0.260154,0.866378,0.694063,-0.334627,-1.169109,0.307298,0.495111,0.264917,0.274376,-0.134249,-0.0
rubik,L,0.500715,-3.365984,-0.965641,2.28952,0.026206,0.938609,-1.294997,2.468293,0.748403,3.773269,1.517349,-1.45238,-1.659487,-0.530894,0.52808,-2.037597,3.419854,-1.878439,0.125168,0.660175,-0.071003,0.674243,-0.357262,-0.267429,-1.962249,0.159826,-0.302377,-2.340661,-0.846663,-0.304556,-0.177423,-0.040433,0.003671,2.34981,-0.808245,0.39065,0.396444,-0.107856,0.208107,0.201329,0.0
rubik,M,-1.26762,-2.974121,1.206885,1.55546,-1.724384,2.265898,5.9787,-2.096032,-2.440233,2.563755,4.026881,-0.232972,-0.677168,-0.65258,2.809425,-1.590874,3.364844,1.194494,-1.795334,0.482038,-0.459648,0.550249,0.094837,-0.826535,-1.007526,-0.020976,1.14684,-1.147115,-0.091818,0.451658,-0.459014,0.398557,0.039285,0.284301,-0.886203,-0.585521,-0.93155,-0.665606,-0.156121,-0.934364,-0.0
rubik,N,1.313352,-1.959599,-2.135018,3.46906,-1.211338,-0.117409,1.245302,0.71928,-1.76839,-1.999058,0.648463,1.185706,-1.933808,-0.788458,-1.731225,-3.151097,-0.035404,-0.212851,-0.494354,0.068584,1.211587,0.22493,-1.489978,-0.199248,0.994672,0.471771,2.423568,-0.027648,1.111695,1.095715,-0.473044,1.593066,-0.032738,1.832432,-0.665845,0.87729,-0.673063,-0.041527,-0.140785,0.284797,0.0
rubik,O,-0.983162,-0.281034,0.321345,-2.771422,0.454288,0.85636,-1.807262,0.827147,-1.21776,-1.716002,-1.262842,-1.716989,0.579811,-0.942666,1.282201,-0.438878,-0.790647,0.099177,-0.0533,0.275201,0.693249,-0.421067,-0.338775,-0.493215,-0.377962,0.003654,-0.08036,-0.342662,-0.455648,-0.134458,-0.050188,-0.18568,0.063108,-0.129497,0.154835,-0.011722,-0.010612,0.103205,0.008388,0.007049,0.0
rubik,P,-4.141035,-0.410594,-1.76709,-0.776782,-0.249941,-0.705215,0.905227,0.752499,-0.506648,0.513229,1.192662,-1.542858,-0.005788,-0.426993,3.616059,-0.871557,-2.871472,0.544626,-1.749109,-2.215489,0.833687,0.665923,-1.868974,-1.295005,-0.683153,-0.704864,0.290645,1.679197,-0.189355,2.080377,-1.628724,0.365093,-0.654055,-0.663456,-1.107203,-0.33395,0.22932,-0.899418,-0.644328,0.471822,0.0
rubik,Q,-2.593676,1.335682,-0.82032,0.079405,-0.799381,-0.361469,-1.600968,0.804693,-0.32318,-0.497656,-0.945881,1.120277,-0.972669,-0.457467,-0.656523,-1.600654,2.20551,-0.087113,-1.674539,-1.355699,-0.102919,-0.714252,-0.693716,-0.865389,-0.523752,0.084893,-0.537023,-0.260047,0.926328,1.160102,-0.437033,0.803311,-0.283764,-0.738286,-0.633839,1.143618,-0.07422,0.690914,0.881978,0.648415,-0.0
rubik,R,2.288719,-2.703827,-2.376025,-0.441847,-1.071533,1.044015,2.613265,0.264434,0.324169,0.417654,-0.060338,0.536942,-2.011714,-0.713937,-0.046269,1.628428,-1.036633,0.056253,-0.922704,0.614265,-1.887977,0.130194,-2.572825,-0.667723,-0.896908,-1.050364,1.130704,0.327362,-1.14947,-0.441549,0.235902,2.508381,-0.205302,1.023494,-3.022615,-0.748091,-1.269295,0.597855,-0.550999,0.593892,0.0
rubik,S,1.870086,2.828337,-0.413903,-2.489063,-0.974317,-1.241372,-2.27151,-1.309657,1.059391,1.640507,-0.481605,-4.2345,2.289414,1.310014,-1.737673,-0.750679,0.242647,0.556985,3.390926,0.092392,0.663795,-1.127589,0.809883,0.486041,2.080075,-0.162166,-0.218787,0.295577,-0.254111,-0.052906,0.744725,-1.907937,-0.333274,0.11268,0.218671,-0.279814,-0.311724,0.79247,-0.037538,0.972449,-0.0
rubik,T,-3.032556,0.92353,-1.121968,-2.258933,1.234228,0.785581,-0.710166,-0.100837,0.966406,1.074795,-0.486087,-1.633177,0.833587,0.290589,0.377165,0.844547,-0.30645,0.145118,0.57178,2.499947,1.171761,0.172288,0.000304,-0.740046,1.135628,-1.021634,0.3674,-2.606637,-0.163041,-0.518332,-0.539819,0.245271,-0.382275,-0.152117,-1.085508,-1.132462,-0.751159,2.181656,-0.788727,-0.352622,-0.0
rubik,U,0.719809,-1.022097,-2.007546,-1.778128,-0.595874,-0.415371,-0.816461,-0.964119,1.136154,0.43618,-0.723954,0.984192,-2.455711,-1.159084,-0.596474,0.016887,0.20646,-1.42149,2.007337,-0.961026,0.475098,-0.942007,-0.38608,0.571336,0.922792,0.857532,-0.313907,-0.655988,0.023009,-0.162854,0.200023,0.360185,0.846648,-0.417292,0.264719,0.527938,-0.210129,-0.254228,-0.245255,0.155849,-0.0
rubik,V,1.868754,-0.540166,-2.783547,-0.700771,0.318293,-0.162325,0.419822,4.394525,0.729992,0.221896,0.215121,-0.970354,-2.240733,-0.480715,-1.018354,2.98922,1.148121,0.250427,1.406133,-0.95671,1.131124,-1.294181,-2.389704,0.595313,0.894292,0.266721,0.315208,-1.105561,0.19884,-0.025005,-0.253281,0.402646,1.497093,-0.305092,0.521034,-0.002249,0.127981,-0.292056,0.41441,-0.183086,-0.0
rubik,W,-5.658809,4.962932,-0.976275,-3.881146,-1.096813,0.233248,-2.844792,0.163053,1.744171,-1.073384,1.773421,2.519536,1.732234,-2.272284,-2.714134,1.567086,1.401247,2.810477,-0.929454,-0.76794,-0.235924,-1.963068,-1.542622,0.448758,0.104758,2.114013,-1.594461,0.77614,-1.320318,0.609802,0.799923,-0.742447,0.959248,-0.760064,0.102955,0.547593,1.142461,-1.485798,-0.706844,0.168892,0.0
rubik,X,-3.160254,0.076699,-0.118415,0.1783,0.130212,0.006093,0.342624,-0.006503,-0.239998,-0.236245,-0.459443,-0.274291,0.097141,0.314045,0.284468,0.080824,0.09435,0.630168,0.390352,-0.35191,0.048754,-1.963773,0.471355,-0.369348,0.35434,-0.006574,0.474801,-0.057652,0.892924,-0.598466,-0.252568,-0.030402,-0.269426,0.091885,0.00521,-0.136554,0.121475,-0.105877,0.032688,-0.054489,-0.0
rubik,Y,-1.424247,-4.428993,2.487008,-1.736377,1.072987,0.914131,-4.27355,0.626321,-0.671424,-0.833137,-0.98653,-1.25416,-1.161055,-0.117754,-0.751651,0.557374,0.170569,-1.336915,0.743208,-0.850742,2.009823,-1.834562,1.370177,2.145027,-1.296166,1.280757,1.751284,-1.343503,0.157127,-0.142778,-1.713645,2.55198,0.812865,0.791558,2.082626,-0.972759,0.39524,-0.536954,1.897402,-0.416953,0.0
rubik,Z,0.529136,-2.040969,-1.797446,2.925808,1.796981,1.284318,-0.308102,-0.650718,0.738226,2.437966,0.322157,2.146402,0.74848,0.872838,-0.100929,-1.044484,-2.012034,-0.564463,0.574561,1.176553,0.27236,-0.099108,-2.071755,1.295558,0.930047,-0.616179,0.216756,1.229294,1.815245,-0.149441,0.173467,-0.032171,-0.113888,1.822628,-0.552141,-1.225187,0.321384,-0.677981,0.914283,-1.237517,0.0
rubik,a,4.461375,1.443818,0.416963,-0.912443,2.234992,-1.80704,0.154102,0.15608,-3.352184,-1.067494,2.446234,1.751818,-0.823681,-0.830473,-0.279981,1.304246,1.092578,-2.194965,1.872126,1.375198,0.87061,-3.507072,-1.220134,-1.926678,-0.815698,-0.241479,-1.355901,-0.47296,-0.139299,-0.601417,0.461374,-0.625404,0.306521,1.869171,0.782025,-1.861931,0.911445,-0.141213,-1.033716,-0.544931,-0.0
rubik,b,2.267623,1.71956,0.49205,1.583092,2.027441,-0.872508,-0.533499,1.236995,1.628083,0.138974,1.87282,-1.63299,-0.344153,0.186562,1.51001,-0.354813,-1.955698,0.232764,1.518284,1.702312,0.325492,0.684312,-1.067754,-1.616875,0.767571,-0.929801,0.865752,0.113825,-0.627517,2.04062,0.212694,0.376964,-1.662197,0.224065,0.843264,0.139005,-1.129718,-1.886068,0.834298,0.179245,0.0
rubik,c,-2.098881,3.161481,-0.402008,-0.135583,0.864408,0.7525,-2.20119,-1.681023,-0.58365,-0.116495,0.054452,1.376139,1.053222,0.675706,0.928,-1.058363,-0.980812,-0.047565,-2.290635,0.383742,-1.894115,-0.338855,0.152494,-1.018887,1.080463,0.434536,-1.067087,-0.198218,0.146252,0.593265,0.078512,-1.310454,0.580795,0.191994,-0.190154,0.699189,-0.035881,0.077239,-0.335148,0.345793,-0.0
rubik,d,2.657733,1.816176,0.69491,1.033372,0.822155,-0.567252,-1.941872,-0.459916,-0.459158,1.933493,-1.970108,0.581397,-0.858501,-0.554868,-0.477395,2.519407,-3.227684,0.408676,-1.06865,1.255488,0.272817,1.015047,-0.491078,-0.396201,1.359221,1.466066,1.292571,0.631805,-0.928165,-1.291088,-0.665812,0.084098,0.516217,-2.144472,0.227702,0.658644,-0.535298,0.904925,-0.010687,-0.22456,0.0
rubik,e,1.970674,-1.686852,0.234305,2.411813,-0.455849,4.065653,-3.485794,0.094267,-1.135741,0.079366,-0.223723,2.343712,-1.477211,-0.453054,0.538257,-3.459851,-1.751982,1.554595,-0.805659,0.343531,1.318307,-1.607818,1.092099,1.819047,-0.677139,-1.584486,2.019656,-0.060542,0.965749,-0.998688,-0.340413,-1.200503,1.188341,0.273871,-1.465788,1.002074,-0.49094,-0.924454,0.150656,-0.055585,-0.0
rubik,f,-5.689609,0.873227,0.215505,0.74826,2.060023,1.028694,0.201093,-1.460583,-0.997051,-0.180197,0.603329,-0.016974,-1.09656,-0.483392,-0.724391,-0.686624,0.50612,-1.109213,0.963294,-0.925842,-0.144469,1.140169,0.089817,2.047586,0.05006,0.605415,-0.150925,-0.096261,0.723287,1.214026,0.304599,-1.438407,-0.897695,-2.708288,-0.928718,0.041447,-1.573374,2.635781,0.679039,-0.554909,0.0
rubik,g,3.548394,0.552283,-0.913456,0.145007,0.894802,-0.636916,0.485902,-0.634989,0.439645,-0.581027,0.361708,-0.419809,-0.318049,2.106072,0.146605,-0.85474,-1.125018,-0.762751,-0.324401,-0.843382,1.564299,0.2736,0.387258,0.75025,0.690421,-1.721677,3.614286,-0.440023,2.652019,-1.609838,3.676854,0.772519,-0.444819,-0.924932,0.172632,-1.340334,-1.655825,-0.14862,-1.19153,0.115556,-0.0
rubik,h,2.196124,2.60408,-0.097097,-2.193612,1.919842,-1.087678,-3.064998,0.513129,0.508169,-1.299993,0.031058,-0.984698,1.36486,1.019658,-2.632228,-1.818703,-0.975145,0.343744,-0.610148,-0.98262,-1.106982,-1.837685,0.55254,-0.700306,-2.079228,0.272137,0.298181,-0.152025,1.084621,-0.055401,-0.573855,-1.030364,-0.720229,1.323492,0.794779,0.491736,0.552572,2.004263,0.399869,1.493833,0.0
rubik,i,-3.420381,0.564986,-2.059325,-0.077911,0.215996,-1.028772,-0.804426,0.377132,0.552952,-0.85908,-0.01518,0.448586,1.571755,0.138083,-0.992916,0.162662,0.307005,0.419766,-1.184034,-1.053543,1.453734,1.021631,-0.594153,1.378717,-0.214071,-1.400861,-0.073288,0.310757,-1.085433,1.301164,1.359428,-0.654418,1.097877,-1.381995,0.400333,-0.155909,-0.517467,0.060694,0.345122,-0.362427,-0.0
rubik,j,-2.776924,-0.679739,-1.69785,-1.316422,1.637914,-0.808794,-1.372518,-0.277249,1.212828,-1.758049,0.869993,2.05727,0.123507,0.510399,-0.166616,0.286605,-0.338932,-1.693496,-0.273601,2.241423,0.501177,-0.447989,-0.607396,-2.722424,1.046312,-1.593971,-0.06309,1.72973,1.039523,-1.341403,0.510952,-0.396017,1.545173,0.025751,-1.686583,0.009097,1.188405,0.048538,-1.110227,0.171028,0.0
rubik,k,-2.412736,-2.621587,0.736408,-3.711395,6.600573,1.126229,-0.821565,-2.966753,1.403754,-2.030271,-2.573432,-2.597847,-0.218397,-0.015273,-0.826848,2.999805,-2.268477,0.855523,-2.087611,-1.385877,-2.819243,-0.379499,-1.979873,-0.65058,-0.339349,-0.343701,-0.324547,0.055094,-0.973355,-0.33919,-0.201979,-0.001327,1.090376,-0.222616,0.417852,-0.24339,0.252607,-0.272274,-0.008263,-0.035289,-0.0
rubik,l,4.924544,-1.990868,1.879089,-0.172088,0.426181,0.022467,-0.730991,-1.060942,0.257547,0.090997,-0.46838,-0.48271,0.147221,-0.227375,-0.398244,-0.787599,-0.691311,-0.076895,0.170461,-0.964199,-0.639122,0.349085,0.82838,0.198094,-0.788406,0.529474,-1.873149,-1.093017,0.537931,-0.759845,-0.274216,-0.058844,0.096273,0.037386,-0.033229,0.005809,0.009119,0.001356,-0.003279,4e-06,0.0
rubik,m,0.627067,-0.827523,1.712613,-2.090843,-0.725319,-0.887828,0.40502,-1.201141,1.006383,0.564097,-0.543161,-4.214168,-2.554064,-1.007757,-1.921441,-0.19763,0.527326,0.922846,-1.33729,-1.138467,-1.089072,-0.966901,1.251426,-1.786454,0.312223,1.006375,0.73592,1.631155,2.485296,-0.306913,-0.246069,-0.161598,-0.18623,-1.141132,1.540878,-0.140536,-0.05016,-0.66163,-1.345597,-0.151629,-0.0
rubik,n,2.416725,-0.946628,-0.70791,0.887833,-2.363837,-0.612873,1.853076,0.457122,0.935543,2.268615,1.080721,1.341141,0.921737,0.654794,-0.754309,-0.881605,2.203,-0.068275,0.809856,-1.193441,0.244155,0.431535,-1.441686,1.063885,-0.339132,-0.251741,-1.052833,-0.996531,1.713312,-0.130713,-0.389925,0.954797,-0.159618,0.913341,1.214675,-0.438033,-0.514916,0.39287,1.168027,0.205103,-0.0
rubik,o,-0.599095,1.267871,-1.422116,-0.367033,-2.788231,-1.778699,-0.247006,-2.180826,-0.381543,-0.551398,-0.074723,0.862933,-1.896211,0.59304,0.638425,0.411702,0.79074,-0.816587,0.81882,0.302304,0.418801,-0.36559,0.288057,-0.714815,-0.56532,-0.988295,0.325493,-1.741465,0.289019,0.128441,-0.869799,-0.005405,0.523831,-0.881087,-0.411733,0.256022,0.073243,-0.08456,0.370955,-0.052407,0.0
rubik,p,-2.073502,2.894176,-1.309545,-1.353492,0.730051,-0.900084,-0.452332,-0.077474,-1.623169,-0.308303,0.735682,-0.522828,2.444295,-0.089548,-2.416519,-1.062545,0.619925,1.103497,1.959728,0.528185,-0.086335,-0.629371,-1.452877,2.501972,1.153575,0.475952,-0.132638,0.383052,-0.204527,0.099051,-1.243262,0.779037,0.412787,-2.075449,0.789323,0.95271,-0.235683,0.813909,-1.3348,-0.03945,-0.0
rubik,q,-1.933927,0.558145,-1.664277,0.29007,2.615991,0.89388,1.071592,0.392271,-0.746817,-2.467066,-0.185234,0.167333,-0.530918,1.366625,-0.643435,1.758122,-0.643535,0.649767,0.407598,1.928149,2.291958,0.011982,1.04443,-0.707632,-0.533103,2.057366,0.247903,-0.635491,-0.753349,1.621475,2.008933,-0.160449,0.664465,2.062055,-0.217904,0.419123,0.126495,-1.170865,0.044942,0.613146,-0.0
rubik,r,-3.072509,3.724193,-1.224556,-0.36522,-1.015557,-0.707384,1.787046,-1.148672,-0.251297,-0.105945,0.514365,-0.531913,1.11058,0.328714,0.002922,0.321303,0.703068,0.438633,-0.243682,0.417767,0.15389,-1.000607,-0.009597,0.030631,0.694498,-0.88118,-1.245646,-0.571179,0.868705,-1.677625,0.454741,-1.444338,2.614161,-0.522198,0.259698,-2.616397,0.2271,2.100256,0.190234,-0.837552,-0.0
rubik,s,-0.060147,2.069299,-0.701175,-1.168912,2.614961,-0.849419,-1.109378,0.8585,1.186292,2.38167,0.461728,-0.338096,-1.013641,1.905837,4.417889,-1.601542,-1.893634,-0.816527,1.345134,1.369888,0.617846,2.782338,0.865317,0.091619,-1.298848,0.067774,-0.38438,-0.235337,0.19715,-2.579413,-0.950967,-1.403782,0.377463,-0.855123,-0.795953,-0.506917,0.183362,0.264481,0.664141,0.862237,0.0
rubik,t,1.498271,1.752155,-3.075699,-0.140153,1.093209,-2.554523,0.602283,-2.268031,2.304245,-0.023029,0.09184,-0.706235,1.564764,-0.50036,0.122335,1.250163,2.811919,-2.536683,1.654063,1.078344,0.677242,1.457698,3.72192,-0.724762,2.198031,-0.832913,0.327864,0.546241,-0.718337,0.547141,0.755314,0.615372,1.695189,-0.244618,1.070829,-1.108368,1.155226,0.092665,0.263494,1.154766,0.0
rubik,u,2.869041,-0.057288,0.642454,2.682243,-0.681169,-1.055152,1.066995,-0.004103,0.838791,0.834936,-1.447999,1.353682,1.012853,-2.059172,1.124824,0.465348,0.770571,-2.203821,-2.048088,-0.547464,-0.876416,0.354702,0.32989,2.078343,0.288099,-0.317798,0.359542,0.351143,-0.15169,-0.38922,-1.062088,-0.213754,0.512212,-0.049694,-0.680698,-0.609073,0.007149,-1.190863,-1.170273,0.585104,-0.0
rubik,v,1.497462,-1.893678,-2.009377,-0.601377,-1.990047,-0.834662,-3.440012,-0.568613,0.080802,-2.824969,1.449197,-2.890283,-1.360456,0.813707,-0.398902,-1.791344,-0.809695,-2.711208,0.019268,1.494746,-1.052795,0.402839,-2.786003,-0.159387,0.170603,1.086435,-1.545448,1.302232,0.601889,-0.515981,1.234545,-0.785659,-0.858846,-0.469559,-1.10214,0.208136,0.066008,-0.133386,0.065633,0.209097,-0.0
rubik,w,-0.307969,0.601938,-1.930478,3.115688,-0.520991,4.994583,-0.633153,3.155171,-0.308069,-2.039666,-2.237159,3.355091,1.060513,2.114747,2.876827,-0.712698,0.618398,-1.437364,1.519191,-1.911156,0.216586,-0.916845,-1.377958,-1.705536,-0.366418,-0.12377,0.2688,-0.658714,-2.329831,-0.840304,-1.420094,-1.123446,-0.860146,0.495214,1.015809,0.233303,-0.187725,-0.719087,-0.95926,1.671224,0.0
rubik,x,-2.999121,-0.953455,0.181118,-0.182596,0.186073,0.970421,-0.4721,-0.026771,0.079988,0.395051,-0.029382,0.07989,-0.472125,-0.197364,-0.218175,-0.100403,-0.092976,0.253865,-0.333453,0.076547,-0.072482,0.271186,1.064091,0.549724,-0.248847,-0.069236,0.863896,0.282566,-0.489712,0.171083,-0.205585,0.336181,-0.329389,-0.178194,0.019456,0.112768,0.045427,-0.187468,0.050692,-0.020854,0.0
rubik,y,-4.700886,-2.925352,1.232814,2.282724,-0.029583,-1.22382,-3.957312,3.101996,0.155006,0.203443,1.188401,1.231168,2.1421,-2.126784,0.604507,-4.625015,0.739968,0.818035,-0.114664,-0.616676,-1.484361,-1.020942,-1.054621,2.087055,-1.311546,1.672211,-1.668563,-0.448647,-0.371034,1.083728,-2.294718,1.243672,0.747852,-0.198633,-0.836183,-0.029352,-0.608579,0.204122,0.829655,0.339582,0.0
rubik,z,1.338409,0.393428,-1.422014,3.143871,0.537022,-2.027894,-0.986553,-1.749614,2.299723,0.320655,-1.782347,-0.787828,1.135609,1.39567,-0.822115,0.909926,-0.462079,-0.156788,-2.432875,-0.543447,1.611438,-1.952061,-1.169959,0.662345,-2.043754,-0.766477,-0.944279,-0.467478,-0.136306,0.21943,0.031129,-0.16791,-1.708873,-0.25284,-0.466029,0.380248,1.34858,-0.413486,-0.721303,-0.917718,-0.0
sansation,0,0.61801,-2.471409,0.109681,-1.151815,0.511761,1.334112,-0.239507,-0.066191,-0.148802,-1.200118,0.536724,0.356345,-0.709269,-0.712964,-1.320272,-1.281372,1.584941,-0.03553,-0.115013,0.109505,-1.541047,-0.540388,-1.001719,0.387798,0.866861,0.531353,0.481319,0.272954,-0.231029,1.406961,-0.215619,-0.630969,-1.339816,-0.460418,-0.848738,-0.237233,-0.216897,0.00194,0.290773,0.357229,-0.0
sansation,1,-0.282765,-6.521226,-0.458746,-1.649897,-0.579354,0.039533,-1.17381,-0.055724,-0.616234,-0.542429,-0.671897,0.707108,-0.110944,0.503657,-0.11953,-0.401128,-0.185183,0.091082,0.212426,-0.569962,0.089531,-0.204154,0.007906,-0.267886,0.092419,-0.147065,0.138786,-0.748112,0.411508,-0.365034,-0.633451,-0.262901,-0.264564,1.904288,0.67537,0.762498,-0.086581,0.039664,2.596932,1.725827,-0.0
sansation,2,3.0844,0.954282,-0.075543,-0.912301,1.908605,-0.831242,-0.64731,-3.717275,-0.148146,-0.651557,-0.956168,-2.071911,-0.092741,0.439517,1.946246,-1.865413,0.321942,1.160834,-3.048071,-1.171797,1.515644,-0.258194,-0.282581,1.628427,-0.390641,0.468916,1.395934,0.40132,-0.747205,-0.177121,0.094149,-0.5742,1.143132,-1.233812,-0.710987,-1.176727,-0.425547,0.57959,-1.690836,1.999007,-0.0
sansation,3,-2.253603,-1.087423,-3.648739,-2.745179,-0.912979,2.347208,1.933832,-1.104356,2.263279,0.724351,1.150196,-0.280899,-0.642441,-1.251215,-0.02853,1.515665,1.384991,1.69778,2.094185,-0.106743,-0.695324,-0.946028,2.492184,-2.33327,1.473585,0.110124,1.007398,1.302481,-0.678654,0.689172,0.890433,0.325297,0.298979,-1.306693,-1.389088,0.795297,2.613654,-0.337315,-0.250682,-0.193855,0.0
sansation,4,-0.811175,0.251428,4.036539,-2.407535,1.773806,-0.687341,-0.509571,0.644146,-0.51093,1.534903,-0.674539,0.57854,-0.951806,0.70688,-1.409242,1.734903,0.928894,-0.368442,0.786803,-0.841639,0.833194,-1.63281,-0.285658,-1.689623,2.248748,0.27579,-0.164901,-1.526647,-3.504006,0.033326,-1.31959,-0.894097,-0.358218,-1.946763,1.724417,0.71836,0.025731,0.596752,-0.567157,-2.040723,0.0
sansation,5,-4.510614,-0.850001,1.281755,3.562341,-0.51787,2.591689,0.158011,-1.41965,-1.212392,-0.209868,-1.683858,0.04257,-0.850281,3.289125,-2.021942,-1.246241,0.648511,-0.208799,-0.844281,-0.763405,-0.271526,0.600754,-1.343576,0.986011,0.810188,-1.865079,-1.819233,-0.404236,-0.954311,0.114328,-1.019367,-0.886589,0.551375,0.012361,-0.847087,-0.863331,0.789004,2.33399,-0.47671,-0.242864,-0.0
sansation,6,1.476278,0.700007,4.79731,-1.135148,-0.42688,1.176509,0.619294,1.111245,0.882891,-0.64629,-1.045417,2.156096,-0.004088,-0.373609,-0.50488,-1.626573,2.039845,2.353182,-0.545891,-0.211474,-0.953449,0.125602,-0.168344,0.157226,-0.364236,-0.81656,-0.763861,1.80614,1.214029,1.178448,0.367103,-0.385584,0.92159,0.637797,-0.131592,1.095088,-0.555236,-2.479271,-1.040764,1.546628,-0.0
sansation,7,-2.535769,2.280584,-1.246663,-1.925753,-1.446297,1.926537,1.797775,-0.70704,2.683863,0.102961,-1.062902,-0.319123,1.179459,0.177375,2.055822,0.434134,0.004308,-1.15303,-0.635693,-0.844965,2.336507,-2.753794,-0.242011,0.297532,0.613327,-1.873272,-1.005633,-1.404446,-1.174311,0.114114,-1.833478,0.34567,-0.878816,1.293222,-0.15242,-0.408905,0.437007,-0.488266,-0.666924,-0.28597,-0.0
sansation,8,1.032252,3.956986,1.849483,0.395683,-2.615573,-0.962904,0.823496,3.147281,3.382467,-0.806518,-2.300637,0.726978,-0.458127,0.94765,0.348234,-0.838613,0.669188,0.769176,0.006117,0.133035,-0.543619,-1.167484,-0.480277,2.049459,-1.964044,-0.764239,0.591751,1.07925,-1.484587,-0.757095,1.87385,1.461771,1.03515,1.273435,1.225362,0.170374,0.635336,0.192054,-0.092153,1.443232,-0.0
sansation,9,-2.197483,0.716232,-3.751822,0.336149,-2.885735,-1.735981,-1.159148,1.955878,1.062586,0.584939,-1.194229,0.410714,1.247608,-1.364697,-0.492431,-0.062381,-1.360881,0.932017,-0.48837,-0.399484,-0.777775,0.359615,0.887743,-0.519809,1.764947,-0.881314,-2.007732,1.348365,0.312889,0.443797,0.393207,-1.429632,2.858572,-1.013392,1.235363,1.048645,-1.028393,1.092971,0.140143,0.360192,-0.0
sansation,A,-0.204843,-0.232176,-3.670866,-2.116795,-0.363009,-3.049976,0.21987,2.087752,-1.179798,2.103122,2.036509,1.354783,-0.172008,-4.368309,2.850612,1.234342,-0.521686,2.157754,0.490395,-0.571995,-1.009231,-1.865738,-1.300755,-0.011433,2.034419,-0.421635,0.199252,-0.470398,-0.64368,1.456185,0.162768,1.804628,-1.531591,0.440495,1.04811,-0.039035,-0.768234,0.898121,-0.868643,-0.575142,0.0
sansation,B,-0.789882,0.509037,2.514044,-0.473003,0.742843,0.191846,2.561573,-0.001496,-0.642244,3.232428,1.903517,-2.937278,-1.027749,2.265092,1.196365,-1.035106,-1.839678,-0.418037,-0.771305,-1.038638,-1.65654,0.367535,-1.866297,-0.642594,-1.84689,-0.728327,-0.260984,1.208391,0.662425,-0.197506,-1.163663,1.782126,-0.131063,-0.821517,1.87799,0.080636,-0.960081,0.52467,-0.761793,1.160009,-0.0
sansation,C,1.025057,-3.222448,-1.381209,0.552028,-1.382921,1.117428,0.376467,-0.212965,0.685964,-1.443705,0.229267,-0.620727,0.259172,-0.529742,-0.605253,-0.873943,-0.193964,-0.338224,-0.39277,1.263088,0.436628,-0.358173,0.509882,-0.586071,-0.083937,0.682639,0.910394,-0.597899,0.683266,0.960672,1.513307,0.602959,-0.410212,0.573611,0.00232,-0.69722,0.31898,-0.178693,0.119912,-0.136936,-0.0
sansation,D,1.13351,0.015526,-1.297908,-0.172341,-0.318667,0.684054,0.062443,-0.999421,-0.502746,-1.148473,-0.328681,-0.676422,0.374393,0.231751,-1.243142,0.237757,0.993171,-0.808489,-0.253173,-1.326759,0.27335,1.741507,-1.082925,0.34383,0.134025,-0.648674,0.531451,-0.203633,-1.13036,-0.50436,-1.587867,-0.128355,0.638019,0.641387,-0.671178,-0.482153,0.177292,0.356607,-0.366864,-0.572728,0.0
sansation,E,2.611977,-1.125049,3.133228,0.214149,0.117565,-1.726895,1.054181,0.105016,0.516065,0.593926,-1.027573,0.396422,-1.522343,-1.985735,-1.565375,-2.32112,1.118253,1.00825,0.140988,0.016978,-0.469915,0.582764,-2.581184,-2.723412,0.818843,0.988571,0.014914,-0.540581,-0.850879,-0.07411,-1.080767,-1.710755,-0.724519,0.675662,0.670411,2.160884,0.820075,-2.134086,0.464165,1.013005,0.0
sansation,F,-2.91568,-3.303776,-1.903556,-0.314942,-1.526789,-2.494936,1.244918,-3.451357,0.419732,-0.570098,-2.197741,1.563327,-0.022991,-1.071723,-1.921521,0.735493,-1.195652,-1.374319,2.265839,1.874793,-0.000329,0.522237,-0.302153,-0.816819,-1.248545,-0.311539,-0.118731,-0.319493,-1.818504,0.13912,0.492185,-0.182614,0.242719,-2.147985,1.486709,-0.61765,2.323593,1.623909,-0.244929,0.785758,-0.0
sansation,G,-3.616206,-2.002481,-2.658303,1.506481,0.539757,-2.765095,-1.096703,0.397333,-0.177988,-1.217839,-0.426553,-1.878864,0.790304,-0.110257,1.012421,-0.450335,-0.372026,-0.610948,-0.07049,0.55255,0.893288,0.440688,0.779879,1.779591,0.275881,1.379685,-0.868295,-1.426321,0.436268,-1.595441,0.302377,1.232464,0.147988,0.268487,-0.028427,-0.691022,-0.022646,0.381327,-0.983423,-0.037167,-0.0
sansation,H,3.930886,-4.014329,-0.714694,-0.216572,1.207994,2.377582,-4.417791,-0.260391,-0.854637,0.273446,0.662841,-0.738143,0.669115,-1.364443,-0.749266,0.074152,0.510565,0.662518,1.367745,-2.073217,-0.499755,1.540736,0.502085,0.192239,0.116392,0.564186,-1.32134,3.358652,1.953973,-0.253836,-1.571805,-0.327795,-0.204329,1.095794,-1.586116,-2.143826,-0.015924,0.309314,0.073315,-0.740367,0.0
sansation,I,-4.4824,0.509323,0.281758,0.159292,0.089324,-0.037673,-0.021416,0.153046,-0.188032,-0.081931,0.196096,-0.037061,-0.225027,-0.346804,-0.134847,0.051906,-0.15982,0.079861,-0.056181,0.426605,-0.610853,0.83618,-0.104546,-0.24939,-0.012673,-0.056064,-0.133532,0.467944,0.224547,0.146236,0.004445,-0.001472,0.001542,-0.005315,-0.016759,-0.003919,-0.099942,-0.039979,0.060641,0.057071,-0.0
sansation,J,6.199115,-3.818377,0.926426,-0.353196,2.139024,0.575484,-0.493256,-0.037003,0.182353,-0.132993,1.248732,0.190663,1.152945,0.525642,0.56696,-0.204691,-1.051836,0.153514,-1.045309,0.228485,1.248996,0.638988,-0.47257,1.18962,0.737385,-0.471659,-0.730411,-0.14034,-0.953397,1.132021,1.359102,1.938241,-0.564905,1.323977,-2.786037,0.669963,1.978495,-0.610743,0.172805,-0.884267,-0.0
sansation,K,0.324665,-4.158253,-0.024495,3.409953,-1.160378,-0.919642,0.312864,0.586067,1.347506,1.954279,1.668744,0.800231,0.696324,-1.422931,1.238792,-1.031469,0.33211,2.07827,-0.337873,-0.127782,-0.135998,-0.754501,-2.120967,0.072897,-2.459356,-1.984277,4.093644,0.939437,-0.284639,-0.501109,-2.420016,-0.250821,-0.584636,0.909427,0.198633,-1.409091,2.295537,0.508251,-0.304389,0.267322,-0.0
sansation,L,3.175129,-3.959141,1.88475,-1.065821,1.952876,-0.599675,-1.203781,-0.870412,-2.906258,-0.325953,-2.076878,0.410635,2.609057,0.500713,-1.099706,0.979471,-0.43423,1.161597,1.723208,1.548623,-2.306912,-0.566955,3.43671,-1.350016,-1.061791,0.304015,0.001382,-0.434089,0.864375,-0.750146,-0.193933,-0.464817,0.370786,1.483336,-0.586428,0.669421,0.460639,-1.548212,-0.100331,0.587098,0.0
sansation,M,3.81383,2.040648,3.901046,0.134026,-0.15234,-2.47567,1.825323,-0.012638,1.458392,0.606777,1.756263,2.262296,-2.561692,-0.683923,0.038975,2.754578,0.96026,-2.8128,-1.114273,-1.669236,1.241848,-1.062678,-0.96966,1.333186,-0.042786,-0.394594,-0.739069,-0.387583,-0.572451,-0.065023,0.47556,-1.666299,0.444246,-0.948797,1.175131,1.806738,0.895797,1.271145,2.557973,-1.943895,-0.0
sansation,N,-3.645629,-2.779708,1.036122,-0.635361,0.118608,-2.184258,-0.892754,1.570203,1.522195,-1.406032,0.090765,-0.357593,-3.130185,0.182271,0.446818,0.629172,0.725703,0.839675,-1.419086,2.764741,-0.030724,0.726711,-0.249414,-2.163537,-0.659987,0.35434,-0.562927,-0.889547,0.05865,1.427654,-1.643498,-1.441375,-2.660918,-0.422806,0.276828,-0.086719,-0.147455,-0.060759,0.578942,-0.272566,0.0
sansation,O,2.249109,0.245715,0.180085,0.508825,1.652729,0.385223,0.543632,-0.715683,-1.279282,0.462326,-0.48698,0.838762,0.36803,-1.006428,0.776954,-0.013374,-0.198493,0.33091,-0.531973,-0.291154,-0.842559,1.297839,-0.820195,0.705635,-0.108929,-0.096562,0.385281,-0.024408,-0.281096,0.264621,0.341862,-1.063404,-0.840863,0.537237,0.903965,-0.27344,-0.009547,-0.626433,-0.007203,-0.124863,0.0
sansation,P,-3.501248,-1.044425,-1.336548,-0.976069,1.958812,2.15585,-1.498459,-0.399683,0.230621,1.485899,-2.966768,-0.033905,0.884997,-0.095684,-1.562497,-0.884322,1.152944,0.895328,-1.186067,0.479365,-0.380962,-0.439748,-0.346393,-0.602925,0.416513,1.2426,-0.405208,1.758458,-1.450945,-0.218473,-0.343104,-1.667944,1.142164,0.843281,-0.913712,1.493365,0.032662,0.948204,-1.786642,1.805995,0.0
sansation,Q,-2.105445,2.373968,-1.888464,1.674483,-1.089847,-1.422466,0.180907,0.486166,-0.419396,-1.128016,1.572494,-0.394725,0.32332,-1.899849,-1.227865,-0.268168,-0.61972,0.449249,0.809637,-0.519497,1.127191,-0.549254,1.078244,-0.992158,0.892393,-0.475218,-0.412188,-0.457754,-0.409684,-0.407153,-0.269884,0.155435,-1.125003,1.007247,-0.179007,-1.074968,0.116459,-0.939472,0.650999,1.232824,-0.0
sansation,R,-2.882967,-3.256707,-1.29674,-1.391317,-0.238253,1.36052,-2.200737,1.110772,-0.939245,1.012059,0.807865,-0.489824,-0.255758,-0.305341,-0.728562,-1.101673,-0.364204,-0.118871,1.744929,1.259561,-0.939701,-0.07858,0.781463,0.438578,1.634266,0.743213,-1.375303,-0.316331,2.032713,1.874833,1.709099,2.300384,0.390039,-3.009789,-0.25237,-1.050278,-0.199412,0.478148,-0.938251,0.483951,0.0
sansation,S,-0.780252,5.485018,-1.143508,3.934875,2.348373,-1.589119,-0.778771,0.37279,1.336881,1.461861,0.465235,0.462862,2.097014,-0.260237,2.484904,-0.770163,-0.294161,0.583243,-1.669632,1.202122,0.289157,-1.851245,-0.124574,1.464995,-1.093826,-0.030868,1.571328,-1.703858,-1.377854,-1.209114,0.782797,0.05339,-1.064967,0.461111,1.311249,0.666729,-1.011668,-0.197186,-0.470828,-0.199392,-0.0
sansation,T,-3.14113,0.08919,-0.39787,-1.368498,-0.003479,-0.428558,0.174222,0.041059,0.608573,0.90264,-0.538649,-0.959374,1.827274,-0.682438,1.174762,0.120169,0.595344,0.479491,0.598178,-1.047477,2.441783,1.474697,-0.298845,0.834866,-2.294662,1.415532,-0.218359,-0.97933,0.822823,0.17779,0.398971,-1.814326,0.133186,2.506969,0.418358,-0.666237,0.082923,-0.603355,0.604391,-0.200778,-0.0
sansation,U,3.798933,0.363743,3.351731,-0.473352,-0.023572,-0.915098,0.967222,-0.165501,-0.689472,1.503442,0.141534,-0.689517,0.653313,0.462941,-0.716874,0.969647,0.204848,1.073506,0.763087,-0.028777,0.820684,-1.053808,-0.648787,0.842707,-0.434574,-0.846557,0.348082,-0.917171,-1.093374,-1.139439,-0.939928,0.360753,-0.005891,-0.601596,0.915286,0.336393,0.454909,-0.247245,0.243923,-0.226373,-0.0
sansation,V,2.261786,-3.531821,-2.731025,2.192849,-0.634438,-1.137679,-0.806254,-0.514447,-0.431427,-0.356127,0.980745,-0.858292,-1.260711,0.820082,0.983367,-0.303861,0.256183,-0.821001,-0.694862,-0.605679,-0.051522,-0.699251,0.561684,-1.227662,0.088855,0.631611,0.255889,-0.18739,0.288746,-1.039323,0.208518,-3.593965,0.016738,1.290131,-0.159447,-1.454992,0.568898,0.428542,0.202398,-0.797159,-0.0
sansation,W,2.970244,0.870973,1.865673,1.16918,-0.173157,-1.797866,-2.870972,-1.156787,-0.808463,0.034836,-3.60047,-1.182004,-2.013635,-1.696192,-2.398625,0.383756,-1.801224,-1.579279,-1.000975,-2.261977,1.525316,-2.021675,2.64842,-0.083831,2.728072,1.545336,-0.103166,-0.477251,-1.593544,-0.686257,-1.661764,-1.482999,1.307851,-0.515821,-1.608516,-0.14306,-0.429658,1.198736,-0.488306,-0.979392,0.0
sansation,X,-3.570935,-0.4732,0.076661,0.678555,-0.020072,0.337538,0.672946,0.267495,-0.116907,0.239687,-0.384185,0.136078,-0.039221,-0.062661,-0.082903,0.034427,0.111771,0.314316,0.713554,0.548215,-0.752664,-0.990999,1.89957,-0.194388,-0.320514,-0.274238,-0.306072,0.543102,0.013203,-0.046515,0.335039,-0.175894,0.248818,-0.262592,-0.254611,-0.115876,-0.100723,-0.08213,0.015752,0.068973,-0.0
sansation,Y,-3.748069,-1.167821,-0.279084,-3.231654,-0.733939,-1.367481,0.334904,2.808303,0.958242,-1.475704,-1.642471,-1.299229,-0.168023,0.912682,2.318924,-0.005541,-2.137843,0.621512,-0.717857,-1.077533,-1.434628,-4.462866,-0.815909,-2.275102,0.990688,0.786894,1.582063,2.26038,-0.220713,0.061601,-0.803852,-0.50639,1.963785,-0.419048,-1.198418,-0.971604,-1.164868,-0.281518,-0.835021,0.015053,0.0
sansation,Z,1.307269,-1.88134,-2.174,-1.972406,1.886291,0.517597,-0.497846,0.404678,-1.442145,-2.665327,-0.575371,1.164345,-1.425346,-1.067478,-1.975115,3.128271,-1.65933,1.441412,-1.627468,-1.794538,0.394569,0.764781,-0.52627,-0.817631,-0.493331,0.956264,0.94213,0.845164,0.77031,1.359247,-0.64593,0.258694,-0.541128,0.663024,-0.321562,-0.298719,0.802842,1.224575,0.559951,-0.016893,0.0
sansation,a,4.361598,0.203968,0.518331,-1.136776,3.274067,2.731987,-0.017654,-3.568965,0.552619,2.011356,-0.777638,-1.057472,-1.427498,-1.374616,-3.076158,-0.455938,0.348803,-0.534164,1.316864,-0.117776,0.69111,0.134532,1.525772,3.255565,-0.713348,-1.691973,1.711219,0.15608,-0.671437,0.130444,0.5666,-0.965215,0.671429,0.920861,-2.019411,0.154235,0.661347,-1.232856,0.07518,-0.808545,-0.0
sansation,b,2.450361,0.796469,0.13183,1.661863,0.35206,0.185287,-1.757494,0.025067,2.581031,-0.759542,-0.378725,0.226275,-0.70941,-3.12382,0.964071,1.375784,0.175527,-0.231462,-0.173434,-0.737055,-0.587978,-0.896096,-1.635323,0.502591,1.075459,1.463422,-2.172126,-1.545726,-0.624102,0.193216,2.329055,-0.812317,-1.208596,-0.978742,-0.26689,-0.042609,0.149104,1.162748,-0.529227,-0.063409,0.0
sansation,c,3.768451,0.742437,0.754124,-0.214307,2.806059,-2.390715,1.214636,1.114568,0.008759,-0.355772,1.052112,-0.926951,-0.605997,1.157094,-1.569962,0.089263,0.380415,0.601031,-0.502311,-0.829854,0.138007,-1.169758,0.813194,-1.211046,-1.406663,-0.677351,-1.821598,-0.706581,0.700845,0.346115,0.406479,-0.085132,0.598476,0.128183,-0.49559,-0.467928,-0.077678,0.015842,-0.498736,0.564343,-0.0
sansation,d,2.603283,1.440709,0.540326,1.627255,-2.362509,-0.54442,-0.448367,0.408659,-0.540732,-2.489033,0.188336,-1.316036,0.521855,1.928479,0.766328,1.292314,0.195713,1.021847,-0.997734,-1.346852,0.545691,0.012027,-1.57847,-0.464153,0.803315,-0.176302,0.890637,0.181557,-0.230943,0.452663,1.960722,1.491367,1.266787,1.264906,-2.075885,1.508985,-0.154746,0.050836,-0.117806,-0.635986,0.0
sansation,e,0.212463,-1.007386,-1.366497,-4.080415,1.072221,3.426401,1.711352,-0.408568,-1.657071,1.283636,-0.50517,3.201054,-1.716745,1.107574,-2.681263,0.566852,2.194351,-0.584429,-0.298265,-1.032352,0.605132,0.800665,0.636611,0.019663,0.309252,-1.856713,-1.609633,0.557148,-0.651572,1.019959,-2.607011,1.270777,0.273612,0.65475,-1.124605,-1.187979,-0.499199,0.930213,-0.304863,-0.83922,-0.0
sansation,f,5.735658,2.58372,-4.427531,-5.088762,-0.494415,3.880637,4.257563,-0.605781,1.952285,-1.845315,-1.444817,-0.991439,1.096595,-0.94281,-1.277407,-2.056342,0.509159,1.499757,1.752972,1.856118,-1.945372,-1.619537,-0.696582,2.155396,-0.377483,-0.89686,1.163864,-1.732604,0.227789,-1.203685,-0.089534,1.141331,-0.055607,-0.221825,-0.141203,0.001472,0.081395,0.181388,0.299141,0.353344,0.0
sansation,g,3.639679,0.289713,0.801487,-0.813073,0.432504,0.154048,0.581644,0.980289,-0.07038,-0.260376,-2.569255,-1.562666,1.352394,-0.354283,0.013724,-0.323917,-0.579819,1.515976,-1.309622,0.231727,0.644357,-1.384406,-2.011838,-1.218874,1.702392,0.906892,0.377641,-0.437639,-1.137048,-0.369161,-2.515336,0.469881,-1.465688,-0.671252,-1.707385,-2.196411,-0.934208,1.154064,-1.715341,-2.353394,-0.0
sansation,h,0.936846,2.438627,0.561224,-0.396419,-0.784714,0.678814,1.302559,-1.138982,3.553299,-0.252143,1.601263,-1.545962,0.693261,1.670973,-0.54216,-1.759981,2.189236,0.287551,0.763726,0.581881,-0.2898,0.452508,-2.263089,0.276334,1.020755,0.470756,-2.435093,0.9356,0.482814,-0.366322,0.903964,0.89982,-0.271108,1.455502,-1.411174,-1.729311,0.750003,-0.18213,0.984045,0.181272,0.0
sansation,i,-3.570907,0.837004,-0.396702,-0.124619,0.561021,-0.059936,-0.638837,0.412323,0.467424,-0.833595,-0.845484,-0.341817,0.386764,0.261786,-0.236644,-0.179124,-0.01659,0.974191,0.121218,-1.07481,1.146133,-0.806649,0.50415,-0.381101,-0.095336,-0.589637,0.15153,-0.43962,0.754151,-0.451409,0.684654,0.585035,1.053211,1.52517,1.730999,1.288734,0.607157,-0.805968,-0.514458,0.099976,-0.0
sansation,j,-3.680968,3.836471,-3.390693,-1.074261,-2.066453,-1.639147,2.128876,1.099296,0.601384,1.217939,-1.329505,0.372155,-0.195871,-0.137379,0.512059,-0.05851,1.855238,-1.505342,0.476703,-2.245308,0.626654,1.122954,-1.101526,-0.321503,0.411409,-0.737906,0.05005,1.68416,0.42556,0.139238,-0.069347,-0.292137,0.153007,-1.915745,1.624961,0.433519,1.138685,0.552518,0.582413,-1.488394,0.0
sansation,k,-1.777499,-1.725847,4.358427,3.229289,4.383557,4.042522,0.579299,1.595046,-1.978193,1.723624,3.117004,-1.048152,-1.58674,-1.695077,0.0329,-0.493174,-1.413255,0.186628,0.95457,-0.758884,-0.097772,2.755053,-0.384675,0.676465,0.747171,1.028211,1.049862,-1.510651,0.127221,1.977175,1.008636,0.092077,-0.519072,1.614265,-0.669414,-0.247749,-1.002733,-0.649642,-0.883973,-0.54968,-0.0
sansation,l,4.134182,-1.229999,1.186586,-0.683738,-0.650058,-0.454257,0.081257,0.351457,-0.107791,-0.059655,0.12978,0.298873,-0.208632,0.013186,-0.029995,0.357314,0.076718,-0.034975,-0.042682,0.225949,-0.03225,-0.257466,-0.075462,0.12162,0.143283,-0.10363,0.398602,0.084286,-0.520505,-0.657519,0.131547,0.395317,-0.109445,-0.246901,0.091645,0.079286,0.071089,0.077963,0.00057,-2.9e-05,0.0
sansation,m,1.908194,-0.0055,0.65319,-1.857073,1.42152,-0.862074,0.58783,-1.177869,-0.481919,1.233084,1.608037,0.826133,1.038844,-0.825579,-1.665845,-2.571717,-0.321922,2.262136,0.813813,-0.050817,0.399198,-0.041869,2.600541,0.312368,1.503056,1.69302,0.241447,0.025236,-2.412649,2.08788,0.449373,0.275398,1.680032,1.392066,1.299002,-0.309341,-1.189678,0.800953,0.143279,0.253686,-0.0
sansation,n,1.829558,-1.585899,-1.590392,-1.001576,-0.554251,1.008454,-1.191509,-1.122892,-1.666523,-0.450706,0.353866,0.362403,-0.133331,0.888394,1.258971,-0.755177,0.453708,-0.272535,1.108638,-0.830741,-1.177829,1.748575,1.418762,-2.436102,-0.60328,0.71474,0.39858,-0.583637,2.006411,-0.574849,0.208655,-0.9193,-0.423115,-0.117736,0.15021,-1.570086,0.440331,-0.438519,-0.886806,0.195237,-0.0
sansation,o,0.710445,-1.713017,0.327307,-1.069952,0.454283,-0.232645,3.307357,-1.168217,-1.077087,0.370459,-0.91948,1.094543,-0.695746,-0.01238,-0.51657,-0.468604,0.545297,-1.683763,-1.002648,-1.164576,0.537567,1.31272,-0.220061,-0.026511,0.491241,0.417671,0.194601,0.341928,-0.026305,0.484017,0.548339,0.233175,0.642108,-0.051006,0.993028,0.624397,0.01481,1.104355,0.159952,-0.10675,0.0
sansation,p,-1.415227,1.657176,0.572516,0.09425,0.766933,-4.155464,0.161052,-0.281921,0.290682,0.119253,0.128917,-1.019403,-0.240236,0.494163,0.771581,0.666982,1.292062,-0.635955,0.690478,0.196741,-2.032508,0.323672,-1.337153,1.394463,1.045312,0.148918,-1.429601,-0.979234,-0.521745,-0.364143,0.776358,-2.925482,0.31211,1.471641,0.850767,-1.06875,1.168194,0.316023,0.388219,0.210559,-0.0
sansation,q,-1.674513,0.940168,-1.579763,0.936143,1.295622,1.109835,-0.355207,1.337175,1.089398,0.901708,2.676944,0.317768,-0.100436,-1.137244,1.512334,-0.489864,0.817474,1.500512,-0.616398,0.074888,0.812321,2.253634,-0.925275,0.523907,1.393971,-0.560128,1.222431,-0.770941,-1.329988,0.866707,-0.434761,2.189258,1.587628,0.229065,1.581126,-0.203242,-0.497494,0.656926,-0.9217,-1.148298,-0.0
sansation,r,-1.750449,5.435936,2.329279,0.149883,0.853005,0.391411,1.464835,-0.276892,-0.625584,-1.110816,-0.685743,-0.786406,-0.474269,-0.254949,0.194779,0.898024,0.301645,-0.65412,-0.080131,-0.512413,0.631141,-0.426561,-0.053526,-0.812832,0.696515,-0.034359,-0.610902,1.522394,-0.252643,0.567849,1.754139,1.8072,-1.097508,2.242013,1.269361,-1.67679,-2.323296,0.205087,0.26392,1.094229,-0.0
sansation,s,2.240119,3.801401,-0.115939,2.203403,-1.984801,-0.180468,-1.974386,-3.50607,0.114534,-1.327868,3.25579,-1.924834,-0.493124,-1.798269,0.43717,-2.845543,1.131863,1.1519,-0.078447,-1.96708,-0.850541,0.566809,2.566359,0.768557,-0.534076,0.395036,-1.62327,1.389732,0.309079,-0.558253,0.274003,0.551862,0.796814,-0.367709,1.482414,-0.627042,-0.421169,-0.261546,-0.906537,-0.009992,0.0
sansation,t,7.212407,-0.36468,3.46676,-0.560548,-1.424079,5.618405,0.31675,1.159876,1.108172,1.575423,-4.022078,-0.380476,-0.494983,-0.065805,0.239072,1.595553,1.329405,-0.073953,2.191235,0.25084,1.087829,1.471365,0.050191,-1.397244,1.602987,-0.773519,0.591359,1.087279,1.668558,-0.751471,1.06015,0.475829,-1.568075,-0.423291,-0.392104,0.486195,-1.881592,0.434806,-1.058936,-0.370757,0.0
sansation,u,2.685466,-0.594468,-0.115056,1.709522,-0.894405,-1.325485,-0.407212,0.14461,1.295354,1.120722,-0.312495,-0.586275,-0.864444,0.021674,0.418972,-0.918361,-0.009545,2.083026,1.532689,2.681828,0.572049,1.832863,0.626802,-0.011323,1.777796,0.573971,-0.024034,0.536677,-0.852721,1.232459,-0.029102,1.082856,-0.489096,-0.160852,-1.114123,-0.477897,-0.712058,-0.869455,0.593139,0.505125,-0.0
sansation,v,1.505824,-1.872813,2.008517,-2.039376,-0.735511,0.323182,2.535633,-1.717825,0.798933,-1.886994,-0.107071,-2.080432,-1.670103,-3.623273,-2.099768,-0.180418,1.818931,-0.337929,-1.220331,1.319421,0.782129,-0.544587,1.079743,1.303663,-0.743613,0.739443,1.004948,-2.620605,1.949842,0.779564,-0.121261,-0.457635,0.341265,0.349959,-1.007908,-0.155747,0.239852,-0.24635,0.19227,0.532051,-0.0
sansation,w,-2.499283,0.210722,1.011019,4.596997,-0.829622,3.769231,1.356229,-1.412986,-0.067627,3.239246,1.630991,-3.241673,1.05884,1.025079,-1.607317,-0.343768,2.092543,-0.10143,-2.834229,0.122126,1.760019,1.720183,0.318445,0.11313,-1.249533,0.292143,-0.34476,-1.467347,0.101719,0.539445,0.764998,-0.849489,0.796653,-3.238985,-0.663118,0.3484,0.05056,-1.071886,-0.418935,1.423066,0.0
sansation,x,-3.110071,0.673509,-0.080641,-0.121229,0.196211,0.228582,-0.152871,0.012946,0.62488,0.124052,0.325831,0.09259,-0.028004,0.055198,0.022153,0.246132,0.042199,0.075078,0.424672,-0.16884,-0.882436,0.131419,-0.254477,1.46677,-0.454677,0.111649,0.606152,0.135997,-0.373293,-0.329865,-0.086292,-0.399689,0.229988,0.107695,-0.204885,-0.078023,0.189905,-0.02157,0.104281,0.016707,0.0
sansation,y,-3.871695,-2.061141,-0.251864,2.583691,1.952428,-1.339102,-2.315959,2.697512,0.010757,-4.726145,0.916247,-2.023278,-1.812813,-0.100088,0.401454,2.098079,-1.061276,-0.755843,3.605951,-1.876325,1.297745,-0.079771,0.945834,1.40567,-0.196198,1.953997,-0.53162,-0.451073,-0.290979,0.0018,2.706266,-0.647822,-0.120398,-0.016242,-0.179821,-0.912147,1.266476,-0.440403,-0.8268,-0.718147,0.0
sansation,z,1.844642,-0.771441,1.932572,-1.792815,-1.161623,-1.450845,-0.915276,-2.028716,-1.217407,2.368616,-1.360807,3.395081,0.640763,0.554085,-0.64889,3.097696,0.07593,-1.035932,-0.010992,0.231702,-0.656068,0.432475,0.318825,-1.057486,-0.619844,1.822482,0.989068,0.584262,-0.748886,0.70931,-0.273515,1.648159,-0.525442,-0.34755,1.835454,-0.297593,0.573928,0.371719,-0.195624,0.243426,-0.0
slabo,0,0.466785,-0.782753,-0.311174,0.619003,0.253032,1.039,-0.052975,0.559568,0.530548,0.197421,0.275405,-1.669144,-1.253097,0.129738,2.231219,-0.659702,-0.602871,-0.811593,0.589542,0.30966,-0.565963,-1.315506,1.443659,0.772439,0.834882,0.951048,0.18122,0.575038,0.394393,-0.088973,0.674343,-1.325771,0.613332,-0.225132,0.085213,-0.014431,-0.421128,-0.227415,-0.911777,-0.108117,-0.0
slabo,1,-0.424322,-5.713476,1.657815,-3.88635,-0.793794,-0.455912,-1.315567,0.520212,-0.710521,0.01394,-1.372736,-0.037499,-0.528902,-2.066607,-1.690762,0.586938,-0.135715,-0.278621,-0.152556,0.711931,0.840231,0.748545,0.730673,1.332294,-0.444689,0.745016,-1.869306,-1.766404,-0.80504,0.126613,0.025749,1.274584,-1.863374,-0.533202,-0.719179,-0.677728,-0.827814,-1.795562,-0.106927,-0.278841,-0.0
slabo,2,-0.908066,2.099206,0.215412,-0.924085,-0.611949,-2.130878,2.659279,2.969888,-2.206053,-1.117503,0.715098,-1.769867,0.666465,1.824921,0.928054,-2.981335,0.845035,2.41893,-0.243093,1.424924,2.658951,-0.477555,-1.449121,-1.132164,0.522961,-0.538816,0.78168,0.749464,-0.060994,0.044009,-0.321142,2.225332,-0.108528,-0.344445,0.42232,-0.515216,-0.186005,-0.437007,1.623423,-0.632166,-0.0
slabo,3,1.005044,-0.702316,-0.042025,1.399368,1.004422,-2.548049,-1.423549,-2.350938,0.164344,1.883447,0.31107,0.595552,-4.744908,-1.036738,-1.279847,-1.616075,0.111865,-0.099751,-2.501906,0.61722,0.038424,0.514116,1.654614,1.643882,0.290849,-0.065735,1.599804,-0.401935,1.749822,0.496031,-0.750271,0.886066,0.967053,-2.922133,0.411324,0.892461,-0.310867,-0.109787,-0.126639,-0.788941,0.0
slabo,4,-1.508132,3.339886,-0.222767,-1.42873,-0.738487,-2.461371,2.083779,-0.768805,-2.375277,-0.812062,-1.312563,0.644432,-0.466916,-0.163429,-0.83654,0.666245,-0.332336,-1.367179,0.404267,0.214992,-2.273456,-0.365907,-1.277471,-0.490936,1.211568,0.523965,-1.808322,-1.750597,2.837972,-1.517112,-1.270091,-0.758626,1.529205,2.288367,0.811077,-0.416821,0.522431,0.6723,1.960667,-0.91394,0.0
slabo,5,-1.788224,-3.531101,2.796211,0.24426,-0.894254,1.990081,0.915827,0.70373,-2.050843,-1.486698,0.305798,0.235445,0.423592,1.717584,2.694603,1.354595,0.005787,-0.916165,-2.832006,0.389101,-1.614806,-0.127869,1.35548,0.582636,0.046841,1.276436,-0.132746,1.745626,0.086383,1.421709,-0.702365,0.952601,-1.293263,0.093471,-0.2288,-0.750306,-1.338725,-0.685167,1.02946,-1.344784,-0.0
slabo,6,-1.513637,-0.971239,-2.256402,-0.061782,-0.163038,1.121527,-1.780666,0.534444,0.406101,-1.405581,-0.367405,0.734023,0.813404,0.130934,-0.574654,-2.39129,2.628372,-0.40974,-0.810987,-2.939999,-1.022099,1.768907,1.702345,1.107956,2.264452,-0.212273,0.79916,-0.236445,-0.517287,0.536142,0.979115,-2.358077,-1.476204,0.938376,0.94756,0.297882,0.119591,1.321704,0.082656,-0.28683,-0.0
slabo,7,0.687508,-0.918493,-1.68557,-0.359433,0.895077,-6.754315,3.026698,1.769874,-1.721985,-0.19559,1.092645,1.197895,-0.98205,-0.420869,0.885649,-1.273293,0.568105,-0.170957,-0.552092,-1.71396,-1.157456,-0.346131,-0.62023,-0.974657,-0.370121,0.179037,-1.86882,-0.870604,-0.597158,0.229129,-0.923146,-1.583416,-0.335498,0.18225,0.060588,0.46671,-0.629923,-0.067974,0.360417,-0.537783,-0.0
slabo,8,-1.297023,-1.875055,2.764953,1.150144,0.892608,-2.866718,-0.01684,1.573225,-2.843928,0.040862,-0.665614,-0.752263,-1.932964,1.743176,2.71632,-0.351186,-1.665573,-2.317701,1.30992,1.303195,-0.010833,-1.147364,-0.990878,0.774035,0.016803,0.469216,2.202105,0.588478,0.61799,-0.197963,-0.230854,0.897142,-0.808609,0.590761,-0.849833,-1.337463,-1.875193,1.022117,-1.076902,-0.74064,-0.0
slabo,9,1.584957,-0.911673,2.141587,0.091462,-0.302595,0.180216,-0.475524,1.074141,-0.620722,3.447416,2.184069,2.529928,0.432507,1.402092,0.915766,0.240223,1.964244,-1.291927,0.1331,-1.159503,0.198901,0.184094,0.177503,2.740433,0.745368,-1.929569,-1.532076,0.647352,0.653372,1.534087,-0.628814,1.060067,1.19414,1.772035,-0.777415,-0.223764,0.995967,0.347011,0.849834,0.558429,-0.0
slabo,A,3.064378,0.429505,0.793784,1.353097,2.136572,1.0336,2.282527,-2.720752,2.401032,0.739273,1.553545,0.530091,-1.051535,-1.575199,0.994659,4.108525,-0.339557,0.469372,-0.997136,-0.778065,0.131066,-0.697434,1.959427,-3.432624,-0.615614,-0.349485,1.157575,-1.110012,2.708986,1.162282,0.628076,-2.002673,0.556597,0.385825,-0.532855,-0.360283,0.082,-0.609678,0.30884,-0.738762,0.0
slabo,B,0.046301,0.457511,-2.912522,-1.265125,-3.028755,-0.538599,0.925703,0.248386,-0.009196,-0.869754,0.322981,-0.918491,-2.385535,-0.401069,-1.602275,-1.364651,1.021737,3.227462,0.762908,-1.754578,-0.024058,0.915168,1.380211,1.492881,-1.323488,0.922822,-0.244363,-1.86011,0.212429,-2.15393,-1.813957,0.791885,-0.376799,-1.326828,-0.911476,1.563123,0.773542,0.719545,-0.276386,0.544901,-0.0
slabo,C,-0.465548,-2.381671,0.244482,-4.294866,2.132998,0.698743,-0.681553,0.811911,-1.47025,0.761604,-0.519062,0.779455,0.621014,-0.443587,-0.921582,-0.596431,0.225214,-0.098851,1.317111,-1.093446,0.489152,-0.233435,-0.140409,-1.131384,-0.720642,1.186668,0.735518,-0.43988,-0.387339,-0.198421,-0.206812,-0.11674,-0.408012,-0.307268,-0.087048,-0.191356,0.056926,-0.115851,-0.114957,0.16919,-0.0
slabo,D,-0.62818,1.039488,2.017974,1.317331,-0.850534,1.363274,1.090146,0.177615,2.258457,-2.201718,-0.871125,1.447081,-0.721985,-0.582094,-0.732478,-2.684313,0.642046,0.042524,-0.076334,-0.502266,0.190307,0.298565,0.087529,-0.135262,0.147427,-0.336918,0.053679,0.206357,0.207571,0.455147,0.36744,-0.216664,-0.729953,-0.048923,-0.169041,0.284979,0.840575,-0.06936,0.282259,-0.008351,0.0
slabo,E,-5.62364,1.124121,-0.015059,-0.806423,0.547098,0.106973,-2.620507,-5.543697,1.131635,-0.624836,-3.211781,1.914761,-0.299539,2.800368,0.540624,1.323825,-0.722191,0.521427,-0.628806,2.018923,0.806999,2.010504,-0.445527,-1.211501,0.3523,0.19784,0.748968,-0.311018,0.898863,-0.977801,0.933787,-0.413189,-0.801229,0.478828,0.260025,0.041764,-0.527183,-0.007747,0.175716,0.82218,0.0
slabo,F,3.072595,1.770883,-2.402165,-0.875009,2.042568,-2.163414,-0.211075,-1.766995,2.412428,-1.079612,1.662185,1.497007,0.859786,0.750696,-0.614133,-1.629623,-0.000808,-0.546608,-1.264103,-2.670847,-1.331598,2.0059,2.074745,0.34137,-0.455034,1.323597,1.425702,-0.127713,0.39527,-1.359713,-1.278087,1.687042,-1.805744,1.295631,0.617862,-1.156781,1.646757,0.308419,-0.136232,-1.206421,-0.0
slabo,G,-0.078348,-0.659701,-0.659207,-1.063857,1.110564,1.564041,-1.146205,-0.027655,-0.368331,0.606137,-0.287025,1.371011,0.01203,-0.228008,-1.127942,-0.85647,-0.91008,-0.650543,2.099304,-1.216806,-0.061506,-1.557592,0.884037,-1.779158,0.294491,-0.165362,-0.919149,1.284615,0.368131,0.102145,0.057772,1.417454,-0.310986,0.979661,-0.586483,-1.578451,1.323134,0.364982,-0.435352,-0.033256,-0.0
slabo,H,-3.126901,0.758146,-1.762195,-1.741709,-1.030881,0.467576,0.08246,0.644493,-0.460186,-0.806696,-2.907174,1.955917,0.098132,-0.235159,-2.599252,-1.101335,-2.557653,-1.09631,-1.052125,0.504691,0.316292,2.12584,1.551277,-1.177377,0.804508,1.526516,-0.846969,0.933525,0.054979,-2.177218,1.883622,-0.704851,-1.427676,-1.11132,-1.260576,0.04407,-1.362383,-1.50174,-0.084605,1.380224,0.0
slabo,I,6.137251,-0.844019,2.769311,-3.164247,-1.420466,0.358161,3.358035,-1.533063,1.166209,-2.053936,-0.240946,-3.54827,0.289367,-1.35744,1.729518,-1.226924,-1.294472,-2.20292,-0.072553,-0.709089,-0.361003,0.071649,-0.031933,0.002568,0.027584,-0.014895,-0.003526,-0.000892,-0.000784,0.000764,-0.001737,0.000269,-0.001096,8.8e-05,-0.000283,-0.000141,-5.1e-05,1.5e-05,2.1e-05,-0.000153,-0.0
slabo,J,6.652632,4.249608,-6.019133,0.666849,-1.312854,-0.869364,-0.953238,0.706692,-0.841076,4.221946,1.117915,2.118931,-3.719359,-0.281385,1.878268,2.327,-0.753618,1.762704,1.688761,2.1138,-0.836424,1.533384,0.878154,-0.158682,-0.152044,-0.120284,-0.67987,0.141656,-0.500661,-0.360508,0.311622,0.171172,0.412672,0.536338,-0.294757,0.198708,-0.368852,-0.242488,-0.253778,-0.122685,-0.0
slabo,K,-4.859025,3.0655,-1.459774,-0.213201,-1.261197,-0.472494,-0.610793,-1.485576,-2.547533,0.725999,0.038066,-0.176851,4.822218,4.699224,-0.401894,3.575624,0.480032,1.209402,-2.017497,-0.482489,1.431595,2.843937,0.346815,-2.2833,-0.834069,-0.194073,0.214244,1.006171,0.88049,0.011803,-0.489099,0.375041,-0.937828,0.445299,0.033503,0.078295,0.351949,-0.015484,0.22755,-0.876556,-0.0
slabo,L,-1.981526,1.339419,-3.831153,-2.665503,0.478928,-1.475567,-0.407676,-2.090415,-0.706401,1.308795,-0.571974,2.234873,-0.068218,-3.531276,3.408054,-1.87635,0.733249,0.220514,1.661798,-1.478482,-0.679581,-1.56536,-0.037185,0.475434,1.695583,-0.530201,1.153646,-0.00061,0.084311,1.389949,0.656867,-0.063136,0.60981,0.142453,-1.343249,1.165559,-0.256331,-0.623818,-0.762522,-0.646333,0.0
slabo,M,2.271513,2.566818,-0.529442,-0.118779,2.631406,0.363716,0.67897,1.228915,-1.217102,2.008704,1.181704,3.105278,3.64546,1.506555,0.297923,2.471511,-3.115508,0.410571,-2.058435,-2.543921,1.329709,-1.002941,1.738148,-1.134343,0.591695,-0.946467,-0.802187,-2.563867,-0.234925,1.113303,-0.845491,1.237196,-1.378026,-0.348712,-0.03744,0.502023,-0.676013,-1.97737,-0.7788,0.476074,-0.0
slabo,N,6.237517,1.819608,0.82899,-1.793054,2.127844,-2.274086,2.130967,1.999468,-0.245851,0.809491,2.870911,1.303322,0.491384,2.971397,-2.956769,0.499024,2.080674,0.043233,-1.272356,-1.385953,-1.964421,-0.001187,-0.283635,-0.165003,1.362306,1.139609,0.744945,-0.293659,-0.350701,-0.253999,-0.14077,-0.09079,0.117244,-0.414584,-0.278848,-0.789766,0.439184,-0.127405,0.982274,-0.548429,0.0
slabo,O,-1.282832,-0.783437,-0.581617,0.156995,0.013222,-0.469621,0.014833,-0.403705,-0.283131,0.738,1.649433,-0.480222,-0.568783,-0.702525,-0.472316,-1.543451,-0.7122,1.027419,0.7091,-1.147787,1.155331,-0.169089,-0.715688,0.318224,-0.672786,1.017165,-0.242906,-0.732936,0.980231,0.05727,0.487058,-0.31349,0.276083,-0.263684,-0.312183,0.158312,-0.012184,-0.647892,0.012676,-0.061382,0.0
slabo,P,6.207077,-0.254493,-1.576603,-0.879002,0.259543,-2.410868,1.67594,-2.010095,-1.768178,3.618391,-0.328826,-1.703175,-0.528926,0.212266,-1.276504,-1.994961,-0.672801,-2.848364,-0.478448,0.755172,-0.063603,1.084481,0.979,-1.168106,-1.244045,0.150813,-0.115058,0.468124,-0.291932,-0.946925,-0.171193,0.700835,0.697922,0.254173,1.563092,0.033594,2.165968,-0.776397,-0.124537,0.205675,0.0
slabo,Q,-2.123562,0.894872,4.559206,-2.472188,1.500911,0.091257,0.97522,0.446426,2.225851,-1.363033,-0.018431,-0.519608,0.083863,-2.074285,-1.342216,0.48277,1.566666,-1.658313,1.04335,-0.054738,-0.550914,-1.214814,0.387027,-0.532199,-0.577249,-0.191619,0.107149,-1.015175,0.267047,-0.051475,-0.016981,-0.184373,0.989439,0.600772,0.171507,-0.530946,-0.212624,0.510733,-0.315474,-0.395553,-0.0
slabo,R,2.891609,4.147626,0.253778,1.425606,1.063856,-0.984222,0.937168,3.447384,1.881545,-1.560228,4.967888,-1.102167,-0.212245,1.577135,0.754674,-0.55799,-2.562493,0.903588,1.049147,2.061016,0.911799,-0.259615,0.449101,0.481305,-2.575199,-0.496519,0.722921,-0.617505,1.117124,-0.646388,0.082905,0.032314,1.461054,0.067806,0.092864,-0.332217,0.295918,-0.136159,-0.060126,0.410423,0.0
slabo,S,-0.998054,-0.365803,0.431458,-0.067014,-2.714762,1.365611,-3.413428,0.982057,-0.674037,-0.833775,0.876936,1.899128,-0.61821,3.459325,1.469246,0.401822,0.630386,-1.667382,-0.41846,0.411571,-1.480228,0.375449,1.480961,-2.383372,-0.424668,-1.668167,-0.285981,-0.038194,-0.643302,0.190551,0.983532,-0.583308,-1.1746,0.179974,-0.244129,-0.322283,-1.968877,-0.933379,-0.604889,1.531091,-0.0
slabo,T,3.830987,4.943421,1.95258,0.945586,-4.314063,0.492417,0.701512,0.294747,-0.908688,3.573134,-3.546912,2.448084,-1.562165,1.30273,-0.399615,2.065931,-0.279055,0.385369,1.130433,0.136084,0.039618,-0.299108,0.196303,0.03805,-0.902448,-0.599004,-0.331165,-0.06218,0.701347,0.191712,-0.322723,-0.389007,0.099952,-0.326112,-0.128626,-0.22199,-0.074596,0.254222,0.07895,0.123055,-0.0
slabo,U,-3.845039,-0.625283,0.904899,0.129113,0.751408,0.701923,-0.09848,0.835325,-0.283322,0.090263,0.888459,-1.902671,-1.58651,0.622404,1.575253,-1.157149,-1.073675,-1.464299,-0.36021,0.029615,-0.137377,-0.280772,-1.405288,-0.214337,-0.491285,0.999223,-0.786024,0.253211,-0.741272,-0.923185,-0.805573,0.028354,-0.770795,0.627436,0.420267,0.014896,-0.502499,-0.463435,-0.069892,-0.201837,-0.0
slabo,V,-3.156977,0.77257,0.080806,0.675517,1.623409,-1.462602,-0.430347,-1.414182,-0.334014,-1.302415,0.03979,-0.18679,0.322675,-0.280119,2.154891,1.819878,-2.200355,2.108908,0.85351,0.665682,0.409572,-0.336431,-0.79163,-0.150827,-2.657436,0.897035,-0.654186,0.770059,-0.578325,-0.027652,0.638274,0.308319,0.73073,-0.005372,1.305249,-0.921089,-1.751031,-0.198792,0.353351,-1.124614,-0.0
slabo,W,-2.340647,-4.360751,-2.167665,-0.514579,1.819573,-2.46749,0.925757,0.073241,-1.840108,2.738079,1.061433,-0.894888,-0.167279,0.080581,-0.748355,-1.606951,1.000555,0.275522,0.449153,0.615144,2.372637,0.550297,-0.356113,1.185001,-0.303968,-0.237503,0.134252,0.640201,-0.080621,-1.482444,-0.459619,0.230713,2.16224,-1.487149,-1.379287,0.258437,0.128739,0.070992,-2.420432,3.867512,0.0
slabo,X,5.134324,-0.90106,0.056578,-0.381601,1.169296,-0.517723,-0.978283,-5.915656,0.388552,-1.523534,-0.876604,-3.15604,-4.704007,1.240545,-0.14142,-1.367715,-0.677411,-0.145434,-0.341384,-0.13615,-0.25821,0.212915,0.339365,0.019877,0.01461,0.01317,-0.071194,0.003966,0.041011,0.023094,-0.006866,-0.023462,0.002516,-0.001241,0.000459,0.005764,-0.000338,-0.001163,-0.001447,-0.000592,-0.0
slabo,Y,5.78993,-0.022851,2.757723,0.465729,0.881852,-4.295835,3.649097,-2.414319,0.466789,-1.645524,0.656826,-1.108861,-2.227385,0.399936,-0.58559,-1.284714,-2.087804,-1.588185,2.054471,0.62544,1.669217,-0.5117,-3.404801,1.381357,-0.409193,-0.899797,1.527638,-0.425046,0.675186,-0.362348,0.36893,0.643735,-1.541605,-0.736013,-1.462379,-1.58822,0.039664,-0.204772,-0.0072,0.245839,0.0
slabo,Z,-1.59298,1.622035,-0.935667,-0.575615,-2.000933,0.833433,-0.473049,-2.012127,0.04542,0.770132,-0.877931,-0.629877,-0.522016,2.152222,-1.162732,0.5527,-1.969663,1.271912,0.459207,2.564055,2.06525,-1.058186,0.916463,0.336632,-1.683176,2.050964,0.743323,-1.064173,-0.080738,-1.600387,-1.975303,-0.099929,0.832062,-0.771329,-0.694178,0.159552,-0.227849,0.292543,0.41497,-0.476772,0.0
slabo,a,1.552693,-0.524616,-1.70686,0.944553,1.056859,0.333127,1.577845,-0.197119,3.715683,-1.507365,-1.557097,1.933292,-1.494924,0.870405,-0.386839,1.682203,-0.579173,-0.307613,-0.141322,0.418085,-3.399166,-0.930517,2.08893,-1.215894,-0.364403,-1.385552,1.672372,0.134308,-0.393495,-0.45397,-0.273679,1.37249,3.122672,-1.058085,1.454248,-0.985146,-0.144702,1.14356,-0.796298,-0.129075,-0.0
slabo,b,-4.379847,0.342527,-1.181649,-0.017389,0.125497,-0.723726,-1.713741,-3.803485,1.141633,0.845496,0.966785,0.803412,2.30272,1.567808,0.185756,0.239899,0.966016,0.857649,2.708306,-1.136829,-2.380683,-0.410679,-1.228631,0.677919,-1.225109,1.384499,0.514477,-0.398931,-0.339244,-0.799553,-0.463338,-1.089807,0.025067,-0.040784,1.241398,-0.163448,-0.355843,-0.935813,-0.238767,0.879895,0.0
slabo,c,-2.669424,-3.688696,1.520528,0.142115,-0.083786,-0.194674,1.921824,-1.13555,-2.251113,-0.137981,0.695564,1.164968,0.06871,0.410408,-1.842984,0.133285,-0.046129,-0.367653,0.587013,0.224017,-1.700448,-0.029283,0.375892,1.348511,0.245384,-1.296985,0.472867,-0.446981,0.901019,0.586618,0.615481,-0.850336,-1.201054,-0.616956,-0.187128,0.51035,0.571071,0.805984,0.358939,-0.04911,-0.0
slabo,d,-4.654198,0.242767,0.210541,1.218325,3.192858,1.522129,0.060697,1.839475,1.002559,-1.891873,1.865503,1.795906,2.182759,0.583017,-1.004485,1.743343,-0.356618,0.745522,-2.033693,-1.498406,0.596343,-0.25047,1.232489,-0.702359,1.419492,1.511605,-1.352478,-0.062132,-0.408929,0.157682,-0.742144,0.827438,-0.870561,0.191377,0.056982,-0.528335,-1.177255,-0.949755,0.227326,0.057881,0.0
slabo,e,2.266434,3.593302,-0.731644,1.844758,-0.068773,-0.169462,1.11796,-0.443922,0.413,-1.210661,-0.059588,0.544087,-2.617178,-0.509434,-1.364334,-0.62446,-1.095424,0.083254,-0.63448,-2.194669,-2.087219,1.396375,-0.688969,-0.360472,-1.171997,2.042403,0.303117,2.359155,-0.268161,-0.595086,-0.192639,0.980671,1.422193,1.87548,1.163334,1.432194,-0.097837,0.257062,2.73465,-1.262854,-0.0
slabo,f,6.024074,-3.890674,4.501337,0.671429,0.096911,-1.894701,0.797222,1.187129,-3.565543,-0.470282,-1.137356,-0.571925,0.01285,-4.457288,0.010035,1.714579,0.338565,0.28405,-0.985662,-0.718719,-2.186174,-1.574252,1.996786,1.33907,2.953566,-2.80168,0.219976,0.45756,-0.660646,1.268313,0.456289,0.362254,0.237312,-0.088829,0.170456,-0.036086,0.185844,0.054658,0.306316,0.298329,0.0
slabo,g,-3.269478,1.176767,3.926862,-1.64051,-0.466844,0.726497,-1.155127,2.911015,-4.463572,0.904342,-0.744804,0.561457,0.757568,-1.947184,-1.00653,3.222609,-0.314457,1.737677,-2.032246,-1.613262,-0.273428,-0.428848,-1.319037,0.391116,1.040988,-0.094786,2.172838,-0.81489,-0.953635,0.032562,1.112367,1.535631,2.119923,0.110872,-0.215953,0.500659,0.496984,-0.304484,0.205564,1.003758,-0.0
slabo,h,-5.397754,-1.531527,0.976557,-0.347726,0.572402,1.390083,2.558661,0.084846,3.020213,1.870625,-1.243441,-1.828699,-0.047117,-1.346793,-0.661326,-0.943856,-1.764195,1.094552,-0.355901,-1.132437,1.504612,-2.736279,-0.118753,1.914577,0.858623,0.236954,-0.267377,0.481374,0.514195,-1.361475,1.042177,-1.149562,-0.803326,-1.853896,0.320427,0.289614,-0.432232,0.58536,-0.601614,-0.106461,0.0
slabo,i,5.382637,-2.042092,0.676276,-0.561786,-1.147267,-1.042121,0.345543,2.475441,4.136731,-1.921345,-3.012242,-0.296919,0.581635,1.7416,-0.537593,0.766302,2.140567,0.883494,0.606618,-0.429857,-2.03206,-0.354582,-0.170177,0.763152,-0.529455,0.520984,0.310142,-0.528544,0.356861,0.115628,-0.091321,-0.174548,-0.470727,-0.062292,-0.054803,-0.149124,-0.005818,0.069576,0.057533,-0.035377,-0.0
slabo,j,-1.594463,3.901651,2.501281,4.182962,-0.141955,-1.188346,0.682962,1.049692,-0.189519,-2.802098,1.755286,-3.342701,2.909699,1.929083,0.749383,0.779553,-1.531154,1.591415,1.439973,-1.298467,1.926464,-0.706085,-0.042068,0.781603,0.609498,0.896555,-0.279676,1.738581,0.588876,0.247853,0.083261,-0.219587,0.491417,-0.415575,0.094948,-0.516735,0.418872,-0.840121,-0.322596,0.45917,0.0
slabo,k,1.160261,-2.726621,-2.655281,0.03258,-2.594498,-1.403163,-0.404095,2.491983,2.405259,-3.599022,2.873657,-3.00131,-1.72534,-0.640824,-1.007004,-1.786046,-0.225918,-0.041513,-1.565193,0.834064,0.615069,-1.194094,-0.471411,1.95875,0.114953,1.476092,1.217221,-2.988937,-2.17694,-0.554781,-1.346608,0.424881,1.399688,-0.172526,0.077375,0.387061,0.062035,-0.388542,-0.346923,0.174905,-0.0
slabo,l,-4.228844,-1.862999,-3.474272,1.307875,-0.05619,-1.449077,-0.426089,-0.019784,2.747963,0.812127,-2.30942,2.286687,-2.077749,-0.913976,-1.209534,-0.928777,2.575223,-0.489705,1.035636,-1.649811,0.208206,0.528332,0.212689,-0.233067,1.249204,0.211109,0.050849,0.019357,-0.013016,-0.04154,-0.006739,0.000979,0.006815,0.002872,-0.000539,0.000625,-0.000241,-0.000259,0.000135,1.9e-05,0.0
slabo,m,-3.504917,-2.272065,1.001296,1.091548,0.385128,0.575617,-2.465117,1.348184,-1.482071,0.236456,-1.811591,2.146908,1.291772,-0.715211,0.877514,2.734352,-1.312715,1.653682,-2.002805,-1.464801,-1.811644,-0.030151,0.304451,1.351363,0.110154,3.510578,0.726484,-0.074013,1.325412,0.665793,0.879168,0.091211,0.013411,0.282563,-0.703704,-0.113574,0.508854,0.477975,-0.588613,0.680255,-0.0
slabo,n,-4.51607,0.422467,-0.56176,-0.40507,1.082904,-1.078572,1.72321,-1.497732,0.295154,-0.398015,-2.219808,0.41162,0.733398,-0.090138,-0.685392,3.26059,2.784997,0.280825,0.258327,-0.032198,1.039878,1.315935,1.763683,0.122926,0.843676,-0.665676,-0.001661,1.599884,0.172925,0.073005,0.389007,0.390537,0.702371,0.498853,0.515133,-0.306131,-0.22806,-0.215047,-0.51932,0.245794,-0.0
slabo,o,-1.283429,1.248554,-0.863003,0.313235,-0.346404,-0.260154,-0.94662,-1.391443,2.574875,0.289254,-0.711265,-0.189145,-1.342058,0.377264,-0.58107,-0.572024,1.673221,-0.364848,1.286206,-0.968261,-0.72437,0.102995,-0.294744,1.117076,1.148736,0.174756,-0.075087,1.168526,0.66861,0.096109,1.252835,0.005914,-0.54345,0.450893,-0.497458,0.480475,-0.355446,-0.121573,-0.801368,-0.050617,0.0
slabo,p,4.166773,0.403518,0.140626,0.676027,0.626681,1.383387,2.654398,-2.614148,-0.90441,-0.139748,-1.391386,-1.388161,0.630376,0.935325,0.369739,0.104886,3.687411,-0.229243,0.003466,-1.473614,-0.49328,-0.45026,0.972364,-0.727977,0.605765,-0.579701,-2.033179,-0.741014,-0.649885,-1.566292,-1.089707,0.262683,-1.067663,0.024521,-0.599679,0.813354,-1.39946,-0.192396,0.111574,0.024673,-0.0
slabo,q,3.695684,-2.783151,0.070941,-1.760447,-0.52921,2.850218,2.944227,0.504723,-0.932528,0.236219,1.454878,-0.753685,-1.323967,1.760933,1.228544,1.113057,-1.353814,0.839263,1.425999,-0.765984,-0.542145,0.940773,-0.621315,1.70792,2.039211,0.034617,-1.29529,-0.182085,-0.097988,0.520418,-0.887974,1.006402,-1.046768,0.240572,-0.645925,-0.704226,1.101499,0.395711,0.825978,1.40827,-0.0
slabo,r,5.958826,1.306386,3.730751,2.791095,2.822809,0.789315,-1.191042,0.884211,1.04937,-2.359755,-2.129756,0.528206,-2.137907,-3.097412,-1.1673,0.290578,2.958138,0.012795,-2.29097,-2.767966,2.697003,0.735903,1.098277,0.857532,-0.338489,0.271124,0.468028,0.419385,1.31682,-0.91233,0.397105,-0.669624,0.308531,-0.511933,0.546838,0.547058,0.290727,0.036732,0.173538,-0.477625,-0.0
slabo,s,0.148339,-0.772578,-0.763323,0.321052,-1.570557,-0.553383,0.242429,0.510621,-0.877626,-1.89403,-3.154343,0.296775,1.293928,-0.250392,0.776182,1.837545,-3.499376,-2.138999,0.023021,-0.827257,-3.027263,-0.158945,0.882714,-1.195054,0.323268,-0.880251,-1.719213,2.156252,-1.080243,-0.567528,0.70917,-0.618085,2.88726,0.798969,-0.304519,0.061687,0.192623,-0.42109,-0.268717,-0.109219,0.0
slabo,t,3.12041,3.246144,-2.216966,-0.927116,0.068138,-0.818169,0.351234,1.268074,-2.045504,-0.903497,-1.523783,1.014147,-2.204103,4.336506,-0.336852,1.575501,0.86223,3.391639,-0.596745,-1.260783,-0.056322,0.567463,-1.147956,0.579477,0.615025,-0.091712,1.624171,1.928802,0.757436,-0.315652,-0.371426,0.832379,0.278028,-0.0138,1.318566,-1.338769,0.731973,-0.231358,1.812953,1.059174,0.0
slabo,u,-4.78753,0.346084,-0.850962,-2.408386,1.166284,-0.000973,1.44904,0.206975,1.219376,-1.212822,-1.930079,0.66645,0.095752,0.906207,0.119159,1.15518,0.697414,-1.04909,-0.158796,2.430328,-2.025091,0.314748,1.31661,0.159703,-0.115632,1.203639,0.723257,-0.003901,1.130602,1.527521,0.541532,0.604326,-0.35926,0.593488,0.805242,-0.551593,0.173233,0.187233,-0.734049,-0.447052,-0.0
slabo,v,-4.277703,1.424278,-2.188247,-0.812801,-0.956928,-1.813017,0.689397,-0.117104,0.641461,-0.862776,-3.476702,2.554808,0.675847,1.672989,-2.687609,-0.828058,-0.414654,-0.68148,-0.073871,1.352554,2.164566,-0.574767,-2.344683,1.79458,-2.205251,-1.144769,0.273039,-0.324754,0.036314,0.926289,0.776156,0.052586,0.401393,-0.320352,1.559334,-0.495718,0.205331,-0.050602,-0.219792,-0.54741,-0.0
slabo,w,3.214464,-0.351668,-1.181497,-2.871509,-1.216515,1.038196,-2.828199,1.689278,0.350554,2.985289,0.353502,1.004282,0.392252,0.373063,-2.61784,0.065734,1.426963,0.01995,-0.020445,-1.555729,-0.489144,0.480639,-3.186679,1.143033,0.387382,-0.894374,-0.110434,-0.067157,-0.736007,-1.107102,2.461776,0.321982,1.354368,0.250166,-1.333784,0.812578,-0.555837,3.515784,-1.740552,0.478393,0.0
slabo,x,4.740793,-0.652201,-3.014559,0.012409,1.056819,-1.422164,2.809795,0.492198,3.238947,0.05492,-0.632344,2.782322,1.206987,0.887326,2.36315,2.593745,-2.939452,1.095252,0.668794,0.752707,0.817188,0.047161,0.400354,-0.069185,0.024284,-0.057456,0.018624,0.007811,-0.005379,-0.007667,0.003382,0.009593,-0.001806,-0.007158,0.003986,-0.002377,0.002572,-0.001178,0.000761,-0.001429,0.0
slabo,y,2.301507,-3.77199,0.046898,-0.982433,-3.980936,-0.414401,0.16948,-2.250408,2.088336,1.55216,0.781785,-1.086098,-1.921071,-0.578255,0.193944,0.399504,-3.065348,1.553264,0.433942,-1.113184,-2.447723,-1.832719,-2.343005,-0.713991,2.033764,1.196751,0.846369,-1.146096,0.114601,-1.184385,-0.089404,-1.565635,1.105369,-0.038921,-2.553541,-0.063263,1.609828,0.493672,0.751339,-0.062859,0.0
slabo,z,-3.734361,0.341139,2.13428,3.610698,0.673359,-0.156737,0.236917,-0.303937,-1.451429,-1.64093,-0.867922,1.78872,-0.61226,-0.558937,-2.015339,0.13425,0.639072,0.713922,0.574683,-1.558781,0.333909,-0.62887,-0.308343,-1.766954,-0.573559,-0.802831,0.264533,0.202304,1.377917,0.013592,-0.945002,-0.239372,1.559837,1.25416,0.725154,2.687373,-0.177358,-0.167601,0.834855,0.120883,-0.0
tasaexplorer,0,0.464842,-1.713859,-0.234485,-0.608692,-0.765102,0.220458,-0.075792,-0.123698,-1.356002,0.986202,0.383682,-1.158887,0.646202,1.481558,0.521913,0.013751,1.039249,-0.571128,0.439944,-0.582502,0.444798,-0.174218,-1.584475,-0.846831,-0.979902,-0.127381,-1.056406,-0.423596,0.175201,-1.377478,-1.198888,-0.837308,-0.422907,-0.782469,-0.580505,0.023606,-0.340055,-0.480114,-0.627816,-0.129723,-0.0
tasaexplorer,1,-13.951088,6.183602,-5.888543,-1.300643,1.674201,3.377101,-3.302191,-1.312771,0.512206,1.074734,1.560083,-2.295407,0.488955,-1.123814,1.229832,1.107902,1.01683,1.667272,2.294242,1.747009,1.413755,0.891915,0.523798,-1.276119,0.542953,0.087818,-1.034616,0.110475,0.222256,0.146185,0.064003,-0.673895,-0.352962,-0.273139,-0.587147,0.254716,0.278096,0.0842,0.358207,0.028119,-0.0
tasaexplorer,2,2.197809,1.884115,-1.212033,0.311313,0.350692,-0.677573,-0.289733,-1.521219,3.432732,1.621514,0.813985,-0.474761,0.382146,1.155701,1.516481,-1.098302,0.465971,0.532291,-2.029013,0.880769,-0.974181,0.660705,0.421575,0.387258,-0.435747,-0.624991,0.457175,-0.862198,-1.98361,-0.056421,0.329777,-1.467332,-0.455455,2.848252,-0.62805,-0.215594,1.322798,1.131641,2.26509,-1.244231,-0.0
tasaexplorer,3,0.692127,-5.770037,5.493389,-1.802319,2.011945,0.828604,-0.14711,-0.574787,1.663271,-1.756079,0.806121,1.392841,-1.671057,-3.883571,3.962614,1.320641,0.218304,-0.529136,-1.453285,0.326543,-2.191007,-0.390173,-0.581453,-0.14392,-1.433104,-0.093303,0.427842,-0.040761,-0.141578,-0.792047,1.309418,-0.52654,-0.329317,0.623461,-0.472246,-0.042025,-0.540376,0.275076,0.674146,0.247936,0.0
tasaexplorer,4,-2.467141,-2.34491,4.412721,4.156585,2.480033,0.127922,1.929143,1.138353,0.591968,-1.592353,-0.394807,-0.675598,-1.935531,-3.26759,2.496915,-1.450193,1.8409,-1.498165,-2.76414,-0.107015,-0.197579,-0.093949,-2.293307,-1.237768,-0.331852,0.298669,0.276155,-0.797148,-0.910272,0.368846,2.465527,-0.506943,2.092076,0.207681,0.319725,0.040987,-0.161263,-0.064969,0.036793,0.175811,0.0
tasaexplorer,5,4.807786,2.451674,2.64139,-2.080969,-0.259756,-0.081382,2.899188,-0.594001,0.147253,-3.74055,-0.62899,-1.982022,1.244815,-2.252298,0.699961,-0.938178,-2.771192,0.675201,-0.086126,-0.725768,1.341763,-0.555109,-0.69951,-0.432217,0.969281,-1.069514,0.908461,0.815465,-0.353529,0.514934,-0.869503,0.399413,-0.532478,-1.435849,1.125326,-0.697818,0.477606,1.337332,-0.95499,-0.825703,-0.0
tasaexplorer,6,1.991496,-0.92952,3.815423,-0.153844,0.116775,-0.173544,0.206623,0.688474,-0.122981,-1.871203,1.478408,-0.573788,1.572221,1.141266,-0.997952,-1.111981,1.434672,1.332142,0.828786,1.439471,0.896682,0.138712,-1.422981,0.632888,0.272071,-3.572537,-1.163434,-0.306702,-0.642848,-0.392031,-0.20502,1.00227,-1.002585,-1.192041,1.172418,-1.016383,1.568186,0.823567,0.722013,-1.45247,-0.0
tasaexplorer,7,-2.045358,2.195235,-1.075025,1.334511,-2.232779,2.938856,1.542926,-0.809051,-1.54861,-2.061674,-0.424937,0.965476,1.042228,0.68316,3.599162,-2.793554,-1.874337,1.894918,0.240935,-1.743799,-1.182793,0.856262,0.259589,0.809857,0.189544,1.669599,-0.302748,1.625026,0.10647,0.785237,-0.528056,0.405812,0.6396,0.01413,0.077711,0.904471,0.039457,-0.588728,-0.187637,0.148336,-0.0
tasaexplorer,8,0.993398,2.798444,1.586489,-0.259533,0.546212,0.210636,-1.748475,-2.9688,0.71657,1.657792,-1.023029,-3.514734,-0.49493,1.303385,-1.440477,-0.393065,2.62383,0.338717,-1.721816,0.024702,-3.450995,-0.189486,0.04816,0.497014,-0.536193,2.206009,-0.554337,0.252773,0.152284,-0.247341,1.090432,0.105548,-2.094126,-0.047575,-0.390095,-0.689434,-0.462752,0.675814,0.837334,-1.137233,-0.0
tasaexplorer,9,-1.667672,2.981516,-0.677578,-0.995782,0.857529,-0.306682,-1.556093,0.088709,2.578062,0.090124,0.906018,-0.065702,0.300715,2.24806,0.588663,1.955491,0.371363,-0.044949,-0.913914,2.064822,-0.066053,1.120554,-0.069326,1.761135,-1.271367,0.121018,-0.680787,-3.190931,0.198864,-1.395348,-1.137939,-0.21204,1.483174,-1.324852,0.80434,-0.047128,0.785819,-1.020828,-1.513657,0.638938,-0.0
tasaexplorer,A,-5.006907,1.322723,0.605042,2.65466,-0.944209,-2.18416,0.770279,-2.110021,-0.237923,0.098586,-0.338528,-3.925591,-0.727041,0.80396,-1.256258,-1.623823,0.166905,1.832593,-0.593136,-2.02925,-1.028138,-0.154944,1.373815,-0.961191,-0.376371,0.69037,1.376899,-0.115859,1.385059,0.472239,-1.782291,1.751658,-1.208128,0.957149,-0.275525,-0.695311,-1.473307,1.98305,0.036215,2.189332,0.0
tasaexplorer,B,-2.084616,1.561909,-0.667127,0.67873,2.239706,-0.742957,-0.76113,-3.40414,-1.196367,-3.536849,0.071658,-1.883342,-0.292451,2.228016,-0.343917,-0.60035,1.545041,-1.538109,-1.02208,1.295545,-1.273381,0.252479,-0.921512,0.011732,2.318439,-0.313811,0.977217,-0.652995,-0.84108,-2.008447,-1.279727,-0.738578,2.271637,-0.604331,-0.599028,0.085586,-1.373975,-0.099291,-0.407923,0.33486,-0.0
tasaexplorer,C,1.467127,-2.262515,-0.233388,1.071948,-0.687148,0.611691,1.199192,1.221653,-0.643126,1.293977,0.64879,-1.131689,0.459715,0.596458,0.153658,0.575901,-1.33942,-1.424617,-0.255478,-1.272872,-0.910579,-0.01638,-0.664722,0.020621,1.281585,-0.272623,1.166355,-0.591108,-0.28641,-0.082666,-0.394424,0.563274,0.7208,-0.253658,0.173422,-0.126204,0.294025,0.006308,0.440258,-0.107205,-0.0
tasaexplorer,D,1.393302,-0.180773,-1.489485,0.7676,-0.188399,-0.845735,1.55197,0.894212,0.125482,1.37262,0.653647,0.238079,-1.408313,0.749397,1.274823,-0.127811,-1.040972,-0.077011,0.694522,-0.480331,1.115071,1.732853,0.023666,-0.287782,-0.013036,-0.24176,-0.9095,0.319152,0.340285,0.433,-0.524296,0.559663,-0.951161,-0.696638,0.112003,-0.772129,0.60795,-0.197753,-0.924666,0.254954,0.0
tasaexplorer,E,1.924683,2.171773,0.876723,-0.068188,1.015063,0.367509,3.209593,1.520833,-0.362159,1.086136,-0.269658,1.624499,-1.680331,2.221328,3.35577,0.021712,-2.041353,0.077539,-0.864477,1.891452,-0.311614,-3.881572,0.759004,0.513453,0.266594,-0.376312,1.337188,1.162178,1.863362,0.387809,0.071459,-0.955876,0.092931,0.996427,0.580626,1.138503,0.221042,-0.791275,0.210707,-0.12919,0.0
tasaexplorer,F,-0.66369,-1.144597,1.046115,-0.0439,2.895521,-2.130303,-1.818227,-0.886558,1.267514,-2.149444,2.216949,2.121155,-0.57894,1.481327,-0.378145,-1.021038,2.379187,1.408099,2.60831,1.615229,-1.972798,0.621225,-1.633601,0.808926,0.564049,-0.077076,-1.229435,-0.71907,0.964134,0.139622,0.941002,1.262505,-0.117682,-1.358827,1.433503,0.131195,-1.967283,-1.378478,-1.206982,0.241575,-0.0
tasaexplorer,G,-1.5161,-0.912455,-0.512008,1.521234,-0.231483,0.78799,0.077182,-0.572501,0.601265,0.164899,0.160378,0.226122,-0.022033,0.03828,-0.626081,0.19294,-0.862008,0.485846,-0.199701,0.532783,0.461166,0.406425,0.671566,0.762249,-0.474117,0.367851,-0.444417,-0.69632,0.895559,2.160373,0.875735,-2.122363,-1.497086,1.20544,0.724357,-1.508846,-0.412309,-0.599294,0.00404,-0.378079,-0.0
tasaexplorer,H,0.520347,-4.442103,1.69961,1.59987,2.172162,-1.618161,2.056482,-0.829545,-1.626099,2.577202,1.235039,-2.230211,1.012136,-0.866832,1.365324,2.694107,-1.749766,1.0702,0.991431,-1.677327,-1.510145,-0.028989,-0.120917,-2.361301,-0.160854,-0.963203,-0.132536,0.322846,-0.76084,-1.240861,2.03848,2.12647,-0.213956,-1.079768,0.385083,-0.315347,-0.904282,-0.182614,-1.196162,0.875487,0.0
tasaexplorer,I,-4.253053,0.692646,0.341257,0.136752,0.116859,0.004363,-0.01279,0.183114,-0.18199,-0.172884,0.170209,-0.002563,-0.25749,-0.280965,-0.15183,0.073877,-0.149108,0.081089,-0.019462,0.488603,-0.666811,0.23025,0.020679,0.141146,-0.043378,-0.210464,-0.393134,0.219462,-0.261344,0.160845,-0.218213,0.070671,-0.074585,0.034252,-0.01553,-0.073155,0.038157,-0.039183,-0.037715,-0.055796,-0.0
tasaexplorer,J,3.948362,-4.768856,3.038229,-0.752179,1.253728,1.171951,-1.215142,-1.019759,0.703993,0.696192,0.697665,1.05413,-0.886069,0.214645,0.01377,-0.56843,0.344965,-0.730358,-0.206812,0.612124,-0.903293,-0.059761,-0.362255,0.770228,-0.43454,-0.379141,0.326332,-2.15631,0.023839,1.399587,-0.874717,2.287477,0.788498,1.073886,1.338762,0.405278,-0.615214,-0.216813,0.463438,2.395017,-0.0
tasaexplorer,K,0.367206,-3.515567,-1.954517,3.429288,0.342463,-1.032449,0.623561,-2.300858,-1.058975,3.860405,1.97802,-1.145658,1.22469,-0.449867,0.079251,-3.202624,-0.763239,1.380373,0.363389,0.437241,-2.581191,1.522361,2.316082,0.536761,-1.402102,0.436319,-0.383509,-0.850928,-0.23525,1.954889,2.068966,1.085155,0.073989,0.027602,-1.780591,1.132999,0.006445,-1.83199,-0.573645,-0.943192,-0.0
tasaexplorer,L,-4.10062,-0.422022,-2.243984,2.582292,1.842684,1.774448,2.385749,0.387097,1.909726,-3.796463,-1.426853,-0.130082,2.454707,0.26399,1.336726,-3.684539,0.018475,1.511981,-1.493448,0.088566,-2.72066,-0.033849,-0.800982,0.692367,-0.051283,-0.022774,-1.058212,-1.265712,0.697995,-0.006162,-1.364267,-0.010133,-0.201118,-0.492983,-0.17843,-0.282847,0.486691,0.337993,0.387916,0.988857,0.0
tasaexplorer,M,1.169339,-1.512439,0.703293,-2.892092,-2.885723,-0.08718,-0.878955,3.103446,0.029152,0.92887,1.957889,-0.420648,-1.793431,0.671524,2.470806,0.084747,-1.636793,-3.177492,2.258255,1.971875,1.353922,0.698645,0.81885,-1.851091,2.098874,2.875482,-1.318492,-1.252747,2.687656,-0.199383,0.445107,0.801681,0.57452,1.716081,0.038817,0.153348,-0.857227,-0.560991,0.392849,0.385292,-0.0
tasaexplorer,N,-4.334854,3.128802,3.293121,0.324426,2.261241,-0.805629,1.679871,1.738607,0.684409,-1.099402,0.836767,-3.857613,0.45138,-1.059017,1.041534,-0.725622,0.128717,3.528101,-0.551832,-0.009187,-0.739202,-1.392182,-0.658861,0.53582,-0.746535,-0.667922,0.127048,-0.956954,-0.035795,0.040292,1.117545,0.483488,0.958432,1.474898,-0.039107,-0.988191,-0.883589,0.617987,0.324944,0.97359,0.0
tasaexplorer,O,2.19201,0.566864,0.702057,0.771621,0.097903,-1.01486,-0.354401,0.852623,-0.393188,-0.393498,-0.20861,1.706766,-0.896546,0.397537,0.673724,0.693035,-0.853105,-0.703089,0.850917,0.389259,0.568405,-1.228499,0.58054,0.899486,0.037492,0.691572,-0.296703,-0.482298,-0.573703,-0.627697,-0.512306,-0.611019,-0.760863,-0.671684,-0.502491,-0.218494,-0.348985,-0.338945,0.05546,-0.014202,0.0
tasaexplorer,P,-1.270459,-0.612427,2.105449,-2.767772,0.86999,1.214668,-2.609401,0.004958,2.255019,-1.373023,-1.69042,0.038941,-2.331801,3.07796,1.952297,1.111996,0.57826,-1.43024,1.488638,-1.323941,1.954785,0.762312,0.499182,-2.898093,-0.969346,0.386951,1.147039,-0.209482,-0.384976,-0.914951,-0.138027,1.376911,0.385084,-0.088859,0.919744,0.92251,-0.374804,0.278633,0.364504,0.054803,0.0
tasaexplorer,Q,0.088131,2.039398,0.037792,-0.809068,-0.03776,-0.131335,1.21541,-0.854041,0.560219,1.194545,-1.693688,-0.183569,-0.507907,-0.045225,-1.222002,0.15976,0.304748,-0.461188,0.302269,-0.475567,2.09874,0.500032,-1.689844,0.383763,-0.520075,0.732873,1.879378,0.218233,-0.979905,0.092749,-0.417781,-2.053013,-0.402789,-0.644333,0.427596,0.030972,-0.591341,-0.246182,0.404321,0.661982,-0.0
tasaexplorer,R,-1.928416,-2.895654,-0.463529,-2.455383,0.350196,-1.569259,0.697417,3.379454,-0.349094,0.564145,1.110055,4.664684,1.733064,0.018999,-2.065888,-1.693817,2.089418,-0.103719,0.662274,-1.546066,-0.493717,-0.146451,-0.604167,1.086843,-1.105471,1.618708,0.534045,0.309079,-1.794444,0.504329,-0.906722,0.29746,1.290549,0.772739,1.127429,-0.576566,-0.089638,-0.391685,-1.121051,0.259598,0.0
tasaexplorer,S,-2.839146,-1.776609,-1.414791,-1.580802,1.911379,2.416375,-0.071412,1.174129,0.639218,1.336521,2.759928,-2.469818,-1.795004,1.102907,0.695174,1.620349,2.506152,-1.016553,0.245566,-0.62285,1.133725,-0.606647,-0.277938,-0.015628,-0.334122,-1.27864,0.229976,-2.390682,0.505645,0.033146,0.884165,0.410372,-0.816097,0.86096,0.75577,-0.957632,2.503583,-0.641606,0.39747,-0.665473,-0.0
tasaexplorer,T,-2.606981,-0.068107,-0.239876,-0.613662,0.686974,-0.386034,-0.146193,2.614796,-0.162236,0.366021,-0.314803,1.183933,-0.220018,0.448903,-1.229175,-1.027395,0.528538,-0.37958,0.294288,-1.90229,1.722128,-0.912438,1.28244,-2.105385,1.048439,-0.948508,-0.537022,-1.758017,-0.036965,-1.149828,-0.634323,0.659301,0.457776,0.017024,1.691558,1.340342,1.27233,-0.237991,0.692373,-0.970817,-0.0
tasaexplorer,U,1.132376,-0.504575,-1.134477,0.031419,-0.836255,-0.540828,-0.795635,0.940347,-2.622861,0.535597,1.687395,1.847,0.772167,-0.976492,0.594173,-0.242991,0.396041,-1.231352,-0.332564,0.052831,0.786757,-0.452783,-0.789127,-1.473246,-0.165709,-1.715412,-1.104294,0.247122,0.085431,0.192649,-0.342326,0.67444,0.220428,-0.199728,-0.329827,0.437005,-0.189423,0.351618,-0.080028,0.14309,-0.0
tasaexplorer,V,2.410589,-0.523629,-1.570567,2.44319,-0.360391,0.37376,-0.341223,-1.496761,-0.03894,-0.464894,1.875562,0.609643,4.412099,-1.28757,-2.661764,1.090493,0.814029,0.007126,1.041758,-1.301861,0.578563,-0.991084,-0.318068,0.158861,0.270792,-0.582914,-0.931335,-0.939548,0.021134,-0.843863,0.551395,-0.135163,-0.905155,0.315943,-0.708472,0.390717,-1.561479,-0.769399,-0.980759,0.100534,-0.0
tasaexplorer,W,2.263469,-0.409715,0.902114,-0.671228,2.655285,-1.372984,1.13062,1.680324,3.79462,0.838365,-1.641949,-2.939494,-1.434455,0.068631,-2.686847,-2.538093,-1.464065,-0.38947,0.667714,0.131811,0.702713,-0.873837,-2.041968,-2.225797,1.161268,1.260217,-0.352556,-0.88459,1.916877,1.293135,2.195936,2.189585,-0.025183,-1.705664,0.366483,0.677461,0.618308,-1.332518,1.465322,0.123995,0.0
tasaexplorer,X,-5.203522,-0.547451,1.089529,0.336351,-0.406868,-0.240177,-0.294494,0.443944,-0.534104,-0.583267,-0.52689,-0.306012,-0.376407,0.190379,-0.571292,0.109906,0.998648,1.036876,1.284977,-1.567122,1.532038,-0.497375,0.542877,-0.615302,1.827745,0.742753,-1.02107,-0.082914,-0.517539,0.193321,-0.149654,-0.035947,0.006883,-0.026779,0.059411,0.021259,0.013493,0.017035,0.008281,-0.012896,-0.0
tasaexplorer,Y,-0.146233,-4.006412,0.633847,-0.14662,-3.222299,-0.155708,-3.537533,-0.543969,-1.930905,1.01768,-2.589575,2.121109,-1.175963,-0.922254,0.748633,0.26238,-1.824785,0.766817,-2.337641,3.316411,0.351075,1.48524,-1.101599,-1.327322,1.463255,-0.429033,2.50461,-0.999041,-1.601571,2.293877,0.418898,-0.461657,-1.329087,-0.536526,-0.148282,-0.337011,1.092351,1.127462,-0.007513,-0.159821,0.0
tasaexplorer,Z,2.041049,-2.550603,-0.641374,-0.776287,-0.055371,1.103771,-0.065187,0.223925,1.056836,-1.388195,2.105852,1.523453,2.943208,1.178416,0.77602,0.89757,1.564779,-0.316051,-1.946431,1.275655,0.478745,-1.286648,0.863536,0.006274,0.727706,-0.654581,0.123244,-1.42475,0.488174,-0.800783,0.399145,-2.40023,-1.052,-0.805003,-0.800167,-0.772903,0.429473,0.68332,0.704479,1.35003,0.0
tasaexplorer,a,2.675045,2.137758,0.413139,5.108379,3.111099,-5.059802,-1.936838,1.119676,0.358642,0.440887,-0.171367,-0.843713,-0.219519,0.545939,0.812509,-1.533143,-2.161876,0.077041,-1.445489,0.445266,-0.309403,-0.239154,0.349221,0.293865,-2.275323,-0.28626,0.647355,-0.11962,0.631025,2.014538,0.431113,-1.774616,-0.14556,-1.145513,-0.241754,-0.560822,1.154483,0.028639,1.547301,0.776393,-0.0
tasaexplorer,b,3.113991,-0.32698,0.669301,2.328697,2.16154,-0.353988,-0.55172,0.606611,-2.594165,1.165998,-0.351781,-1.059822,-2.066966,-0.433039,-2.060466,-0.782894,0.645641,-1.111242,0.695552,-1.630098,-0.780029,0.50841,-1.173549,0.461654,-0.310841,0.503193,-0.341804,-0.526758,-0.141376,0.967752,-1.58759,1.91195,1.005265,-1.366445,0.832273,1.627597,-0.048337,0.333621,-0.699056,1.030411,0.0
tasaexplorer,c,3.144503,-1.681856,-1.781769,-0.918535,-0.757768,-1.419041,-0.205784,0.716787,-0.388469,1.45512,-1.807572,-0.215605,1.063851,-0.744231,1.047707,-0.051998,0.339035,1.771399,-0.127168,-1.425909,-0.806831,-0.055959,-1.89499,0.064102,-0.305099,-0.53957,-0.640714,0.73286,-1.290211,0.558706,0.601816,-0.983172,-1.503389,-0.408617,-0.070712,-0.586209,0.160782,-0.194687,-0.314924,0.008213,-0.0
tasaexplorer,d,3.858211,0.130579,0.886138,-0.338957,-0.585357,1.497422,-0.725966,-0.91057,-2.369272,-0.867652,-0.255621,-0.699338,1.118336,0.604127,0.794255,0.858101,0.479329,1.761754,1.83385,0.129041,2.589851,-0.066967,-0.904002,-1.644891,0.972277,-0.907334,1.046872,-1.392746,0.762286,-0.220576,-0.479036,-1.640123,-1.830413,-0.473068,0.221703,-0.87199,-0.242201,-1.518434,0.163494,0.580049,0.0
tasaexplorer,e,1.65307,-4.207584,-2.372324,-1.976241,0.04646,0.445115,1.68704,-2.098374,0.918121,0.540059,0.427436,-0.811537,0.563147,3.267227,3.378589,-2.253516,0.267554,-0.360656,-1.928646,1.666107,-1.154798,1.552016,2.040765,-0.955528,-1.268975,1.059382,0.249497,0.234967,-1.352039,-0.974084,-1.229025,-0.617776,-1.582233,0.079508,0.402995,1.980995,0.575647,0.802191,-0.051643,0.222635,-0.0
tasaexplorer,f,-3.800813,2.320032,0.610042,-0.761167,2.479957,-0.264585,0.136549,0.259615,-0.887941,-0.614959,1.815694,0.718653,-0.188058,0.750756,0.867504,-1.61712,-0.917648,-1.482629,1.031034,-0.272685,-0.461696,0.224596,0.310545,1.391816,-0.021001,-0.078338,0.585665,1.263773,-0.980712,-0.623969,0.490272,-1.353086,0.328298,-0.694758,-0.254697,-0.564554,-1.840617,-2.882409,1.207387,1.083859,0.0
tasaexplorer,g,3.551765,-1.062539,0.13937,0.081594,-0.268164,0.83932,0.31949,1.111507,1.636398,-0.596919,-2.668217,-1.597242,1.244363,0.714581,-0.238944,-1.523524,0.786268,1.732607,1.963568,0.42332,-2.169248,0.715504,1.178442,1.312327,0.75038,0.17537,0.533265,0.660215,1.460297,1.745952,-0.846464,-0.214138,3.665236,-0.477987,1.260793,-2.629362,0.695782,0.175308,0.843335,0.383066,-0.0
tasaexplorer,h,1.69908,0.951896,1.702628,0.40602,-0.406966,0.729991,-1.642601,3.952263,0.011506,-0.609204,0.50454,-1.123985,-1.025727,-1.71613,-0.522356,0.63279,2.525588,0.62452,-0.091184,-0.334584,0.887692,-0.34093,-1.787116,-0.991337,-1.768629,0.6827,-0.737028,1.083426,0.680991,0.646034,-0.575479,1.60112,-0.655399,-1.881271,0.507751,1.551188,0.597706,0.108083,0.234137,-1.862985,0.0
tasaexplorer,i,-3.290596,2.230788,1.316767,0.249007,-0.809089,0.284158,-0.072758,-0.514097,0.192801,-0.886354,0.093923,0.419156,-0.020444,-0.809549,-0.135465,-0.046334,-1.186278,0.933174,0.053292,-0.115977,0.319592,-0.931212,-0.487404,-0.923183,-0.87325,0.99522,3.068473,-0.237787,0.267842,-0.20454,0.764368,-1.143828,0.442298,0.046395,-1.523004,0.236098,-0.30723,-0.512036,0.044772,-0.136785,-0.0
tasaexplorer,j,-2.983026,1.186586,-0.151312,-1.449769,0.503311,0.086101,-0.861227,0.839179,0.936849,-0.563892,-1.021007,1.592448,-1.076778,1.445495,0.382594,0.362668,0.863978,0.497247,-0.532766,0.131646,-2.513603,-1.082889,0.233034,2.45678,-2.527091,-1.066854,-1.457107,0.277793,-0.507989,0.161265,-0.030746,0.237174,0.095824,-1.740916,-0.441331,-1.060014,1.063477,-1.240896,0.597729,1.39447,0.0
tasaexplorer,k,0.348088,3.953992,0.19553,0.920791,0.096988,1.448656,0.863753,3.007765,4.175097,1.83134,-0.85057,3.125848,1.245432,-0.783886,0.991542,-0.367574,-0.577602,1.659199,-0.103196,-1.2201,0.160811,-2.92239,-1.773524,-1.289669,-1.106593,-0.649105,-1.666879,-0.126998,-1.796325,0.98122,-0.816171,1.158157,-0.153886,1.941588,-0.534166,1.3377,-0.102469,0.231786,-1.435447,-0.062709,-0.0
tasaexplorer,l,3.857903,-1.407104,1.220107,-0.762312,-0.143654,-0.628203,-0.014893,0.056456,0.049772,-0.02914,0.128645,0.307354,-0.220282,-0.02211,-0.026258,0.162254,0.119295,0.150086,0.133308,0.209071,0.137287,-0.182909,0.017141,-0.010434,-0.078782,0.009715,-0.18677,-0.29941,0.224742,0.467133,-0.132156,0.295033,-0.028818,0.200744,0.089646,-0.036096,-0.00109,0.032265,0.003733,-0.034926,0.0
tasaexplorer,m,3.147431,0.693863,-1.331726,-0.28656,0.561892,1.633108,-2.587924,0.438665,0.18416,-0.745923,1.061989,0.988271,-0.633466,-0.001974,1.175127,-0.788543,1.885791,-1.537122,-0.079645,-0.494604,-4.029101,-1.208852,0.646844,-1.372971,0.325296,-0.430647,-0.678097,1.487744,-2.033423,-0.623115,0.730239,0.896851,0.098315,-0.363825,-0.146403,-0.394642,0.143624,-1.565146,0.519913,1.904222,-0.0
tasaexplorer,n,2.623474,-0.345335,0.351621,-0.121943,1.821144,1.964386,0.982679,-1.354569,0.459342,0.206491,2.539569,-2.011281,-0.578986,1.339702,-1.074852,0.87333,0.321509,-0.767232,-0.143921,-2.040445,0.203054,0.849108,0.521541,0.846048,1.125769,1.448522,0.277903,-0.708098,-0.185478,0.689126,0.217249,-0.877994,0.254625,-0.824151,-0.625306,0.835037,-1.910664,-0.284482,0.041788,-0.532476,-0.0
tasaexplorer,o,1.991996,-1.119937,0.216567,-1.350672,-0.951513,0.906685,0.072281,1.741939,2.029228,1.153685,-1.241681,-1.199851,-0.445575,-0.30337,0.405342,-1.129007,0.059238,1.23181,0.148329,0.399635,-0.166166,-0.58342,0.451599,0.351262,0.839602,0.794567,1.399158,-1.535739,-0.048317,-0.238374,-0.604838,-0.846264,0.015549,-0.468575,0.529966,0.81428,-0.172779,0.626492,0.029853,-0.368421,0.0
tasaexplorer,p,-3.059982,-0.179116,-0.422331,-2.713528,-0.447445,-1.469997,2.628349,-1.162322,0.036401,-1.638837,-1.821548,-0.227078,0.14368,-3.076273,-0.175492,-0.763668,-0.861425,-1.608554,0.227481,1.831876,0.734784,-0.478473,-0.120831,-1.353536,0.822084,-0.318326,0.418387,-0.040232,-0.90795,1.604826,-0.283626,0.030877,-1.118558,0.177251,0.398717,0.052435,-1.013457,1.101136,1.780917,-0.915388,-0.0
tasaexplorer,q,-2.936063,0.685078,-1.968015,1.089634,2.184227,0.37376,0.045148,-0.357889,-3.143726,-0.135173,-0.143975,-0.985801,-0.060603,-0.104219,-0.52416,-0.310053,-0.111202,-2.57471,-0.48602,0.768212,-0.455888,-1.413295,-1.429421,2.05132,0.800328,-0.685238,0.194301,0.573261,-1.86415,0.815233,1.294409,0.287823,-0.788999,-2.094,-0.817202,-0.084546,0.504015,-0.393465,0.750674,-1.34234,-0.0
tasaexplorer,r,-3.266434,3.854991,-0.196563,0.064178,-0.727629,0.278656,1.858879,-0.270971,-1.036847,-0.256712,-0.511814,0.328077,-0.024718,0.524538,0.216728,-0.463497,0.192142,0.606759,-0.276106,0.504835,-1.449047,0.637185,0.163595,1.626021,0.087566,1.373302,0.280644,-0.737457,1.521566,1.812731,-0.948184,-0.977584,-0.048884,1.838883,0.632295,0.224571,0.045477,-0.94256,2.669725,-1.565911,-0.0
tasaexplorer,s,0.553582,-4.107191,2.313695,-1.493416,1.434991,0.333793,1.656894,-0.132889,0.774813,0.958608,-0.914956,-2.384671,2.574594,-1.524726,-0.279487,-0.570671,-0.34435,0.097384,1.548594,0.674138,0.439685,-1.315565,2.766266,2.636386,-1.529746,-0.689166,-0.584773,-1.670958,-1.067169,2.024009,-0.162784,-1.453641,0.345695,0.541313,0.590541,-1.219454,-1.062434,-0.858895,0.82016,0.354934,0.0
tasaexplorer,t,-4.20449,1.913451,-2.601228,2.126222,-0.050026,-2.079218,-1.332091,1.079293,-0.024558,1.235655,-2.120581,1.222635,1.238743,-0.417929,-0.291308,1.636355,-1.65188,-0.055604,0.444951,0.866163,-2.207457,1.9452,-1.891821,-3.142049,-1.481745,-2.155739,-1.563492,-0.122778,-0.05298,-0.882552,-0.414434,-1.569931,0.163643,-1.539114,-0.736896,0.194848,0.676617,-1.549146,-0.310276,1.371217,0.0
tasaexplorer,u,0.41518,-3.679094,-1.00851,-1.062641,-1.007438,-1.175931,-0.864312,-0.375614,-0.8637,0.038259,-0.978337,-2.210983,-0.464933,0.496154,-0.327158,-1.462412,-2.250474,-2.252546,-0.850075,1.708156,1.099865,0.386233,-1.500268,0.576228,-1.179345,0.276503,1.254453,-0.878777,0.156968,0.248045,-0.176257,-1.415414,0.195884,0.198718,-0.023213,-0.267226,-0.868497,0.499198,0.226014,0.586458,-0.0
tasaexplorer,v,2.532323,1.670965,0.721448,0.094292,2.537592,0.742415,-1.424446,-0.759709,2.956465,2.014974,0.196401,1.671281,-3.29711,-1.395738,0.408188,-0.1575,0.521936,1.461153,2.384626,0.137834,0.416402,-0.72756,-1.881455,-1.090934,-1.864027,-0.493541,-1.266362,0.08351,1.090203,-1.842965,-0.886434,-0.61271,0.993426,0.498939,-0.968269,-0.710261,-0.577268,-0.301262,-1.051557,-0.745837,-0.0
tasaexplorer,w,-1.877037,-0.982593,-0.731501,-2.97229,3.650498,1.613031,1.791607,-0.52858,-0.752853,-1.211284,0.753786,1.719729,-0.957394,-3.803734,1.982287,1.510399,0.167747,-3.359114,1.069564,-0.480738,2.947836,0.687473,-0.167161,2.287739,0.651151,-1.977276,1.241292,-0.027578,-0.318053,2.103542,1.180513,-0.247263,1.422134,-1.332024,0.930876,-0.025802,1.133095,0.661046,1.217313,0.905268,0.0
tasaexplorer,x,-4.714624,0.060241,-0.470716,0.910187,-0.354965,-0.929655,0.116142,0.876853,0.043673,0.643699,-0.09838,-1.025548,-0.069614,0.016834,0.053329,0.252204,0.249376,-0.250432,0.971296,-0.275928,-2.107737,0.145951,2.838273,-0.813174,0.319261,0.653484,-0.149402,0.403059,0.187579,-0.217819,0.174506,-0.018257,0.040417,0.042421,0.016848,0.01482,0.018951,0.04727,-0.004339,0.01028,0.0
tasaexplorer,y,-6.813102,2.642561,0.278325,-1.832019,-0.069003,-2.054851,-0.786844,-1.30591,-2.91262,3.08784,1.27412,-0.301825,0.025608,-0.849176,0.357896,2.604234,0.389121,-0.852061,-0.213655,-3.575626,0.966178,-0.293104,-3.261937,1.887296,-2.101834,-1.109035,0.591125,1.004309,-0.411218,-0.257608,-0.737322,-1.753399,-1.878989,-0.801189,1.119352,-0.160137,0.199998,1.049451,0.659309,-0.130504,0.0
tasaexplorer,z,1.963896,-2.676611,1.845837,-0.490686,-1.737778,1.65614,2.262528,1.470856,-0.815488,0.371001,0.125352,0.548896,2.455318,-1.186833,-1.173301,0.328554,-1.482371,0.178204,0.1225,-0.900552,1.358711,1.190505,1.458233,0.686487,-0.481293,-1.713591,-0.419219,1.526957,0.147067,2.370678,0.174911,-1.698268,0.71225,-0.415495,-0.412828,-0.671258,1.367039,0.051343,-0.423989,-0.688177,-0.0
tiktoksans,0,0.057515,-0.558917,0.66034,-0.01274,0.315765,1.142332,-0.142745,-0.713809,0.044876,0.060468,-0.242013,-0.429464,0.475837,0.731245,-0.236616,0.919625,-0.129591,-2.040077,1.155643,-0.120592,0.717589,-0.660943,-0.01722,-0.369172,1.480504,-2.111414,-0.955077,-0.291622,0.039687,0.86817,1.017473,0.559621,-0.360448,0.951463,-0.758555,0.178549,0.089095,0.03272,-0.119331,-0.228667,-0.0
tiktoksans,1,-11.18165,6.887548,-7.05074,-2.266552,-1.653433,-1.188348,1.512664,1.20839,-0.686356,-0.76074,-0.217093,0.850776,-1.209457,-0.041281,0.170255,-0.834043,0.823104,-1.192007,-0.994564,-0.7081,1.056119,-0.092404,-0.661011,0.041517,-0.702037,-0.101444,0.8344,1.941892,-1.381943,-1.235003,1.232655,1.517816,0.648917,1.519919,-1.028357,-0.170786,-0.436813,-0.548745,0.164309,-0.206242,-0.0
tiktoksans,2,0.013555,0.614082,-1.578411,-0.440537,-0.054789,-2.217723,2.76754,0.422912,0.748433,0.858164,-1.584271,1.25714,-1.010073,1.138925,-0.31669,-1.828659,-2.976341,-3.474318,-1.070366,0.707148,0.425252,-0.507456,1.474674,-1.270769,-1.963439,0.811401,-0.374447,-0.125946,-1.66768,-0.116387,-1.400973,-0.531151,-0.060234,-0.429264,0.595611,0.832067,0.590754,-2.292254,-0.475719,0.514717,-0.0
tiktoksans,3,0.975677,2.119784,0.323393,-1.987661,4.966464,3.761025,2.583126,2.026276,-1.085826,2.301041,-2.306744,1.042741,-1.902907,3.42815,-0.59203,0.946732,-0.573186,-0.376538,0.021565,-1.133978,-1.056433,-2.323939,-0.136047,0.088907,-0.652956,-0.708127,0.31928,-1.372729,1.342404,-0.684804,1.231859,-0.16704,0.506384,0.429528,-0.07343,0.882441,-0.610668,-0.924078,-0.823812,-0.263033,0.0
tiktoksans,4,-1.822384,-2.034274,1.784615,3.037777,-2.661282,1.595647,-0.936683,-0.511641,-0.580531,-0.131085,-0.310989,0.840323,-0.46039,-1.093974,-0.424342,0.202409,1.685816,-1.40874,1.011687,0.459716,0.809976,-2.128449,-0.398827,3.250019,1.730109,2.399731,0.362415,2.555933,0.191524,1.368152,-2.593177,1.344902,1.503073,0.230316,0.196379,0.358457,0.505556,-1.364743,0.017933,-0.104033,0.0
tiktoksans,5,-4.082398,0.878662,0.311729,-0.21463,1.154866,1.900836,-0.754234,-0.593832,0.682709,0.415876,-2.430375,-1.455197,-2.106747,0.199065,-1.064712,-1.269398,2.774469,1.512091,0.000243,0.973636,0.430165,-1.093146,0.893236,-2.27124,0.265872,0.915612,1.008842,1.956098,0.604944,-0.072751,0.285609,-1.375974,0.866155,-1.289167,1.201701,1.531382,-1.376825,0.068841,-0.028462,-1.35804,-0.0
tiktoksans,6,-1.700961,-3.038904,1.801483,0.527682,1.944337,-0.002413,-0.898983,-0.185608,-0.268658,1.404036,0.730331,-1.980524,-0.514149,-0.101883,0.584346,1.041664,-0.987629,0.179479,1.502687,-0.198435,-0.875398,0.335199,-0.284305,0.130574,1.884589,-0.600387,0.601258,-0.73726,0.737003,-0.156336,-0.450699,2.026968,-0.251109,2.835058,1.494869,2.163419,-1.220761,-0.415876,-1.07637,-1.430782,-0.0
tiktoksans,7,-1.476952,2.720488,2.270234,0.699447,0.204416,0.840614,2.664171,1.505896,-0.369024,0.424463,2.17361,-1.322726,-2.187992,0.468,-1.329491,-0.155641,2.650555,-0.008061,2.236456,1.709225,-0.821344,0.170989,-0.645998,0.379729,-1.888798,-0.72976,0.104336,0.985009,0.463412,0.832206,-2.055875,1.345479,0.73251,1.287754,0.387243,0.609324,0.270857,-0.378112,-0.403799,0.534851,-0.0
tiktoksans,8,1.795486,2.25973,-0.565607,-0.61944,-0.669457,-0.93959,0.300981,0.277629,-1.022157,-2.566122,1.598362,1.540421,-1.068891,1.702348,-0.493455,-0.29213,0.662225,-0.912847,-2.58748,-0.627378,0.037316,-0.470743,-2.421234,-1.470936,2.327975,-0.460815,-1.322369,-0.457891,-2.519741,-1.198408,-1.087918,0.566641,-0.234582,-0.589838,-1.240325,0.691052,-1.956571,0.454409,1.121582,1.261479,-0.0
tiktoksans,9,-2.313073,1.872667,-1.818942,0.46569,0.426467,-0.252328,0.627262,1.179309,-3.014789,-0.201372,1.276754,-1.413416,-0.030204,0.185992,1.574143,-1.624791,-0.418875,0.487718,1.244879,1.457373,0.839602,1.15114,-1.651655,0.787004,0.145214,1.474231,-0.777949,-0.98806,-0.209198,-0.51895,0.224349,-0.82066,1.185654,0.641627,0.436927,-1.435305,-0.197749,-0.747467,2.607198,-1.860236,-0.0
tiktoksans,A,-5.200623,2.269375,1.213214,-1.122867,-3.600607,0.630273,1.917136,0.150562,-1.177395,0.066164,1.14184,3.229889,-1.929217,-0.710238,-0.417863,1.470166,3.642483,-1.694067,-1.181889,-1.113283,-0.622622,2.370105,0.323877,-0.034351,-1.251462,-2.318181,0.135509,-0.033971,-0.391757,-1.405125,-2.322098,-0.244996,-0.419516,-0.824335,1.559615,0.120812,0.976288,1.24329,0.226215,-0.122501,0.0
tiktoksans,B,-0.36913,-1.145798,1.003258,-0.092681,-1.922006,1.719195,2.373541,1.046604,0.218006,1.778949,1.864713,-0.314816,0.384716,-0.083868,-0.127966,1.497945,1.605252,0.125103,0.83061,-0.304282,0.394273,-2.317911,-1.355332,-0.544047,1.554767,-0.480728,0.161554,-1.29249,-1.184217,-1.431162,-2.264405,-2.374074,-0.851041,2.755397,1.002564,0.170026,-0.195746,0.923933,0.730491,-0.748811,-0.0
tiktoksans,C,-1.863654,0.862326,0.038215,1.39846,0.36556,-0.336205,-0.548037,-0.763311,0.056504,0.139346,-0.145043,0.788467,0.51127,-0.467882,0.045384,-0.47252,-0.188021,-0.319453,0.309233,-0.965391,-1.271168,0.411908,2.248269,1.338107,-1.427133,-0.322885,0.334161,-1.050863,0.239988,0.408595,0.361795,0.206061,0.484864,-0.83556,-0.274073,0.026017,-0.079157,0.353336,0.098154,0.051748,-0.0
tiktoksans,D,0.852002,-0.281584,-0.014926,0.517172,-0.36498,0.921049,1.421025,-0.949302,1.788073,-0.087661,0.994102,-0.442924,1.330098,0.893601,-0.768049,0.072038,-0.078709,-0.178661,0.723903,0.831119,-0.199968,-0.279523,1.444227,0.111642,0.195695,-1.178443,-0.220595,-0.321496,-0.378556,0.364698,-0.984322,-0.606628,0.093165,-0.901081,1.223325,0.076987,-1.292928,-0.437068,-0.117418,-0.245165,0.0
tiktoksans,E,2.680863,-1.356884,-2.068148,1.905242,-2.883855,0.279029,-0.090486,-1.000477,1.003351,-1.103952,3.337029,1.943662,-1.732939,2.266592,0.459532,-1.482997,-1.88698,-0.488834,-0.564492,-0.931557,-0.246874,0.6774,0.827592,0.996197,1.742866,0.686319,-1.31482,-0.286064,-1.621646,-0.662446,0.076524,0.318649,-2.581334,-0.698968,-1.45615,1.302876,-0.085625,0.178347,1.129936,-0.539945,0.0
tiktoksans,F,-5.809305,7.519668,1.980091,-0.263842,-1.108404,-2.30915,-3.383126,-1.398944,0.476851,3.125229,0.818774,-0.525178,1.085434,-2.031638,-0.592221,0.682865,-0.853095,-2.264294,0.926276,-0.708774,0.300361,1.147595,-1.672334,2.044401,0.858868,1.644754,1.33064,0.822184,-1.340175,-0.820401,-0.072414,-0.919876,0.316687,0.716003,0.668166,1.234551,-0.789021,-0.602866,0.122227,0.175113,-0.0
tiktoksans,G,3.221996,1.497921,0.241211,1.122065,-1.742531,1.818578,-0.058727,2.716672,2.538084,-0.665336,-0.274738,-3.891466,-1.388912,-0.51729,1.62218,0.074228,-0.763609,-0.916006,1.974799,-1.144581,-1.298578,-0.677799,-0.726369,0.236202,-0.750072,0.256453,-0.605619,-0.124416,1.018187,0.023822,-0.513071,-0.415178,0.478552,0.0188,-0.164331,-0.08671,-0.328803,-0.063452,0.19869,-0.003418,-0.0
tiktoksans,H,4.581797,3.743469,-0.409249,2.882995,0.46918,-1.142801,0.269396,0.946424,0.88552,-0.157994,2.373978,1.82571,0.688873,1.184776,0.067436,3.118959,-0.494918,-1.474925,-1.242081,-1.202689,0.791306,-1.268727,0.101407,3.110812,-2.136267,-0.109467,-2.620193,-1.003315,0.909804,-1.544181,1.357071,-0.11336,-0.421447,-0.179456,-1.385403,-0.354854,-0.366373,-0.211398,0.886821,-0.468607,0.0
tiktoksans,I,-4.512218,0.530645,0.371032,-0.009222,-0.01724,0.022223,-0.056892,0.061634,0.034391,-0.174427,-0.161352,-0.007708,-0.082326,-0.212697,-0.032882,0.049297,0.056274,-0.026476,-0.068479,0.069148,0.216742,-0.789616,0.146534,-0.053926,-0.170326,-0.109875,0.209879,-0.074583,-0.036302,-1.9e-05,-0.111644,0.02418,0.023985,-0.009973,0.031036,0.151551,-0.073928,-0.092576,-0.073631,-0.001338,-0.0
tiktoksans,J,-15.271956,-3.279434,-5.184903,1.363268,-0.797901,-2.522912,-0.328925,0.54596,0.556391,0.159991,-0.214421,0.306953,-0.299355,1.649818,-1.167844,1.208743,0.467575,0.575115,0.777372,-1.610615,2.082308,-0.28218,-0.150266,2.134418,-2.228819,-0.056463,2.395755,-0.393324,-0.263578,0.887707,0.150881,-1.174398,-0.699446,1.48482,0.482374,0.936169,0.422336,-0.135693,-0.141374,0.091545,-0.0
tiktoksans,K,1.949254,0.574142,3.32766,-3.726172,-0.565671,-7.373216,-6.708509,0.981777,2.009335,3.546861,-2.382194,-1.143451,0.807183,0.524538,0.060254,-1.027042,0.603203,-0.685209,-0.735053,-1.836671,-0.624576,-0.381147,0.002665,1.022401,0.304003,-0.314838,-0.609618,-0.364603,0.385103,-1.236581,0.408493,-0.007827,0.033702,0.144293,-0.365993,-0.481698,-0.171596,0.379812,0.002851,-0.199783,-0.0
tiktoksans,L,3.739808,-2.037132,3.232862,-1.283758,3.878695,0.560009,0.905493,-1.844741,1.331267,-0.443783,-0.319668,-2.144862,-0.134778,-1.545869,-0.17436,-0.100681,-2.428122,-1.567212,1.495926,1.442684,0.572116,-0.303684,-1.112185,2.391217,0.698369,1.178139,1.435347,-0.759153,0.150443,1.518898,1.423281,0.746544,-0.42081,1.035745,0.733258,0.311612,0.858713,1.120003,0.934574,0.965463,0.0
tiktoksans,M,1.880496,2.094928,0.594765,-1.283948,-2.592375,-1.357793,-0.071657,1.419929,-0.843464,-0.718518,-0.628892,1.53325,1.240007,1.03958,0.074032,-0.866496,1.115407,0.410279,-0.056124,-0.489698,-2.422949,-5.10962,0.491908,-1.258409,-3.118526,-0.977872,-0.826352,1.450696,0.230478,-0.857738,2.601042,-0.212677,1.184228,2.223197,-0.138076,0.161319,-1.809532,0.124089,-0.326363,0.37485,-0.0
tiktoksans,N,-4.249228,3.821667,4.284253,3.983393,-0.839618,-1.56321,-0.795748,-0.539931,-1.51825,0.472542,-1.83404,0.962742,-0.821361,-1.697114,-1.179511,-0.424118,2.801006,0.050654,0.071448,-2.865183,-0.170677,-0.516279,1.042606,-0.193255,-1.151643,-0.997741,0.434773,-0.291256,0.361913,0.335694,-0.216936,-1.386611,0.044035,-1.332113,-0.039724,0.680976,1.263534,0.389476,-0.411027,-0.213719,0.0
tiktoksans,O,0.889375,0.152559,0.410479,1.093422,-0.440357,-2.006735,0.099983,0.21038,0.698182,-0.14651,-0.053897,0.473247,1.121576,-0.6578,0.986743,0.099811,0.153558,0.37977,1.414946,0.380419,0.390048,0.2816,0.837198,-0.894009,-0.626041,-0.858727,-0.556549,-0.471402,0.144258,0.114411,0.332499,-0.829209,0.692301,0.966026,0.12605,0.315169,0.086051,0.576149,0.112537,-0.341214,0.0
tiktoksans,P,-2.16789,3.482349,1.761855,0.677956,0.702783,0.299742,-0.589012,-1.214189,2.354343,-1.315088,0.844537,-2.482236,-0.343154,2.415651,-1.373762,-0.674178,-1.06771,0.162352,2.280797,3.615767,-0.252554,0.229415,-1.347435,1.652059,0.379349,-0.021265,-0.351873,2.337382,-0.672944,1.479494,-0.14054,-0.016696,-1.050952,-0.495246,0.953577,0.459314,0.141778,-0.855188,0.400664,-0.03225,0.0
tiktoksans,Q,5.318542,0.529453,-2.401886,-0.960356,-1.067072,3.939759,0.57384,-1.207935,-0.951516,-0.026091,2.624406,-1.38727,0.42218,-0.998522,-0.321767,-0.017873,0.70123,-1.539798,-0.94528,-0.615516,0.183334,1.316489,-0.959194,0.315855,0.18488,0.054054,0.396369,0.043118,0.152755,0.110345,-0.259564,1.184007,0.721605,0.330842,0.511049,-0.27452,0.075529,0.159474,-0.043409,0.314309,-0.0
tiktoksans,R,6.800104,-1.250025,7.537382,-1.578536,6.719274,2.92139,0.576691,-2.732584,2.700274,1.487511,-0.116087,0.670666,-0.257157,0.095926,-0.352127,-1.109041,-0.472865,0.007201,1.659051,-1.185226,-0.641606,-1.388186,-0.031492,0.03266,-0.053087,0.140315,0.142604,0.033322,-0.014068,-0.040545,0.407769,0.16147,-0.315789,0.21685,-0.335153,-0.244664,0.520757,0.076692,0.113879,0.313856,0.0
tiktoksans,S,0.969287,1.184173,2.279183,-0.293754,-1.26376,-1.091361,2.191442,-2.862713,1.436892,2.125598,-2.013743,1.091221,0.638935,-0.965765,2.303778,2.893162,0.246002,-0.521637,-1.307414,-1.907159,-0.2219,-0.837436,-0.072913,-1.218618,-0.124124,1.237459,-0.370542,0.05865,-0.210325,2.356424,2.033171,-1.450273,-0.725182,-0.312055,-1.035033,-1.026251,0.716368,0.101359,0.220542,-0.231782,-0.0
tiktoksans,T,-1.404839,-4.042501,0.870987,2.525727,-0.46796,-1.197988,0.568256,-0.645621,-1.745771,-0.721244,1.073977,0.396678,0.166861,1.090773,0.662929,-0.36853,-1.354149,-0.252996,0.67585,0.776601,-1.512785,0.392318,-1.07238,-0.729803,-1.824396,-0.663847,-1.314709,-0.050465,0.314686,-1.380952,0.887477,-0.493099,-1.030164,0.447265,1.216924,1.196738,-1.280019,1.698021,0.311118,-0.694196,-0.0
tiktoksans,U,2.875366,-0.485425,-0.202835,0.349984,-0.109235,1.952256,-1.189771,0.166453,-0.271005,0.260651,0.133483,-0.828234,-1.280239,-0.424261,1.239493,2.068371,0.625537,0.447953,0.762437,1.337937,0.993007,-0.719906,-0.007687,0.623689,-1.097815,-0.120364,0.418939,1.730125,0.118263,0.939725,-0.112223,-0.460067,0.491682,0.154038,0.202305,-0.91785,-0.296982,0.108281,-0.084117,0.247319,-0.0
tiktoksans,V,2.452765,0.58296,0.310652,-0.294794,-0.110964,1.506786,-2.354719,1.945752,-0.492425,-0.544769,-2.004808,-0.786684,0.341792,1.620413,-0.722681,0.288664,-1.819567,-0.707403,-1.995379,1.634469,-0.365594,-1.798862,-0.955174,1.438873,-0.86299,-1.335705,-0.213034,1.220544,-0.410908,-2.364196,0.093437,-0.60561,-0.897332,-1.045136,-0.595097,0.497729,-0.376269,0.286859,0.607483,0.516883,-0.0
tiktoksans,W,1.85742,-0.569981,1.618587,-2.05194,1.243469,0.458564,0.041631,0.074277,-0.922873,0.117289,0.307082,-0.630161,0.94681,3.456111,-1.561346,1.498674,1.906039,-0.276996,5.673298,-2.473424,-1.994229,0.89159,-0.291718,-0.868649,-1.461208,1.932639,-1.104559,-0.920299,-0.489104,-1.41264,-1.042361,0.401383,-0.064209,-0.950624,0.559227,-0.369942,1.324524,2.00211,-0.477186,-0.822695,0.0
tiktoksans,X,-2.793934,1.813087,-1.35088,-0.343778,-0.692602,-1.535297,0.975049,0.904382,-0.341668,-0.784439,-0.441423,0.181759,-0.086325,-0.071932,0.382985,-0.540451,-0.20491,1.673217,-3.113406,-0.567882,-0.88596,0.577193,0.16397,-1.514449,-0.194345,1.342325,0.661744,0.473552,-0.310917,-0.060733,0.004191,0.038191,-0.003924,0.012543,-0.002832,0.003351,-0.00742,0.002414,0.003532,-0.004633,-0.0
tiktoksans,Y,-4.395099,6.501773,2.282244,4.10981,-4.579025,0.389409,-1.868264,-0.800089,-4.378894,-1.683598,2.560913,-3.18674,1.033686,1.273076,-2.402784,-1.22149,-0.519419,-1.01233,-1.207944,-0.42976,-0.968798,0.995336,-0.39618,-1.221273,-0.597748,0.311905,0.613472,0.663966,-0.303687,-1.141035,-0.096635,0.279558,0.585282,0.147425,0.275912,-0.795165,-0.978222,0.877192,0.188472,0.564773,0.0
tiktoksans,Z,2.545482,2.55843,-0.810645,-0.548533,2.201967,-2.306059,0.345031,-0.811122,1.60703,-1.116165,-0.90692,-3.171498,1.307188,1.399072,1.063786,0.546081,1.717296,-0.034648,-1.907238,-0.832761,-0.518113,-0.860132,-0.292703,-0.31864,0.348741,0.048861,1.126499,0.466399,0.687172,-0.549823,-0.284362,-0.740228,0.849134,1.575977,-0.172296,1.945838,-0.347125,-0.627344,0.871056,-1.415638,0.0
tiktoksans,a,2.182229,0.920053,1.703751,1.422572,0.388741,-1.561961,0.603757,-1.20823,0.789852,-2.131313,1.586051,0.947922,-0.066425,-1.693428,-1.996656,2.717466,0.79511,3.779082,-1.633426,3.022455,-0.673314,1.827694,-0.441694,0.66252,0.948634,1.237014,0.074463,0.160933,-1.586463,-0.686052,1.735529,0.425868,-0.977916,1.333769,1.174311,0.455116,-1.101784,-0.35479,1.544865,-0.160733,-0.0
tiktoksans,b,2.572762,-0.177965,-0.158328,1.918528,0.905416,-1.677921,-0.550383,-0.367435,-1.798895,-1.298543,2.620559,-1.763369,-1.051854,1.052926,-0.897259,-0.870137,0.968743,-0.235928,0.306713,0.283083,0.529366,1.677548,-0.702492,0.403452,0.6626,1.896575,-0.363889,0.157599,-0.072576,-0.706313,-0.153081,-1.896009,0.754254,0.720513,-0.410862,-0.32184,1.703025,-0.046308,1.8129,-1.441002,0.0
tiktoksans,c,-0.301673,1.819919,-0.70227,1.007968,0.381305,0.435851,-0.998008,-1.128146,-0.283909,-1.089569,1.070512,-0.526922,0.356782,0.215498,-0.017245,0.377045,0.443747,-0.364105,-1.425881,-0.779553,-0.522,1.430058,0.392689,-0.230278,-1.189233,-0.494781,0.64959,-1.16636,-1.740793,-0.037464,0.897448,1.690978,-0.434367,-1.854599,0.147202,-0.162265,-0.492397,0.009246,0.420397,-0.07635,-0.0
tiktoksans,d,2.369061,-0.090343,0.283642,0.300125,1.944128,0.64825,-1.206225,0.67649,-0.692709,1.654312,1.251477,0.105856,0.99143,1.208402,-2.190959,-0.204684,-1.869119,-0.191991,-0.790829,-0.752182,-0.154326,-0.971895,-0.955277,-0.785188,-2.321894,-1.331524,0.87642,1.38996,-0.830096,1.348506,1.156398,-0.47097,0.476147,0.317247,0.189209,-1.604165,0.866177,0.262807,2.009965,0.368155,0.0
tiktoksans,e,0.757798,-2.958299,-2.635207,-0.098858,0.318439,4.243963,1.335863,-1.404545,0.599825,2.979711,1.414173,0.340946,3.093316,0.158615,-0.507087,1.020803,-1.080721,-0.771972,-0.768827,-1.291042,-2.010523,-0.720562,-3.264053,-0.415523,0.327916,-0.81058,1.699898,0.25382,0.543472,1.003391,2.023356,0.393158,0.168995,0.518684,1.582243,-0.261397,-0.653093,-0.556239,0.153824,1.281151,-0.0
tiktoksans,f,-8.69655,-3.974848,-0.615909,1.303955,0.144749,-0.257758,2.066937,0.739037,0.961762,-0.297855,-0.630238,0.355689,1.828234,0.461839,1.161217,-0.167474,0.51292,0.844515,-1.025612,3.680776,1.803416,-0.694985,-1.847409,-1.532048,2.069099,-0.064733,-0.002824,0.632026,-1.131895,-0.170572,3.908449,-0.183058,-1.18811,-0.024784,-0.478083,-0.283582,0.000394,0.426066,0.23377,0.301686,0.0
tiktoksans,g,3.783356,-0.149166,-0.162556,-0.164322,-0.675795,-0.011237,-0.150815,0.558653,-0.484932,-1.689035,-0.343712,-0.277906,-0.520489,0.669669,-0.579573,-0.745029,0.505676,0.337735,1.902293,0.278794,0.916708,-0.456788,-3.061654,1.619215,0.644226,-1.007992,-1.864598,-2.75213,0.418159,0.51707,1.139125,1.32069,-1.438549,2.38859,-0.033673,-0.055483,0.259485,2.572654,2.068056,0.74527,-0.0
tiktoksans,h,2.394713,0.505736,1.702462,-0.271954,0.084174,0.728722,0.786686,-0.589474,1.677573,-1.093566,-1.364701,-2.716537,-1.667994,-1.134803,0.902401,0.685191,0.014694,1.133468,1.274757,-0.394725,-1.124932,0.246786,2.422059,-0.096586,-2.081347,0.728066,1.641337,2.011644,0.082041,0.296953,0.638425,-0.148946,1.454581,1.16189,1.178871,-1.538476,-1.199213,-1.178663,0.388249,-0.681747,0.0
tiktoksans,i,-3.878011,-0.326449,-1.899612,0.562006,0.14518,-0.59261,-0.561256,0.218604,0.388313,0.317109,0.274369,1.598084,0.260816,-0.522546,-1.472655,-0.909213,-1.380883,0.434382,0.007444,-0.26508,-1.427172,0.027119,0.650719,0.151815,0.519727,0.141772,-0.747892,-0.542041,0.539997,-2.598794,-0.059471,-0.081595,0.472234,-0.449128,0.200828,-0.478439,0.062301,-0.265796,1.437596,-0.273835,-0.0
tiktoksans,j,0.646993,-4.843457,-0.848069,-0.751006,2.079324,-0.056095,-1.726657,-0.648348,-1.301923,0.712711,-2.483937,0.074602,3.164049,0.382089,-0.905017,-3.227857,-0.523297,-0.395737,-2.127975,-0.093775,1.601247,-1.344937,-2.26378,0.747363,-0.130161,1.221025,-1.443624,-0.526139,-1.06811,0.677124,-0.210699,-1.266396,0.314125,-0.0559,0.255763,0.845228,0.730555,-0.576176,-0.137768,-0.383542,0.0
tiktoksans,k,9.388463,3.041193,1.557971,0.456355,1.309483,-1.267857,-1.739845,-2.281644,-3.626898,0.985266,0.815109,0.773158,0.002223,2.307782,-1.293383,-0.551274,-1.117985,-2.5068,-1.907436,0.429005,0.501235,0.559234,0.60835,-1.221322,-2.4491,-0.616159,-2.205768,-3.150361,0.171675,-0.031634,-1.072531,-0.781296,-0.116773,0.145661,0.191597,0.566568,0.315817,0.37632,-0.844885,0.440216,-0.0
tiktoksans,l,3.680324,-1.415987,0.989486,-0.737304,-0.041898,-0.648201,-0.11812,-0.092122,0.010055,0.068204,0.243765,0.398916,-0.349132,-0.067313,-0.130202,0.114565,0.049199,0.222327,0.173452,0.152975,0.154635,-0.176856,0.130245,0.011665,-0.23738,-0.012891,-0.077578,-0.196135,0.59471,0.455965,0.140054,0.087865,-0.185695,-0.120168,-0.262676,0.047805,-0.054456,0.074096,-0.029368,-0.000281,0.0
tiktoksans,m,2.842092,0.32446,-0.223483,-0.335407,-0.858416,3.047779,0.17493,0.644455,0.40371,-1.056066,0.05855,0.654339,-0.847527,1.139393,-1.844184,1.761486,0.961491,1.364906,1.118147,1.092078,1.30592,1.429984,0.538627,-0.478448,1.989268,-0.014628,-0.531265,-1.770215,0.470508,1.737162,-0.957101,1.773678,-1.935747,-0.653739,-1.001145,1.229981,-0.866698,-1.158512,-1.25423,1.214613,-0.0
tiktoksans,n,2.235295,-0.323239,-0.409987,-0.159603,-1.877948,-0.080717,2.439946,0.50807,-1.951368,-0.416573,-0.095707,-0.067792,1.536638,1.367703,1.617874,0.628276,-1.123015,-1.377377,0.820196,0.894426,-1.477879,-0.68366,0.457564,-1.163086,1.978756,0.306784,-0.229177,0.551277,-0.996266,0.967943,-0.628651,0.020794,0.666636,1.013898,-0.058794,0.38446,0.18794,-1.082282,1.516009,0.030401,-0.0
tiktoksans,o,0.234674,-1.571164,-0.564476,-0.767453,-0.408392,1.25799,0.660496,-1.252487,-0.60284,-0.547552,0.07307,1.417179,0.84265,-0.411083,-0.673757,-1.750103,-0.170562,-0.136186,1.44083,-0.148924,0.062529,-0.610153,0.32321,-1.063582,0.56213,1.126282,-0.954836,-0.501683,-0.544844,0.145421,-0.711034,0.090479,-1.523523,0.811018,-0.057984,-0.255453,-0.93056,-1.002194,0.37691,-0.24767,0.0
tiktoksans,p,-2.805358,-0.186841,-0.096046,-1.943188,-0.120038,0.88476,-0.837074,0.122446,0.583826,-0.154897,-2.372819,-0.55586,-1.133622,-0.291846,-0.786981,-0.715466,-0.196886,-0.926784,-1.217709,0.188675,1.050994,-1.026168,1.267677,0.181087,0.735793,-0.479802,-2.933833,0.514609,3.284332,0.523938,0.030441,0.21286,1.171737,0.229953,0.72488,-0.21571,0.071995,-0.067517,-0.379187,1.602649,-0.0
tiktoksans,q,-1.355201,1.215487,-1.341152,-0.050522,-0.026753,0.101278,0.578574,-1.629152,-2.084619,0.81155,-1.283037,1.678661,-0.403535,-0.82679,0.682171,-1.408719,-0.458752,0.713938,2.57443,-0.2266,-2.65136,-0.215975,2.014759,0.030952,0.722375,-0.193559,-0.467981,-0.946166,0.790549,0.669015,0.401376,-0.885567,1.27478,1.151523,-0.735717,-1.929126,-1.187388,0.598219,0.372566,-1.19716,-0.0
tiktoksans,r,-4.377342,2.415001,-1.245095,1.381779,-0.750939,0.254995,-0.069453,0.813077,0.165855,-0.361626,-0.91082,0.34743,0.110622,0.746965,-0.76727,-0.756743,0.33666,0.925557,0.023708,0.546116,-0.176675,1.252849,-1.198238,-0.216848,-0.490748,1.491644,-0.497395,-0.096777,-0.192425,-0.781626,1.410636,0.059047,-0.778339,-2.171477,-1.582078,-0.645393,-2.301978,-1.490156,-0.713054,-1.767113,-0.0
tiktoksans,s,0.386354,2.129167,2.211521,-0.072612,3.337462,-1.679571,1.415701,-1.600379,1.85548,-0.744802,-1.268489,1.940825,1.852297,1.210979,-1.428648,0.030377,-0.309201,0.543914,0.560686,-2.339719,-0.804012,0.814628,0.124801,1.540878,0.837068,4.200036,0.448205,0.751939,0.06081,-0.409342,-0.021381,-0.103798,-0.535021,0.128013,-1.889724,0.204379,-1.206009,-0.164179,-0.142479,-1.3045,0.0
tiktoksans,t,-8.045213,1.243315,-0.614444,3.275444,-2.031343,0.03352,-0.49237,1.628496,-1.784941,-5.491701,-0.346841,1.44175,0.586767,-1.409921,-0.669735,3.037322,2.196799,-1.170541,0.793596,-1.631957,-0.565328,1.028821,1.290972,0.459078,-1.873115,1.852941,0.14736,-0.732153,0.491316,-1.371853,0.030394,-1.124614,-0.614359,0.345891,-0.147391,-0.288676,-0.229034,1.160202,0.396435,-0.87473,0.0
tiktoksans,u,2.967473,-0.84703,0.853081,-1.523087,-0.803344,1.058344,-2.039095,1.915538,0.539665,0.010671,1.350187,-1.598863,1.428034,1.28137,0.053217,1.199537,1.343358,-0.693468,-0.856385,-1.333685,0.748386,0.580884,-0.273421,0.62259,-1.259817,-0.06197,-0.348783,1.915,1.052784,0.780837,1.126828,0.992477,-1.226398,0.289088,0.323484,-0.52392,-0.351595,-0.668668,0.411169,0.949635,-0.0
tiktoksans,v,2.728248,0.918461,-0.517201,0.916677,-2.022802,-0.290276,-1.539156,-1.466487,0.558335,-1.869823,-2.036344,-1.027542,-0.139521,1.609784,2.379677,1.119609,2.299335,1.211335,0.661091,0.62685,0.089521,2.891874,0.148903,0.149169,1.31738,-1.567756,-2.10209,-1.417532,0.716879,1.337504,-1.169813,0.80929,0.527611,1.441605,0.924309,0.715913,0.610803,0.191123,-0.795097,0.176211,-0.0
tiktoksans,w,-2.783074,-0.507793,2.003789,-1.667634,-1.279784,1.475781,2.222332,-0.956774,0.641871,-0.522578,-2.595646,2.440251,0.090069,3.808362,-2.918468,-0.516613,-1.793304,-1.307275,-0.528258,-0.59856,-1.173659,1.206493,-0.875986,-1.438466,-0.942167,-1.850041,0.84932,-0.263683,3.006057,0.525458,1.862757,-1.245531,1.781184,1.826439,0.234941,-0.71825,1.428626,-1.200275,0.660326,-0.895751,0.0
tiktoksans,x,-2.628197,-1.954881,0.199895,-0.87567,0.289998,1.574742,-0.666968,-0.48116,-0.136622,0.104017,-0.155257,0.497975,-0.408085,-0.081416,-0.16177,-0.343155,-0.084299,0.571494,-1.057026,0.452224,1.192604,0.236872,0.058676,-0.073414,-0.21949,-0.513609,-0.134037,0.168379,0.013522,-0.415909,0.289155,-0.226619,-0.280616,-0.032787,-0.026775,0.202506,0.138343,0.098248,-0.253201,0.06612,0.0
tiktoksans,y,-5.051767,3.390761,-0.628658,2.786737,1.241028,0.742175,-3.080354,-3.627939,-0.06464,1.353129,2.581744,-0.490367,1.876272,3.312535,-1.461862,-0.846009,-2.55307,-1.07003,0.021078,-0.34575,-1.813227,1.14514,2.742406,-1.646092,0.380103,-0.514415,-1.403112,-1.110669,-0.500825,-0.413095,-0.737517,-1.584611,-0.887414,0.270904,-0.418085,-1.462734,-0.579051,-0.026146,-0.797181,1.193361,0.0
tiktoksans,z,2.273979,3.616829,3.04018,1.65403,0.869382,-0.303411,4.606239,-0.545892,-0.271658,0.116631,0.118689,-0.191041,-0.663951,1.677649,0.77232,0.321362,-1.118707,-1.225022,-0.677769,-0.267972,-1.734301,-0.157807,0.204546,-1.044188,2.697397,0.841732,-0.626192,-0.758882,-0.192518,1.145144,0.829874,-0.017044,-1.010375,0.394769,-1.444875,0.282477,0.555514,-0.358304,0.209244,0.177541,-0.0
tinos,0,0.229321,1.359784,-0.260844,1.361763,-0.248696,-0.969164,-0.056832,0.655389,0.320966,-2.111853,0.494042,0.4083,1.319006,0.14016,-0.841064,-0.222305,-1.836958,-0.474095,-0.148745,-0.772242,-0.939888,-0.048296,-0.190347,-0.840114,2.128899,0.496948,-0.803926,-0.117616,0.308334,-0.825233,-0.547447,0.024007,-0.532752,-0.619856,1.118239,0.477815,-0.050909,-0.278172,0.029169,-0.039446,-0.0
tinos,1,6.721988,1.789669,-0.091817,-1.522817,0.417239,2.915364,0.145596,-1.405484,-0.168382,3.375419,-2.774922,-0.284862,1.578107,2.627065,-0.591995,0.47962,1.197018,-2.561243,1.675532,-0.581052,-0.885628,1.207548,-1.086198,0.805393,-0.91347,2.850065,0.629198,0.467941,0.088504,0.403859,0.176659,-0.413713,0.488176,0.308361,0.533292,0.331275,0.033837,-0.662182,-0.179939,-0.10916,-0.0
tinos,2,0.818642,1.188169,-0.564353,1.523259,-0.432576,0.766952,0.316731,2.297867,3.822639,2.907825,1.25525,-0.561226,1.033651,-1.245148,-0.693916,-0.759929,-1.31659,1.403661,0.555041,0.368463,-0.928976,1.32462,1.187016,-0.180101,0.384731,0.312471,0.888015,0.480077,-0.439807,-1.856377,0.665411,1.321689,1.923353,0.465743,-0.104693,-0.991232,-2.610082,-0.766455,-1.354587,-0.349546,-0.0
tinos,3,3.682536,2.135473,-2.132992,-0.267976,-0.389737,-0.107582,-0.406564,1.303657,0.572824,0.753595,0.783488,-0.927809,-0.159403,-1.377609,-0.985416,-1.965815,-0.357201,0.925278,-1.068201,-0.390823,1.383422,1.327771,0.2535,0.164242,-0.75245,0.057286,-0.124406,-1.814967,1.085489,-0.226685,1.981588,-4.395217,-0.249569,0.841149,-0.086608,0.663631,1.471086,-0.094793,2.167027,-0.094137,0.0
tinos,4,-0.563782,3.186163,-1.190036,-0.713304,-0.779526,-0.466274,1.151145,-2.435668,2.428429,-0.560068,-0.476375,0.833962,-1.053609,1.139686,0.644159,-2.603762,1.325801,1.550087,0.113543,-0.01488,2.86472,-2.154599,0.272403,-0.13883,-1.666016,0.655228,1.509744,-0.885806,-0.110793,1.802478,-0.416943,-1.608235,-0.867907,0.567821,-0.987403,-0.680113,-1.873975,-0.523517,2.311814,-0.994969,0.0
tinos,5,5.117596,1.58553,1.126466,-0.284293,1.959572,3.077937,-2.056749,0.53839,-1.479784,0.770756,-0.281523,-1.779784,-2.018513,0.417226,0.52137,-0.193727,0.471006,-0.079264,1.506131,-0.886452,-0.506255,-0.426804,0.395666,0.883395,-1.357104,-0.883293,0.146268,1.114623,1.421545,-0.374162,0.492447,3.226859,-0.680945,-1.03466,-0.885023,0.405384,2.010063,-0.570477,-0.613498,0.667696,-0.0
tinos,6,-2.285293,1.048771,-1.636568,0.133192,-2.015966,-2.494915,-1.12725,1.316371,-0.732395,-0.420353,-0.42844,1.198715,2.162799,-1.153928,-0.553473,1.705564,-0.228178,-2.263076,-1.279029,-1.027055,1.136423,0.173355,-1.231024,1.599859,-0.107459,-0.296453,-0.014346,1.533346,-2.67585,1.603828,0.325487,1.660495,1.336246,0.688825,0.31348,0.021335,1.280092,-0.647159,-1.453455,-0.326856,-0.0
tinos,7,3.539103,0.714282,1.298085,-0.260784,0.525364,-0.107269,-0.949609,0.388168,0.362814,-0.189751,-0.7845,-1.985019,-0.373295,0.087906,-1.076499,-1.158144,0.332129,-0.046878,-1.06809,-0.628552,0.983552,0.774472,-0.116051,-1.025736,-1.225022,1.651068,0.257685,0.422445,-0.806194,0.402946,-0.400203,0.079251,-3.465802,-1.606487,0.395918,0.978648,1.082048,-0.455278,-1.591915,0.487177,-0.0
tinos,8,2.038034,-2.251772,0.770177,0.147146,0.581893,-0.989942,-0.821101,0.099119,-0.636898,-1.171644,2.574743,2.557239,-1.783529,-0.878088,-2.087014,-1.811709,0.325412,0.70879,0.689369,-0.222701,-1.706055,0.290837,0.591049,2.576558,-0.287349,0.001023,-0.533918,0.72149,-0.824,0.434634,1.224528,-3.071852,-0.248565,0.622743,-1.046913,1.611272,-0.591014,-0.483937,-2.079447,-0.3681,-0.0
tinos,9,1.780212,-2.012608,0.257903,0.207444,1.00638,0.789388,-0.569152,-0.304746,-1.240776,-0.379173,0.072385,-0.085763,0.69688,-2.575309,3.278369,1.513966,0.045102,-3.811844,-2.449141,0.022564,-1.066734,1.329529,-1.478724,-1.108012,0.812035,-2.384751,0.072547,0.011198,-1.05294,-0.80237,0.336286,-0.142322,-0.600386,-0.071682,1.377311,0.477298,-0.241364,-0.659733,-0.438844,-0.911361,-0.0
tinos,A,2.294513,2.721882,-0.814558,0.374771,2.306975,1.251864,1.004664,1.3767,2.351119,0.767503,-0.956399,1.420618,-0.803642,-1.524563,0.526603,-0.275625,0.920997,1.799316,-1.401076,0.382126,-0.620525,-0.066593,-1.163928,3.134763,-2.009029,-0.214539,-0.018949,-1.679603,-0.451781,0.500291,-2.200472,0.778078,1.855831,1.330855,-1.170872,0.169533,-0.3818,-2.428297,0.16706,2.003354,0.0
tinos,B,0.255331,0.194447,-1.537599,4.418532,-0.248904,-1.062271,-0.804633,0.398834,0.891163,2.027468,0.439639,-1.751537,-2.944399,0.156743,0.206951,1.414346,-1.789824,-0.711824,1.497431,-1.086755,0.455454,-0.132703,0.989076,-0.033768,0.10423,-0.03375,-0.240151,0.220317,-1.544172,-0.061332,0.016514,-1.193523,1.991567,-1.227425,0.038464,-2.414198,1.970962,0.301607,-0.89352,-1.178509,-0.0
tinos,C,-0.474856,2.529496,-1.096609,0.373629,0.338234,1.124534,0.219857,0.043722,-0.763068,0.281029,0.872217,0.211447,0.32979,0.029414,-0.822085,0.184103,-0.090603,-0.190049,-0.919612,0.24061,-1.037739,-0.063672,0.043159,-0.809208,0.386767,0.051724,-0.405593,-0.158611,-0.935143,-1.173044,1.741066,-0.970411,-0.43066,0.003396,-0.283351,0.812675,0.33785,0.789884,-0.120246,0.034654,-0.0
tinos,D,1.214234,2.849307,0.133148,0.159748,0.605616,0.189199,-1.481009,1.773151,0.741976,-0.372147,0.22758,-0.001841,0.799741,-0.062404,0.953872,-1.004829,1.795138,-0.753381,0.767864,1.670025,0.056435,-0.464481,-0.46328,0.485106,-0.213188,0.530733,-0.341618,-0.345231,-0.132959,-1.360396,-0.108098,0.141904,0.297282,0.163103,0.14273,-1.044448,-0.112483,-0.276653,-0.671986,0.620458,0.0
tinos,E,-4.644697,0.586279,3.011876,1.751688,-1.788198,-0.380343,1.967084,-0.493623,0.322602,-1.72406,0.854846,-0.796157,1.163962,-0.763886,0.969117,0.762754,1.32372,0.171529,0.699097,2.705911,0.312955,0.238173,0.824068,0.970945,-3.146739,-1.539288,-1.953813,-0.322005,-1.067426,-1.211848,-0.639717,-1.0313,0.151943,-0.066708,-0.709904,2.24602,-0.914822,0.086003,-1.320543,-0.571318,0.0
tinos,F,2.407994,1.707693,-2.710735,-1.704894,0.920173,1.488787,2.329177,-3.857862,0.468013,3.0645,1.898315,-0.878576,-0.63296,0.346935,0.841356,0.295579,1.3134,0.852939,0.591086,-0.058276,-0.667264,0.873277,0.043221,-1.821867,-1.795816,-0.704993,-0.857238,0.95846,-0.245929,-0.192097,-2.002439,0.710172,2.192553,0.272571,0.119167,0.16385,-0.624734,-0.952033,2.10785,1.554621,-0.0
tinos,G,-0.280018,-1.758722,-1.790219,-0.137853,0.767023,0.538003,0.058723,-0.95802,-0.151686,0.019592,-0.070695,0.705239,-0.153536,-0.905483,-0.846872,-0.041271,-0.336857,-0.669265,0.488026,-0.324626,-0.210798,-0.622806,-0.046095,0.709795,-0.782287,0.321751,0.078796,0.668366,0.05585,1.8541,0.737041,-0.546887,1.177279,-1.102583,-0.288314,0.908821,-1.023825,2.149313,-1.129293,0.083628,-0.0
tinos,H,-3.69871,1.489665,-1.247089,0.241473,0.198686,-0.831797,2.151853,1.283638,-0.861554,0.700291,1.306221,-0.740037,-0.70699,1.378516,-0.922851,-1.259267,0.133291,-1.51266,2.155451,-0.185832,1.603303,-2.541681,-1.8017,0.584864,-2.052263,0.910277,1.582136,2.551689,-2.446428,-1.233185,-1.691865,-1.189261,-0.502516,-0.042041,-0.770438,-1.083014,-0.495207,0.48158,-1.414179,0.692336,0.0
tinos,I,5.141878,-1.393562,0.514016,-0.134104,2.15583,3.084633,1.020524,1.812574,-1.673769,-1.40577,2.062004,0.01992,0.249438,-0.876738,-0.200113,-3.469556,0.289014,3.52322,-0.494537,-1.144176,0.309693,-0.030803,0.018062,0.047198,0.014313,0.019164,0.005765,0.001694,0.000882,0.000648,0.000625,-0.000662,-0.000168,0.000755,0.000223,0.000218,-1.4e-05,-0.000189,0.000216,-7.6e-05,-0.0
tinos,J,0.633154,0.305817,3.579484,1.955805,-3.428701,0.850217,-1.269628,1.764928,1.107752,-4.697377,1.991101,0.151671,-1.198344,-2.588943,-1.476275,-0.486422,2.710489,2.245586,0.334608,1.38876,-1.488994,2.122507,-0.077222,0.607204,0.193607,0.305098,0.882165,1.125204,-0.150741,0.249058,0.805733,-0.016625,-0.548082,0.205513,0.291093,0.417885,0.073607,-0.421542,-0.082634,-0.048638,-0.0
tinos,K,0.263604,0.214534,-1.018393,-3.293553,1.536517,1.477059,0.896862,0.363437,1.754142,1.972788,2.421526,0.454077,-0.709984,1.479802,0.832295,-0.588898,-0.361479,-0.082665,2.312315,-1.663823,-1.732694,-0.109691,-0.025427,-2.105594,1.940187,-1.607611,-1.500704,-0.414005,2.842833,2.295936,0.238884,1.277767,-0.601308,1.819027,1.936656,-0.214595,0.788931,1.395917,-0.642563,1.286966,-0.0
tinos,L,3.828135,1.867587,0.007248,-1.618592,-0.860564,-0.036229,-1.653022,0.337313,1.212471,-1.330119,-0.063175,-1.792201,0.584067,-0.029825,1.139402,0.292843,-0.236893,0.172525,1.754852,-1.939585,-1.23356,1.887527,0.912028,1.338222,0.76309,1.790257,-1.242976,-0.382528,0.424508,-1.094902,-0.259399,-0.835044,-0.154671,1.616822,0.523931,-1.851458,-1.22779,1.416566,-1.636018,-1.561614,0.0
tinos,M,0.951067,-0.707518,-3.291722,-0.100959,0.317359,-0.867536,-0.612641,0.073933,3.95875,1.319679,-0.630507,-0.555542,-1.308163,1.462012,2.277096,-0.6944,-0.236651,3.06478,1.542299,-0.058346,0.589166,-2.159928,-3.229388,0.497858,-1.411874,0.377334,-1.67618,-3.021809,0.905761,2.519506,-0.494365,-0.628135,-0.607252,-0.939116,-0.368804,-0.983872,-0.099122,1.784457,-0.681619,-0.621283,-0.0
tinos,N,4.770444,-0.009005,2.075857,-1.623203,-0.536916,2.049026,-1.741676,-1.426652,0.960415,0.812119,-1.221392,-0.330715,-0.760505,-2.052651,-0.035014,1.312725,0.893086,0.505399,0.897156,-0.069651,1.705001,0.052699,1.29103,0.289789,1.890405,-0.471387,0.937004,-1.496152,1.513325,0.436409,-0.240597,-0.444146,0.545171,1.54296,-1.054323,-1.654488,0.115387,-1.201173,1.690492,-1.237909,0.0
tinos,O,0.823546,0.391181,-0.245256,-0.671635,-0.151588,-0.703208,-0.427462,0.979855,-1.005467,0.250106,0.729164,0.325043,-1.284129,0.277771,0.49626,-0.605431,-0.582961,-0.456963,-0.298303,0.733368,0.370827,0.696374,0.358056,0.337913,1.491883,0.997635,0.804217,0.025173,0.011941,1.039322,-0.077177,0.395205,0.217268,1.145688,-0.19903,0.553556,0.340858,0.47323,-0.082019,-0.12555,0.0
tinos,P,5.571546,-1.737365,-1.197896,-1.720348,2.16482,1.052779,-0.843081,1.666125,1.279452,-1.706058,1.357859,0.243418,0.754672,3.574361,0.424063,-1.054226,-0.13035,0.008948,-2.336137,1.555767,-1.015331,-1.330008,0.902271,0.869829,-0.82965,-0.362688,0.004962,-2.177474,-0.457455,1.372213,-0.551749,-0.086931,0.728575,-0.866807,-1.280926,-0.968003,1.524831,0.859002,0.436332,0.336543,0.0
tinos,Q,-1.575859,3.040294,-0.241421,-0.567255,-0.018734,0.521166,-0.817281,-0.867889,-1.513541,0.089901,0.073979,-0.410085,-0.355455,-0.389033,-0.093971,1.000436,-0.598268,0.592508,0.216999,0.142503,-0.918321,-0.861876,-0.569647,0.198665,-1.620417,-1.880716,1.787973,0.095838,0.146515,0.831067,1.426045,0.761515,-1.641936,0.090347,-0.602739,-0.185843,-0.808192,-0.167874,-0.705759,-0.441365,-0.0
tinos,R,-0.414332,3.709018,-2.860833,-0.201338,-0.531547,-0.159446,-1.281084,-2.634292,0.925851,-1.188561,-1.466537,-0.383838,0.021789,-1.069687,0.413898,-0.778002,-0.951805,1.050763,1.764103,-1.926946,-1.621364,1.446161,-0.335664,-1.289561,-1.105022,-0.493775,0.928333,1.386571,-1.654573,-1.066584,-0.161194,-0.486526,2.046418,-2.243223,0.565335,-2.092813,0.518525,0.246494,0.859734,-0.555728,0.0
tinos,S,1.134843,-0.469656,1.412319,0.589685,-0.275099,-0.880717,1.329888,0.162535,-2.182381,2.604243,-1.471655,0.68025,-1.008673,0.121418,0.66426,-1.342438,-0.075121,0.589587,-0.444013,-1.803464,0.257664,-1.17359,-2.429092,-0.661525,1.148617,-1.340688,-0.435435,-0.656512,2.48217,-1.171991,-0.646546,-0.035749,1.212236,-1.068205,2.177969,-0.50904,0.1066,-0.839188,-1.057338,2.01196,-0.0
tinos,T,4.054379,4.014113,2.284008,-2.875935,0.023722,-0.636581,-1.255898,-1.036258,0.797144,-2.006325,1.233206,1.471327,-1.652038,-0.431945,-1.195821,-2.292336,-2.118753,-2.722738,0.837594,0.974975,-0.26513,1.34376,2.059834,-0.680441,-1.322857,0.539722,1.318852,0.101366,0.384144,-0.07147,0.030678,-0.180199,0.214158,0.174947,0.025912,-0.411891,0.016524,0.221038,0.145585,-0.005026,-0.0
tinos,U,-1.750539,-1.339615,0.900805,-0.70969,-0.401705,1.111096,0.562258,0.305747,-1.112575,-0.265518,-0.220941,0.21253,0.757453,0.454446,-0.443621,1.375321,0.228223,0.692757,0.901006,0.383943,-0.448893,-0.945143,0.855984,-0.771847,0.978592,1.730942,-1.306859,0.177629,-0.268681,0.557953,0.086014,-0.306525,-1.357555,-0.442406,0.093592,0.872814,-0.344529,0.741501,0.721106,0.301924,-0.0
tinos,V,-4.776118,-2.358049,0.139086,1.302901,-0.603748,1.78292,0.125475,0.907075,0.507575,-0.287881,-2.268872,-0.673179,0.843567,-2.243331,-0.022072,-0.091279,-1.670551,0.697844,-1.096246,0.072409,1.327738,0.746279,0.876489,-0.050284,0.289902,1.538146,0.35807,-1.576341,-0.24861,-1.209235,2.386291,0.653884,0.312308,-0.213543,-0.247969,0.612922,1.714755,0.124313,-0.759842,-0.637947,-0.0
tinos,W,-1.483062,3.215637,-4.306171,-2.608191,-1.794788,1.060611,2.364266,-0.074767,0.92481,-1.784132,-1.968262,-2.950474,0.36908,0.425047,1.886733,-2.022096,1.015381,0.542668,1.634432,-0.839945,-0.672751,-4.28386,-0.703814,2.134698,0.209657,-0.875467,1.949466,-0.413072,-0.098115,-0.354582,-1.795937,1.165821,1.286613,2.06761,-0.569926,0.08601,-0.14542,0.348942,1.054032,0.292349,0.0
tinos,X,5.854169,-1.434847,-2.037182,1.376589,-0.43827,-4.432134,-0.921558,1.239486,-0.570464,-3.034246,-2.684174,-0.552935,1.872125,1.927005,3.728745,-0.343581,1.979848,-1.468763,0.621243,0.38104,0.031649,0.209584,-0.078067,0.020699,-0.082008,-0.088985,-0.07913,0.045845,0.001037,0.009502,-0.003918,-0.006972,0.007663,-0.009023,0.001062,0.002206,-0.00317,0.001648,-0.000514,0.001132,-0.0
tinos,Y,5.731815,0.514286,-0.270412,-2.345249,-1.90226,3.538588,0.052452,0.576284,-0.8689,-0.315609,-0.761717,-1.19431,1.16918,-0.155855,2.352495,-0.456909,-1.525232,2.400525,2.217566,0.021004,-3.534138,0.254007,0.751265,1.738467,-0.144645,-2.101383,1.191378,-2.059031,-0.345923,-2.935603,1.656481,0.950519,-0.114989,0.06333,0.484234,-0.109613,0.175703,0.347747,-0.952223,-0.42518,0.0
tinos,Z,-2.567738,2.941655,2.877715,2.073392,1.77495,1.455727,-2.108627,1.715227,-0.274293,-0.516141,-1.193109,1.164296,-0.465525,-0.997048,0.706409,1.701105,-0.212266,-0.459882,0.149634,-0.613378,0.415764,1.344375,0.728469,0.26602,-0.824182,-2.299589,0.175003,-0.793393,-0.034132,-0.543951,-0.221612,-1.069067,0.552943,-1.86058,-0.947526,0.307739,1.47452,-0.998955,0.235941,-1.384994,0.0
tinos,a,-3.065588,-1.067706,1.790631,-2.916994,-0.770412,-0.680225,-0.121332,2.6861,-0.236598,-0.479407,-1.984529,0.154026,0.94226,-0.135815,0.419806,0.847457,-0.737994,-1.40878,2.964651,3.391083,-0.038762,-0.450574,0.608995,1.898149,-2.267433,0.907647,2.823688,-1.647024,0.452357,1.254799,0.115437,0.741759,-2.069235,-0.525064,0.901791,0.528204,-1.066013,0.104202,-0.507454,-0.254337,-0.0
tinos,b,-4.42786,0.521257,-0.557977,1.283768,0.047635,-0.037092,-2.056705,0.358682,0.671688,0.223503,-1.298928,1.693259,-1.60569,1.950219,0.751782,4.204685,0.980144,-0.000614,-0.230047,0.364937,1.395542,1.669386,-0.647771,-0.821744,1.517266,0.381853,0.166313,-0.024753,-0.276348,-0.307014,-0.555666,1.570244,0.892624,1.012623,0.991992,-0.405515,-0.292679,0.316892,-0.67501,-1.230925,0.0
tinos,c,-2.440945,-3.457221,1.390481,-0.34559,0.264224,-1.333661,0.710192,-1.892689,0.191292,-1.34576,-0.908941,2.256129,0.534308,-0.022488,0.01737,0.312209,0.128712,-0.810691,0.303399,-0.898338,0.977365,-0.255979,0.004435,0.870515,0.304464,0.486662,-0.047424,-1.1747,-1.555904,-1.233344,-0.442743,-0.3361,0.606595,0.478207,-0.970131,-0.586205,-0.294457,-0.682882,-1.048691,0.337414,-0.0
tinos,d,-4.518435,0.411381,1.158059,0.966476,1.184077,0.778603,-1.02863,2.367434,0.516005,-1.884372,-1.208263,-0.06976,-0.853219,0.426589,-0.210539,2.349977,0.050993,-0.177615,0.401206,1.393451,-0.840531,2.348579,1.245335,1.349693,-0.801618,-2.259924,1.613251,-0.868228,-0.031595,0.457468,0.834515,-0.634185,-0.656689,0.305386,0.965814,0.603338,1.268026,-0.459037,-0.156861,-1.049489,0.0
tinos,e,-0.084456,1.780565,-2.25869,-1.708839,1.493606,1.82287,-1.19288,0.249822,1.743632,-3.591715,-1.034504,-1.954583,0.691061,1.500462,0.886343,0.539408,-2.62319,0.041629,0.20744,-0.256746,-0.999782,-0.845241,1.836064,-1.332884,-0.098244,-0.975369,-2.056016,-0.826661,1.920163,3.16228,0.933177,-1.201483,0.121002,1.475229,-1.156974,-0.577022,0.856713,0.11393,0.740598,-0.335475,-0.0
tinos,f,4.878265,-1.387276,4.034799,0.282261,1.58794,1.874625,-2.117048,-0.19953,-0.869491,-1.2044,-0.050025,1.949714,1.255706,3.845425,-0.573978,2.820049,-1.707252,4.450387,2.573051,-2.12695,0.778491,-2.915644,-1.083395,0.337724,-0.642987,-0.7384,-0.68768,-0.302597,0.276871,0.398775,0.393857,-0.73879,-0.928858,0.337182,-0.331579,-0.137732,-0.229462,0.017249,-0.012682,0.035077,0.0
tinos,g,-0.546641,2.874512,-3.248157,1.727185,1.177239,4.268608,0.226816,0.74674,1.043267,3.189454,-0.334167,0.403487,2.170297,-3.594538,-0.730001,-1.105303,2.188485,0.442265,0.103535,-2.581132,3.162623,1.329694,-0.028586,-1.526467,0.245613,-2.047352,-0.480048,1.6392,0.892272,-0.189322,-0.533699,0.403762,-0.382625,0.196974,0.219428,-0.02557,0.141908,0.127765,0.609185,0.254704,-0.0
tinos,h,-4.616637,-1.754362,0.842594,-0.760359,-0.509873,0.067633,-2.114331,-0.930515,-3.118559,-1.045396,-0.769401,0.262663,-0.609809,-0.653444,0.866067,-1.04442,0.176023,-0.524173,1.619821,-1.089241,-0.85215,-2.01949,2.024916,-0.127535,2.695991,0.82224,-0.414417,1.286793,1.762924,-0.408349,-0.375074,1.176251,0.956838,0.52636,-1.607282,0.873274,0.527154,0.111371,1.162164,-0.498762,0.0
tinos,i,4.659307,-3.121465,-0.117562,2.088195,-0.562734,2.699481,0.319185,3.467915,0.389736,-0.364381,2.058984,3.207116,-0.227479,-0.209097,1.953172,0.898476,-0.966,0.964357,2.472595,-0.487186,0.591031,0.898633,0.882839,-0.947551,0.093346,-0.49923,0.287645,0.037526,-0.336692,0.437926,-0.198049,-0.062222,0.050168,-0.173936,0.369953,-0.216228,-0.007905,0.084526,-0.022577,-0.071969,-0.0
tinos,j,2.661547,-2.196676,2.815563,2.435195,-0.263229,-1.482915,2.06408,2.090579,0.233858,0.934156,1.394396,3.055958,-0.426617,0.85182,-2.492855,-1.139841,-1.55849,-1.812586,1.777881,1.253098,0.977678,2.817651,1.9023,1.405263,0.626734,0.084887,-0.182098,-0.679917,-0.196394,0.301147,-1.192258,-1.308259,0.192669,-0.157147,-0.299923,0.080927,0.520243,-0.320314,0.598231,0.120132,0.0
tinos,k,1.618909,-2.379474,-3.137074,1.202608,-0.227794,-1.325499,-1.207305,-1.082117,2.078068,2.098149,-2.241289,-1.713478,-1.698069,3.031246,-1.856289,1.286936,1.452271,1.004623,-0.032788,-0.249612,1.831421,0.716154,1.70426,1.310846,2.222497,-0.718236,-1.883314,-0.023502,-1.494265,3.741862,0.536696,0.127418,-0.551007,0.315086,0.361599,-0.283977,0.503386,0.210215,0.436133,-0.273836,-0.0
tinos,l,-4.060047,-1.507274,-2.363125,1.065905,-0.379331,-2.765806,-1.329796,1.244409,-0.41742,2.728408,0.227138,-2.249788,0.740436,0.277241,1.707389,2.364087,-1.019362,-2.283029,2.13166,-0.991726,0.386526,-0.522433,0.470354,-0.620349,0.21792,-0.032449,-0.045754,-0.014928,0.022394,0.003694,0.011463,-0.000245,2.2e-05,0.00302,-0.001597,-7.7e-05,0.00028,4.6e-05,-0.000189,-2e-06,0.0
tinos,m,-4.780355,-2.477868,-0.552434,0.544909,2.069864,0.878442,-0.347648,-2.459471,1.146759,2.836879,0.935537,-0.452772,0.715211,-1.783756,2.100791,0.486593,-0.643032,-1.933832,1.202178,0.615406,0.718502,0.175615,-1.032702,-1.923351,0.076076,1.18072,-3.284841,-0.642323,0.81257,0.595431,-1.518769,-0.327889,-0.293977,-0.287735,0.723634,-1.020642,-0.647402,0.691752,-0.117536,1.041384,-0.0
tinos,n,-4.970109,0.621854,1.286885,-0.538145,1.05878,1.612983,-0.224572,2.7925,-1.159347,-0.121462,0.134095,0.987327,-2.16134,1.193013,-0.440183,0.189162,-1.692188,0.251166,-0.322749,0.427209,1.386065,-0.224561,-0.897218,1.223928,1.816831,-0.296879,-0.542327,0.436996,1.233069,-0.342218,0.876752,-1.430273,0.118556,0.465107,0.681768,-1.462157,-0.102798,-0.60768,0.288449,0.253067,-0.0
tinos,o,-0.273028,1.054588,-0.487143,1.258714,1.833057,0.624275,-0.253198,0.510667,0.004739,0.535912,0.638799,0.022236,-0.644321,-0.008553,-0.544791,-0.080947,-1.819906,-0.694304,0.991398,-1.547509,-0.727334,0.898191,-0.626286,-0.319848,0.838242,0.110449,0.988329,-0.30814,-0.4275,-1.467397,-0.568608,1.402381,0.12579,-1.458248,0.029144,0.14637,-0.379371,-0.378031,0.166907,0.48072,0.0
tinos,p,3.324554,0.019948,0.028559,1.507066,2.880424,-0.370304,-0.857017,-1.029273,-2.149708,1.608368,-1.814195,1.183739,1.220006,0.356483,-1.681125,-1.399132,-0.273399,-1.445167,-2.148448,0.864734,-0.151485,0.975669,-2.564541,-0.674994,-0.70385,-1.303164,-0.339306,1.912126,-0.691268,1.025243,0.375085,-0.058658,0.927076,1.042041,-1.155184,0.439573,0.202759,-0.111786,-0.38372,-0.18214,-0.0
tinos,q,2.355753,-1.735417,0.230668,-2.29892,-0.121113,0.80227,0.153529,0.157056,0.9614,-1.480724,-2.65952,0.345425,-0.133619,-3.215952,-3.81704,0.385121,2.179416,0.342191,-1.168614,-0.150207,1.221693,0.631184,1.377943,0.652128,1.819797,-1.996085,-0.757904,0.334687,-0.976464,0.94613,-0.769921,-0.36285,-0.314495,0.589624,-0.325531,0.329534,-0.490571,0.106366,0.413682,-0.04367,-0.0
tinos,r,3.687076,0.5808,-0.680302,3.859264,-0.537982,0.277254,-1.19528,-1.574447,3.245481,0.35196,0.953069,-1.254561,-0.294317,-0.21756,1.794164,-1.112861,1.896238,2.055725,-0.965363,1.446859,-0.854205,-2.810453,2.602417,-1.329383,-1.591714,-1.358233,0.79305,-2.525836,0.077599,1.404115,0.671709,0.115098,-1.066407,-0.175287,-0.148145,-0.570874,-0.097294,-0.237001,-0.067053,0.0607,-0.0
tinos,s,-0.544584,-0.749814,0.099936,0.791494,1.391659,1.900359,-1.307386,1.849794,0.646342,2.119535,0.286585,1.496331,1.127185,0.271293,-0.818762,-0.6319,0.889403,0.883724,-4.212547,2.75127,0.053193,-0.178566,0.119688,0.332932,1.058858,0.111283,-1.543447,0.271365,0.923199,-1.305238,-0.676602,-0.749427,0.528702,2.409417,0.632569,-1.468856,-0.007912,-0.748265,-1.252304,-1.543057,0.0
tinos,t,3.237954,3.450203,-0.046002,-2.033153,1.238086,-0.347529,3.052878,4.393852,0.539458,-0.581209,2.994332,-1.142283,2.356079,0.435117,0.15409,-3.157929,3.366124,1.364037,-0.47846,-1.289085,0.960354,0.100713,-0.682748,-1.997501,-0.512399,-0.495443,-0.643666,-1.637144,-0.745543,-1.359851,1.538316,0.11397,-0.094965,-0.860487,0.178014,-0.247629,-0.725609,-0.885471,0.362744,-0.364376,0.0
tinos,u,-4.09339,-0.053234,-0.698827,-0.680491,0.93488,-0.490507,-1.19748,0.221038,0.737159,-3.536435,-1.139643,-1.139034,-1.785832,-1.523994,-0.085255,-1.072138,1.862529,-0.94324,-0.830118,-0.035309,0.657362,-0.990981,-0.761796,-0.462249,0.955822,0.037426,-1.267661,0.632401,-0.352498,-0.424189,-0.576889,1.08814,0.392535,-1.079584,-0.161568,1.29297,-0.542935,-0.175279,0.183359,0.832257,-0.0
tinos,v,-6.059068,-0.091105,1.075579,-0.294386,0.064627,0.60728,0.63633,-1.81931,-0.695195,0.934875,-1.607162,1.617457,-1.178233,0.084745,-1.46171,0.168255,-1.317861,-0.978469,1.259622,-1.369194,-0.934171,0.694563,1.659793,0.558908,1.197239,0.904352,-2.852899,-1.54522,0.403467,-0.901709,0.432457,-0.387521,-1.562769,-0.981982,-0.496803,0.302995,0.203534,2.464502,0.006851,-0.632125,-0.0
tinos,w,5.62388,2.721444,-0.355001,-1.272827,-0.583175,-0.366759,1.275089,-1.28227,0.421592,-2.298974,-0.943351,0.699907,0.682576,1.245744,-0.535435,-0.320599,-0.62637,1.840195,-1.654848,-1.826005,3.442584,-0.010001,2.918626,1.50982,-1.122414,0.399985,3.765368,-0.062147,0.58242,-0.66027,0.638467,1.968311,-0.725952,1.116532,-0.979813,0.920444,-1.448648,-0.488805,-0.153958,1.480654,0.0
tinos,x,5.412479,-2.267199,-1.805023,-1.258712,0.464084,1.321028,0.744902,2.797058,-4.429137,-2.11584,2.146124,2.203661,0.095958,-3.457068,0.716633,1.707709,1.275433,-0.249452,0.426282,0.357782,-0.611934,-0.412724,-0.05708,-0.072321,-0.061723,0.02025,0.02671,-0.016963,-0.004426,-0.002334,-0.005001,-0.002561,0.002638,0.002791,0.00014,-0.000109,-0.001207,0.00241,0.000766,-0.000804,0.0
tinos,y,4.793764,-0.826577,2.982566,-0.660147,0.426555,0.79749,-1.130647,0.4125,-0.461873,1.181195,-0.292233,-1.84362,-1.620966,-0.734606,-0.764192,0.562322,2.926997,-0.463867,-0.448417,1.201953,-0.21905,0.458017,-1.576614,-1.096167,-0.883618,1.169867,1.240348,0.311537,-0.237051,1.693008,0.203576,-1.307387,-1.418165,-0.884837,-2.709101,-1.614909,-2.538931,-2.042915,-1.740939,0.132219,0.0
tinos,z,-3.687794,2.776138,-1.856517,-0.231489,-0.009741,-0.694765,-0.0598,-0.611829,-1.222183,2.611641,1.324049,0.663245,2.440637,-0.30816,0.408761,-0.440371,1.431574,0.934042,0.451373,-2.181187,0.94913,-0.558441,-1.151819,-0.85647,-0.047956,-1.055287,1.181158,-1.76946,-0.522315,1.054154,-0.227671,0.89281,0.781098,0.209818,-1.328075,-1.978477,-0.3818,-0.735996,1.208994,0.337859,-0.0
ubuntu,0,-0.303349,0.686794,0.385941,0.670199,-0.053162,-1.272539,0.286859,-1.273269,-1.989982,-0.22049,-1.802361,0.442356,-0.650108,-2.51305,2.385898,0.457486,0.440453,-0.681419,-0.16564,-0.139889,-0.388803,1.207924,-0.781433,-0.804378,1.028338,-0.088938,0.821788,0.128191,-0.499823,-0.57547,-0.077561,-0.112391,0.091412,0.155928,-0.356003,0.156309,-0.512851,0.453954,0.213925,-0.269436,-0.0
ubuntu,1,-7.579208,-1.558729,3.545154,0.04682,-0.796293,-0.093337,-1.041796,-0.103593,0.064095,-0.171919,-1.018992,1.628745,0.038746,0.050597,-0.342096,0.542443,-0.893047,0.733157,0.302314,0.114735,0.941741,0.475543,1.319297,-0.739768,-0.093399,0.043627,-0.536524,-1.070589,-1.053749,1.242022,2.532194,-0.618845,0.85727,1.666038,0.687118,1.467265,-1.101987,0.986886,-1.339022,0.179757,-0.0
ubuntu,2,-1.529664,-5.557509,1.037599,1.40405,2.050854,0.654341,-0.940324,1.707301,1.720823,-0.145428,0.182287,1.137875,-1.694279,1.361362,0.420412,-4.08694,1.664005,-1.065892,1.836619,-2.449005,0.247565,-1.650673,-0.227859,1.534347,0.193094,-1.431289,-1.975062,0.132758,1.265309,-1.575236,-0.60259,-0.565474,0.702623,0.009082,-0.157895,-0.697094,0.810662,-0.038972,-0.230777,-0.528405,-0.0
ubuntu,3,-2.14885,-2.717282,-2.440292,2.047414,-1.605122,0.035956,0.826243,-0.845878,1.154747,-1.277019,-2.059181,0.00537,0.691004,-0.87841,-1.680242,1.106953,-2.280156,-2.068695,1.387804,-1.070435,0.737804,-0.756329,-0.239919,0.196136,-0.196716,0.982058,-0.305974,-2.523316,0.60921,-1.517057,1.541439,1.724065,-2.207944,-1.713546,0.027652,0.800812,-0.25864,0.6142,0.958228,1.875886,0.0
ubuntu,4,-1.16318,2.279773,-0.323318,-0.838175,-0.055074,1.262262,2.235092,0.959163,-2.34336,2.679572,-2.780642,-0.789514,2.984757,0.409951,2.474993,2.309555,0.097625,1.987901,0.38267,-0.876645,0.717983,0.479355,-0.966481,1.038744,-1.269866,0.225717,-1.540588,-1.243984,-2.372116,0.079266,-0.337981,1.280397,0.988392,1.016127,-0.843036,1.427946,-1.14069,-0.636705,0.612554,1.4787,0.0
ubuntu,5,-4.498365,-4.38318,0.157064,0.900621,-1.894868,3.147138,-0.016427,1.01315,3.06544,-1.640952,-3.130902,0.855867,2.167691,-0.347511,0.832694,-1.293714,-1.357213,-1.032556,0.094596,-0.406294,-0.233815,-0.93901,0.109566,0.820763,-0.077904,0.688955,-0.473594,-0.595781,0.803725,-0.242082,0.89443,-0.582354,0.130277,0.160539,0.887764,1.528351,0.492808,-1.086383,-1.243867,1.698684,-0.0
ubuntu,6,-1.699241,-0.509556,-2.096267,1.296329,-1.255693,-0.512148,-2.305011,0.648612,-2.458358,-1.830199,0.322963,-0.747116,-1.691368,-3.571269,0.236675,-2.298324,-0.971188,1.3637,-0.817885,1.777809,-0.129403,1.205421,-0.606075,-1.227821,0.760718,-0.032495,1.344279,1.316646,1.119001,-1.809727,-0.799245,0.104151,1.460126,0.055317,1.472623,-1.421633,0.252573,-0.23762,0.101893,0.488688,-0.0
ubuntu,7,-6.67103,-3.871844,-7.882556,0.119258,3.915019,2.713188,-1.158668,1.72194,-1.514939,0.88573,-0.053093,-0.507482,-1.395346,0.13395,0.296097,0.331564,1.903912,1.212684,0.092501,-0.536846,1.079475,-0.163904,0.149715,-1.148108,0.265025,-0.115205,-0.271496,0.230171,0.347103,1.16605,0.412548,0.297365,0.133811,-0.419536,0.111954,-0.359206,0.349601,0.520482,-0.142292,0.043857,-0.0
ubuntu,8,-0.244031,0.337626,5.374052,0.949384,0.744202,0.325773,-1.109075,-0.288364,2.816277,0.683666,-0.236728,-1.361398,2.480326,-0.627718,-0.350725,0.558969,-0.416621,-1.384284,0.293984,1.039737,1.543165,0.02857,1.293617,-0.701963,-0.709009,-0.989892,-2.158978,0.305038,0.9277,-1.668386,-1.492829,-0.70341,0.281518,-0.228656,-2.483323,0.954767,-0.030614,1.064262,-0.874055,1.111784,-0.0
ubuntu,9,0.540729,-0.885333,3.542368,-0.198399,-1.110866,-3.114025,-1.293678,-1.111779,0.241256,-3.343392,0.285941,1.767819,1.299267,1.034224,-0.585999,-1.621912,-1.025012,-1.157898,0.969257,-0.958108,-0.739087,0.499249,-0.282497,-1.006423,-2.704124,0.858753,-3.042536,0.623849,-0.500472,-0.160181,-0.757893,0.398456,-0.046942,1.11872,-0.020451,0.294519,-1.250155,-0.956095,-0.43947,-0.296743,-0.0
ubuntu,A,-0.947733,-3.399781,-2.277957,4.41195,0.806778,-0.437297,-0.381438,0.702165,-1.468374,0.69432,-2.793876,-0.092916,0.019272,-1.193974,2.545583,1.039749,-0.996502,1.162343,-0.096227,-1.718967,-0.536601,1.510728,0.541574,1.014497,-0.38634,0.579933,-1.332525,-0.499255,0.49335,-1.761554,0.369867,-0.178097,0.945516,-2.05688,-2.32138,1.86056,1.804046,1.820084,-0.168073,-0.065349,0.0
ubuntu,B,-3.459637,0.18465,-0.596444,-3.462452,-0.158431,1.025605,0.284681,1.163984,-0.94575,-0.477345,2.212668,0.594228,-1.573371,-1.902255,-2.830751,-1.520135,-1.438773,-3.844471,1.930108,-0.994735,-1.883758,0.81495,0.669832,0.951056,-0.082511,0.973182,-0.039631,0.154253,-0.589468,0.53893,2.132995,-0.707551,0.836492,0.797501,0.171384,0.300785,-0.9549,1.109416,0.337238,-0.215543,-0.0
ubuntu,C,3.325941,2.082883,-1.172805,1.208089,0.286586,2.77117,1.150969,1.857624,-0.413029,1.153973,-1.721734,0.088153,-1.12332,1.103659,-0.858607,0.434865,0.736375,-0.56848,-0.252498,0.235304,0.578027,-0.846166,0.674638,0.436218,-0.76541,-0.354655,0.230036,0.548647,0.796417,0.069487,-0.161372,-0.573332,0.136257,0.109336,0.135378,-0.227461,-0.471476,-0.01141,-0.269779,-0.102342,-0.0
ubuntu,D,1.053233,-0.672956,-1.218289,-0.943497,-0.594576,-0.187825,1.101934,-0.369384,1.393015,-0.20366,2.297765,-0.226088,-1.200486,-1.449298,-2.131414,0.894023,0.592075,0.086538,0.301104,-0.03071,-0.113096,0.369667,-0.745395,-0.434105,-0.951962,0.690746,-0.683379,0.833664,0.680509,-0.950401,0.929191,0.298227,-0.063112,0.046033,-0.426527,0.083692,-0.84542,-0.149781,0.197594,0.172786,0.0
ubuntu,E,1.366488,0.28457,1.052703,-0.147705,0.873928,2.693511,2.625062,-2.934235,-2.470755,-0.034542,0.668052,-0.759526,1.09639,1.409266,-1.194764,0.404772,-2.346266,2.04078,2.001169,-1.817643,1.219574,-0.572471,0.270988,-0.661513,0.026972,-0.293797,-2.76135,-1.095844,-0.061943,0.944868,-1.7387,0.565801,-0.244602,1.69867,1.726839,-0.705983,0.303572,0.428305,-0.35532,0.331149,0.0
ubuntu,F,-0.215467,-1.749268,-0.10646,-1.0125,2.993758,-2.250409,0.796386,2.291773,-1.452723,-1.899752,2.943371,-1.372184,-0.530216,-1.028035,-1.139053,1.588678,-1.180381,0.587396,-1.800552,-0.28559,1.770708,-1.374833,-1.152164,-0.341895,-1.710954,1.60071,-2.190929,-1.514807,-0.675378,-2.507497,-1.14855,-1.488454,-0.666863,0.701922,0.698184,-0.04502,-0.150708,0.234334,-0.420895,1.455311,-0.0
ubuntu,G,-3.312198,-1.901473,-1.98169,1.010548,-0.923981,-0.037707,0.384188,-0.195485,-0.326164,0.280492,-0.162339,-0.678448,0.173047,0.319433,-0.535832,-0.659089,-0.875859,0.527904,0.752679,-0.445628,0.731877,-0.030703,0.390598,0.716011,-0.054813,-1.182939,0.307567,2.319341,-1.524501,-1.13009,-1.679665,-1.372611,1.221075,0.363572,1.238523,-0.403847,-0.369149,-0.296213,0.260206,0.156564,-0.0
ubuntu,H,1.890098,-3.170207,2.529558,-2.195359,-1.979238,-0.648319,-0.926204,1.72848,3.688628,1.360934,-0.048211,0.870107,-0.801271,1.338667,0.808678,0.909333,0.870022,0.952288,-2.854792,-0.557593,-0.392897,-0.510391,0.543914,-0.254383,0.43243,-1.282417,0.811461,0.49934,-0.902844,1.380533,0.579185,-2.311918,0.045361,-1.17606,-0.094606,-1.977597,-1.042544,1.877123,0.604709,1.577505,0.0
ubuntu,I,-4.270539,0.754815,0.317466,0.115639,0.129805,0.075572,-0.050087,0.130527,-0.048085,-0.18574,0.098276,-0.001246,-0.130576,-0.180198,-0.115441,0.054484,-0.088694,0.009658,-0.02973,0.268509,-0.393549,0.06043,-0.204902,0.045638,-0.230932,-0.293131,0.041905,-0.037379,-0.372814,-0.020379,0.034272,0.046412,-0.019586,0.112276,0.020949,0.052349,0.017661,0.05383,0.031138,0.100937,-0.0
ubuntu,J,-6.881011,0.233799,1.84381,2.462986,2.878826,0.858362,-1.208102,-0.701791,-0.639153,0.332522,3.091278,-2.647242,-2.93598,1.162385,-4.355585,-0.425865,-1.33807,0.969231,0.403769,0.595224,0.999357,-1.338134,0.812552,-1.42583,-1.190558,-0.550583,-0.994709,-0.008179,1.276302,-0.754618,-0.044459,0.714913,-0.460395,-0.316374,-0.235969,-0.550529,-0.35145,-0.485178,0.397884,-0.361844,-0.0
ubuntu,K,-4.652855,-0.826491,-0.058937,0.446509,-2.883549,-0.027422,0.273576,-0.549113,3.954873,-2.12437,1.774781,-0.809962,-0.234207,-0.835787,0.019786,-0.355183,-1.31464,-1.503361,-1.741202,1.832143,-2.557541,1.535589,1.110682,-1.340371,-0.289984,-1.227899,-1.545559,2.241083,0.498251,-0.748615,0.69795,-1.985463,-1.491974,-1.381555,-0.799833,-2.577171,-1.106169,0.034622,-0.315665,0.57034,-0.0
ubuntu,L,3.738127,-1.380031,2.495027,-0.064123,3.112589,1.012378,2.353253,-0.331108,0.413083,-0.083682,4.226102,-1.404017,-2.176301,0.889785,0.297451,-0.117105,-1.832778,2.195455,0.824128,-1.72192,0.580628,0.348539,-0.140056,0.865627,0.623524,-1.72249,-1.112507,0.046736,-0.791096,-1.063807,-0.915573,-1.04729,0.909282,-0.484726,-1.504165,0.519665,1.176996,-1.378182,-0.131396,-0.615791,0.0
ubuntu,M,0.769069,-2.909254,-1.216695,3.254937,-1.088264,2.614147,2.229245,3.625865,0.210019,-1.451034,-0.470976,-4.497568,1.69661,1.781486,-0.752933,0.448692,-0.531805,1.637004,-0.798896,0.813989,2.784066,-0.788491,-0.52515,0.657873,1.673199,-2.450467,-1.109079,0.025293,-0.058326,-1.716235,-0.129206,-1.592356,1.292124,0.265821,1.430279,1.546531,-0.853016,-0.138588,0.676313,0.115919,-0.0
ubuntu,N,-1.641893,-2.236905,-2.551008,0.378762,-0.775078,1.056717,-0.780705,0.721159,-1.960271,3.358058,-1.369891,-1.095886,-2.111373,1.784483,-0.234569,0.675803,-0.413869,2.628227,-1.677362,0.569105,-0.612376,-0.296027,1.993071,-0.427872,0.483558,-0.654899,1.10593,1.552938,0.829369,-2.254217,0.940705,0.179287,-0.24962,-0.112672,0.163228,1.100573,0.496426,-0.675394,0.879998,0.911712,0.0
ubuntu,O,1.577222,0.410771,-0.714187,0.072222,0.231928,-0.26483,-1.371102,-0.283715,3.341012,0.03602,0.266851,-0.342383,0.265925,0.195549,1.468919,-0.694332,-0.336589,-0.429519,0.143473,-0.293505,0.381548,1.158439,-0.254267,0.664557,0.230089,-0.266056,0.15337,0.009285,-0.62931,-0.180049,0.085105,0.89116,-0.047493,-0.029744,-0.07468,-0.573794,-0.149118,-0.489432,-0.107197,-0.006912,0.0
ubuntu,P,-2.963189,-1.618154,-2.018125,2.057629,1.128526,-2.716453,0.65189,1.027102,2.490119,-0.714766,1.606376,-1.609281,-0.325494,-0.153827,-0.180178,-0.311109,1.104212,0.349303,-0.988965,-2.02529,0.092249,0.238035,1.717911,2.006199,0.84814,1.47076,0.646508,-0.72139,-2.950686,-1.789733,-0.554008,-0.085684,-0.224398,-0.618884,0.654642,-0.001309,-0.880437,-1.362676,0.552414,0.668573,0.0
ubuntu,Q,-1.701987,0.991074,-0.873955,0.143223,0.751555,0.493675,0.250245,-0.314884,1.387997,1.8887,-0.233339,1.549273,0.298021,0.774634,-0.064199,1.925583,0.486554,-0.119155,-1.453146,-0.173047,-1.751448,0.111003,0.403133,-1.636974,0.795515,1.330964,0.705891,-0.7984,-0.674499,-0.170818,1.603892,0.273678,-0.486326,0.375513,1.060594,-0.026955,0.731509,-0.375509,0.575303,0.134279,-0.0
ubuntu,R,0.700619,-2.07523,-2.215996,-1.072614,-1.325957,0.666247,2.229939,-1.06655,-1.010791,-0.948954,-0.69086,0.58847,-0.279988,1.622286,2.170569,1.216336,-1.662269,-0.733315,0.141793,-0.832606,0.538576,-2.136809,-0.784269,0.40503,0.529998,0.091148,-2.003439,1.179304,1.284572,-0.800116,-0.190747,-1.532204,-0.720291,0.783045,1.76531,-2.460585,0.098645,0.213638,-0.907025,1.910457,0.0
ubuntu,S,-2.959625,-0.27409,-2.352695,-0.069053,0.659513,0.870633,-1.523567,-2.631369,0.354499,2.382263,1.794515,0.47655,0.829192,-0.522715,-0.92642,2.107805,-1.966557,1.404167,-0.168725,1.462193,0.555241,0.530245,-0.450209,-1.831342,1.06622,0.224363,-1.120725,1.791081,0.29426,-1.092957,1.312164,1.6465,1.491925,-0.748772,0.773491,-0.472443,-1.028751,-1.654566,0.804874,-1.171683,-0.0
ubuntu,T,-3.03314,0.068029,-0.60938,-0.864949,1.446676,0.570578,-0.540526,-0.84352,1.154349,0.722409,-1.33157,0.156456,1.979892,2.518959,0.565514,0.038995,0.391783,0.808481,-0.053297,0.198908,-1.482945,0.482419,2.157829,1.028922,-1.360806,1.103114,0.086112,-0.134987,-0.946489,-1.499992,-0.190379,0.208011,-0.614631,-0.733799,0.798179,1.055436,0.861921,-0.323872,-1.529652,1.543591,-0.0
ubuntu,U,1.217265,-1.088871,-1.354383,0.02312,-1.316946,0.315435,1.997608,-0.326723,0.51556,0.895505,0.074978,-1.172605,2.802557,-0.672138,1.924065,-1.096895,0.218519,-0.149436,1.654995,-0.869245,0.586092,0.218072,0.267682,0.277009,-1.445713,0.73957,-0.392049,-0.518918,0.529346,0.278572,0.656462,-0.162869,0.039913,0.05861,-0.322955,0.038948,0.028352,-0.464083,-0.117763,0.016546,-0.0
ubuntu,V,2.467932,-0.876244,0.608922,0.92188,-1.215465,0.949918,2.327244,0.571095,1.154065,1.04137,-3.192062,1.153974,3.083933,1.214409,0.061301,0.496254,1.674434,-0.555211,1.106864,0.036918,-1.405465,0.565157,0.009958,-0.285639,-2.266125,-1.513463,-0.610071,-0.377915,0.941657,0.797042,0.352529,-0.596361,1.272086,-0.519929,0.746824,-0.483172,0.899459,0.746631,0.565923,-0.283473,-0.0
ubuntu,W,-0.542271,3.266235,-4.554923,1.744996,4.825936,1.844151,-1.105214,-0.664763,-1.425301,-0.765024,-3.476807,-1.586684,-1.246223,-1.231561,-2.458284,0.674648,0.524043,2.29831,-1.124113,0.603046,-2.887535,1.459181,0.581673,-1.399388,-2.312233,-2.424837,-0.56481,-0.184206,1.363534,-0.988279,-0.199918,-1.52136,0.388327,-0.021291,0.163806,-1.112233,-0.121533,-0.445235,0.305908,0.282396,0.0
ubuntu,X,-2.935976,0.886102,-0.563685,-0.236588,-0.151389,-0.474962,0.596304,0.314329,-0.186274,-0.263484,-0.208747,0.206095,0.09154,-0.064751,0.33244,-0.081857,-0.178839,0.778591,-1.178885,0.169627,-0.270937,-0.533399,0.166728,-0.335203,-0.118641,-0.043609,-0.342959,-0.720939,0.919598,1.042257,0.190024,0.142108,0.037722,-0.026984,0.061804,0.019755,0.002524,0.005349,0.0086,-0.000881,-0.0
ubuntu,Y,-2.216447,-3.302259,1.089802,-0.692673,-2.169747,-3.256842,-0.477345,0.280641,1.230133,2.147336,3.21633,-0.418615,-3.209605,-0.832423,-0.624322,0.267526,-1.272794,2.219248,1.379811,0.839574,-0.007575,0.493835,1.480605,0.314483,-1.39357,1.67297,-2.055167,0.476049,-1.232149,0.470214,3.345847,0.433687,1.495891,-0.143524,-0.324246,0.196076,-1.159347,0.361485,0.489382,-1.609969,0.0
ubuntu,Z,1.060069,0.867188,-0.363184,-2.50712,0.805004,-0.206964,1.583945,-0.999497,0.510194,0.9189,-2.759737,2.212853,1.817875,-2.674692,0.263624,-0.338557,0.767301,2.492603,2.802255,-0.73963,0.00037,0.932951,-0.256211,1.844477,0.986875,0.852972,0.269537,-0.382818,0.884197,0.152417,-0.104578,-1.59559,0.87105,-0.34929,0.242275,0.761397,-0.591191,-0.161325,-0.082808,0.765765,0.0
ubuntu,a,4.676801,0.270017,0.918688,-1.417824,1.557778,4.435451,-2.112317,1.401133,2.607446,1.123128,1.414379,1.300135,-0.666967,-0.999446,1.208391,-1.652161,-3.004082,1.399117,-0.145432,0.826091,-1.032716,1.583937,-0.313191,-0.304076,-0.542144,0.461303,-2.529511,-0.747138,0.083594,-0.1533,0.240861,0.636996,-1.777385,-0.751558,-0.107313,-1.766738,-0.066633,-0.672269,-1.661687,0.818625,-0.0
ubuntu,b,1.022333,0.534314,0.240425,-1.834437,-0.997007,-0.028738,-1.496139,-0.967864,-1.487824,2.616465,1.891344,1.511672,-0.272579,-3.567587,-0.446169,-0.437017,1.790747,1.352965,-0.084174,1.19208,1.495889,-0.65162,0.257624,-0.477966,-1.210443,-0.117077,0.371963,-0.788812,-0.274417,-1.847344,0.563018,2.121332,-0.848398,-0.036282,0.5556,0.192503,0.738348,-0.94539,0.844795,-0.550672,0.0
ubuntu,c,4.416221,-0.074944,0.143533,-0.491209,3.508623,1.284755,1.220564,1.357017,-0.671087,1.32286,-0.76076,0.46675,0.268175,1.093194,-0.271602,-1.035033,-1.936586,-0.617537,0.354832,0.275821,1.124521,1.527638,0.484118,-0.60666,1.298615,-1.301953,-0.084294,0.052869,-1.280001,-0.522487,-0.243792,0.08661,-0.413376,0.446702,-0.082014,0.77296,-0.15721,-0.278202,0.535764,-0.162307,-0.0
ubuntu,d,0.885577,0.34422,-2.695682,1.766928,1.083425,0.702176,2.700393,-2.826752,-0.766326,1.929364,-0.285443,0.644639,0.790196,-1.708956,1.233162,1.219182,0.384713,0.612564,-2.935877,1.200935,0.212829,-0.351142,-0.046579,1.549022,-0.825356,0.36582,1.003686,-1.322442,2.313474,1.111379,0.532242,0.040624,-0.669472,0.961333,-0.258614,-0.463417,-0.33175,0.671323,0.015492,-0.404428,0.0
ubuntu,e,2.008767,0.067106,-0.75039,-2.074108,-0.73802,-0.173224,0.293924,2.735011,-1.039045,2.119741,0.188228,-0.348093,-0.924698,1.958363,0.891385,0.665108,-0.840868,5.237439,1.709699,0.69925,-1.195118,-1.143023,-0.187857,1.313649,-0.013362,2.460234,0.594205,-0.827165,-1.385238,0.499329,0.618955,0.877475,1.876199,0.160426,-0.118941,-1.074991,0.984529,1.31504,-0.574931,0.317788,-0.0
ubuntu,f,7.544656,3.531049,-0.04058,-1.89199,3.523526,-5.97487,3.15886,-0.283345,0.618607,4.764861,1.08762,-1.471649,2.075302,-0.383425,1.144462,0.108751,1.403153,1.291092,-1.816764,-1.155186,1.330593,-0.982673,-2.953739,0.075226,-0.243967,-0.021026,0.125279,-0.305823,0.387818,-0.414676,-0.77468,-1.034693,1.005131,-0.486885,0.429512,0.152059,-0.200456,0.215964,0.116729,-0.111421,0.0
ubuntu,g,2.717567,-0.522646,-0.275612,-1.533534,1.558308,1.495403,-0.235003,-0.83286,-0.42372,0.443196,-1.506584,-0.968543,1.952964,-0.624841,-1.874717,-0.126416,-0.593174,0.187264,-0.832659,0.567227,-1.345218,-1.56162,1.57192,-2.109184,0.209677,2.677074,1.015163,-0.708073,1.250214,2.542627,1.795744,-1.031501,-2.94798,0.438513,-0.115626,0.229358,0.78583,-1.636462,1.548916,0.136603,-0.0
ubuntu,h,-0.610004,0.44132,1.482228,0.867633,-2.900382,0.636858,-1.967448,-0.972436,-2.046491,0.440981,-1.469074,0.776161,-1.389009,-0.989803,-0.598051,1.469863,0.237169,-2.301269,-0.005336,-1.923765,-1.300397,0.466182,-1.930368,2.641646,-1.438328,1.904128,-0.053078,-1.114133,-0.718118,-0.703334,0.831491,-1.450665,-1.118373,0.84541,-0.7054,-0.888844,-0.152388,0.461811,0.101854,-0.693859,0.0
ubuntu,i,-3.713579,-0.0432,-1.35072,0.747957,0.356402,-0.72388,-0.11618,-0.015231,0.223578,0.655412,0.21821,1.12471,0.675137,0.450921,-0.98487,1.109738,-0.150709,1.140778,-0.472016,-0.13339,-0.666569,0.282974,-1.920272,-1.135614,1.038168,0.921522,-0.090937,1.91312,-1.262563,-0.123754,0.253057,0.231182,-1.469178,0.657194,0.232212,1.365977,-0.261873,0.417769,0.234157,-0.302639,-0.0
ubuntu,j,-0.896561,-3.476702,0.464122,-1.161396,1.611344,1.557248,-1.605716,-1.004055,-2.045746,1.504443,-1.144738,-0.748642,-0.563489,-0.333158,1.835243,0.747589,-0.380205,1.177322,1.566662,-1.432063,0.754533,2.419205,0.989368,-1.39441,0.177385,-0.539794,0.417259,0.459486,-0.730681,-2.000989,0.774844,-0.506769,-1.577944,-0.353105,-0.489745,1.197232,0.384532,-1.854945,0.417874,0.297485,0.0
ubuntu,k,-4.759665,0.419049,0.769681,0.859312,-2.0889,-0.480982,-2.489188,0.033038,0.439074,-0.555968,1.326507,-2.283001,1.756769,-2.84766,0.896727,1.349068,-0.13957,-4.02414,-1.549244,-0.00983,0.396155,-1.051543,-0.178627,1.189557,1.493314,-1.905586,-1.292437,1.297295,2.167146,0.41281,-0.632383,-1.141286,0.183061,2.698096,1.02834,0.258478,0.527764,-0.508241,-0.029543,0.376307,-0.0
ubuntu,l,1.922096,4.435368,-0.82839,-0.557969,0.611948,2.279811,1.216203,0.940102,1.02464,1.546692,-0.227279,0.363268,0.697161,0.045177,1.068727,-1.366259,0.011545,-0.81543,0.921186,0.737987,1.795993,0.491253,0.029145,0.854892,-1.026864,2.699434,0.420466,0.334659,0.039469,-0.025919,-0.02899,0.025251,-0.013418,0.002943,-0.000368,2.2e-05,-4.2e-05,0.000296,-0.000237,1.5e-05,0.0
ubuntu,m,0.384441,1.009507,0.355141,-1.787719,0.215249,1.943222,-2.189963,1.965944,-0.203135,1.006356,2.491868,-0.987165,-2.649802,0.16846,0.400029,2.119084,-0.430191,0.36393,0.777247,2.109384,0.69575,-2.816316,0.415343,1.795173,-0.849369,-1.72888,0.433922,-0.842883,1.262536,0.590638,-0.044555,-0.461143,2.124524,0.555786,0.509714,0.099436,0.884469,1.079487,0.310297,0.861069,-0.0
ubuntu,n,0.089105,-2.128325,-1.660069,1.274352,1.629603,1.757174,-0.486231,0.921534,0.22915,-1.587346,-0.904236,0.002811,0.156389,-1.132905,2.034535,-0.852319,-0.175207,1.281944,3.29562,0.189768,0.12317,0.13907,0.756643,2.42563,1.037162,-0.076288,1.055042,-0.694751,0.577935,0.747538,-0.511607,0.766002,0.184144,0.060456,-0.394612,0.516738,0.401136,0.800403,-0.167629,-0.108869,-0.0
ubuntu,o,-0.009372,-1.263693,-1.41609,-1.613464,0.105096,-1.532189,1.308003,-0.566109,-0.393546,-1.205452,0.781042,-0.458285,1.762931,1.777598,1.94939,0.631361,-0.758414,1.692137,1.241932,0.038724,0.130649,-0.174826,-1.521249,-0.541466,0.524069,-0.091842,1.082106,0.345962,0.581894,-0.367467,0.953086,0.190605,-0.036628,0.14709,-0.042707,-0.154567,-0.161879,0.227488,-0.208073,-0.105514,0.0
ubuntu,p,-1.894689,2.685321,-1.675563,-1.203168,0.484009,-0.52755,2.586937,0.069434,-0.769634,0.152619,0.729674,0.607938,-0.107756,-0.521332,-0.302824,0.292296,0.907951,1.399674,-2.835811,-0.573118,-0.287807,-0.458618,1.511434,-0.40529,-0.566889,3.113828,1.089565,0.850701,0.167193,-0.86351,1.349659,-0.816223,1.898428,-0.009828,-0.995793,0.550855,-0.467849,0.963778,0.157613,-0.062347,-0.0
ubuntu,q,-0.582355,0.56478,-2.183968,-1.085841,0.583413,-1.731564,1.331328,1.873939,0.639019,0.558281,-0.365148,-2.063618,-0.185637,-0.43511,-1.450768,-0.205943,-1.043645,-2.03041,0.392271,2.27885,-0.73961,0.909004,-1.746911,0.4713,0.249362,-0.934779,-0.73434,-0.047672,1.298162,-2.8869,0.475122,0.291774,0.402839,1.788108,1.324341,-0.057822,-0.575867,-0.190773,0.949911,0.042514,-0.0
ubuntu,r,-0.769312,6.630117,3.104344,-3.841541,0.186553,1.576926,1.209065,-1.224294,0.70052,-0.640695,0.198972,-0.034821,0.343942,-0.787575,1.031288,-0.53708,-1.060541,0.825911,-0.743932,0.105375,1.092334,-1.628637,-1.965417,0.216789,1.893546,0.025317,-0.48045,-0.985802,-2.892511,-0.489894,0.415856,0.137947,-0.919339,-1.407408,2.086251,0.307227,1.507395,-0.954426,0.258596,-0.356214,-0.0
ubuntu,s,2.886551,-3.439004,1.229358,-3.81249,-1.28103,1.047092,-0.841365,0.447203,-0.822681,0.502519,0.330827,2.891608,0.305212,-0.284275,2.183854,-0.819639,-1.731107,-0.167615,-0.17432,-2.63397,0.646731,-1.48681,-0.049782,0.929241,-1.126723,-0.675135,1.009053,-0.083394,0.030075,-0.440299,-2.164009,1.8144,-0.795859,-0.598016,0.282829,0.926371,0.571757,-1.361836,-2.064405,-0.574383,0.0
ubuntu,t,5.984134,-2.308636,5.778454,2.655012,1.415971,-3.563565,-0.186783,0.585015,0.641612,-0.040395,-1.88876,0.8161,3.240867,0.390097,-1.474137,0.014093,-0.089048,0.617712,1.007501,-1.874264,-0.912069,-1.530479,0.059326,3.552564,1.764296,0.218601,-2.923217,0.613164,0.980158,0.173979,0.51422,0.027791,0.283965,-0.111805,-1.369027,-0.488478,-0.088993,-1.016634,0.156618,-0.082422,0.0
ubuntu,u,0.050334,-2.162497,-0.989009,-0.48685,0.501398,2.833494,-2.883107,0.26031,-0.451636,0.317114,-2.700843,1.9035,1.332155,0.501764,-1.137231,-0.723577,0.98333,1.907191,-0.478216,-0.44985,0.431781,0.37246,-0.054428,-0.768124,1.090908,-1.096499,1.470707,0.159153,0.289544,0.245262,-0.988297,-0.44354,1.331386,0.201612,0.789718,-0.611818,0.304817,0.145793,0.144386,0.577226,-0.0
ubuntu,v,2.083592,-0.173867,1.149897,-1.152618,-1.200751,0.973406,0.310586,-1.769538,-2.93845,3.791813,1.19498,0.65868,1.188241,0.957076,-1.544787,-0.070743,-0.354395,-1.191265,-0.643786,2.835409,-0.982157,0.304117,1.664509,-1.640092,-2.21557,-1.3542,-1.171138,1.337057,0.209784,1.487873,-0.704311,0.67667,-0.541058,0.64426,-1.006177,-0.246832,0.971484,-0.523193,-0.346739,-0.300566,-0.0
ubuntu,w,2.188366,-0.827481,-4.323926,0.351387,-1.019856,-0.204091,-1.303547,1.845504,2.14737,-0.637443,-1.366312,-3.257676,2.953546,-2.251741,1.29759,-1.083062,-2.478448,-0.612768,0.267383,0.732008,0.769525,0.98856,2.159777,-1.180829,0.550685,-1.08676,-0.684861,1.571417,1.596967,-3.60678,2.024104,-1.500183,0.292885,-0.992321,0.929176,-0.271106,1.181159,-0.029951,0.086061,-0.177,0.0
ubuntu,x,-2.61928,-1.565023,0.168748,-0.863015,0.176076,0.998729,-0.416947,-0.312937,-0.034908,0.050476,-0.116891,0.175408,-0.159892,-0.09517,-0.062041,-0.290906,-0.227563,0.175527,-0.556602,0.346946,0.538546,0.680222,-0.219785,-0.423297,0.209792,-0.179099,0.965878,0.244326,0.881824,0.366666,0.241092,-0.006493,0.212136,-0.104652,-0.14659,0.051703,0.049324,-0.021614,0.066992,0.002015,0.0
ubuntu,y,2.201509,0.477476,-2.986602,0.121049,-0.695162,-1.802508,0.107443,0.874983,3.153377,0.184294,-0.13991,1.064682,-0.585807,-0.247441,1.889138,-5.032867,-1.781497,-1.195925,-0.280741,0.837804,2.509322,3.56411,-0.360718,0.476674,-0.707802,-0.670795,2.875394,-0.510242,0.130588,-0.320483,1.240829,-2.28307,-0.642215,-0.51691,0.302151,-0.248122,-0.457785,0.609462,0.328845,-0.604191,0.0
ubuntu,z,0.850494,-1.852217,-1.321865,-1.159275,-2.893934,-1.113217,1.62273,1.773577,1.639963,-0.443293,-3.835236,1.218126,-0.569456,1.128421,0.981259,-1.307849,-0.278084,0.118273,-0.521776,-0.552497,0.406268,1.184303,-3.156878,1.184141,1.630607,-0.028365,1.087091,-0.626949,0.432229,0.009168,-0.818438,-0.464379,0.607375,1.095619,0.654597,-0.187938,-0.077032,-0.237889,-0.414312,0.659826,-0.0
vendsans,0,1.3753,-0.506101,-0.332847,-0.205802,0.696416,0.513007,-0.157515,0.026246,0.273472,0.671321,0.182243,-0.997611,0.836068,0.172789,-0.372935,1.408361,-0.412487,-0.903694,-3.303837,0.915627,-0.169078,-0.460971,0.257283,-0.746406,0.008348,0.619881,1.228233,-0.668579,-0.600051,-0.347485,0.70839,0.756755,-0.089284,-0.539473,-0.736107,0.227158,0.310794,-0.416285,-0.247885,0.16369,-0.0
vendsans,1,-7.299298,-2.530156,2.373524,-0.060346,1.279972,-0.194108,0.576515,-0.075221,0.470413,0.312043,0.384183,0.777049,-0.894482,1.427428,0.318692,-1.22321,0.451999,-0.135135,0.068862,-0.367681,0.55114,-0.406432,0.186536,0.161657,-0.60729,-1.424644,-1.031946,-0.177928,1.194844,0.246075,-0.605959,-2.272403,0.51609,1.970382,-1.012525,-1.445748,1.386256,-1.524245,-0.889759,0.037614,-0.0
vendsans,2,-0.368006,0.85396,-1.430232,-0.075543,2.765717,-1.245503,2.175554,-1.587565,-0.240833,1.125292,1.174484,1.949855,-1.214035,2.172753,-0.084918,-0.706855,0.457046,2.048439,0.323385,0.598093,-2.20957,1.053482,-0.340553,0.918304,0.726106,-0.863362,0.921888,-1.107833,1.969945,1.615813,2.103918,0.213087,-1.930652,0.013648,0.486499,0.796073,0.157137,-1.496202,-1.62992,-0.153457,-0.0
vendsans,3,-4.241505,3.314552,0.248434,-0.21053,-1.0086,-0.766625,-1.401158,-0.809307,1.593511,-0.419103,0.887675,-0.448715,1.033461,1.47219,0.603009,-1.10935,3.231793,-1.498098,2.453174,1.465823,-3.089614,0.418251,0.662124,1.254035,1.178952,-0.028854,1.027588,-2.396253,0.169064,1.271844,0.301643,-0.125792,0.303358,1.20516,-0.809904,1.69721,-1.686635,1.367156,0.259582,0.098476,0.0
vendsans,4,0.535949,3.192668,-1.427285,0.565641,1.194457,0.38355,-0.927464,0.608433,-1.204495,-0.065421,0.859356,2.424346,-2.07749,0.029626,1.47607,2.760282,2.843402,-2.165134,-0.712726,2.187556,0.952858,1.899351,1.845511,0.211415,-1.267608,-0.10535,0.339444,0.81148,-0.132073,-0.880117,-1.300334,-0.625334,-0.468865,1.396152,0.545801,-0.926722,-2.193816,1.52374,-1.512595,0.417539,0.0
vendsans,5,-2.513881,2.911306,0.45534,-0.811795,1.37959,0.204053,0.285708,3.447395,1.796414,-1.163177,1.554275,0.500267,-0.970947,0.44844,2.099626,-1.371492,1.713489,-0.756465,1.359121,-0.334079,-1.537965,1.256506,2.433672,0.720987,1.223364,-0.345426,0.236203,-0.786528,1.305017,-0.674616,0.015598,-1.552435,0.339968,-0.530814,0.654708,-2.394031,-0.196852,0.744869,0.04284,0.883865,-0.0
vendsans,6,-1.085224,4.209898,0.948374,-1.938374,-1.133697,-0.383928,0.762238,0.484131,-1.103928,0.024801,-0.731887,-3.261935,0.377489,-0.337476,1.273406,-0.138219,2.70614,-2.195927,0.292363,-1.41231,-0.250871,-1.427767,-0.503447,-3.01887,-2.238098,-0.281773,1.183637,0.81861,0.023921,-0.219748,0.85235,0.088584,0.137264,0.037461,1.332777,1.16901,-0.361622,0.292537,1.362302,-0.235307,-0.0
vendsans,7,-0.74676,1.989118,-1.480383,-1.510177,-1.335123,-1.643119,-3.021213,0.309299,1.561508,-0.805773,1.377724,-2.64139,0.47334,-1.095415,0.868053,-2.524769,-0.136819,0.846082,-0.162889,2.665687,-1.486548,-0.095153,-0.962004,1.762991,-0.541963,-1.282848,-2.18131,0.40394,-0.633952,0.635498,1.497926,0.08623,-0.133169,-0.342959,-0.819809,-1.224309,0.01497,0.316681,-0.327554,0.409775,-0.0
vendsans,8,0.531606,1.437543,-3.047546,-0.496228,-1.6461,-0.848824,-0.064001,1.596658,-0.510683,0.468235,2.532428,0.146605,1.412766,1.368696,-0.071224,-0.443262,1.071307,-1.082787,0.397662,-0.845687,1.393573,-1.10049,1.481584,-0.706034,0.017035,0.215422,-0.993788,-0.65025,3.462287,0.202034,0.990834,-0.516686,-0.998616,3.216788,0.848437,0.829721,-0.922084,1.191888,0.768964,0.302934,-0.0
vendsans,9,-1.816705,-5.155173,-0.267459,-0.256488,1.097813,-3.263264,-0.236131,1.529279,-0.649098,-0.075238,-1.59306,2.231387,0.758441,-0.438866,0.178387,0.60131,-0.939087,0.735886,0.932922,2.750743,0.736388,-0.584288,0.616994,0.492619,-2.148405,-1.668687,1.406143,0.002182,2.267191,-1.250294,2.094491,1.107671,-0.398037,-0.067418,0.05956,0.382616,0.58572,0.563259,0.459186,-0.400116,-0.0
vendsans,A,-6.034468,3.390426,1.834944,0.673218,-1.106606,0.667096,1.094623,3.043904,-0.025352,0.68392,-1.909006,-0.198845,-2.512912,2.051436,1.15703,-0.272078,0.92421,1.286441,5.735768,1.040208,0.761287,-1.070895,0.82819,-1.101821,-0.426771,0.500592,-2.146711,-0.683643,0.602486,1.741406,-0.283181,-0.462693,0.852867,0.103094,0.351182,0.107978,0.06835,-0.187737,-0.408141,-0.653614,0.0
vendsans,B,-1.184895,-1.05478,-0.162986,-1.765309,1.927121,3.009994,-3.113534,-1.793633,1.047134,4.417096,-1.637456,1.837427,-1.192632,1.999589,-2.052201,1.313619,1.005112,1.130272,-0.382664,0.590414,0.627078,2.353441,-1.094212,0.434091,0.063059,0.420427,-0.958326,-0.178082,-1.549106,0.495384,0.017849,-0.718075,0.454704,-0.662319,0.286208,0.621455,0.217987,-0.249901,1.348313,0.927563,-0.0
vendsans,C,-2.396596,1.981593,1.071731,0.152486,0.955373,-2.200048,-0.608223,-0.538644,0.775473,-0.185008,-1.133047,0.448483,-0.848211,0.908338,-0.279554,1.458776,0.584071,-2.11495,0.507355,0.652238,0.242791,0.3742,0.499185,-0.64796,0.788045,1.120363,0.063094,-0.639962,0.47443,-0.291449,-0.142228,0.30458,0.118442,0.71463,-0.031397,0.051122,-0.124701,0.533484,0.292743,0.046368,-0.0
vendsans,D,-0.004181,-1.462092,0.022675,-0.253673,1.554053,-1.985501,1.010481,-0.491162,-0.990067,0.953997,-0.233378,1.211792,1.208664,-1.598034,-0.134364,-0.74166,1.186488,1.424034,0.954291,-0.486563,-0.066477,0.035391,0.095242,-1.260606,-0.536681,-0.987367,0.441361,-0.730854,-0.636802,0.004746,0.366904,-0.072903,0.903754,-0.999141,-0.273139,-0.323164,0.355354,-0.069599,0.17987,0.468401,0.0
vendsans,E,4.072835,-1.502582,-2.553315,0.329565,-1.32066,0.034817,-0.68798,3.132011,0.675108,-3.061232,-2.440134,-0.80063,-0.240606,1.408084,-1.24607,0.995151,0.462087,-0.200806,2.735681,0.018769,0.994725,0.899992,1.505658,1.162645,1.9092,-1.041873,-0.156739,-0.086346,0.741163,-0.724639,0.615041,-1.952014,0.644535,-1.032997,2.538605,0.82975,0.006007,0.173496,-0.067302,0.487471,0.0
vendsans,F,-3.343447,1.495257,6.911723,-0.785812,-1.323301,0.638399,3.306198,-1.660442,-0.420429,-1.814465,-0.114536,-2.088031,-2.130781,-0.775237,0.359817,-1.545961,3.45561,-2.508377,-2.904112,0.258467,-1.696025,-0.645842,-1.752406,0.765342,-0.948977,-0.648356,-0.3248,0.84166,0.756973,0.26885,-0.615515,-0.194556,-0.806415,-0.313162,0.29775,-0.322414,0.403636,0.692989,0.134266,-0.569728,-0.0
vendsans,G,-0.700458,1.321953,-1.517518,-4.336347,-1.222236,-4.814822,-1.164108,0.607007,2.536467,0.451601,0.773898,1.439502,-2.774574,-1.594305,0.613036,0.670046,-0.66532,-1.341918,-1.030609,0.211615,0.050928,-0.018914,-0.460958,0.45329,-0.017122,-0.441416,0.51386,0.811448,-0.013507,0.300372,-0.301689,-0.19409,-0.417862,0.173141,-0.411323,-0.283696,0.098763,-0.258684,-0.062887,0.174999,-0.0
vendsans,H,3.792474,-0.114488,1.518127,0.137213,-0.618888,-0.536269,2.127459,1.893817,-5.057862,0.529569,1.270007,0.721981,0.626815,1.312888,1.157697,0.193408,2.473305,0.512131,1.415433,2.328516,0.109352,1.339543,2.024621,1.447869,1.390841,1.659838,-0.130245,0.742667,-0.396771,0.699631,1.568905,-0.739851,-0.809172,1.002422,1.337426,-0.694269,1.453302,-0.09454,0.71964,0.981767,0.0
vendsans,I,-4.550241,0.611937,0.36799,0.043071,0.048639,0.022314,-0.049953,0.090969,-0.019017,-0.192441,-0.072582,-0.016312,-0.10633,-0.307432,-0.066544,0.082443,-0.002191,-0.023642,-0.08603,0.180615,0.003444,-0.49323,-0.081792,-0.189407,-0.145739,0.098336,0.368665,-0.185014,-0.102511,-0.005174,-0.024769,-0.214303,-0.018476,0.035926,0.090329,-0.125207,-0.035401,-0.060429,0.041855,-0.000906,-0.0
vendsans,J,3.437799,-5.272259,2.692007,-0.714561,1.759229,0.318116,-0.531963,-0.714769,0.764399,0.385305,-0.473002,0.129937,-0.756143,0.559473,0.620945,0.346888,0.388463,-0.113271,0.503665,0.628257,-0.0372,0.28753,0.061099,-0.241654,0.183066,0.794839,0.761764,-0.76605,0.808202,1.493255,0.244301,-0.196601,1.92144,0.113784,2.452146,-1.452677,1.100887,-0.146098,-0.740814,-2.279541,-0.0
vendsans,K,-7.068819,-1.495739,-2.484227,0.137881,-4.219957,-0.575759,-1.599971,-1.701093,-2.717406,-1.10414,0.669789,-2.768092,-2.183733,0.94887,3.606402,1.972585,-0.831776,0.528222,0.948694,-0.91872,-0.532243,-3.453872,-2.011265,1.422283,0.820034,1.520677,0.16078,0.422658,1.573709,1.096876,0.311632,0.433509,1.005265,-1.198879,-1.100399,-0.648362,0.239478,-0.324181,0.135116,0.102856,-0.0
vendsans,L,-1.366843,-3.111696,-0.521692,1.478468,-2.581843,1.344261,-3.180832,-1.733789,2.86575,-2.649915,0.893189,2.087629,1.252936,1.598712,-1.302172,-0.892553,-0.696031,-0.646521,0.522453,0.814446,1.623114,0.616406,-0.015476,1.935203,-1.645514,-2.105565,1.06001,1.851225,0.174036,0.474044,-0.343262,-0.146064,1.269185,1.386014,-0.558691,1.079302,-1.03003,0.154147,-0.341301,-0.254462,0.0
vendsans,M,-0.341609,-1.796609,-1.14715,-2.806976,-0.680898,-1.351133,4.920169,-0.409552,1.68515,3.020911,0.616251,-2.730122,0.062656,-2.395495,-2.120371,0.542349,-3.195098,-0.169453,1.65841,-1.973319,-0.564448,-0.574462,0.095738,0.471867,-0.686086,0.503543,0.645635,2.415074,1.068082,-1.145644,1.160808,-0.905931,-2.687932,-1.13633,-0.219495,-0.198719,0.290667,-0.220231,-0.498232,1.138252,-0.0
vendsans,N,-2.536383,-0.007593,-2.634758,-0.215644,-0.017131,0.558674,3.565119,2.367017,0.043413,0.963092,-0.870517,2.303231,0.884243,-1.705471,1.04857,2.367485,0.887486,-0.252462,2.055676,1.366604,-0.421564,-1.548025,-1.95978,-0.879871,0.919287,-1.088818,0.082975,0.987851,0.582818,0.169812,0.167686,-0.648396,-0.097038,1.281157,0.663265,-0.069784,2.167289,0.845568,-0.161092,0.016167,0.0
vendsans,O,-1.588047,-1.479809,-2.06197,0.771844,-1.017921,-0.131988,0.07963,0.215552,-1.284008,0.492649,-1.02464,0.741499,1.317674,1.426871,0.865652,-0.453297,-0.523427,-0.054641,0.229991,-0.035881,0.097246,1.01871,-0.473023,-0.193418,0.794781,-0.415361,0.598796,0.151541,0.755472,-0.61187,-0.464855,-0.192134,0.484714,-0.967224,-0.00633,0.18117,-0.429406,0.165747,-0.160854,-0.025647,0.0
vendsans,P,-2.766878,-0.375005,-1.063762,-0.688875,0.981076,-0.13184,1.23764,-1.570736,2.53652,-0.093346,0.648628,-0.818761,-0.506931,-0.818343,-2.31198,0.830438,-0.0004,1.567033,-1.67556,-0.295476,-0.708046,0.852697,-0.856658,-1.328784,-1.668227,2.120404,-2.280338,-1.824108,2.86183,0.983334,-0.072013,0.603413,-0.373707,0.004716,1.105405,0.15646,-0.920673,-0.004716,0.49058,0.731446,0.0
vendsans,Q,-2.604477,-2.57053,-0.023583,1.164576,2.238215,1.527453,0.739061,-0.340243,0.781468,1.750592,0.402486,-0.812714,-0.34706,0.419079,-1.213498,1.529932,-1.210002,0.75654,-0.923212,-0.851594,1.430755,-0.874621,1.438878,-0.386747,-0.784577,-0.225754,-1.217975,1.590843,-0.147195,1.15397,0.38357,0.025916,0.991192,-0.166269,-0.569307,-0.037842,-0.243922,0.452893,-0.264286,0.543244,-0.0
vendsans,R,-3.590451,-2.868496,0.579331,-3.148036,0.209489,-2.822465,-1.279288,-0.638897,0.165247,-0.883764,3.115347,-3.398613,-2.579668,-2.108929,0.464604,0.853853,0.971598,1.908679,-0.73975,-1.976774,-0.212413,-0.453121,1.114253,-1.278272,-0.583639,2.338393,-0.893347,1.1594,-0.235473,0.826583,-0.570401,0.056499,-0.684156,1.19785,-0.638237,-0.1068,1.209619,0.005871,-0.025949,0.03343,0.0
vendsans,S,2.476237,1.816854,-1.742992,-0.41955,-0.234718,-1.224443,-1.675237,2.689168,-1.459105,0.002832,-1.586167,1.404494,1.538784,0.050203,-1.22534,1.666432,-0.11184,-0.160963,-1.010066,-2.783019,1.960816,1.38539,2.107652,-0.406027,0.525314,-1.839483,2.633843,0.744639,1.593584,-0.464792,0.555126,0.149273,0.514882,-0.089694,-0.334341,0.778353,0.639562,0.657881,-0.417334,-1.448305,-0.0
vendsans,T,-1.525008,-3.528718,1.390744,0.825917,-1.516226,-1.84546,-0.70487,-1.570781,-1.257042,1.147657,0.540232,-0.508982,-0.474502,-1.398809,1.802499,-0.340742,-0.879786,-2.092106,-1.030862,-0.097178,2.03155,-0.083615,-0.845986,0.874286,-0.160786,-0.87186,-0.076977,0.79153,0.313305,0.276924,-0.790574,0.187969,0.41718,-0.282186,-0.195567,0.277783,2.500771,0.965831,-1.295009,0.52048,-0.0
vendsans,U,0.873331,0.133062,-1.856275,-0.119244,0.028322,-2.101669,-2.45781,-0.850074,-0.404555,0.999648,1.360103,0.304367,-0.603755,-0.07419,0.187148,-1.34314,-0.302829,1.631593,1.535461,-0.307943,-1.605183,0.536841,1.129708,0.444069,-0.453356,-0.300537,0.155951,0.802833,-0.759017,0.103731,-0.549969,-0.285061,-0.666544,0.638778,-0.127454,0.201737,0.232391,0.088392,0.408003,-0.269305,-0.0
vendsans,V,2.918243,0.61448,0.793478,-0.694961,-1.421194,-1.18886,2.894627,2.135954,-0.562733,0.662267,1.909366,-0.270065,1.105642,0.903629,0.200479,-1.387479,-2.252029,2.400585,1.177014,1.178826,-0.224812,1.726193,0.47355,0.520348,1.753074,-1.533938,0.050639,-0.176031,-1.071746,-1.548795,-0.830919,-0.269841,0.865716,0.427138,0.370058,-0.400637,-0.093175,0.489323,-0.860605,-0.332769,-0.0
vendsans,W,1.531289,0.392179,3.280088,-2.245701,0.579014,-0.016659,-0.099208,1.31755,0.491521,1.494993,-0.612678,3.864464,-0.402238,-2.663073,-1.194653,1.763592,0.144581,-2.775093,1.780925,-1.265115,-0.236085,0.95413,0.322957,0.37588,-1.308088,-3.10221,2.712889,-2.655003,0.246713,1.893408,0.345977,-0.029066,1.62862,1.617701,-0.424061,0.821248,0.523782,-0.767073,0.203941,0.79266,0.0
vendsans,X,-3.653043,-0.111814,-0.456392,-0.035747,0.394263,0.304954,0.274425,-0.334851,0.173672,0.24739,0.121964,0.302037,0.085217,0.090458,0.270839,-0.027093,-0.362643,-0.578211,-0.013472,1.068133,-0.623694,-1.087552,0.107931,0.003479,-0.541893,-0.235002,0.458711,-0.281573,-0.595842,0.408455,-0.686947,-0.25536,-0.111086,-0.204676,0.089096,0.06886,-0.113376,-0.0358,0.01964,0.017553,-0.0
vendsans,Y,-2.855719,4.340807,-9.056003,2.545136,1.429069,1.587823,-0.816464,3.17284,0.240878,-0.86126,-1.691505,-1.342727,-2.780379,0.245549,-1.308322,-1.331768,-0.475361,0.277415,1.672435,2.285,0.044441,0.230979,-1.627637,1.450102,0.076758,0.968023,0.190414,0.538314,0.859524,0.544864,0.307616,0.406281,-0.15569,0.739949,-0.032013,-0.020035,0.160028,0.32293,0.404738,-0.363238,0.0
vendsans,Z,2.304401,0.954659,-0.530188,-3.595305,-1.096377,1.062706,-0.212001,-1.122078,0.833601,2.495904,1.325466,-0.59714,1.588465,-1.718265,1.569616,1.122248,-1.015667,-1.374426,-1.152789,1.178983,-0.456019,1.069866,0.704892,1.010984,-0.82103,0.126328,-0.266855,1.158028,-1.012879,0.9882,1.278661,1.939518,0.855157,-0.526735,0.065697,0.533233,1.271887,-0.350541,1.447271,0.330487,0.0
vendsans,a,-0.944834,1.636457,-0.282788,4.900886,-3.784102,-0.225924,0.21543,-0.715996,1.527912,-0.555266,1.11444,0.599374,2.374586,-0.525402,0.19782,1.78274,-0.802072,0.979369,3.540624,-1.185315,0.985909,-0.512458,-1.077583,-0.335965,1.681319,-2.495132,1.37958,0.823628,0.22213,0.890915,-0.115305,0.386214,-1.005032,-0.409022,-1.372418,-1.563501,-0.728216,-1.404115,-0.706506,0.260948,-0.0
vendsans,b,3.41054,-5.516874,-1.251657,-1.557811,0.365604,2.888438,-0.294036,0.058207,0.708494,-1.606344,-0.429708,-1.094504,0.850747,0.923608,0.026313,-0.239667,0.657901,-0.614184,-0.399744,-0.731795,3.15627,-0.205351,1.175191,0.942021,0.562365,0.497017,-0.657791,-0.084288,-1.248973,-0.206288,0.288217,-0.616525,0.193448,-0.358194,1.204438,0.329727,0.245148,-2.034248,-1.241409,0.221164,0.0
vendsans,c,-1.971623,1.416613,-0.712771,-0.062876,-0.890539,-0.461408,0.069129,0.902549,0.449772,0.610116,0.170728,1.917806,-0.481268,-0.283343,1.200949,0.421399,-0.044366,-2.047817,1.241354,-0.330704,-0.099093,1.324611,0.421234,-0.315584,-1.145025,-0.505184,0.142151,-0.025675,-0.015809,2.046844,1.321662,0.139697,0.24321,1.551496,0.91534,-0.298244,-0.233163,-0.066747,-0.505796,0.175715,-0.0
vendsans,d,2.031001,-5.469113,1.696552,-0.634288,0.057898,1.760584,-0.749371,0.533826,1.467459,0.030154,0.646432,-0.808027,-1.017851,0.928891,0.170879,-1.333795,-0.488352,-1.772218,-2.698397,1.305191,-1.274507,-1.548503,0.635248,-2.026112,1.078386,-0.681679,0.550557,-0.372154,1.073048,-0.895851,0.170271,-1.679693,0.568033,0.652154,0.301302,0.840001,-0.839766,-0.349313,-0.505416,-0.390278,0.0
vendsans,e,1.539529,-1.277867,0.116265,1.270765,2.262133,-0.497307,1.675619,-1.610263,-1.221074,-0.942548,-0.310759,1.359759,0.818629,-1.394081,0.127804,1.941764,1.876359,4.042844,-1.375369,0.570848,2.217533,-0.07964,0.422249,-2.404884,0.673383,-0.311075,-0.778936,-0.547575,2.652097,-2.109894,1.529726,-0.605282,-0.411777,1.117334,0.861734,0.272145,-0.439565,1.453564,0.318002,-0.267065,-0.0
vendsans,f,-7.884307,-2.442897,-0.167394,0.103215,-0.073952,0.415967,1.865097,1.338912,0.814716,0.401357,-1.071687,-0.517313,0.584082,1.345518,0.472561,0.689851,-0.052874,0.686099,-2.137963,0.214937,1.307603,-1.220846,3.450056,2.2822,-0.000237,2.377383,-2.776348,-2.983153,-1.303909,0.470466,-0.432573,-0.635381,1.19405,-0.3381,0.559683,0.511347,0.300927,-0.363954,-0.11435,0.226735,0.0
vendsans,g,4.933967,-3.664111,0.738994,-1.694364,1.412596,0.149583,-0.747227,-1.526123,0.955551,0.881585,0.868169,0.09254,-0.831888,-1.072998,-1.842328,0.520703,0.796963,0.758168,1.349918,0.759985,0.700546,1.15854,-2.337984,-0.824804,-1.895567,1.299903,-1.356433,-0.353547,-0.970612,0.659503,-0.145525,0.613849,0.101785,-2.22183,0.010923,-0.34776,-2.290735,-0.900992,-1.057199,2.775927,-0.0
vendsans,h,5.021757,-2.150617,-3.024844,-1.181509,2.088763,0.424287,0.246044,0.243404,-1.093,0.181887,-0.312455,-0.280926,-0.613247,0.063558,-0.085864,-1.668625,-0.842586,0.83128,2.078892,-0.458442,-0.799065,0.576848,1.121677,2.684374,-1.212237,-1.521041,-1.787627,-1.285341,-2.307969,-0.654685,0.689602,1.150053,0.499066,-0.808648,0.366855,0.602985,1.486057,-0.32147,0.946669,-0.30134,0.0
vendsans,i,-3.706315,0.23037,-1.200315,-0.135658,0.003011,0.213628,-0.16545,0.165547,0.168278,0.099662,1.401404,-0.568885,-0.534225,0.002021,1.049754,-0.323448,0.725463,-0.81666,0.122168,0.710223,-0.442936,0.791319,0.536975,1.141786,-2.177639,0.6989,0.548029,2.420098,0.403258,-0.365977,0.664105,0.417989,-0.828383,-0.634957,0.46351,-0.37667,1.096356,-0.784005,-0.03897,0.146626,-0.0
vendsans,j,-3.19099,-1.671329,0.324176,0.035015,-0.393027,1.912583,0.044882,0.686314,-0.836019,-0.406309,1.899998,-1.445242,-1.240782,0.798334,0.410332,1.225762,0.065736,-0.266704,0.854742,-0.750134,0.455801,-0.812519,-0.363159,0.308298,-1.97166,-1.759786,-0.740413,-1.404491,-0.093788,0.5637,1.005954,-3.336174,-0.296389,-0.331986,-0.315687,0.741409,-0.656029,1.677608,-0.662476,-0.001388,0.0
vendsans,k,-3.238226,1.890384,0.96683,-3.811272,0.529959,-0.683417,1.150721,2.311786,-0.861361,2.055189,-1.905078,3.097727,0.523353,1.885656,2.114719,0.48185,1.387693,0.094701,-3.989641,0.521999,-1.679422,0.63851,1.448064,2.5717,0.401336,0.753335,2.608612,-0.536774,0.919063,1.23675,-1.640119,-0.269161,0.514349,0.216398,0.162698,-0.483019,-0.465261,0.111459,-0.16016,0.631786,-0.0
vendsans,l,-0.407108,5.590862,-0.730312,-0.734008,1.434009,-0.656065,0.110607,-1.28496,-0.321076,0.173207,-1.415699,1.246656,0.587704,-0.784103,-0.938259,1.13591,-1.82144,0.492662,-0.197425,-1.790276,-0.583327,-1.13337,-3.257867,-0.441455,-0.279802,0.401126,0.133011,0.107821,0.264695,-0.059757,-0.017545,0.019755,0.000415,0.00656,-0.000403,-0.001071,-0.000875,-0.000313,-0.000138,-1.9e-05,0.0
vendsans,m,4.602012,2.115644,-3.043123,3.842548,-0.127596,-0.786435,0.855278,-2.298211,1.407213,-1.730057,0.095941,0.971916,-0.793573,-0.457453,1.269813,-0.097946,1.345436,-1.157631,-0.100667,0.479132,0.502627,-1.57433,-0.82222,-0.332688,0.535579,1.049665,1.09799,0.518709,1.250465,1.908768,-0.183195,0.672078,-0.191307,2.857209,0.33891,-0.323033,1.645855,-0.197517,-0.806077,-0.908138,-0.0
vendsans,n,6.371174,3.066645,3.359854,-0.542164,0.988508,0.999824,-0.322179,-0.624982,0.785807,-0.407961,-0.59294,-1.416238,-1.633669,0.555766,1.71767,-0.070356,0.506974,0.333829,-0.616189,2.895453,-0.314618,1.296616,-0.258314,-0.337344,0.19678,-0.320898,-0.646696,0.103727,0.615862,-1.242218,-0.427335,1.348112,-0.107117,0.610479,-0.469868,-0.167532,-1.170781,0.609778,0.278155,0.187298,-0.0
vendsans,o,0.313533,0.958956,-0.90822,-0.336406,0.343426,0.315993,-1.614149,0.05853,-1.247016,-0.657792,-0.414193,1.367929,-0.290508,-1.385094,-0.532668,0.69457,-0.378109,0.066026,-1.893037,1.413708,-0.606303,0.338055,-0.517967,-0.555753,1.433039,0.150311,1.273269,-0.029357,2.10866,0.161219,-0.309489,0.167998,-0.369448,0.946964,0.010964,0.295646,-0.212233,-0.09543,0.075436,0.193374,0.0
vendsans,p,-2.335253,-5.64473,0.983481,0.264431,2.519117,0.610518,-0.384904,-0.041096,0.37881,0.375605,-0.595588,-0.830215,-0.276196,-0.536749,-1.15106,0.956995,-1.414739,-0.390342,-1.744881,-3.631399,0.620845,0.827921,-0.406685,1.103967,0.773425,-0.379968,0.524158,-0.046402,-0.733014,-1.383327,0.747598,0.165391,-0.483188,-0.419551,1.620495,-0.041454,-0.222264,1.401026,-0.102479,-0.488416,-0.0
vendsans,q,-1.013316,3.720301,3.667233,1.279899,0.880559,2.968288,-0.644378,2.889099,2.063663,-0.290308,-1.835403,0.023854,-1.249549,1.432942,0.256746,-0.70562,0.300196,2.129539,-0.982848,1.047892,-1.138381,-0.016797,-0.458029,0.821412,-0.922203,-0.340537,-0.144938,2.080535,-0.365805,-0.388533,1.334239,-0.366621,-1.171525,-0.076327,-0.162933,-1.408509,-1.022812,0.556109,-0.381266,0.237587,-0.0
vendsans,r,-10.793087,-5.582685,4.731748,3.835798,0.737354,-3.372691,-5.562109,1.459362,1.864521,1.014554,-0.149813,1.538677,0.848332,1.625726,1.082816,0.006504,-0.595902,0.146826,0.299914,1.056923,2.865902,-0.231787,-0.144793,0.118379,2.14676,-0.305534,0.692482,0.703691,-0.137426,1.04563,-0.146354,-1.042939,0.277107,0.201008,0.150348,-0.459414,-0.032142,-0.263907,0.200776,0.121751,-0.0
vendsans,s,-0.29429,2.390974,-3.045811,0.934064,0.331988,-2.957697,-1.370288,1.043559,-1.063465,1.703119,-1.122348,-1.412263,-0.198277,2.787328,-2.066228,0.067686,-1.405308,-0.370381,-1.082128,-1.288426,-1.897243,-1.547426,0.58347,0.626702,0.454006,0.137004,-1.894855,-2.08505,0.160351,0.3514,-2.080899,0.527745,-1.523877,-0.219308,1.851018,1.415685,-0.085991,0.344096,0.956427,0.144629,0.0
vendsans,t,-8.970374,0.930115,-0.139833,3.480984,-1.773543,2.163094,-0.035873,-0.514877,-0.958947,4.409439,1.04844,2.132864,0.888121,-0.542439,0.662352,-1.544881,1.424338,-1.459238,-3.257585,-1.286707,1.777436,-0.504858,1.119578,0.731633,0.330584,-0.869735,0.27581,1.884026,1.67746,-1.93704,-1.864986,-0.501597,0.238932,-0.617527,-0.069968,-0.53289,0.349424,-0.299444,0.010515,-0.335995,0.0
vendsans,u,1.49268,-2.757109,-0.559494,-0.921761,-1.283205,0.338911,-1.05677,-0.400683,-2.187533,-0.411078,1.524039,0.200251,0.521703,-0.415335,0.503913,-0.614634,0.623636,-0.382303,-0.223209,0.312213,0.239644,2.373905,1.135902,0.225274,1.425028,0.919663,-1.474695,-0.007203,-0.357179,-0.716372,-0.28414,-0.135682,-0.802977,0.742479,0.452084,0.989231,0.967287,1.452555,-1.729513,-0.195816,-0.0
vendsans,v,2.806089,0.300956,-0.58761,-3.532929,-0.889396,1.300654,-0.206537,2.757177,3.023325,0.787841,-0.449309,1.060639,3.42373,-0.098899,0.578982,-0.367615,-0.899748,-0.922166,-0.998995,0.8712,0.449626,0.958653,0.992412,1.406623,0.675416,0.299245,-0.373706,1.315969,2.438893,-1.985526,-1.94817,0.235611,0.744017,-0.867894,0.076665,0.530042,-0.334201,0.478171,0.604117,0.468737,-0.0
vendsans,w,-2.745844,-0.898068,2.837882,-1.963179,0.929955,-2.260338,0.787958,1.033485,0.938586,-1.458646,-1.102635,1.620649,4.098145,-2.332673,-1.970693,1.650917,0.895452,1.819634,-3.914291,2.21475,-0.315134,-1.648992,-0.323325,-2.708346,1.260383,-0.855757,0.267898,-0.125181,-2.337342,-0.495416,-0.746159,0.811204,0.972123,-0.199287,0.813449,0.987551,0.909885,-0.276226,-0.365393,1.087792,0.0
vendsans,x,-3.993888,-0.90115,-0.13328,-0.49329,0.163155,0.325475,-0.306757,-0.280614,0.161073,-0.011099,0.281673,0.126322,0.464927,0.165764,0.253215,-0.25353,-0.192934,-0.372614,-0.241125,0.267805,0.028043,0.715113,-1.258803,-2.394743,0.619298,0.585141,0.311475,-0.219909,-0.404672,-0.402232,-0.189579,0.10123,0.112142,-0.07867,-0.064655,0.01146,0.032003,-0.007002,0.010578,-0.015477,0.0
vendsans,y,4.050404,3.735554,-3.527384,0.240926,2.646882,3.196785,0.446318,0.983368,-1.709669,1.218233,2.945123,1.579826,1.412329,0.090936,-1.69055,-0.696627,0.615921,1.456817,-1.76042,-0.767512,1.479894,-2.983154,0.944617,1.425552,1.479106,3.107174,2.354355,-0.526522,0.414275,-1.098836,0.19653,-0.478936,-0.637088,1.061087,-0.177727,0.610811,0.089226,-0.237642,-0.335325,-1.414232,0.0
vendsans,z,4.405101,0.957567,0.838914,1.623881,-1.460236,0.772087,-1.22631,1.004396,0.375958,-2.077015,-0.220508,0.63333,1.275405,0.871332,1.048886,-0.45672,1.783813,-0.730338,2.455504,2.621241,1.436318,-0.638923,0.766866,0.800272,-0.039588,-0.7245,1.271182,-0.380213,-1.308612,-0.027964,0.942187,1.852442,0.5799,0.822069,-1.321334,0.791387,1.239105,0.78926,-0.290997,0.443576,-0.0
zain,0,0.72839,-0.356387,-0.489364,0.177667,-0.524316,0.738034,-0.201871,1.346418,-1.174604,0.097639,2.98208,-1.524498,0.234661,0.856136,0.525326,1.098151,-0.314677,0.18295,0.895603,-0.381138,-1.023201,1.796886,-1.24282,0.070624,-0.061279,0.631152,0.442642,0.083764,-0.59664,0.919675,0.528252,0.667235,0.692357,0.421955,0.484562,-0.216862,-0.068275,0.28561,0.098594,-0.192453,-0.0
zain,1,7.847116,1.779882,-0.075064,-1.321551,2.951525,-0.202983,1.962157,0.333467,-4.120595,-0.73204,-0.241477,-2.254833,0.235376,-0.050763,-0.673938,4.064392,1.322298,1.971907,-1.945828,-1.205256,0.130888,-1.69434,-0.252079,0.837972,-1.459692,-0.417844,-0.881424,0.386293,0.264811,0.263174,1.280656,-0.549809,0.280768,-0.243311,0.284459,0.296531,0.57764,0.02286,0.1943,0.155922,-0.0
zain,2,1.132623,-7.163348,0.680914,0.755431,1.142309,-1.159271,0.94862,-0.317734,0.815779,0.39107,0.26266,-1.414812,0.004407,-2.258407,2.023727,1.501765,-0.85519,-1.226887,0.119731,-0.525142,0.606914,0.848625,-0.175818,-0.06932,3.541228,1.527695,1.127501,0.553134,0.208729,0.160717,-0.095542,1.137968,0.317139,0.923062,2.336064,-0.370026,2.259521,-0.3419,-0.123458,0.172157,-0.0
zain,3,-3.209295,-0.121662,-1.264043,1.06036,0.194088,-0.660502,0.821942,-0.038765,-0.784327,-1.465255,0.045851,1.496214,-1.217818,-0.453412,0.781752,0.94912,2.233087,3.830496,-0.070259,-2.339653,1.070285,0.251356,-1.678939,2.08218,1.419035,-0.122207,-2.173746,-2.453498,-2.297649,-0.204429,0.154272,1.063856,1.945417,-0.080413,-0.330656,-0.285225,-0.141034,-0.931206,0.808761,-0.233539,0.0
zain,4,-1.112063,3.965618,-0.945053,0.016337,0.092394,-1.34304,-1.03382,0.406181,1.268318,-0.416592,0.894348,0.552533,-1.297326,0.261289,-5.409586,-1.615996,-0.822037,-0.05105,-0.50789,0.276449,1.804116,1.262114,0.584771,0.20547,2.813646,0.172579,0.049872,-1.006793,-1.252854,-0.391973,1.674872,1.343753,1.459873,1.635598,-1.458596,0.878222,-0.891615,-0.22871,-0.583632,1.12611,0.0
zain,5,-4.242926,1.559584,-0.555243,0.249868,-0.335747,-0.506296,3.083712,0.525343,-2.875575,1.341667,-1.002898,-0.764912,-0.214092,0.124552,1.213089,-2.392774,-1.655203,0.904,-0.056676,2.117735,1.645878,0.232852,-0.171682,-0.044067,-1.997348,-0.118656,-0.950859,1.874033,0.065029,-1.119922,-0.405548,-1.071635,1.316096,0.898391,-0.530428,-1.173603,0.391181,-1.628558,0.797686,1.196844,-0.0
zain,6,4.022904,2.838014,2.847591,0.986266,2.802671,1.965843,-1.093231,-0.02741,2.634053,-0.553266,0.683672,2.884346,-2.564989,-1.007068,0.605933,1.200592,-0.601406,-1.649627,-0.834169,-0.170946,1.111201,0.186143,0.115985,-0.409736,-1.141679,0.995146,1.38855,0.904425,-0.365957,-0.332758,-2.311668,-0.378707,-1.145769,0.76129,0.86519,0.232218,1.566504,0.691597,0.031409,-0.267199,-0.0
zain,7,-2.238074,1.892206,-0.12468,0.658733,-1.387586,0.471025,3.983345,-1.366483,0.422495,-0.68748,1.723443,-1.080039,1.455807,-0.071135,-0.779469,0.691051,3.970161,-0.342813,-2.214776,-0.64348,0.085841,1.3712,-0.175489,1.368132,1.254666,1.335681,1.152567,-0.895626,-0.092675,0.615378,1.994181,-0.48505,0.033576,-0.05127,-0.418391,-0.735819,-0.263732,-0.871776,0.012956,0.008732,-0.0
zain,8,2.181793,1.049109,-0.545132,1.279915,1.055827,3.595506,0.577426,1.676061,-0.584983,1.439177,-1.093079,-0.417712,2.538135,0.888234,0.949079,-1.921109,-2.366654,1.912698,-0.399019,-1.088472,-1.261574,-1.485987,1.603487,0.321885,2.775075,-0.790705,0.425637,-0.573643,-0.30592,-0.806138,1.062366,-1.566094,1.565185,0.103699,-1.071357,-1.852809,-0.714025,-0.148568,0.412148,-0.280327,-0.0
zain,9,-1.2444,1.800307,-3.273144,-2.019255,-3.362366,0.178766,-1.923719,1.458308,0.063503,-0.651323,1.611253,-2.185611,1.179613,-0.782723,-0.368226,-0.136626,2.251383,-0.805572,-1.653887,-2.327515,2.219939,-0.043769,0.9611,1.612353,-2.011554,0.551968,0.901604,0.545317,1.219361,0.0375,0.623025,0.194472,-1.625442,0.073825,-0.384818,1.021937,-0.515561,-0.366041,-0.205757,-0.889041,-0.0
zain,A,0.329069,-2.610074,-2.12507,-1.910394,-1.001257,-0.857669,-1.502692,-2.000797,0.54699,-2.075435,-0.870415,-3.182615,-3.231946,-1.969115,-1.680739,1.162828,-1.520494,-2.435386,0.759667,0.019359,2.233776,0.899855,0.652903,2.456459,1.785472,-2.116762,-1.427253,-1.290587,-0.016076,1.681304,-0.977853,-1.325273,-0.207923,0.759469,-0.323936,-0.242642,0.580637,0.018226,-0.816074,0.326321,0.0
zain,B,-1.674513,0.733067,-0.957238,1.946309,1.009735,0.281876,-3.664853,-0.576366,1.12494,-2.118023,2.762422,-0.111424,2.551408,-0.050726,0.545205,0.434299,-1.190246,1.630436,2.392363,-2.328626,0.466148,0.425407,0.178583,-0.921698,1.943457,-0.33776,-0.699409,-0.848643,-0.41404,-0.590392,1.165584,1.652744,-1.167797,-0.115708,2.56003,0.307778,-0.192087,0.11264,0.60998,0.646507,-0.0
zain,C,1.675894,1.789541,-0.922247,0.796116,0.222578,1.575358,-0.880085,-0.662373,0.949987,1.755304,1.479605,2.175146,-1.270082,-0.318686,-0.117894,-1.713799,0.480072,0.033902,-0.557791,-0.051131,0.149599,0.958044,-0.400675,-0.768146,0.902104,0.136589,-0.265304,-0.114544,0.383033,0.665387,-0.448727,0.509494,0.236231,-0.100858,-0.281183,0.281952,-0.145001,-0.213276,0.370289,0.176997,-0.0
zain,D,0.771389,-0.843525,-0.54351,-0.373568,-2.265109,0.056238,-0.330974,0.897965,1.276336,0.859598,-1.170122,-1.914845,0.755908,-0.007805,-0.477527,0.758514,0.523967,2.132887,-1.23757,1.252387,0.982481,-0.134681,-1.263995,0.289918,0.067097,-0.135873,-0.629966,-0.363425,-0.14535,0.210127,-0.134129,-0.213281,-0.031059,-0.59381,0.262514,0.39414,0.947883,0.274334,0.279567,0.081757,0.0
zain,E,1.58957,0.700478,-0.752781,-0.774594,1.680728,-0.925557,-4.821217,-1.416402,-1.92695,-2.368629,-0.842262,-0.578976,-3.882817,-1.734295,0.842951,-1.018563,0.478581,0.513753,-0.921182,0.127768,2.491677,-2.764679,-0.613596,1.513986,-0.316236,0.005483,-1.146702,0.505014,-0.99197,0.176509,-1.74224,-0.523144,0.477961,-0.496566,-0.357012,-0.633355,-0.11795,0.282682,-0.211044,-0.22241,0.0
zain,F,0.821632,-2.154337,-0.090771,2.0024,1.914754,-1.951116,-1.415643,-0.75711,0.937118,0.253541,-2.09422,2.593345,-0.558893,-2.192324,0.878582,0.159673,1.946972,-0.283701,-1.352696,1.679053,2.279733,0.16794,-1.78922,0.880482,1.394709,-2.114388,0.054396,-1.252923,-0.408385,-1.928864,0.636565,1.284886,0.36134,1.446475,-2.315393,-0.863454,0.474589,-0.193348,1.383064,0.145276,-0.0
zain,G,1.462597,0.14015,1.402938,2.898127,-1.413555,-1.65186,1.813941,4.389405,-2.479383,-0.966177,2.270705,2.469527,0.741716,-0.229241,0.707902,-0.483812,1.750139,-1.267338,0.295652,-0.408041,0.200248,-0.44367,0.774568,0.749403,0.733368,-1.081844,0.209852,0.541867,0.623486,0.299674,0.47001,0.018655,0.050047,0.135568,0.025403,-0.024605,-0.225427,-0.152329,-0.158583,0.084331,-0.0
zain,H,1.909734,-1.143275,1.512801,-2.999124,1.664224,0.84313,-1.614769,-1.674882,-0.183951,4.847963,0.165837,-1.529301,-1.224438,0.151277,-0.48991,-1.364794,-2.15659,-2.310193,1.787173,1.488817,0.49222,-2.359906,0.855641,1.400813,1.873936,0.363527,-0.685891,-1.984855,0.333601,0.789247,0.566003,-0.555947,0.560734,1.149891,-0.916969,0.828364,-1.267784,0.269666,0.222463,-0.035293,0.0
zain,I,-5.300319,0.687196,-0.475136,-0.226789,-0.079902,0.261616,-0.198316,-0.407397,0.534149,0.194183,-0.478698,-0.101853,1.178203,0.802956,0.119219,-0.087685,0.508629,-0.504423,-0.194896,-1.753405,2.38755,0.244935,0.011039,0.05194,-1.196315,0.533783,-0.243039,-0.016133,-0.003487,0.056604,-0.015761,-0.007872,-0.019499,-0.020241,-0.017807,0.010755,0.012876,0.005326,0.017709,0.00034,-0.0
zain,J,3.936255,-5.593415,1.069635,-0.961334,0.249728,-0.125334,-1.170149,0.314894,-0.292157,-0.809826,-0.011536,0.26232,-0.001966,0.521852,-0.381147,-0.205249,-1.109452,0.054645,-0.336494,-0.138721,-0.264227,-2.197853,1.907875,-0.493962,-0.232667,1.444657,1.275569,2.666826,-1.963613,-1.248786,-0.089939,-0.208065,3.122511,0.258103,-0.518504,1.100803,-0.168882,0.155215,0.315329,0.280201,-0.0
zain,K,1.074777,-3.928359,1.85454,1.871834,1.635917,-0.088961,-0.247967,-1.21591,-0.440989,-1.86205,-2.178149,0.383356,1.482009,-1.880974,-0.845727,-0.337261,-0.96033,-1.524426,-1.000846,-1.363367,-0.785953,1.123654,-2.435484,-1.887907,0.804705,-0.427431,2.149301,-0.073313,1.013119,0.966722,2.106818,0.957989,0.909763,-3.4657,1.614069,0.902115,-0.02776,1.362739,-0.685079,-0.995524,-0.0
zain,L,-6.765066,4.487597,1.993767,0.304385,2.462641,1.298452,-1.868085,2.271921,-2.384068,-0.228079,3.340686,2.769161,-0.352491,1.69959,0.824401,1.337605,0.703552,0.045161,2.728553,0.174552,-0.455894,0.433516,-1.655018,0.301966,-0.848226,0.436945,-0.004147,-0.411949,2.2692,1.448724,-0.583708,0.165682,-1.003027,-0.568223,0.524809,-0.198209,-0.356519,-0.134085,-0.508239,0.74117,0.0
zain,M,2.621868,4.311798,1.356809,0.921474,0.398651,4.431432,0.913172,3.330928,-0.572226,0.727918,-3.665595,-1.131629,0.175633,-0.487413,2.320383,2.339484,0.785899,-2.005478,1.071799,0.347823,-3.662092,0.525061,-0.536544,1.890074,1.052906,-0.61423,1.677324,-1.506505,-0.460309,-0.686358,0.537606,-0.149109,-1.552445,0.050605,-0.312352,-1.8475,-0.332697,0.839333,-0.179595,-0.13268,-0.0
zain,N,3.671815,-0.873241,-1.878141,5.297207,-1.155694,-1.86311,0.51951,0.235945,1.419111,0.028247,-2.875282,0.319664,1.00861,2.004211,-0.740233,0.193706,-0.204497,0.365489,-0.369691,1.690557,0.634764,-0.444314,0.10467,0.219382,0.650283,-0.068696,-1.813467,-1.222498,-0.551741,-1.656489,-1.091015,-0.760419,1.832738,0.180472,0.737019,-0.903648,-1.173204,0.634106,-0.023871,-0.634366,0.0
zain,O,0.626352,0.583059,-1.371478,-0.203504,0.753889,2.040243,0.046245,-1.889895,-0.329693,-0.033023,2.14075,-0.229642,0.265258,-0.105671,-0.320113,-0.058711,-0.916197,-1.12547,-0.38461,1.247917,0.209611,-0.276579,1.251224,0.599644,-0.15793,-0.911018,0.033863,-0.26561,0.109105,-0.28836,0.024238,-0.375809,0.445282,-0.087398,0.081057,-0.031873,-0.216539,0.280565,0.294939,-0.137677,0.0
zain,P,-3.888961,-0.796549,-2.273964,-0.050892,0.200365,2.375456,1.906774,-1.732391,-0.63305,0.060231,0.558731,2.309276,-2.625147,-0.69839,0.970276,1.296145,-0.302447,0.245579,-1.516047,1.94107,0.698539,0.309324,-0.004621,2.485202,-1.723782,-2.504694,1.022819,0.38994,-0.002708,-1.39432,-1.028522,0.241175,-0.284153,0.657813,1.488903,-0.299303,-0.440496,1.121137,0.253499,0.821578,0.0
zain,Q,-0.638554,0.581968,-0.352286,-0.487626,0.072241,-1.200318,1.076981,0.605044,-0.140169,0.308543,-0.25569,0.607622,1.221471,0.548968,1.259,0.238357,0.219723,-1.207772,-1.50348,3.230911,0.971239,0.61519,0.42011,0.337836,-1.364775,-1.301184,0.287445,-0.117736,0.360115,-0.42042,0.285854,0.21599,0.853709,0.618482,-0.699933,-0.082964,-0.010891,0.004164,1.260258,0.487506,-0.0
zain,R,2.418213,-1.583206,-1.718938,-0.928711,-1.036856,0.676123,-0.467586,-1.117451,-0.351902,1.481143,1.208629,0.059847,0.193704,2.778598,0.432287,1.562315,0.92221,-1.351987,0.292159,1.088208,0.302583,0.222815,1.180084,1.512034,0.954083,0.159379,0.878501,1.57376,-0.942201,-0.289675,1.314773,0.015429,0.966541,1.110541,0.083656,0.445558,1.865455,3.201496,0.320824,-1.577437,0.0
zain,S,-0.67557,1.190403,-2.287393,-0.812038,3.667962,-2.856504,0.467018,1.381576,1.5191,0.243248,-0.971853,0.574155,-1.536505,2.684538,0.332326,2.167155,-0.090081,-0.037152,1.654719,-0.425748,-1.355131,1.077181,-1.737643,-1.709992,-0.922994,1.698247,-0.638745,0.684837,-0.204233,-1.58807,-2.266227,-1.267977,-0.263685,0.362571,-0.586674,-0.266134,-0.089279,0.534979,-0.997335,-0.526506,-0.0
zain,T,-2.791404,0.018059,-0.410485,0.576206,-1.643292,-1.361179,0.659614,1.93493,0.093839,0.349553,0.128719,-0.549235,1.005622,-0.336786,-0.937746,-0.793982,0.005607,2.100745,0.129231,0.649355,0.15976,3.564974,0.442647,-0.648821,1.114443,-0.974197,0.27266,1.882996,0.07751,-0.545767,0.498305,1.362222,1.470474,0.579249,-0.149823,-0.128877,-0.064591,0.664103,0.811257,1.367679,-0.0
zain,U,2.355502,1.187666,-0.52666,0.506302,-0.01569,-1.009352,-2.366994,1.881015,1.900465,-1.614151,0.22855,-1.465217,1.133379,-0.115384,-0.974034,-0.59177,0.010515,0.198709,0.639151,1.609684,1.437387,0.881411,-0.777615,0.207415,0.577195,0.102506,-0.113696,-0.678173,0.481028,0.456163,-0.176819,0.548374,-0.460485,0.514706,0.395516,0.547293,-0.182166,0.326668,0.022259,0.315596,-0.0
zain,V,1.459658,0.224179,-1.283306,-2.660904,-2.940123,-1.429908,-2.918635,-0.201468,0.609543,-1.69576,-0.951547,-0.407348,-1.503069,1.972232,-1.930923,-1.549208,0.650263,3.083461,1.060341,-1.399142,-0.20147,0.378668,1.118957,0.569284,-0.584423,-0.115077,-0.724925,0.364927,1.250538,0.46454,1.305507,0.571179,-0.430623,-0.332797,-0.440142,-0.781036,0.279906,-0.641094,-0.3338,-0.095577,-0.0
zain,W,3.366095,0.613323,-0.665067,1.949805,1.278012,-0.409834,-1.215386,2.14756,1.305927,-1.133209,4.841529,0.248944,-3.675607,1.639642,-1.999352,-0.395678,0.736868,-0.900163,-0.046122,2.227995,-1.20864,-1.253764,-1.183953,2.266005,0.092266,-0.745887,2.565408,1.937053,0.721394,0.341641,-0.30453,-2.11041,0.603626,-1.035202,0.26023,0.952274,-0.139818,1.358701,-0.151716,-1.411478,0.0
zain,X,-3.332918,0.694567,-0.427871,-0.169599,-0.008095,-0.357375,0.316333,0.120652,-0.029387,-0.279354,-0.178952,0.015675,0.102239,-0.0308,-0.031135,-0.160587,-0.036761,0.482558,-0.906705,0.112809,-0.003291,-0.148989,-0.330322,0.052852,0.053687,-0.288734,-0.278487,-0.548246,0.122143,-0.36287,-0.160564,-0.118685,0.087063,0.005639,-0.390769,0.074791,-0.053554,0.225513,-0.188971,-0.066466,-0.0
zain,Y,-1.280138,-3.821653,-0.321913,-0.458586,1.625446,-2.47996,-1.436414,0.227626,-0.820177,-0.617876,-2.144394,-0.295062,-2.124528,2.271148,-0.777004,-1.346424,0.355105,-0.57864,-0.766507,-4.244438,-1.618736,1.783078,0.050084,1.907382,-0.86422,0.019457,-1.401726,-0.065822,-1.557298,-0.594585,-0.849221,-1.801696,0.174787,0.398224,-1.162515,0.175466,2.033591,2.223015,-1.032232,0.084451,0.0
zain,Z,0.969277,-1.641992,-0.257086,-1.319042,2.355978,-2.599722,-4.013938,-0.097964,-0.283428,1.84856,-1.591464,-1.216284,-0.704089,0.272578,0.082349,-2.052047,-1.100484,-0.285749,-0.887715,-0.398899,1.059577,0.085855,1.925898,1.053214,-0.204923,-1.820594,0.053793,-1.611772,0.519686,1.284569,0.235644,0.507212,0.094949,0.331054,-1.042559,-0.248719,-1.180784,0.87438,-0.496474,0.83424,0.0
zain,a,-1.710621,3.849788,-1.219992,-1.529019,1.23627,-0.583864,1.58415,-1.498789,-0.803145,1.091846,1.415788,-0.884237,0.314684,0.871682,0.209528,-0.843046,-0.585422,0.277298,0.587271,-2.999948,-1.39234,-0.341195,1.805152,-0.279784,0.102049,1.05857,-0.391856,-1.228127,-0.248213,-0.357505,-0.917289,0.122337,-1.667361,-0.9487,0.913148,-1.724312,-2.033417,0.012429,1.757719,-2.60521,-0.0
zain,b,0.835573,-0.007186,2.543175,0.051928,0.22342,0.913967,4.736567,0.068902,0.701925,0.935238,1.636286,-2.540276,1.325435,-0.058303,-1.952691,1.615209,3.447243,0.831861,0.825037,0.394873,0.139534,0.626102,-1.253724,-0.776455,-0.73872,-1.430925,-0.692108,-0.096622,-0.368931,-0.042551,0.600437,-0.242342,0.269765,0.638713,-0.556448,-0.610636,-0.903072,0.439794,-1.00359,-0.162809,0.0
zain,c,1.303676,1.296357,-1.100108,-0.890179,0.83169,2.000807,-1.673291,-1.627886,-0.480059,-0.778682,-2.664129,-1.937442,-3.486089,0.285362,-0.499,1.322287,-0.057148,-0.896876,0.65202,0.109651,-0.046434,-0.191536,-0.888384,0.22215,0.377699,-0.741866,0.02557,-0.301232,0.127719,0.344201,0.207283,-0.291428,0.10804,0.018085,-0.627007,-0.263371,0.015913,0.296081,-0.505965,0.090855,-0.0
zain,d,2.915895,1.502549,-3.314612,0.001723,-2.494842,0.738235,0.698101,1.728587,-0.451982,2.355026,-0.142339,-2.113773,1.91395,2.244691,-0.294046,-0.047553,-0.142816,-2.606885,0.29859,0.334142,1.356991,0.613715,1.393149,1.220526,0.220767,0.374627,-1.250679,1.195242,-0.478084,-0.559573,0.624472,0.121042,-1.458557,0.4849,1.191673,0.562472,-0.737359,-0.122762,0.14106,-0.841061,0.0
zain,e,1.461274,-1.831198,4.807798,-1.971004,0.352629,-1.127827,0.854676,5.204131,0.338176,0.531955,-0.265011,-1.023237,0.435459,1.919438,-1.047924,-0.076565,-1.753276,-1.256865,-1.802791,1.613911,2.746544,2.074243,-1.142615,0.385683,0.542117,-0.355073,0.151364,0.89019,1.780422,0.346717,-0.790486,-0.398898,1.26468,1.373401,1.609941,0.608844,0.181199,-0.391294,-0.272918,0.323273,-0.0
zain,f,-0.472705,6.984303,2.189183,-0.802103,-1.218489,-1.730235,-2.23356,0.858778,0.008755,0.150398,0.027205,-0.410079,0.588816,0.319545,0.220976,-0.52022,-0.710621,0.811383,0.634713,1.928291,-1.78498,-0.834145,0.264939,-1.646422,-1.545335,1.685279,0.926709,0.298185,-1.876966,3.041457,-0.428135,0.838074,-0.286804,-0.195074,1.540048,0.205611,0.670562,0.454483,1.985239,-0.10939,0.0
zain,g,3.975065,-0.720946,0.012392,-0.014447,-0.43936,-0.305263,1.669119,-0.960208,1.078864,-0.291844,0.710346,2.379304,-0.626008,-1.151726,0.870267,0.512903,1.184837,-0.085294,-3.202341,-0.713095,3.166379,-1.226539,1.377675,1.811075,-1.45872,2.068333,-0.588999,-1.793344,-1.096103,-0.927032,0.095278,-1.870129,1.070941,2.157256,0.836725,-2.070152,0.381284,-0.833259,-0.049222,0.077245,-0.0
zain,h,2.557368,0.831662,2.69491,2.204389,-1.435499,-0.659077,0.399832,-1.970657,-0.917402,-2.073066,-2.2097,0.551651,1.937283,-1.084254,1.79288,-0.732605,-1.623945,0.715708,0.18439,2.769546,-0.826747,-0.211034,-1.717636,-0.264496,0.250478,1.69213,0.008487,1.439217,-1.547805,-0.612048,-0.433642,0.150844,0.920188,-1.313329,0.883117,0.094566,1.279858,0.962567,-0.448135,0.940669,0.0
zain,i,-2.81588,1.326647,-0.993193,0.928878,-0.315095,-0.022228,1.811452,1.701388,0.155339,-2.357373,-0.072854,0.17892,0.938876,0.616784,-0.114212,1.150283,0.485845,-1.198611,-0.685455,1.919323,2.96846,-1.083334,-0.001265,-0.790969,-0.253047,0.314035,-1.505208,0.199678,1.37548,-0.068429,0.382482,0.574874,-0.37256,0.285481,-0.824698,-0.276821,-0.387494,0.07661,0.455496,-0.045085,-0.0
zain,j,-0.61256,-4.395314,-0.235799,-2.088823,1.919912,0.194307,2.178736,-0.637468,-1.477281,-0.630902,-0.990343,-2.013655,0.497197,-0.131321,0.018608,-0.338942,-0.629189,0.748312,-0.074187,-0.138966,-1.554768,1.793264,0.537359,0.394334,1.834464,-1.114288,-2.729438,1.705833,-0.196249,0.505755,-0.373232,0.852766,-0.235647,0.968879,0.162451,-0.266159,0.306355,2.02808,0.4569,0.96109,0.0
zain,k,-5.8152,-2.353703,1.756162,3.71964,2.750897,0.714591,-2.823188,0.927932,-0.920448,-0.598371,1.348121,2.494894,-3.286658,0.420407,0.172145,1.278671,3.469566,-1.302902,-0.159027,-2.390454,0.907784,-1.55265,-0.07408,-0.314675,0.04605,0.025532,-0.639485,0.019738,-0.153417,-1.498289,-1.405572,2.02697,-0.996795,-1.208082,0.800389,-0.747409,-0.199498,0.618546,1.090575,0.660821,-0.0
zain,l,-0.947497,5.000862,0.857981,-1.212992,0.453084,-0.117568,0.37282,-0.06255,1.0867,-1.405258,-3.207388,0.033467,2.519167,0.468672,0.246862,2.880351,1.429304,1.496136,-0.180496,-0.208039,0.24639,0.512858,1.785935,0.122056,-0.957995,-0.447604,-0.097186,0.077698,-0.157397,0.044965,0.048417,-0.019949,0.004072,-0.006647,0.002245,-0.001494,0.000292,0.000846,-2.1e-05,-1.1e-05,0.0
zain,m,2.971979,-0.501312,-0.234884,-1.958497,0.747038,1.54225,1.575925,-3.364053,0.931468,3.63321,0.852825,-0.988467,1.658776,0.313859,-0.692567,0.568135,0.719515,-0.425997,-0.050631,0.112282,-0.336698,1.468419,0.024979,2.030147,0.300406,0.477025,0.393849,0.131907,1.541974,-1.074412,1.210756,0.023867,0.234281,0.783345,-1.503919,1.102479,1.02167,-1.525787,2.105106,-0.017038,-0.0
zain,n,1.649474,-0.550072,-0.945584,-0.024197,-1.575701,-0.615913,0.129404,-2.534991,-2.437915,-1.524428,-0.578283,-0.129467,-1.384838,-3.972113,-0.770558,0.539078,-2.094361,-0.548464,-1.264973,-0.965369,0.075003,0.650758,-0.596002,0.49852,0.796429,0.866199,-1.008987,-0.318697,0.532184,0.160986,0.423146,1.201514,-0.274943,0.53404,0.708583,0.131664,-0.061704,0.196852,-0.086769,-0.159473,-0.0
zain,o,1.739342,-2.059575,0.398703,3.0648,-4.358061,-0.041606,0.800985,0.420191,0.315624,0.277075,0.874758,0.141951,1.234031,-1.078264,-0.2596,1.220806,-0.476811,-0.373388,-0.047035,0.301876,-0.558232,0.155498,0.027218,0.738423,0.419097,-0.763119,-0.107716,0.500511,-0.297994,-0.665023,0.125648,0.737398,-0.286748,0.341089,-0.371928,0.648746,-0.036851,0.231508,0.159245,-0.26041,0.0
zain,p,-2.148409,1.637554,-0.499544,0.399653,-0.431265,-0.813256,-3.38837,0.638632,-0.617819,-2.625973,-1.815723,-3.259198,-0.467577,-0.767603,-1.181775,2.885063,0.689369,-0.875989,-0.228615,-0.998475,-1.894291,-0.950921,-0.324539,-1.68103,-0.720871,0.572246,0.980315,0.983753,0.207149,0.150257,-0.004044,0.531114,-1.093059,-0.587908,-0.963889,0.100326,0.881433,-0.759122,-0.276618,-0.090568,-0.0
zain,q,-1.164457,0.397878,-0.782921,0.879318,-2.337551,-3.34837,0.008294,0.010732,0.54516,1.575314,2.466271,0.622215,-3.887072,0.013365,-1.388643,-0.3261,-2.02763,0.950028,-1.834091,1.143734,-0.048906,-1.659115,1.761319,-1.2342,1.434031,-0.229303,-0.523557,0.681061,-0.047181,0.063958,0.437067,0.487701,-1.141629,0.364035,-0.353366,0.301335,0.918201,0.630332,-0.758557,-0.499108,-0.0
zain,r,-2.625923,4.143996,1.492213,-0.82118,-0.111323,0.111583,1.355221,-0.338911,-0.935477,-0.545281,1.021185,0.51577,1.256814,-0.518267,-0.940762,0.920213,1.424639,-0.724462,-0.502418,0.030217,0.082587,-2.182845,0.299148,-0.738029,0.328853,-2.161839,1.408822,2.642394,-0.523689,1.445872,-1.247231,2.220516,1.308431,-1.156318,-1.666051,0.858201,-0.054907,-0.015749,0.699884,-0.739594,-0.0
zain,s,-1.276381,-1.827615,1.490205,-2.433312,0.735639,4.360476,0.005556,0.806647,0.145472,-2.170307,-0.338177,-1.88497,-0.638337,1.43145,-3.063921,0.14412,1.490183,-2.765998,-0.877524,-0.8184,1.561958,0.820271,-0.664626,0.123015,-0.398692,0.477589,-1.538092,0.708736,-1.768676,-1.971074,-0.661322,0.397097,0.17345,-1.872598,0.755026,-0.142589,-0.785602,1.086535,0.073216,0.46935,0.0
zain,t,-7.276929,6.15228,3.687687,0.677333,0.457572,-3.193404,2.451657,0.010342,-0.185262,-0.69113,0.419866,-1.23219,-0.170401,0.02969,1.004071,0.386662,-1.15838,1.705385,-1.007743,0.276382,1.570021,0.754865,-0.359632,0.476834,-0.228431,-0.980583,-0.663737,-0.074819,-0.018259,-0.052949,-0.018851,1.711228,-0.957175,-0.009769,-0.888793,-0.894092,0.72939,2.632972,-2.752538,1.050886,0.0
zain,u,1.268791,-4.102585,-1.384786,-2.787369,0.331865,-0.487966,-0.46073,0.405747,1.701523,1.318593,1.639698,0.450441,0.471061,-3.144526,0.456674,1.063328,-0.883391,1.220501,0.681836,0.428512,0.08156,-2.805357,1.276279,0.253925,-0.026273,0.321799,0.185052,-0.492436,0.379734,0.253323,-0.123965,-0.613642,-0.365758,-0.711623,0.293013,0.556007,0.503402,-0.258666,0.012475,0.638963,-0.0
zain,v,1.190997,5.25687,1.146731,2.639005,-3.950786,-1.828708,-0.651875,-2.735447,0.124734,-2.79667,1.769107,3.18469,0.042284,-1.867108,-0.65782,-0.277674,0.650508,-0.280494,-0.498617,-0.883809,-1.983014,-1.088279,0.396986,-0.402037,0.280229,-0.20777,1.178899,1.265816,-0.091993,-0.612306,-1.390675,-0.569004,0.228707,-0.494897,0.777093,0.072588,0.850691,0.31599,0.464422,-0.053976,-0.0
zain,w,-2.424419,0.77688,-0.033219,-2.467464,1.593255,0.843272,4.551284,3.349307,-0.896255,1.441479,-1.472394,-1.602718,-3.636334,-0.978813,-0.47125,0.149293,0.376451,-0.194843,0.651724,-1.500034,-1.94858,-1.254036,0.71881,-2.327863,-0.450212,3.646211,0.298311,1.371734,0.376446,-1.842251,0.256553,1.030814,0.905657,-0.816665,-1.104584,-0.377542,-0.606601,0.477451,1.297493,1.162402,0.0
zain,x,-2.141833,-2.337846,0.507137,-0.539089,0.098628,1.481883,-0.498102,-0.326851,-0.31054,0.142347,-0.115575,0.363355,-0.401981,-0.229169,-0.244617,-0.356195,-0.421462,0.244068,-1.085214,0.108366,1.213204,0.483897,0.674145,0.079437,0.514215,-0.279432,-0.03246,0.789331,-0.090292,0.067871,-0.416865,-0.154923,0.047127,0.036873,-0.015271,-0.272976,-0.25946,0.131391,-0.060895,0.016291,0.0
zain,y,3.064432,2.516213,4.498127,1.20131,-1.769714,-3.383683,0.868695,1.930686,-2.089908,-0.935485,-2.91756,0.870264,-0.503161,-0.708398,-1.543295,-0.546168,-2.219235,1.710541,-1.268973,0.363979,0.880989,0.736858,1.360511,-1.378263,1.074005,1.742422,-0.937364,1.538859,0.086767,-0.689431,-0.954251,0.64135,-3.770058,-0.388981,-0.436674,0.050888,1.313742,0.73376,0.136492,0.274949,0.0
zain,z,0.136286,-2.966633,-1.051233,-0.001671,2.815595,-2.278946,2.706509,0.533784,-0.733957,-0.501985,1.032763,0.739557,-1.357296,-2.184744,1.798011,-0.645156,-0.519549,0.350883,-0.164069,1.645747,0.717657,-0.369385,0.022738,-0.283842,-1.346387,0.675075,1.851198,-1.438755,-1.376574,0.702981,-1.812219,-1.089957,-0.700025,-1.11706,-0.269727,0.670454,0.342708,1.01606,0.534037,0.109963,-0.0
zalando,0,0.172891,-0.281627,0.083095,0.652539,0.356295,0.251157,-0.445141,0.650968,1.964734,1.192495,0.66168,-0.222624,-0.51943,-0.19952,1.014355,0.259503,-1.651121,0.970831,-0.043148,-0.154218,-0.198836,0.98469,0.466278,1.389456,0.438025,-1.253001,0.349715,-1.114268,-0.709244,-0.19078,-1.723539,-0.281683,-0.735276,0.249208,-0.828782,0.159159,-0.135839,-0.193462,0.334754,0.244114,-0.0
zalando,1,-12.06879,-0.595343,1.59121,1.206503,1.717189,1.699442,-1.545393,-0.183819,1.882252,-0.658983,-0.232554,0.901039,-1.867927,2.316812,1.195752,2.065808,-0.889329,-0.354834,0.443262,-2.62612,-0.385542,-0.513368,-0.990903,1.017157,0.444677,-0.06088,-0.322442,-1.720299,1.380866,-0.889413,0.662082,1.870274,1.001535,-1.135565,-0.856647,-0.681768,-0.155627,0.538217,0.079067,0.207393,-0.0
zalando,2,-2.785395,-4.608225,-2.48055,-1.264062,1.536533,1.36937,0.618848,-0.320079,-0.736009,1.199086,-1.287493,1.761886,0.794332,1.55701,0.738576,0.235343,-0.559551,-0.194647,1.640353,-1.0591,0.76363,-0.885036,1.402015,-0.113526,-2.228692,3.250114,2.053748,1.004976,1.496064,1.631325,0.087896,0.759764,0.246979,0.794157,-0.65692,-0.323957,-0.867124,1.614343,0.738847,-0.671662,-0.0
zalando,3,-2.51885,3.315838,-0.5741,-0.731677,-0.216953,-0.879391,-1.092467,-2.11761,-2.083382,-2.465516,0.401796,1.198129,2.382714,-0.430545,0.668104,1.128861,0.978009,-2.851331,-2.627656,-0.143095,1.198226,-3.798864,1.546797,-0.43791,0.716274,-1.140793,0.51662,-0.778005,-0.835793,0.665639,0.725077,-0.342083,0.097075,0.001333,2.287016,-0.477573,0.886313,-0.424536,0.143177,-0.910954,0.0
zalando,4,-1.181476,-1.871545,0.569544,4.757358,-1.687521,3.406956,0.513543,0.932054,0.871986,0.772661,-1.283484,0.177035,-0.557204,-1.629053,-2.638748,-1.601194,-1.15038,0.929442,2.953501,-0.909601,-2.638262,-0.797067,2.101607,-0.891711,-2.355,-1.391497,-0.835534,-0.907436,0.005237,0.648414,-0.501853,0.732285,0.33023,0.542781,0.82729,0.1511,-1.496844,1.216186,-0.655982,-0.672674,0.0
zalando,5,-2.584786,2.865068,-0.563907,-0.074635,0.82003,0.489268,-0.660789,-0.249113,1.924409,1.48574,-2.011249,-0.333031,-1.136984,1.69263,-1.890136,1.477625,-2.192995,2.553385,-0.769862,-0.010725,-0.061988,0.963219,1.143036,1.578417,-0.427842,-0.199258,0.901968,-1.295036,-2.123306,0.329202,-0.344214,0.565202,-1.533738,-0.135812,1.956542,-1.098124,-0.766594,-1.466883,0.172817,0.40453,-0.0
zalando,6,-1.175653,3.555355,0.635382,-1.655461,-2.476412,1.545015,0.024776,4.261116,-0.884801,1.278985,1.531711,-0.773158,-1.049129,0.005067,0.866072,0.290879,0.647202,0.989437,-2.292599,0.033234,2.226795,-0.45488,0.733956,0.2275,1.305153,1.394009,-1.377389,-2.715131,1.393908,0.690454,-0.71586,0.653748,0.295063,-0.429558,-0.08283,0.147805,0.036648,1.027199,-0.87273,0.007101,-0.0
zalando,7,0.815531,1.005788,-2.00633,-1.337816,-2.352742,0.124657,-1.338237,-1.673808,-0.231682,0.93918,0.181715,1.466442,-2.113295,0.295126,1.096207,-0.022004,1.418481,-1.119901,1.663791,1.975985,-0.146933,1.778328,2.988222,0.413207,2.198916,-1.129329,-0.182282,-0.37713,0.559172,-0.879526,-0.335553,-1.125072,-1.00344,-0.381482,0.040147,1.523664,-0.952909,-0.463154,-0.345706,0.365805,-0.0
zalando,8,2.505765,-0.343828,-3.209934,-0.697587,1.237391,1.222869,-2.224659,0.387113,-0.564942,-0.773721,-0.267023,1.114813,0.375238,1.796033,-1.349721,1.21436,-1.382815,0.841227,0.408927,3.855369,0.340117,0.722359,-1.172073,0.238209,-0.432289,0.492579,1.61872,0.70588,1.406535,-2.675967,1.343431,0.465194,0.421568,-1.07884,-0.944456,1.600741,1.132489,0.527566,0.919814,-0.581122,-0.0
zalando,9,-1.227328,-3.991197,0.149493,-0.273079,-3.267151,-3.049339,-0.344559,-2.096081,1.002785,3.048529,-1.127573,0.374721,0.1376,1.431522,-0.914317,-0.629614,0.870185,1.318846,-0.741544,-0.709924,-1.875865,2.3069,-0.751761,0.397746,1.428708,1.072096,1.697006,-0.845019,-1.807416,-0.160996,-0.08363,1.074142,-0.699982,-0.363176,-0.1759,-0.353123,-0.097375,0.300394,-0.306565,-1.530623,-0.0
zalando,A,-3.58828,0.985145,-1.310236,-2.217417,-1.926758,0.823861,-1.594335,-0.597107,1.742527,-0.405237,-0.713025,2.994745,0.933109,1.106004,-1.808618,0.19005,-2.709445,2.546998,0.121757,0.649651,-0.661167,0.004019,1.993948,-1.138459,1.795236,0.169235,1.744647,0.56791,-2.288483,-0.236098,-1.045121,-2.274289,0.020624,0.024877,-0.668756,2.676202,-0.747141,0.136938,-0.773056,0.862226,0.0
zalando,B,-3.312177,-0.339457,-1.595122,-1.439795,2.05748,0.301936,-1.391793,0.57405,0.35438,-1.901912,-3.153736,-1.740073,0.815472,-2.381713,-0.080019,1.75905,-1.176078,0.33344,0.111191,-0.742185,-2.091714,-2.008823,-0.257917,1.91827,-1.589193,-2.164504,-1.188203,1.741104,-1.694526,0.521119,-1.995919,0.075024,-1.02484,0.342641,-0.347199,-0.287707,0.058788,-0.651376,0.314333,0.185537,-0.0
zalando,C,-1.835643,1.634548,-0.097984,1.210067,0.699704,-0.64743,-1.718208,-0.070756,0.109922,-0.404461,-0.130571,-0.613982,-0.762665,-0.464378,-0.054827,-0.913937,-1.219455,-0.448802,0.940371,-0.95654,0.938037,-0.617383,0.582602,-0.941595,0.061151,-1.306738,0.483041,1.372207,0.188942,-0.35578,0.536679,0.491212,0.346544,0.326468,0.793001,0.58673,0.40299,-0.207593,-0.347271,0.147318,-0.0
zalando,D,0.576983,0.061809,-1.448947,-0.454907,-1.284635,0.43306,0.132326,-0.214856,-1.431877,-0.247221,-1.071179,-1.301164,0.67076,-1.03971,0.126181,-0.245717,0.254395,-0.22749,2.464828,-0.254393,0.850458,-0.005275,0.190725,-0.001896,-0.182441,1.449697,1.279908,-0.522936,0.870534,0.418841,-0.301263,-0.75987,-0.960619,0.120066,-0.013967,0.884501,-0.2326,-0.163542,-0.158207,0.243429,0.0
zalando,E,2.087228,-0.247073,2.419415,-1.765064,-2.098988,-0.52883,-0.211492,-0.163244,1.393773,-1.974321,1.309412,-0.290555,0.590086,-0.384996,3.436626,-0.064732,1.647349,1.566227,0.363253,-0.580466,-0.401009,0.166956,-1.854742,0.182829,1.338302,-1.287818,-0.051404,1.482978,-1.822262,0.816449,2.4032,1.269266,1.127225,2.216178,0.694428,-0.512429,-0.728417,0.819497,0.63862,0.930892,0.0
zalando,F,-2.86885,-2.715911,-1.430853,-1.332702,-3.480459,0.06422,0.1642,3.482818,-0.045031,0.011286,-1.388907,1.28733,-1.147973,2.367422,1.22747,-0.464076,1.374852,2.346672,1.951841,-0.888064,-0.041662,-1.201708,-1.467618,1.944928,-1.373721,1.795378,0.139647,0.749976,-1.574249,0.013321,-0.711872,1.417903,-1.711436,0.464018,-0.030934,1.187148,0.503397,0.356168,1.861258,0.040682,-0.0
zalando,G,2.334544,0.952198,1.553142,3.776829,2.292404,-0.563771,-2.931229,-0.533487,-1.716337,2.878491,0.628392,-0.447625,-0.969556,-2.292669,1.245373,2.35187,-1.19696,0.495555,0.032356,1.02914,0.681898,-0.161397,-0.062265,-0.565472,1.300192,-0.394659,-0.935276,-0.000847,-0.92321,0.121386,-0.446134,0.071113,-0.119215,0.023966,-0.145802,0.200504,-0.524014,0.071233,0.038891,0.087464,-0.0
zalando,H,3.912076,-0.576994,2.248275,-1.230167,-2.125319,-3.259774,-0.35307,4.104268,2.255898,2.127404,-1.396752,0.828883,1.56733,1.865547,-1.732408,-0.779211,-0.729239,1.37814,0.337567,-0.14194,-0.578013,0.072026,-0.822116,-0.314367,0.574227,-0.290036,-2.053615,0.053401,-0.259256,-1.36945,-2.124627,1.073334,-0.387069,1.539682,1.91706,1.109081,0.597948,-0.746531,-0.99875,-0.577879,0.0
zalando,I,-4.345719,0.621659,0.311624,0.035352,0.028694,-0.011703,-0.04107,0.08606,-0.015594,-0.122948,-0.042786,0.027186,-0.139781,-0.137115,-0.030638,0.026205,-0.011636,0.022562,-0.008346,0.1234,-0.035549,-0.43856,-0.046468,-0.03816,0.058724,-0.326273,0.045803,-0.129835,0.188353,0.302748,-0.089617,-0.010402,-0.105378,-0.079373,0.111987,0.038284,0.017698,0.093758,0.020157,-0.012317,-0.0
zalando,J,-3.297928,1.22345,3.364748,2.914143,1.022339,5.055148,-2.269719,-2.430867,-2.055562,1.934949,-2.237269,-0.640654,-1.142334,-2.069566,1.398647,-0.312212,1.607224,0.845954,1.943583,-3.674187,0.955161,-0.035417,0.780683,-0.100403,1.226986,-0.655811,0.193387,0.639459,-0.403181,-0.025551,-0.079996,-0.278153,-0.458082,0.135326,-0.069791,0.307369,0.426835,0.092657,-0.295085,0.222803,-0.0
zalando,K,7.682631,4.093336,-1.099278,2.809624,-6.649536,3.233125,-2.922914,4.450375,-1.958613,0.577896,-1.750887,2.120346,-1.693953,-1.336941,1.617533,0.024999,-1.078375,0.424991,-2.18767,0.947969,-0.635259,1.506854,0.919164,-0.720004,1.202434,0.275662,0.54278,-1.003352,1.381417,0.25147,-0.219917,0.204884,-0.042645,0.680325,0.171562,0.244423,-0.407434,-0.305774,-0.521735,-0.124483,-0.0
zalando,L,4.021853,-2.509441,3.277936,-1.236588,1.784067,0.678645,0.107039,-1.366891,-0.434255,-2.210822,0.077605,0.675896,-2.157516,-0.521391,-2.16685,-0.995747,3.162341,-0.693136,-2.534496,-1.735125,0.260602,-2.37576,0.197433,0.186685,-0.306644,0.145655,0.981732,0.081654,1.725812,-1.285834,0.71349,-0.580102,-1.673601,-0.640909,-0.527436,0.290711,-1.019931,0.519821,-1.038576,0.165628,0.0
zalando,M,2.328242,1.073867,0.246039,0.257834,-3.347337,-0.315441,0.303604,-4.105879,-1.507094,-1.484157,-1.609944,0.110128,-2.473338,0.14782,0.148473,0.426527,-0.818042,1.320793,0.022954,-0.21268,-3.705011,0.930171,-0.217262,-1.122618,0.820087,-0.060111,-3.214029,-0.709476,-0.250284,-0.981777,-2.916997,-0.992365,-1.242761,0.434653,2.320775,1.430668,0.194128,-0.86799,-0.680583,0.907982,-0.0
zalando,N,-3.943725,0.054113,0.179454,-0.154304,0.143637,1.303691,0.803753,-0.891557,2.393732,0.784965,-1.564119,-1.245425,1.608954,-3.17425,-1.890045,-1.576769,-0.950297,-2.046071,-2.15887,-0.522795,-0.562406,0.259687,-1.79169,0.354185,1.385474,1.070442,0.307413,1.345129,-0.475458,-1.592169,0.225263,-1.389618,-1.341574,-0.628953,0.110925,-0.344231,-0.675004,0.200039,1.303296,0.345588,0.0
zalando,O,1.283078,0.713831,-0.062991,-0.617001,-0.894735,0.19709,-0.298228,-1.829717,-0.316665,-0.293419,-1.351959,-0.312079,-0.664261,-0.730325,-0.463983,1.252262,1.146865,0.914326,-0.217273,-0.135636,0.61083,0.181805,0.094921,0.652075,1.37238,-0.474504,-0.679456,-0.708756,0.471708,-0.21234,-0.311052,0.026528,0.507477,0.417718,-0.658959,-0.044563,-0.359875,-0.538772,-0.443518,-0.189866,0.0
zalando,P,-3.718544,-0.879449,-2.689517,-0.238428,-0.385279,1.068783,-1.173073,-1.128997,-0.565809,3.346903,-2.371039,2.409458,0.78324,0.620028,-0.791918,-2.639729,0.950692,-0.014969,1.676455,-0.831275,0.074915,0.190168,0.666475,0.058349,-1.092791,-0.428157,-0.266353,-0.012565,-0.738181,1.226109,1.017805,0.012339,-1.467973,-1.170304,-0.828924,-1.351011,-1.032691,-0.251979,2.218089,-0.114432,0.0
zalando,Q,3.751953,1.821885,-2.767669,-2.17768,-3.157196,0.929305,-0.047123,-0.850758,3.858607,0.458083,-1.649713,-1.0999,-1.56486,-0.527378,0.595257,-0.880193,-0.620588,-0.146436,0.402288,1.179214,0.210844,-0.337577,1.024859,0.013293,0.650767,0.024647,-0.802153,0.311826,0.613759,-0.327132,0.78191,-0.016081,-0.655502,-0.184872,-0.414591,0.441607,-0.046065,0.139771,-0.386192,0.0238,-0.0
zalando,R,2.185713,-4.226387,-0.519955,4.410071,-1.702819,1.979019,-0.335793,1.359942,1.377088,0.653866,-0.220751,1.489179,-1.599906,-0.191054,0.555962,-1.806974,2.046227,4.095645,-1.799289,-0.548881,0.17131,-1.140518,2.000509,-0.476272,0.025875,-2.569647,-1.668613,0.245771,-0.219502,-0.550244,0.172541,0.216551,0.550161,0.044438,0.618641,0.348556,-0.219169,0.487687,0.918651,0.265946,0.0
zalando,S,2.470422,3.358948,1.148162,-2.770546,0.356131,1.88999,0.361772,0.813319,1.184147,0.920716,2.372766,-0.48643,-2.900753,-0.841631,-1.15388,-1.277347,-1.047678,0.877125,-0.535874,0.457605,-0.578128,-2.834263,0.704684,-0.144266,-2.735435,0.178778,0.666191,1.129561,2.139657,0.126493,0.356445,-0.332452,0.094132,-1.329752,-1.783789,0.586585,-0.666641,0.10113,-0.91829,-0.348703,-0.0
zalando,T,-2.152714,-0.84474,0.656337,0.437604,-0.459381,0.329028,0.470507,1.857682,-0.763479,-0.722035,-0.152259,1.132536,-1.712225,-0.663047,0.711979,0.198001,1.509516,-0.493049,-2.121141,-1.391305,0.20097,-0.667962,-0.207385,0.343605,-1.589615,1.56064,0.871932,-0.854168,-1.720809,0.345442,0.970663,1.964287,0.094756,-0.377133,0.87442,-1.829258,-0.640076,1.184964,0.200995,0.532781,-0.0
zalando,U,2.704754,0.907736,2.611324,-0.112316,1.790443,0.282797,0.771722,-1.161167,0.384117,0.527034,0.959353,1.299234,-0.868154,1.611203,0.497044,-0.821621,-0.972204,0.315277,0.738035,0.143307,0.713126,0.069041,-1.209393,0.716391,0.836148,-0.699338,-0.638118,0.04666,1.235891,0.159401,1.256091,-0.681291,-0.5357,0.170604,-0.932262,-0.201165,0.104162,0.296543,0.321231,0.008168,-0.0
zalando,V,3.373469,0.913346,1.347493,-2.050777,1.021902,-0.8731,-0.192894,1.137944,-0.017525,-0.930806,-0.28384,0.042596,0.811271,-0.487118,-2.133777,0.791874,-1.063454,-2.414347,0.939648,2.259947,-0.791313,-0.346553,0.475806,-0.972845,1.668393,1.533321,-1.284683,1.687706,-0.950174,1.916208,1.422954,-0.566611,-0.138645,0.047867,0.46353,-0.684814,0.437527,-0.297202,-0.604895,-0.340865,-0.0
zalando,W,2.438549,-0.816482,3.093247,-0.549535,0.307312,0.304268,-2.970981,0.430019,-0.127309,3.107107,0.819938,-2.579168,1.870176,1.860589,0.935121,0.325232,0.527026,3.84703,0.633929,-0.961263,0.04292,-0.125795,1.636427,1.323584,0.584616,0.905305,1.043014,-0.661582,1.270157,0.214069,2.491093,-1.770355,0.629775,1.696759,0.776853,-0.060878,-3.331812,-0.770971,0.33023,0.248209,0.0
zalando,X,-4.713195,0.698312,-0.777821,-0.117318,-0.378909,-0.490938,0.243428,0.187594,0.151367,-0.471986,-0.315365,-0.132834,-0.143219,0.109557,-0.157524,-0.045062,-0.007173,1.045453,-0.568859,-0.569471,0.437348,0.676979,-0.376777,-0.247962,1.262063,-2.31155,0.684412,0.57747,-0.074391,0.230503,-0.010912,0.021303,0.033286,0.051136,0.004253,-0.000641,0.006446,-0.001684,0.003673,-0.003982,-0.0
zalando,Y,-3.042468,3.23377,-0.378772,-4.459744,-4.939266,-0.537209,1.352139,-1.92618,-1.005092,-0.289022,-1.838658,2.375986,1.864844,-1.098723,-0.041247,-1.056717,2.159344,1.403026,0.792871,-1.164537,1.583579,0.577355,-1.22067,2.098487,1.892664,2.403037,-0.293257,-0.208161,0.319893,-0.78852,-0.853987,-0.146896,-0.434565,1.18825,-1.709288,0.819033,-0.88502,-0.253631,1.259694,-0.701576,0.0
zalando,Z,2.602669,2.598744,-1.644662,-0.422006,-1.091313,0.032718,1.874908,0.899598,1.952504,-0.930431,-0.398729,0.894195,-0.323776,0.006247,-1.292078,0.016798,-0.712392,-2.972761,0.065463,-1.870102,1.642276,0.549956,0.346953,1.000978,-0.859791,-0.207565,1.709367,1.078391,-0.233774,-2.319645,1.637612,0.34428,-0.436731,0.20102,-0.825815,-0.393699,-0.762452,-0.000819,-1.547506,0.518345,0.0
zalando,a,1.359289,0.807295,-0.505704,0.387153,1.664163,2.316945,0.754182,-0.077979,0.301723,0.595866,1.821687,-1.218042,3.503935,-0.296308,1.739555,1.185953,-0.557544,-1.675447,-2.669302,1.252742,-0.830025,-1.906287,-2.130537,-0.476749,-0.759947,1.094781,2.055892,1.352743,0.791189,-2.775353,-0.412522,1.060704,-0.14196,-1.367052,-1.672462,1.243436,0.457879,-0.635894,0.497309,-0.691325,-0.0
zalando,b,1.998305,-1.699548,1.487193,0.415983,-2.170997,-0.04021,-0.058167,0.789147,-0.674143,0.020957,0.543182,1.999511,-0.760648,-0.388495,-0.370278,-1.769729,1.119132,-0.488219,0.132207,0.241456,-2.922348,1.267651,1.138752,0.039146,3.337958,-1.184562,-0.061411,1.247853,-0.573024,-0.798831,0.486989,0.081828,0.081772,-0.416268,1.038404,-2.000727,-0.139323,-0.188264,-0.197655,0.801779,0.0
zalando,c,-3.093455,1.685624,-1.251951,-0.897083,-1.175871,1.312642,-0.420311,0.424464,1.170204,-0.966066,0.061987,0.41762,0.205589,-0.820485,-0.543761,-1.558297,-0.186271,-0.83942,1.905805,-1.625626,-0.010434,-1.399207,0.30014,-0.594721,-0.587153,-0.476461,-0.420984,1.602282,0.063511,-1.073729,0.938557,-0.023988,0.032798,-0.790208,-0.855118,1.066131,-0.170589,-0.312577,0.561486,0.507256,-0.0
zalando,d,2.364494,-0.280982,0.728319,-0.747361,1.845475,-2.319496,-1.697593,0.437942,0.315277,-0.608438,-1.778039,-1.676296,-0.317304,-3.001247,-0.440342,0.745664,0.884405,0.678616,0.668375,-0.552754,-0.879986,-0.706454,-0.465371,-0.603973,-0.422738,0.323176,-0.428712,2.697905,0.710817,1.331428,-1.512028,-0.2721,-1.744493,1.643199,0.076442,1.204797,-0.489159,0.130595,0.125531,-0.518038,0.0
zalando,e,1.449247,-3.519603,-0.472734,2.955158,1.313252,0.403464,-2.404333,2.803087,1.214124,1.385303,-3.954165,-0.044837,-2.029564,-0.417692,-1.43324,1.699333,-0.76292,-1.005206,0.20385,-0.480427,-2.039778,0.745387,-0.10323,-0.960164,1.04704,-0.559485,0.531789,-0.571437,0.573855,-0.967043,0.328145,1.399848,-2.009806,-1.558579,-0.596709,0.823681,2.06984,1.224737,-0.260957,-0.286409,-0.0
zalando,f,-8.829519,-3.957838,-0.434091,0.84435,1.048332,-0.216566,1.873564,1.001358,0.752313,1.751104,-0.340189,1.080601,-0.866201,-0.57537,-0.161907,2.532526,-0.38103,-1.217185,3.561906,-1.446034,-1.231331,0.525221,-0.624037,-2.022067,2.344529,1.564156,2.608554,-2.635056,1.242208,-0.530816,-0.628006,-0.152802,0.044654,0.013567,1.208315,-0.139285,0.316425,-0.240852,0.208673,0.280877,0.0
zalando,g,3.945589,-0.29245,0.415013,0.643649,-0.681169,-0.255826,2.313457,0.719217,-1.385316,-0.433699,-0.16286,-0.484566,-0.772463,0.607885,1.07305,0.352501,0.659742,0.671673,-1.040003,0.453783,1.667526,1.120275,-1.136621,2.754845,1.187478,0.107694,-0.382245,-1.073638,2.296397,0.287227,-2.078365,0.138394,-1.049412,-2.643847,1.784028,2.28318,1.245271,-1.834018,0.21139,-0.75077,-0.0
zalando,h,2.262264,1.223017,-0.432184,-0.493392,-2.691752,-0.442681,-1.285647,-0.32166,0.803908,0.516261,-0.459953,3.191487,-0.690747,1.881859,-2.6074,2.701328,-0.822896,0.386277,-1.542793,0.94621,0.651,-1.642989,0.766968,0.185092,-0.550487,-0.737749,0.902661,0.810576,0.267775,-1.084475,1.938436,2.180887,0.418729,-1.112299,-0.477597,-0.502662,0.01437,-0.763379,0.703955,0.841184,0.0
zalando,i,-3.27501,2.124291,3.202416,-0.7388,-0.297243,0.091081,-0.67899,-0.754632,-0.152487,0.04479,-0.930775,0.637202,-0.67132,-0.72788,-0.261959,-0.114585,-0.950805,-0.382741,0.396665,-1.599336,0.011785,-0.270234,1.791557,0.111175,-0.278791,1.874777,-0.180618,-0.536543,-0.132521,0.333998,0.95688,1.934962,-0.528736,-0.758243,0.387545,-0.17875,-0.969049,0.567571,-0.376813,-0.356528,-0.0
zalando,j,-3.9011,1.573286,-1.81579,-1.213177,0.606528,-2.130916,-0.248957,0.7824,-0.003618,-0.075299,-1.297053,0.362415,-0.821845,-0.104696,0.121166,-0.34889,-0.133521,1.594923,1.213111,0.561633,1.309938,-0.674884,2.017218,0.747409,0.527767,-0.135034,1.41957,-1.773687,-2.531796,-0.472734,0.954187,0.722659,0.525785,0.817509,1.611957,-0.284581,1.484924,0.72387,-1.438611,0.405838,0.0
zalando,k,3.989583,3.350225,-0.156342,0.20106,0.016887,0.835168,0.234455,0.049759,3.015759,1.186723,-0.910234,0.582908,1.382469,-2.830071,-0.267956,-1.403462,0.10209,-1.736663,2.046091,-0.738689,-1.582716,0.718217,0.422641,0.306351,-1.402277,0.527567,-0.673274,-1.097284,0.426585,1.117691,-1.557919,0.087637,0.880931,-1.139658,0.419783,-2.364841,0.297306,-1.22273,2.603129,-1.275746,-0.0
zalando,l,3.605745,-1.351965,1.093711,-0.768702,-0.041476,-0.551202,-0.110372,-0.058295,0.047472,0.028555,0.168572,0.3306,-0.228751,-0.037698,-0.055235,0.01869,0.032855,0.13807,0.193436,0.179968,0.224782,-0.091345,-0.001529,-0.07576,-0.174525,0.06876,-0.276469,-0.366471,0.50645,0.509647,0.214647,0.217279,0.271407,-0.229199,0.010479,0.021369,0.047415,-0.141642,0.002667,0.000753,0.0
zalando,m,3.20606,0.463913,0.937128,-1.045743,0.901295,-0.188679,1.377633,2.662239,1.792293,-0.539704,-2.038394,1.99148,0.840288,-0.754728,-1.875853,-2.417545,-1.360318,-1.583974,-0.759705,-0.705484,-0.160585,-0.65395,-1.695461,0.28881,-0.528426,-0.828256,-1.506421,-0.982157,2.47239,0.089875,0.921469,1.599212,2.152506,0.152504,-0.256997,-0.72264,-1.343991,-0.571029,-0.278714,0.150184,-0.0
zalando,n,3.31575,0.684025,0.242633,1.302497,-0.93473,1.608927,-0.493734,0.684192,-0.550513,-0.70339,0.052803,1.548963,1.310207,-1.923714,-0.187431,1.64733,0.989044,1.115461,0.386159,1.632514,1.496868,-0.561475,-0.701321,-0.51781,-1.102529,1.262762,-0.298749,-0.972276,-0.219477,-0.434964,-0.69177,-2.319123,-0.128203,0.741519,0.239055,1.217789,-0.551637,-0.685298,-0.485428,0.338765,-0.0
zalando,o,0.703558,-0.460674,-1.214721,-0.411263,-0.469286,-1.062596,-2.170545,0.706321,-0.705904,-1.158623,-2.142012,0.617378,0.545955,1.506021,0.332334,-0.725993,-0.776581,0.951079,-0.719475,-0.844373,-0.666177,0.914437,-0.405683,1.430519,0.185607,0.069172,-2.187264,-0.143455,-0.107865,0.193887,-0.870648,0.620678,0.058433,-0.244698,0.18009,0.302927,0.379362,0.427058,0.022062,-0.066558,0.0
zalando,p,-2.126199,-0.291442,-0.587665,-1.252249,-1.026576,-0.629378,-1.9281,2.440149,-1.587601,-0.678582,0.555966,0.696076,-0.67719,1.937905,-0.02867,-1.222787,1.033577,-2.039802,-0.083242,0.999334,0.250269,3.669433,2.078532,0.284977,0.537247,-0.234773,0.074934,0.468171,-1.222181,-1.373424,-0.368113,0.573689,-0.306596,-0.513769,-0.51301,0.525859,0.444455,0.391929,1.298802,0.95868,-0.0
zalando,q,-2.244047,1.150737,-1.078499,1.003295,1.719457,0.320733,-0.714216,-1.584593,-1.499522,0.079675,0.32047,1.754645,-1.443926,-0.721039,-0.17132,1.109435,2.20766,0.347851,0.325499,0.549884,1.144666,-0.987171,-0.650944,1.730951,-0.315777,1.539418,-3.068506,-0.174327,1.346974,-0.705529,-1.223306,-0.855111,-0.275271,-0.747016,1.680541,-0.099216,0.023211,0.408599,-1.383996,0.482836,-0.0
zalando,r,-5.61841,0.264305,-0.414746,0.302707,-0.225436,-1.567079,0.308008,-0.87722,-0.03581,1.430487,1.827171,0.854314,-0.108507,-1.060333,1.691465,0.839599,0.547358,-1.383806,1.526085,-0.157582,0.846815,0.011572,1.510114,1.280813,0.73812,0.340587,-1.170377,-1.04598,2.062845,-2.578011,-0.818656,2.673095,-1.835272,0.2494,-0.737987,-0.275086,1.175248,-0.304797,-0.084597,-0.293543,-0.0
zalando,s,-0.974403,3.224593,-2.555828,-0.339711,0.926482,0.501081,-4.080817,0.192291,0.875409,2.045866,0.321967,-2.899984,2.681222,-2.074623,0.300125,3.460892,1.550626,-1.185056,1.409288,-1.651541,0.350038,-0.915326,-2.182065,0.182487,-1.007272,-0.411702,1.60433,0.336626,0.110585,-0.048036,-0.651694,0.206283,0.637814,0.243533,-0.581655,-0.9649,0.208767,0.172659,0.033046,-1.200682,0.0
zalando,t,-9.311562,2.195579,0.030737,2.585113,-2.013074,2.531519,-2.396723,-0.660669,2.710136,-2.319759,-0.676636,-3.372179,-1.143266,-0.159351,0.568848,-1.15081,-0.819915,-1.303059,-0.431962,0.13263,0.264116,-0.007644,-1.736997,2.171771,2.2468,-0.6181,0.251518,-1.514099,-1.227436,-1.677673,0.699981,0.90498,-1.539254,-0.214551,0.306072,0.377264,0.540562,-1.247679,1.187705,0.983323,0.0
zalando,u,3.252323,0.995735,1.362704,0.570995,-0.689993,-1.206834,0.439358,-0.110356,-1.598938,2.124872,-1.44953,-0.645419,0.526924,1.120149,-1.769172,-2.107162,0.666785,-1.119834,-0.005658,-0.088142,-0.917396,-1.891747,1.981359,-0.018023,0.467014,1.170794,-0.081726,0.754461,1.107324,-0.276562,0.602248,0.339255,0.528121,-0.347065,-0.229209,1.175656,0.798539,0.457143,1.21538,-0.004938,-0.0
zalando,v,3.000404,2.883556,2.845229,0.549287,-1.896406,2.481788,-0.413373,2.7903,-3.362178,-0.994062,0.151785,1.701236,-1.02934,2.574253,1.518183,-0.353614,1.496994,-0.278912,1.225643,0.809557,0.797242,-0.647614,0.095874,0.330356,-0.196173,2.604273,0.734912,-1.22958,0.760333,0.198025,0.472017,1.336974,-0.312025,-1.409839,-0.334473,-0.736342,-1.066201,-0.535003,-0.197802,-0.449587,-0.0
zalando,w,-2.312612,-1.310623,3.451595,-3.292493,-3.73652,1.708887,-0.302614,1.965739,0.660671,0.712792,-1.724953,-3.370335,0.339434,-2.64574,0.518754,0.076982,0.844713,-1.235226,0.716355,-0.866233,1.034724,-1.104347,1.138181,0.69208,-1.659063,0.148676,-0.072235,-1.114418,0.020052,1.182171,-1.128296,-1.463744,-1.623559,1.732843,-0.868096,3.118425,0.217005,-0.236414,-0.61531,-1.822656,0.0
zalando,x,-4.358259,3.142348,1.245133,1.644549,-1.014234,-2.915869,4.011272,-0.103886,-1.966102,-1.366688,-3.945404,2.085655,-2.87324,-1.548789,0.054874,-1.70366,-0.768749,0.085154,-0.936078,-0.099308,-0.200116,0.302607,-0.241236,0.028016,-0.039042,0.034507,-0.015438,-0.013068,-0.013673,-0.001918,0.013853,0.006124,-0.003089,0.006334,2e-06,-0.00163,-0.001528,-0.001977,-0.000928,-0.000277,0.0
zalando,y,3.502232,2.083262,-4.679713,0.566525,-0.166663,-0.107378,-1.412579,-0.843411,2.818808,1.113352,-0.173553,0.054221,-0.182053,-2.762013,-1.010163,-0.029761,3.004875,0.782805,1.443856,0.101434,-1.398661,0.484001,-0.303332,-2.169927,-1.366042,-0.149878,-2.716437,-0.571151,2.389701,-0.149339,0.557022,-0.708022,-1.700969,0.460197,1.18119,0.97317,1.742805,-1.884842,0.925676,-0.394302,0.0
zalando,z,2.992024,-1.632153,2.342902,-1.147344,2.92786,-0.034876,-0.586472,0.590171,1.835255,2.075878,-1.64059,0.504436,2.081658,0.206211,2.153437,-0.007159,1.270692,0.725364,0.409224,1.085313,0.328964,-1.181493,1.831266,-0.21074,1.01371,-1.36017,-1.59443,-0.802101,0.161581,-0.299698,-0.590245,-0.74218,0.112598,-0.304298,0.959317,0.583262,-1.610473,-1.656032,-0.070243,0.561286,-0.0
