id,uuid,img_url,thumbnail
00097,vk72541d543a3bc41dca4ffdc987bcf5948,https://ids.si.edu/ids/deliveryService?id=SAAM-1982.102.3_1,"https://ids.si.edu/ids/iiif/SAAM-1982.102.3_1/full/250,/0/default.jpg"
00098,vk78e6c1626dcc641e5ab78bf342823bda2,https://ids.si.edu/ids/deliveryService?id=SAAM-1982.102.2_1,"https://ids.si.edu/ids/iiif/SAAM-1982.102.2_1/full/250,/0/default.jpg"
00099,vk7807dac5d20a144329a57a3e711e1086a,https://ids.si.edu/ids/deliveryService?id=SAAM-1982.102.1_1,"https://ids.si.edu/ids/iiif/SAAM-1982.102.1_1/full/250,/0/default.jpg"
00105,vk7dc83dd8be2584798a2c97ee7fa12b103,https://ids.si.edu/ids/deliveryService?id=SAAM-1980.53.18_1,"https://ids.si.edu/ids/iiif/SAAM-1980.53.18_1/full/250,/0/default.jpg"
00164,vk7aeaff66e5034426795f21d56bcd8ee0e,https://ids.si.edu/ids/deliveryService?id=SAAM-1962.3.3_2,"https://ids.si.edu/ids/iiif/SAAM-1962.3.3_2/full/250,/0/default.jpg"
00165,vk798631b77600444eea15109181ef189ed,https://ids.si.edu/ids/deliveryService?id=SAAM-1962.3.2_1,"https://ids.si.edu/ids/iiif/SAAM-1962.3.2_1/full/250,/0/default.jpg"
00166,vk76115c67c73444ce5a67677d4f2f67d36,https://ids.si.edu/ids/deliveryService?id=SAAM-1962.3.1_1,"https://ids.si.edu/ids/iiif/SAAM-1962.3.1_1/full/250,/0/default.jpg"
00539,sm42b5ca76cdc7047b3970ad9da9d95a0b4,https://ids.si.edu/ids/deliveryService?id=NPG-7810390A_1,"https://ids.si.edu/ids/iiif/NPG-7810390A_1/full/250,/0/default.jpg"
01342,sm4cd36905b0b5b41c589d122c70b33876c,https://ids.si.edu/ids/deliveryService?id=NPG-S_NPG_2002_184_999,"https://ids.si.edu/ids/iiif/NPG-S_NPG_2002_184_999/full/250,/0/default.jpg"
01343,sm4a17a0802dd764240b6ef8bf5930f8969,https://ids.si.edu/ids/deliveryService?id=NPG-S_NPG_2002_184_998,"https://ids.si.edu/ids/iiif/NPG-S_NPG_2002_184_998/full/250,/0/default.jpg"
01344,sm48e6a2649f2ce48aab603377509fea9d1,https://ids.si.edu/ids/deliveryService?id=NPG-S_NPG_2002_184_997,"https://ids.si.edu/ids/iiif/NPG-S_NPG_2002_184_997/full/250,/0/default.jpg"
01345,sm4bc8d0946e25c4b62aad848bd6e3a434b,https://ids.si.edu/ids/deliveryService?id=NPG-S_NPG_2002_184_996,"https://ids.si.edu/ids/iiif/NPG-S_NPG_2002_184_996/full/250,/0/default.jpg"
01346,sm4f9d0f7fb37a946e48e3c0a565cc4b8e2,https://ids.si.edu/ids/deliveryService?id=NPG-S_NPG_2002_184_995,"https://ids.si.edu/ids/iiif/NPG-S_NPG_2002_184_995/full/250,/0/default.jpg"
01347,sm478030c3a05f543038696c4352de6c170,https://ids.si.edu/ids/deliveryService?id=NPG-S_NPG_2002_184_994,"https://ids.si.edu/ids/iiif/NPG-S_NPG_2002_184_994/full/250,/0/default.jpg"
01348,sm4d7bdc0d955cc4593b390798bd3dd6c60,https://ids.si.edu/ids/deliveryService?id=NPG-S_NPG_2002_184_993,"https://ids.si.edu/ids/iiif/NPG-S_NPG_2002_184_993/full/250,/0/default.jpg"
01349,sm4c1aaff7ec9bd41fbbc75bf77ff809964,https://ids.si.edu/ids/deliveryService?id=NPG-S_NPG_2002_184_992,"https://ids.si.edu/ids/iiif/NPG-S_NPG_2002_184_992/full/250,/0/default.jpg"
01350,sm40059b1bc441f45dcbf5db21b7923f81f,https://ids.si.edu/ids/deliveryService?id=NPG-S_NPG_2002_184_991,"https://ids.si.edu/ids/iiif/NPG-S_NPG_2002_184_991/full/250,/0/default.jpg"
01351,sm443c7fb7bee3441a98b805930318bc277,https://ids.si.edu/ids/deliveryService?id=NPG-S_NPG_2002_184_990,"https://ids.si.edu/ids/iiif/NPG-S_NPG_2002_184_990/full/250,/0/default.jpg"
01352,sm400e8bf59c33a4ee880abc091f5abf1ec,https://ids.si.edu/ids/deliveryService?id=NPG-S_NPG_2002_184_99,"https://ids.si.edu/ids/iiif/NPG-S_NPG_2002_184_99/full/250,/0/default.jpg"
01353,sm4f1c534f949ae42a7bc9605b34c62779c,https://ids.si.edu/ids/deliveryService?id=NPG-S_NPG_2002_184_989,"https://ids.si.edu/ids/iiif/NPG-S_NPG_2002_184_989/full/250,/0/default.jpg"
01354,sm48615546431a4404aa801bf6b63c3d7c7,https://ids.si.edu/ids/deliveryService?id=NPG-S_NPG_2002_184_988,"https://ids.si.edu/ids/iiif/NPG-S_NPG_2002_184_988/full/250,/0/default.jpg"
01355,sm491d6d86de1394c4585f11cfbea547b6c,https://ids.si.edu/ids/deliveryService?id=NPG-S_NPG_2002_184_987,"https://ids.si.edu/ids/iiif/NPG-S_NPG_2002_184_987/full/250,/0/default.jpg"
01356,sm4c1667fac08aa4d758bcde44aa2f1a107,https://ids.si.edu/ids/deliveryService?id=NPG-S_NPG_2002_184_986,"https://ids.si.edu/ids/iiif/NPG-S_NPG_2002_184_986/full/250,/0/default.jpg"
01357,sm437c1e84be7f948f2a4353fd355010e95,https://ids.si.edu/ids/deliveryService?id=NPG-S_NPG_2002_184_985,"https://ids.si.edu/ids/iiif/NPG-S_NPG_2002_184_985/full/250,/0/default.jpg"
01358,sm4b9b4e10b2f784206a2d757e39f365ccd,https://ids.si.edu/ids/deliveryService?id=NPG-S_NPG_2002_184_984,"https://ids.si.edu/ids/iiif/NPG-S_NPG_2002_184_984/full/250,/0/default.jpg"
01359,sm413cb7897a2304843aa20ce2400a94497,https://ids.si.edu/ids/deliveryService?id=NPG-S_NPG_2002_184_983,"https://ids.si.edu/ids/iiif/NPG-S_NPG_2002_184_983/full/250,/0/default.jpg"
01360,sm47c2d840061f94d52a48eca3587b75b99,https://ids.si.edu/ids/deliveryService?id=NPG-S_NPG_2002_184_982,"https://ids.si.edu/ids/iiif/NPG-S_NPG_2002_184_982/full/250,/0/default.jpg"
01361,sm4132b8adba2d6478180e32adb51e1d608,https://ids.si.edu/ids/deliveryService?id=NPG-S_NPG_2002_184_981,"https://ids.si.edu/ids/iiif/NPG-S_NPG_2002_184_981/full/250,/0/default.jpg"
01362,sm4b79f0b31797f4ee0acf9f1805a1fd002,https://ids.si.edu/ids/deliveryService?id=NPG-S_NPG_2002_184_980,"https://ids.si.edu/ids/iiif/NPG-S_NPG_2002_184_980/full/250,/0/default.jpg"
01363,sm4048a9f12679b4698aa22b6e53b2d0efe,https://ids.si.edu/ids/deliveryService?id=NPG-S_NPG_2002_184_98,"https://ids.si.edu/ids/iiif/NPG-S_NPG_2002_184_98/full/250,/0/default.jpg"
01364,sm4e07c406bfff84e46b91c7a229ff10e19,https://ids.si.edu/ids/deliveryService?id=NPG-S_NPG_2002_184_979,"https://ids.si.edu/ids/iiif/NPG-S_NPG_2002_184_979/full/250,/0/default.jpg"
01365,sm4533df59178ea41948ad3020d70837fb7,https://ids.si.edu/ids/deliveryService?id=NPG-S_NPG_2002_184_978,"https://ids.si.edu/ids/iiif/NPG-S_NPG_2002_184_978/full/250,/0/default.jpg"
01366,sm4e6e40fdae5f5482a9a71977b1e35c68e,https://ids.si.edu/ids/deliveryService?id=NPG-S_NPG_2002_184_977,"https://ids.si.edu/ids/iiif/NPG-S_NPG_2002_184_977/full/250,/0/default.jpg"
01367,sm43d6e5b086b0a4f0e9046a5cc77d24add,https://ids.si.edu/ids/deliveryService?id=NPG-S_NPG_2002_184_976,"https://ids.si.edu/ids/iiif/NPG-S_NPG_2002_184_976/full/250,/0/default.jpg"
01368,sm43b7d8f0756b440559405a193ae6a5502,https://ids.si.edu/ids/deliveryService?id=NPG-S_NPG_2002_184_975,"https://ids.si.edu/ids/iiif/NPG-S_NPG_2002_184_975/full/250,/0/default.jpg"
01369,sm43db9904f84ec4fdc833b549442d3ac1e,https://ids.si.edu/ids/deliveryService?id=NPG-S_NPG_2002_184_974,"https://ids.si.edu/ids/iiif/NPG-S_NPG_2002_184_974/full/250,/0/default.jpg"
01370,sm4a626d9a9267e4414ba813e575976c9a2,https://ids.si.edu/ids/deliveryService?id=NPG-S_NPG_2002_184_973,"https://ids.si.edu/ids/iiif/NPG-S_NPG_2002_184_973/full/250,/0/default.jpg"
01371,sm45ae524607c4e4c3c9e693410e386a1cb,https://ids.si.edu/ids/deliveryService?id=NPG-S_NPG_2002_184_972,"https://ids.si.edu/ids/iiif/NPG-S_NPG_2002_184_972/full/250,/0/default.jpg"
01372,sm406f1970a99eb42c3978f34764db2b268,https://ids.si.edu/ids/deliveryService?id=NPG-S_NPG_2002_184_971,"https://ids.si.edu/ids/iiif/NPG-S_NPG_2002_184_971/full/250,/0/default.jpg"
01373,sm43f637c55004f44928967db5d0bafbb04,https://ids.si.edu/ids/deliveryService?id=NPG-S_NPG_2002_184_970,"https://ids.si.edu/ids/iiif/NPG-S_NPG_2002_184_970/full/250,/0/default.jpg"
01375,sm4c3ed650c17654c9e8e2bc37883e65bb3,https://ids.si.edu/ids/deliveryService?id=NPG-S_NPG_2002_184_969,"https://ids.si.edu/ids/iiif/NPG-S_NPG_2002_184_969/full/250,/0/default.jpg"
01376,sm49d7c60bd1648451b8738e865b2b48fcf,https://ids.si.edu/ids/deliveryService?id=NPG-S_NPG_2002_184_968,"https://ids.si.edu/ids/iiif/NPG-S_NPG_2002_184_968/full/250,/0/default.jpg"
01377,sm42aa1bc5df326463e856ed1eb3b4b8771,https://ids.si.edu/ids/deliveryService?id=NPG-S_NPG_2002_184_967,"https://ids.si.edu/ids/iiif/NPG-S_NPG_2002_184_967/full/250,/0/default.jpg"
01378,sm4851fda5ba721454187f7853775e3af63,https://ids.si.edu/ids/deliveryService?id=NPG-S_NPG_2002_184_966,"https://ids.si.edu/ids/iiif/NPG-S_NPG_2002_184_966/full/250,/0/default.jpg"
01379,sm42ef5c76398744edda364ffd9d8bff96e,https://ids.si.edu/ids/deliveryService?id=NPG-S_NPG_2002_184_965,"https://ids.si.edu/ids/iiif/NPG-S_NPG_2002_184_965/full/250,/0/default.jpg"
01380,sm41dcd1f73fb2148d2ad0b52404f2122e1,https://ids.si.edu/ids/deliveryService?id=NPG-S_NPG_2002_184_964,"https://ids.si.edu/ids/iiif/NPG-S_NPG_2002_184_964/full/250,/0/default.jpg"
01381,sm4f9a8fb3361df467f86a597529880bc94,https://ids.si.edu/ids/deliveryService?id=NPG-S_NPG_2002_184_963,"https://ids.si.edu/ids/iiif/NPG-S_NPG_2002_184_963/full/250,/0/default.jpg"
01382,sm4273656311f0e424baf96a02d9ade7ab9,https://ids.si.edu/ids/deliveryService?id=NPG-S_NPG_2002_184_962,"https://ids.si.edu/ids/iiif/NPG-S_NPG_2002_184_962/full/250,/0/default.jpg"
01383,sm48d9ff05a1437443e9df04c53bea9fc04,https://ids.si.edu/ids/deliveryService?id=NPG-S_NPG_2002_184_961,"https://ids.si.edu/ids/iiif/NPG-S_NPG_2002_184_961/full/250,/0/default.jpg"
01384,sm4d1c19c60a5444ba684eada2e97b04989,https://ids.si.edu/ids/deliveryService?id=NPG-S_NPG_2002_184_960,"https://ids.si.edu/ids/iiif/NPG-S_NPG_2002_184_960/full/250,/0/default.jpg"
01385,sm4419dc7d16b80443eae6d41e1e19ecbbc,https://ids.si.edu/ids/deliveryService?id=NPG-S_NPG_2002_184_96,"https://ids.si.edu/ids/iiif/NPG-S_NPG_2002_184_96/full/250,/0/default.jpg"
01386,sm4011501032211420a9738ace6393d49f4,https://ids.si.edu/ids/deliveryService?id=NPG-S_NPG_2002_184_959,"https://ids.si.edu/ids/iiif/NPG-S_NPG_2002_184_959/full/250,/0/default.jpg"
01387,sm409bb709af6924577b26643107c8c0318,https://ids.si.edu/ids/deliveryService?id=NPG-S_NPG_2002_184_958,"https://ids.si.edu/ids/iiif/NPG-S_NPG_2002_184_958/full/250,/0/default.jpg"
01388,sm4b878bd54b700466e8c537351f7978715,https://ids.si.edu/ids/deliveryService?id=NPG-S_NPG_2002_184_957,"https://ids.si.edu/ids/iiif/NPG-S_NPG_2002_184_957/full/250,/0/default.jpg"
01389,sm4259bd57cb28e4e3a8793430d72b9426f,https://ids.si.edu/ids/deliveryService?id=NPG-S_NPG_2002_184_956,"https://ids.si.edu/ids/iiif/NPG-S_NPG_2002_184_956/full/250,/0/default.jpg"
01390,sm44a4f83386d5b4c0280dc3a68c7ab7260,https://ids.si.edu/ids/deliveryService?id=NPG-S_NPG_2002_184_955,"https://ids.si.edu/ids/iiif/NPG-S_NPG_2002_184_955/full/250,/0/default.jpg"
01391,sm4ac5fe13639fe4fd9996f02a7bb0d7645,https://ids.si.edu/ids/deliveryService?id=NPG-S_NPG_2002_184_954,"https://ids.si.edu/ids/iiif/NPG-S_NPG_2002_184_954/full/250,/0/default.jpg"
01392,sm484a685b7b22c4d51a281db47a02a9328,https://ids.si.edu/ids/deliveryService?id=NPG-S_NPG_2002_184_953,"https://ids.si.edu/ids/iiif/NPG-S_NPG_2002_184_953/full/250,/0/default.jpg"
01393,sm477acaaa54a754d05ad3009d75495d9e1,https://ids.si.edu/ids/deliveryService?id=NPG-S_NPG_2002_184_952,"https://ids.si.edu/ids/iiif/NPG-S_NPG_2002_184_952/full/250,/0/default.jpg"
01394,sm4cb21a51a72ab42f5996ec82da755e32a,https://ids.si.edu/ids/deliveryService?id=NPG-S_NPG_2002_184_951,"https://ids.si.edu/ids/iiif/NPG-S_NPG_2002_184_951/full/250,/0/default.jpg"
01395,sm4c691642e52dd433fbfd4a562a78a7154,https://ids.si.edu/ids/deliveryService?id=NPG-S_NPG_2002_184_950,"https://ids.si.edu/ids/iiif/NPG-S_NPG_2002_184_950/full/250,/0/default.jpg"
01396,sm4174ecb0dd45b4bf193eee6a6790660d6,https://ids.si.edu/ids/deliveryService?id=NPG-S_NPG_2002_184_95,"https://ids.si.edu/ids/iiif/NPG-S_NPG_2002_184_95/full/250,/0/default.jpg"
01397,sm40de26c27e58b487d8f62a3267e0b4699,https://ids.si.edu/ids/deliveryService?id=NPG-S_NPG_2002_184_949,"https://ids.si.edu/ids/iiif/NPG-S_NPG_2002_184_949/full/250,/0/default.jpg"
01398,sm4f084ef487826431988e0f1edd32da445,https://ids.si.edu/ids/deliveryService?id=NPG-S_NPG_2002_184_948,"https://ids.si.edu/ids/iiif/NPG-S_NPG_2002_184_948/full/250,/0/default.jpg"
01399,sm4bade9cb0f90240aba1c56da7f2b21444,https://ids.si.edu/ids/deliveryService?id=NPG-S_NPG_2002_184_947,"https://ids.si.edu/ids/iiif/NPG-S_NPG_2002_184_947/full/250,/0/default.jpg"
01400,sm4719e5a1ad02e417e80a8931bf76f1f99,https://ids.si.edu/ids/deliveryService?id=NPG-S_NPG_2002_184_946,"https://ids.si.edu/ids/iiif/NPG-S_NPG_2002_184_946/full/250,/0/default.jpg"
01401,sm410a463024f1c4b279abdf45129722f11,https://ids.si.edu/ids/deliveryService?id=NPG-S_NPG_2002_184_945,"https://ids.si.edu/ids/iiif/NPG-S_NPG_2002_184_945/full/250,/0/default.jpg"
01402,sm484c8fc0a9efe4de0996bca8591611b9a,https://ids.si.edu/ids/deliveryService?id=NPG-S_NPG_2002_184_944,"https://ids.si.edu/ids/iiif/NPG-S_NPG_2002_184_944/full/250,/0/default.jpg"
01403,sm4a83da858c8d84479af035808697bb3ac,https://ids.si.edu/ids/deliveryService?id=NPG-S_NPG_2002_184_943,"https://ids.si.edu/ids/iiif/NPG-S_NPG_2002_184_943/full/250,/0/default.jpg"
01404,sm4c8e8a9a82f1645a6ab70d179f2803f50,https://ids.si.edu/ids/deliveryService?id=NPG-S_NPG_2002_184_942,"https://ids.si.edu/ids/iiif/NPG-S_NPG_2002_184_942/full/250,/0/default.jpg"
01405,sm4f6b9f3fdeeab4c9aaffa61ee69beefde,https://ids.si.edu/ids/deliveryService?id=NPG-S_NPG_2002_184_941,"https://ids.si.edu/ids/iiif/NPG-S_NPG_2002_184_941/full/250,/0/default.jpg"
01406,sm4e56f0df6fd4048c78f26f67969426852,https://ids.si.edu/ids/deliveryService?id=NPG-S_NPG_2002_184_940,"https://ids.si.edu/ids/iiif/NPG-S_NPG_2002_184_940/full/250,/0/default.jpg"
01407,sm4203593d1c4bd42d594c6678f36f1af8f,https://ids.si.edu/ids/deliveryService?id=NPG-S_NPG_2002_184_94,"https://ids.si.edu/ids/iiif/NPG-S_NPG_2002_184_94/full/250,/0/default.jpg"
01408,sm47c4b19a60c63468b95c53968d83fe1cc,https://ids.si.edu/ids/deliveryService?id=NPG-S_NPG_2002_184_939,"https://ids.si.edu/ids/iiif/NPG-S_NPG_2002_184_939/full/250,/0/default.jpg"
01409,sm4cb12ba2ad0f94a509f8d8d4d62ddb206,https://ids.si.edu/ids/deliveryService?id=NPG-S_NPG_2002_184_938,"https://ids.si.edu/ids/iiif/NPG-S_NPG_2002_184_938/full/250,/0/default.jpg"
01410,sm44dd7cc3cd8474ddb92657b7530ff0694,https://ids.si.edu/ids/deliveryService?id=NPG-S_NPG_2002_184_937,"https://ids.si.edu/ids/iiif/NPG-S_NPG_2002_184_937/full/250,/0/default.jpg"
01411,sm43bdff40cca704647b443545dd5cc9eb8,https://ids.si.edu/ids/deliveryService?id=NPG-S_NPG_2002_184_936,"https://ids.si.edu/ids/iiif/NPG-S_NPG_2002_184_936/full/250,/0/default.jpg"
01412,sm44ba2b83c60304614bffb5f567148ed03,https://ids.si.edu/ids/deliveryService?id=NPG-S_NPG_2002_184_935,"https://ids.si.edu/ids/iiif/NPG-S_NPG_2002_184_935/full/250,/0/default.jpg"
01413,sm49bdc3c9927be470ca2295fb6303692c9,https://ids.si.edu/ids/deliveryService?id=NPG-S_NPG_2002_184_934,"https://ids.si.edu/ids/iiif/NPG-S_NPG_2002_184_934/full/250,/0/default.jpg"
01414,sm47555b5c5b4354916b17e5cb326021ad4,https://ids.si.edu/ids/deliveryService?id=NPG-S_NPG_2002_184_933,"https://ids.si.edu/ids/iiif/NPG-S_NPG_2002_184_933/full/250,/0/default.jpg"
01415,sm460b5647c0863452ba1fea8cfd1d6a8e9,https://ids.si.edu/ids/deliveryService?id=NPG-S_NPG_2002_184_932,"https://ids.si.edu/ids/iiif/NPG-S_NPG_2002_184_932/full/250,/0/default.jpg"
01416,sm4f854f31e5c234f02a878a6e4ea0cf537,https://ids.si.edu/ids/deliveryService?id=NPG-S_NPG_2002_184_931,"https://ids.si.edu/ids/iiif/NPG-S_NPG_2002_184_931/full/250,/0/default.jpg"
01417,sm4ab2335500ba8433c8ca0cfb299378052,https://ids.si.edu/ids/deliveryService?id=NPG-S_NPG_2002_184_930,"https://ids.si.edu/ids/iiif/NPG-S_NPG_2002_184_930/full/250,/0/default.jpg"
01418,sm4d7bf470e09444d8faacc25b4760bbd99,https://ids.si.edu/ids/deliveryService?id=NPG-S_NPG_2002_184_93,"https://ids.si.edu/ids/iiif/NPG-S_NPG_2002_184_93/full/250,/0/default.jpg"
01419,sm4bb417db55f6e41859c5f6cf795c62729,https://ids.si.edu/ids/deliveryService?id=NPG-S_NPG_2002_184_929,"https://ids.si.edu/ids/iiif/NPG-S_NPG_2002_184_929/full/250,/0/default.jpg"
01420,sm46eb2ff946e804e1f8f24c815782a4268,https://ids.si.edu/ids/deliveryService?id=NPG-S_NPG_2002_184_928,"https://ids.si.edu/ids/iiif/NPG-S_NPG_2002_184_928/full/250,/0/default.jpg"
01421,sm48199e33f0b9f412690df8ca340a740e4,https://ids.si.edu/ids/deliveryService?id=NPG-S_NPG_2002_184_927,"https://ids.si.edu/ids/iiif/NPG-S_NPG_2002_184_927/full/250,/0/default.jpg"
01422,sm44e0c7a134e64468e8f11e28667cf1853,https://ids.si.edu/ids/deliveryService?id=NPG-S_NPG_2002_184_926,"https://ids.si.edu/ids/iiif/NPG-S_NPG_2002_184_926/full/250,/0/default.jpg"
01423,sm4d10b8f28ca2c4162a0d76b4447b2b4f8,https://ids.si.edu/ids/deliveryService?id=NPG-S_NPG_2002_184_925,"https://ids.si.edu/ids/iiif/NPG-S_NPG_2002_184_925/full/250,/0/default.jpg"
01424,sm43b63b3ef1b734c068f002e5af930b822,https://ids.si.edu/ids/deliveryService?id=NPG-S_NPG_2002_184_924,"https://ids.si.edu/ids/iiif/NPG-S_NPG_2002_184_924/full/250,/0/default.jpg"
01425,sm458b8e00bd4ae454ea700cbad4aa2f238,https://ids.si.edu/ids/deliveryService?id=NPG-S_NPG_2002_184_923,"https://ids.si.edu/ids/iiif/NPG-S_NPG_2002_184_923/full/250,/0/default.jpg"
01426,sm40b98ab5c65bc4127ba8335980f5cf6e3,https://ids.si.edu/ids/deliveryService?id=NPG-S_NPG_2002_184_922,"https://ids.si.edu/ids/iiif/NPG-S_NPG_2002_184_922/full/250,/0/default.jpg"
01427,sm4516bfcbabe634b72815c2c5075237fbd,https://ids.si.edu/ids/deliveryService?id=NPG-S_NPG_2002_184_921,"https://ids.si.edu/ids/iiif/NPG-S_NPG_2002_184_921/full/250,/0/default.jpg"
01428,sm4a90d348b0d0543d29f9144cc09355c78,https://ids.si.edu/ids/deliveryService?id=NPG-S_NPG_2002_184_920,"https://ids.si.edu/ids/iiif/NPG-S_NPG_2002_184_920/full/250,/0/default.jpg"
01429,sm4bacdcc8a442c4c9a8a5661a23c460508,https://ids.si.edu/ids/deliveryService?id=NPG-S_NPG_2002_184_92,"https://ids.si.edu/ids/iiif/NPG-S_NPG_2002_184_92/full/250,/0/default.jpg"
01430,sm4dd621d0341214d8d875ec9fd72fbeb4e,https://ids.si.edu/ids/deliveryService?id=NPG-S_NPG_2002_184_919,"https://ids.si.edu/ids/iiif/NPG-S_NPG_2002_184_919/full/250,/0/default.jpg"
01431,sm4127e0a75271a41db8cf404f0ed818ad9,https://ids.si.edu/ids/deliveryService?id=NPG-S_NPG_2002_184_918,"https://ids.si.edu/ids/iiif/NPG-S_NPG_2002_184_918/full/250,/0/default.jpg"
01432,sm475685bf5865645a6b861e94faf782707,https://ids.si.edu/ids/deliveryService?id=NPG-S_NPG_2002_184_917,"https://ids.si.edu/ids/iiif/NPG-S_NPG_2002_184_917/full/250,/0/default.jpg"
01433,sm4a93768222a4b450c9cee5ab4bf3f79c5,https://ids.si.edu/ids/deliveryService?id=NPG-S_NPG_2002_184_916,"https://ids.si.edu/ids/iiif/NPG-S_NPG_2002_184_916/full/250,/0/default.jpg"
01434,sm49de01e99116f4ce7b74a70f9b879c291,https://ids.si.edu/ids/deliveryService?id=NPG-S_NPG_2002_184_915,"https://ids.si.edu/ids/iiif/NPG-S_NPG_2002_184_915/full/250,/0/default.jpg"
01435,sm43c50b656a40b4e7e806581c51e6afe11,https://ids.si.edu/ids/deliveryService?id=NPG-S_NPG_2002_184_914,"https://ids.si.edu/ids/iiif/NPG-S_NPG_2002_184_914/full/250,/0/default.jpg"
01436,sm4e63ba832fbc64b438914a5991ee59663,https://ids.si.edu/ids/deliveryService?id=NPG-S_NPG_2002_184_913,"https://ids.si.edu/ids/iiif/NPG-S_NPG_2002_184_913/full/250,/0/default.jpg"
01437,sm4d406c168669a4ec9b510facbd4828749,https://ids.si.edu/ids/deliveryService?id=NPG-S_NPG_2002_184_912,"https://ids.si.edu/ids/iiif/NPG-S_NPG_2002_184_912/full/250,/0/default.jpg"
01438,sm47762731ed2ac492eb52a2ebba15814f0,https://ids.si.edu/ids/deliveryService?id=NPG-S_NPG_2002_184_911,"https://ids.si.edu/ids/iiif/NPG-S_NPG_2002_184_911/full/250,/0/default.jpg"
01439,sm4d7b69a49a8ff40028f545606119b0327,https://ids.si.edu/ids/deliveryService?id=NPG-S_NPG_2002_184_910,"https://ids.si.edu/ids/iiif/NPG-S_NPG_2002_184_910/full/250,/0/default.jpg"
01440,sm40aa03086d2d54f25bbec502aa7ef46a4,https://ids.si.edu/ids/deliveryService?id=NPG-S_NPG_2002_184_91,"https://ids.si.edu/ids/iiif/NPG-S_NPG_2002_184_91/full/250,/0/default.jpg"
01441,sm4fa8790cd51d64b76853d778c3018c4ae,https://ids.si.edu/ids/deliveryService?id=NPG-S_NPG_2002_184_909,"https://ids.si.edu/ids/iiif/NPG-S_NPG_2002_184_909/full/250,/0/default.jpg"
01442,sm44d74e80a3bfe479db4ce8404c555a006,https://ids.si.edu/ids/deliveryService?id=NPG-S_NPG_2002_184_908,"https://ids.si.edu/ids/iiif/NPG-S_NPG_2002_184_908/full/250,/0/default.jpg"
01443,sm460bcea0af01e4290818f52e728d02213,https://ids.si.edu/ids/deliveryService?id=NPG-S_NPG_2002_184_907,"https://ids.si.edu/ids/iiif/NPG-S_NPG_2002_184_907/full/250,/0/default.jpg"
01444,sm4587fdfb99a1f4426b91086b181b7e0be,https://ids.si.edu/ids/deliveryService?id=NPG-S_NPG_2002_184_906,"https://ids.si.edu/ids/iiif/NPG-S_NPG_2002_184_906/full/250,/0/default.jpg"
01445,sm482578479d2f14b58a961fc067523bf5f,https://ids.si.edu/ids/deliveryService?id=NPG-S_NPG_2002_184_905,"https://ids.si.edu/ids/iiif/NPG-S_NPG_2002_184_905/full/250,/0/default.jpg"
01446,sm40517f7cc9c4f47ac8f0451a275e2ccbf,https://ids.si.edu/ids/deliveryService?id=NPG-S_NPG_2002_184_904,"https://ids.si.edu/ids/iiif/NPG-S_NPG_2002_184_904/full/250,/0/default.jpg"
01447,sm4fbd5f06b6e6c490ebdeabf434165be3e,https://ids.si.edu/ids/deliveryService?id=NPG-S_NPG_2002_184_903,"https://ids.si.edu/ids/iiif/NPG-S_NPG_2002_184_903/full/250,/0/default.jpg"
01448,sm480b55f1d32e0412cbb1e5ed9c27744ee,https://ids.si.edu/ids/deliveryService?id=NPG-S_NPG_2002_184_902,"https://ids.si.edu/ids/iiif/NPG-S_NPG_2002_184_902/full/250,/0/default.jpg"
01449,sm43f032e2436894e20a258bc667292f2db,https://ids.si.edu/ids/deliveryService?id=NPG-S_NPG_2002_184_901,"https://ids.si.edu/ids/iiif/NPG-S_NPG_2002_184_901/full/250,/0/default.jpg"
01450,sm407ad64f9c9564653afb26192fae1f461,https://ids.si.edu/ids/deliveryService?id=NPG-S_NPG_2002_184_900,"https://ids.si.edu/ids/iiif/NPG-S_NPG_2002_184_900/full/250,/0/default.jpg"
01451,sm4b85822fd177b4c2c8c73ee1deccb86cb,https://ids.si.edu/ids/deliveryService?id=NPG-S_NPG_2002_184_90,"https://ids.si.edu/ids/iiif/NPG-S_NPG_2002_184_90/full/250,/0/default.jpg"
01452,sm42e7841b99ea74f4ab4ba5171df443000,https://ids.si.edu/ids/deliveryService?id=NPG-S_NPG_2002_184_9,"https://ids.si.edu/ids/iiif/NPG-S_NPG_2002_184_9/full/250,/0/default.jpg"
01453,sm4b11c9d39e08e47ebaa723c0afe804cf5,https://ids.si.edu/ids/deliveryService?id=NPG-S_NPG_2002_184_899,"https://ids.si.edu/ids/iiif/NPG-S_NPG_2002_184_899/full/250,/0/default.jpg"
01454,sm4e2277a11a0924dd78e96e627a34934c5,https://ids.si.edu/ids/deliveryService?id=NPG-S_NPG_2002_184_898,"https://ids.si.edu/ids/iiif/NPG-S_NPG_2002_184_898/full/250,/0/default.jpg"
01455,sm4487769029d934518b8d7ed67cfce2765,https://ids.si.edu/ids/deliveryService?id=NPG-S_NPG_2002_184_897,"https://ids.si.edu/ids/iiif/NPG-S_NPG_2002_184_897/full/250,/0/default.jpg"
01456,sm476958d68fa524824ad92b6f989b1c5da,https://ids.si.edu/ids/deliveryService?id=NPG-S_NPG_2002_184_896,"https://ids.si.edu/ids/iiif/NPG-S_NPG_2002_184_896/full/250,/0/default.jpg"
01457,sm477a61f10a070404ba93d8d479d5228e3,https://ids.si.edu/ids/deliveryService?id=NPG-S_NPG_2002_184_895,"https://ids.si.edu/ids/iiif/NPG-S_NPG_2002_184_895/full/250,/0/default.jpg"
01458,sm492ae73668bae4313beb8f5db512038a8,https://ids.si.edu/ids/deliveryService?id=NPG-S_NPG_2002_184_894,"https://ids.si.edu/ids/iiif/NPG-S_NPG_2002_184_894/full/250,/0/default.jpg"
01459,sm4ea8511411a9140e298b2a31e5fbea226,https://ids.si.edu/ids/deliveryService?id=NPG-S_NPG_2002_184_893,"https://ids.si.edu/ids/iiif/NPG-S_NPG_2002_184_893/full/250,/0/default.jpg"
01460,sm46cea8ae4800147a7b12da5ef10cf746f,https://ids.si.edu/ids/deliveryService?id=NPG-S_NPG_2002_184_892,"https://ids.si.edu/ids/iiif/NPG-S_NPG_2002_184_892/full/250,/0/default.jpg"
01461,sm4fad46915d09a436b9a984d44efce93b1,https://ids.si.edu/ids/deliveryService?id=NPG-S_NPG_2002_184_891,"https://ids.si.edu/ids/iiif/NPG-S_NPG_2002_184_891/full/250,/0/default.jpg"
01462,sm434472ed096844e239f0abadf49580611,https://ids.si.edu/ids/deliveryService?id=NPG-S_NPG_2002_184_890,"https://ids.si.edu/ids/iiif/NPG-S_NPG_2002_184_890/full/250,/0/default.jpg"
01463,sm47d834dac9f5d4e6c9e2e5eae2257e530,https://ids.si.edu/ids/deliveryService?id=NPG-S_NPG_2002_184_89,"https://ids.si.edu/ids/iiif/NPG-S_NPG_2002_184_89/full/250,/0/default.jpg"
01464,sm4a919ca26eae345c1bfda3cfdf360fb6d,https://ids.si.edu/ids/deliveryService?id=NPG-S_NPG_2002_184_889,"https://ids.si.edu/ids/iiif/NPG-S_NPG_2002_184_889/full/250,/0/default.jpg"
01465,sm4515b95ed5a4140849db56c5aef278120,https://ids.si.edu/ids/deliveryService?id=NPG-S_NPG_2002_184_888,"https://ids.si.edu/ids/iiif/NPG-S_NPG_2002_184_888/full/250,/0/default.jpg"
01466,sm4e7c3270ab8424ed49a18facc9c128070,https://ids.si.edu/ids/deliveryService?id=NPG-S_NPG_2002_184_887,"https://ids.si.edu/ids/iiif/NPG-S_NPG_2002_184_887/full/250,/0/default.jpg"
01467,sm4b3dc6b5439f14b6e890e22f0daf3daf9,https://ids.si.edu/ids/deliveryService?id=NPG-S_NPG_2002_184_886,"https://ids.si.edu/ids/iiif/NPG-S_NPG_2002_184_886/full/250,/0/default.jpg"
01468,sm4b0abf292f4114e94a328e1afcdca5562,https://ids.si.edu/ids/deliveryService?id=NPG-S_NPG_2002_184_885,"https://ids.si.edu/ids/iiif/NPG-S_NPG_2002_184_885/full/250,/0/default.jpg"
01469,sm40849629a8b4e49068b10def167e9b417,https://ids.si.edu/ids/deliveryService?id=NPG-S_NPG_2002_184_884,"https://ids.si.edu/ids/iiif/NPG-S_NPG_2002_184_884/full/250,/0/default.jpg"
01470,sm44a3d9f60a3564312a780ff4e5725b46c,https://ids.si.edu/ids/deliveryService?id=NPG-S_NPG_2002_184_883,"https://ids.si.edu/ids/iiif/NPG-S_NPG_2002_184_883/full/250,/0/default.jpg"
01471,sm4c251fb99cef648f6874ed1a2b4a363a7,https://ids.si.edu/ids/deliveryService?id=NPG-S_NPG_2002_184_882,"https://ids.si.edu/ids/iiif/NPG-S_NPG_2002_184_882/full/250,/0/default.jpg"
01472,sm43e86e9d90318401cabef809e59e59741,https://ids.si.edu/ids/deliveryService?id=NPG-S_NPG_2002_184_881,"https://ids.si.edu/ids/iiif/NPG-S_NPG_2002_184_881/full/250,/0/default.jpg"
01473,sm401c4d0d3aec747dc98ff0a3e37b355f5,https://ids.si.edu/ids/deliveryService?id=NPG-S_NPG_2002_184_880,"https://ids.si.edu/ids/iiif/NPG-S_NPG_2002_184_880/full/250,/0/default.jpg"
01474,sm4c2b75abb38c649c8933670fcf33806e9,https://ids.si.edu/ids/deliveryService?id=NPG-S_NPG_2002_184_88,"https://ids.si.edu/ids/iiif/NPG-S_NPG_2002_184_88/full/250,/0/default.jpg"
01475,sm4de1546e081d141b3a26577ae0150313c,https://ids.si.edu/ids/deliveryService?id=NPG-S_NPG_2002_184_879,"https://ids.si.edu/ids/iiif/NPG-S_NPG_2002_184_879/full/250,/0/default.jpg"
01476,sm40b1bdbdd6e144960899c26c1ddf2fa2a,https://ids.si.edu/ids/deliveryService?id=NPG-S_NPG_2002_184_878,"https://ids.si.edu/ids/iiif/NPG-S_NPG_2002_184_878/full/250,/0/default.jpg"
01477,sm4a5227a01dcee497e8a720bd235209be0,https://ids.si.edu/ids/deliveryService?id=NPG-S_NPG_2002_184_877,"https://ids.si.edu/ids/iiif/NPG-S_NPG_2002_184_877/full/250,/0/default.jpg"
01478,sm443d87201aed84aa2a92516e701fc985b,https://ids.si.edu/ids/deliveryService?id=NPG-S_NPG_2002_184_876,"https://ids.si.edu/ids/iiif/NPG-S_NPG_2002_184_876/full/250,/0/default.jpg"
01479,sm46caea36559674f3e93ab830423bcf806,https://ids.si.edu/ids/deliveryService?id=NPG-S_NPG_2002_184_875,"https://ids.si.edu/ids/iiif/NPG-S_NPG_2002_184_875/full/250,/0/default.jpg"
01480,sm424c2b30413fa401ca5c84d740e96097b,https://ids.si.edu/ids/deliveryService?id=NPG-S_NPG_2002_184_874,"https://ids.si.edu/ids/iiif/NPG-S_NPG_2002_184_874/full/250,/0/default.jpg"
01481,sm4238cdd8f4740435d973abb7a5a4595a6,https://ids.si.edu/ids/deliveryService?id=NPG-S_NPG_2002_184_873,"https://ids.si.edu/ids/iiif/NPG-S_NPG_2002_184_873/full/250,/0/default.jpg"
01482,sm4714d6b95f4c5497e83f4bec71f3d05ba,https://ids.si.edu/ids/deliveryService?id=NPG-S_NPG_2002_184_872,"https://ids.si.edu/ids/iiif/NPG-S_NPG_2002_184_872/full/250,/0/default.jpg"
01483,sm497e9490b19de4cd795af2cb302489237,https://ids.si.edu/ids/deliveryService?id=NPG-S_NPG_2002_184_871,"https://ids.si.edu/ids/iiif/NPG-S_NPG_2002_184_871/full/250,/0/default.jpg"
01484,sm4ae78e556e9d64faaaee3ec846653f1a0,https://ids.si.edu/ids/deliveryService?id=NPG-S_NPG_2002_184_870,"https://ids.si.edu/ids/iiif/NPG-S_NPG_2002_184_870/full/250,/0/default.jpg"
01485,sm43c18262d4a6d49aab329a98fc4fdc6b1,https://ids.si.edu/ids/deliveryService?id=NPG-S_NPG_2002_184_87,"https://ids.si.edu/ids/iiif/NPG-S_NPG_2002_184_87/full/250,/0/default.jpg"
01486,sm4267a139a1701442d865c808a83271b7e,https://ids.si.edu/ids/deliveryService?id=NPG-S_NPG_2002_184_869,"https://ids.si.edu/ids/iiif/NPG-S_NPG_2002_184_869/full/250,/0/default.jpg"
01487,sm4061cd591ef8b40cba444073d3cbfe0de,https://ids.si.edu/ids/deliveryService?id=NPG-S_NPG_2002_184_868,"https://ids.si.edu/ids/iiif/NPG-S_NPG_2002_184_868/full/250,/0/default.jpg"
01488,sm425c626c9db41484cb59e65d8fe4e2143,https://ids.si.edu/ids/deliveryService?id=NPG-S_NPG_2002_184_867,"https://ids.si.edu/ids/iiif/NPG-S_NPG_2002_184_867/full/250,/0/default.jpg"
01489,sm4259cb117f9434519b67eb771413d1adc,https://ids.si.edu/ids/deliveryService?id=NPG-S_NPG_2002_184_866,"https://ids.si.edu/ids/iiif/NPG-S_NPG_2002_184_866/full/250,/0/default.jpg"
01490,sm44bf94984b50f4bb18219d598c8c146a9,https://ids.si.edu/ids/deliveryService?id=NPG-S_NPG_2002_184_865,"https://ids.si.edu/ids/iiif/NPG-S_NPG_2002_184_865/full/250,/0/default.jpg"
01491,sm4e387c6b12f1b455b9e83001b46d3bb41,https://ids.si.edu/ids/deliveryService?id=NPG-S_NPG_2002_184_864,"https://ids.si.edu/ids/iiif/NPG-S_NPG_2002_184_864/full/250,/0/default.jpg"
01492,sm48376a22c8633452195cdae3b4ef469e9,https://ids.si.edu/ids/deliveryService?id=NPG-S_NPG_2002_184_863,"https://ids.si.edu/ids/iiif/NPG-S_NPG_2002_184_863/full/250,/0/default.jpg"
01493,sm446bb507dea7d41babbb72d3fd169f4b5,https://ids.si.edu/ids/deliveryService?id=NPG-S_NPG_2002_184_862,"https://ids.si.edu/ids/iiif/NPG-S_NPG_2002_184_862/full/250,/0/default.jpg"
01494,sm4e67ed6200f9045a08c35d0a7342e964c,https://ids.si.edu/ids/deliveryService?id=NPG-S_NPG_2002_184_861,"https://ids.si.edu/ids/iiif/NPG-S_NPG_2002_184_861/full/250,/0/default.jpg"
01495,sm4265ebafae7f74acb892ce09901b9a75c,https://ids.si.edu/ids/deliveryService?id=NPG-S_NPG_2002_184_860,"https://ids.si.edu/ids/iiif/NPG-S_NPG_2002_184_860/full/250,/0/default.jpg"
01496,sm41f335c4db3ad4c52b885d9b111782472,https://ids.si.edu/ids/deliveryService?id=NPG-S_NPG_2002_184_86,"https://ids.si.edu/ids/iiif/NPG-S_NPG_2002_184_86/full/250,/0/default.jpg"
01497,sm4fd904e483818440a8dec84fffde6052b,https://ids.si.edu/ids/deliveryService?id=NPG-S_NPG_2002_184_859,"https://ids.si.edu/ids/iiif/NPG-S_NPG_2002_184_859/full/250,/0/default.jpg"
01498,sm477153336c9dd4593967ff5d72a4c996b,https://ids.si.edu/ids/deliveryService?id=NPG-S_NPG_2002_184_858,"https://ids.si.edu/ids/iiif/NPG-S_NPG_2002_184_858/full/250,/0/default.jpg"
01499,sm40836d0fe04a141268746ff60d0e6378f,https://ids.si.edu/ids/deliveryService?id=NPG-S_NPG_2002_184_857,"https://ids.si.edu/ids/iiif/NPG-S_NPG_2002_184_857/full/250,/0/default.jpg"
01500,sm49fb500106b744289b218729762e0f6e6,https://ids.si.edu/ids/deliveryService?id=NPG-S_NPG_2002_184_856,"https://ids.si.edu/ids/iiif/NPG-S_NPG_2002_184_856/full/250,/0/default.jpg"
01501,sm4aa6a192fe6ef46caa1bc0cb0d75c1d45,https://ids.si.edu/ids/deliveryService?id=NPG-S_NPG_2002_184_855,"https://ids.si.edu/ids/iiif/NPG-S_NPG_2002_184_855/full/250,/0/default.jpg"
01502,sm44f6024733b5b4a87bb7f299b10dc1e81,https://ids.si.edu/ids/deliveryService?id=NPG-S_NPG_2002_184_854,"https://ids.si.edu/ids/iiif/NPG-S_NPG_2002_184_854/full/250,/0/default.jpg"
01503,sm4dd20fbfee9d74839bee02ba3401e831e,https://ids.si.edu/ids/deliveryService?id=NPG-S_NPG_2002_184_853,"https://ids.si.edu/ids/iiif/NPG-S_NPG_2002_184_853/full/250,/0/default.jpg"
01504,sm440f3082aa41c4a9680cf654fb89a43cc,https://ids.si.edu/ids/deliveryService?id=NPG-S_NPG_2002_184_852,"https://ids.si.edu/ids/iiif/NPG-S_NPG_2002_184_852/full/250,/0/default.jpg"
01505,sm4eae26bd6e95e46c8967452a4d56c41c0,https://ids.si.edu/ids/deliveryService?id=NPG-S_NPG_2002_184_851,"https://ids.si.edu/ids/iiif/NPG-S_NPG_2002_184_851/full/250,/0/default.jpg"
01506,sm43492bb95a5304edcb4a59f3d9ab4766d,https://ids.si.edu/ids/deliveryService?id=NPG-S_NPG_2002_184_850,"https://ids.si.edu/ids/iiif/NPG-S_NPG_2002_184_850/full/250,/0/default.jpg"
01507,sm444173130c24c4f57a559b51537bdeb07,https://ids.si.edu/ids/deliveryService?id=NPG-S_NPG_2002_184_85,"https://ids.si.edu/ids/iiif/NPG-S_NPG_2002_184_85/full/250,/0/default.jpg"
01508,sm4f06581aa63654ccd8017edb2207df867,https://ids.si.edu/ids/deliveryService?id=NPG-S_NPG_2002_184_849,"https://ids.si.edu/ids/iiif/NPG-S_NPG_2002_184_849/full/250,/0/default.jpg"
01509,sm4e258e1eea87c48d288ca893e833557c5,https://ids.si.edu/ids/deliveryService?id=NPG-S_NPG_2002_184_848,"https://ids.si.edu/ids/iiif/NPG-S_NPG_2002_184_848/full/250,/0/default.jpg"
01510,sm40819449bc730412c80b538f73a991a05,https://ids.si.edu/ids/deliveryService?id=NPG-S_NPG_2002_184_847,"https://ids.si.edu/ids/iiif/NPG-S_NPG_2002_184_847/full/250,/0/default.jpg"
01511,sm4b707059759444937b06624047fe12a85,https://ids.si.edu/ids/deliveryService?id=NPG-S_NPG_2002_184_846,"https://ids.si.edu/ids/iiif/NPG-S_NPG_2002_184_846/full/250,/0/default.jpg"
01512,sm4ec38eb27e9174269a3217383b2773467,https://ids.si.edu/ids/deliveryService?id=NPG-S_NPG_2002_184_845,"https://ids.si.edu/ids/iiif/NPG-S_NPG_2002_184_845/full/250,/0/default.jpg"
01513,sm47d15c271265b4190bafdcb5266d4226a,https://ids.si.edu/ids/deliveryService?id=NPG-S_NPG_2002_184_844,"https://ids.si.edu/ids/iiif/NPG-S_NPG_2002_184_844/full/250,/0/default.jpg"
01514,sm469948eebb23d4ce08b0222e95e0cfb52,https://ids.si.edu/ids/deliveryService?id=NPG-S_NPG_2002_184_843,"https://ids.si.edu/ids/iiif/NPG-S_NPG_2002_184_843/full/250,/0/default.jpg"
01515,sm4d5834ccd75964b1d8bfa5ff6a697d15f,https://ids.si.edu/ids/deliveryService?id=NPG-S_NPG_2002_184_842,"https://ids.si.edu/ids/iiif/NPG-S_NPG_2002_184_842/full/250,/0/default.jpg"
01516,sm43aa7b1bcee484938a1c4e80d319ae932,https://ids.si.edu/ids/deliveryService?id=NPG-S_NPG_2002_184_841,"https://ids.si.edu/ids/iiif/NPG-S_NPG_2002_184_841/full/250,/0/default.jpg"
01517,sm484403254e4184a6689057e3003729cce,https://ids.si.edu/ids/deliveryService?id=NPG-S_NPG_2002_184_840,"https://ids.si.edu/ids/iiif/NPG-S_NPG_2002_184_840/full/250,/0/default.jpg"
01518,sm447bfc44ac5a24c6fae108ee324ec44cd,https://ids.si.edu/ids/deliveryService?id=NPG-S_NPG_2002_184_84,"https://ids.si.edu/ids/iiif/NPG-S_NPG_2002_184_84/full/250,/0/default.jpg"
01519,sm47b82c70b9b4f4ef7a05ababfff8618ab,https://ids.si.edu/ids/deliveryService?id=NPG-S_NPG_2002_184_839,"https://ids.si.edu/ids/iiif/NPG-S_NPG_2002_184_839/full/250,/0/default.jpg"
01520,sm43f261f5b57214c97b686ecd4da4d24b3,https://ids.si.edu/ids/deliveryService?id=NPG-S_NPG_2002_184_838,"https://ids.si.edu/ids/iiif/NPG-S_NPG_2002_184_838/full/250,/0/default.jpg"
01521,sm476625b7e80284659818fce726471f37e,https://ids.si.edu/ids/deliveryService?id=NPG-S_NPG_2002_184_837,"https://ids.si.edu/ids/iiif/NPG-S_NPG_2002_184_837/full/250,/0/default.jpg"
01522,sm437befac859944b10a55f39d9a0be802c,https://ids.si.edu/ids/deliveryService?id=NPG-S_NPG_2002_184_836,"https://ids.si.edu/ids/iiif/NPG-S_NPG_2002_184_836/full/250,/0/default.jpg"
01523,sm4a4c0ffda1d2e4cca84f2e7841bf27fd7,https://ids.si.edu/ids/deliveryService?id=NPG-S_NPG_2002_184_835,"https://ids.si.edu/ids/iiif/NPG-S_NPG_2002_184_835/full/250,/0/default.jpg"
01524,sm48d5833b582bd4eb0b5c25078f2d3f99d,https://ids.si.edu/ids/deliveryService?id=NPG-S_NPG_2002_184_834,"https://ids.si.edu/ids/iiif/NPG-S_NPG_2002_184_834/full/250,/0/default.jpg"
01525,sm49954c20acad9450e9d38f7763533ccfb,https://ids.si.edu/ids/deliveryService?id=NPG-S_NPG_2002_184_833,"https://ids.si.edu/ids/iiif/NPG-S_NPG_2002_184_833/full/250,/0/default.jpg"
01526,sm49bb8d611687c4fa7b3d4ab300cae4b87,https://ids.si.edu/ids/deliveryService?id=NPG-S_NPG_2002_184_832,"https://ids.si.edu/ids/iiif/NPG-S_NPG_2002_184_832/full/250,/0/default.jpg"
01527,sm4cfb3ad7f3fbd49e18210d2cbd28b3947,https://ids.si.edu/ids/deliveryService?id=NPG-S_NPG_2002_184_831,"https://ids.si.edu/ids/iiif/NPG-S_NPG_2002_184_831/full/250,/0/default.jpg"
01528,sm4c6afa874bdb3458ea165b465e9ebe539,https://ids.si.edu/ids/deliveryService?id=NPG-S_NPG_2002_184_830,"https://ids.si.edu/ids/iiif/NPG-S_NPG_2002_184_830/full/250,/0/default.jpg"
01529,sm4aea2f85dcd214800902c5335bff9ba19,https://ids.si.edu/ids/deliveryService?id=NPG-S_NPG_2002_184_83,"https://ids.si.edu/ids/iiif/NPG-S_NPG_2002_184_83/full/250,/0/default.jpg"
01530,sm44c3675cdf031473a850750101d276b55,https://ids.si.edu/ids/deliveryService?id=NPG-S_NPG_2002_184_829,"https://ids.si.edu/ids/iiif/NPG-S_NPG_2002_184_829/full/250,/0/default.jpg"
01531,sm48fa48337371e4d9a8034fbd0633e965f,https://ids.si.edu/ids/deliveryService?id=NPG-S_NPG_2002_184_828,"https://ids.si.edu/ids/iiif/NPG-S_NPG_2002_184_828/full/250,/0/default.jpg"
01532,sm4240b1f2047884426a033e89dfeb9361f,https://ids.si.edu/ids/deliveryService?id=NPG-S_NPG_2002_184_827,"https://ids.si.edu/ids/iiif/NPG-S_NPG_2002_184_827/full/250,/0/default.jpg"
01533,sm48d136693984f4a5bbbdaed9a380352a6,https://ids.si.edu/ids/deliveryService?id=NPG-S_NPG_2002_184_826,"https://ids.si.edu/ids/iiif/NPG-S_NPG_2002_184_826/full/250,/0/default.jpg"
01534,sm4dc2636826eab40f2a4c1d28daf82da70,https://ids.si.edu/ids/deliveryService?id=NPG-S_NPG_2002_184_825,"https://ids.si.edu/ids/iiif/NPG-S_NPG_2002_184_825/full/250,/0/default.jpg"
01535,sm40f25ce00d5374af7920880b4234e9a8a,https://ids.si.edu/ids/deliveryService?id=NPG-S_NPG_2002_184_824,"https://ids.si.edu/ids/iiif/NPG-S_NPG_2002_184_824/full/250,/0/default.jpg"
01536,sm4ec8768d5e1914125abf54b75de60a20c,https://ids.si.edu/ids/deliveryService?id=NPG-S_NPG_2002_184_823,"https://ids.si.edu/ids/iiif/NPG-S_NPG_2002_184_823/full/250,/0/default.jpg"
01537,sm480c55c8a0d8143108478dcebf5714e9e,https://ids.si.edu/ids/deliveryService?id=NPG-S_NPG_2002_184_822,"https://ids.si.edu/ids/iiif/NPG-S_NPG_2002_184_822/full/250,/0/default.jpg"
01538,sm4e00b0f28168b455b8489a544cc0dccc5,https://ids.si.edu/ids/deliveryService?id=NPG-S_NPG_2002_184_821,"https://ids.si.edu/ids/iiif/NPG-S_NPG_2002_184_821/full/250,/0/default.jpg"
01539,sm4726f40b9600f47c38f386a00c2b7a5f4,https://ids.si.edu/ids/deliveryService?id=NPG-S_NPG_2002_184_820,"https://ids.si.edu/ids/iiif/NPG-S_NPG_2002_184_820/full/250,/0/default.jpg"
01540,sm4e402cafaeb104440b46f198f28871fd3,https://ids.si.edu/ids/deliveryService?id=NPG-S_NPG_2002_184_82,"https://ids.si.edu/ids/iiif/NPG-S_NPG_2002_184_82/full/250,/0/default.jpg"
01541,sm40de175d5f35a404d8768a15deb99265e,https://ids.si.edu/ids/deliveryService?id=NPG-S_NPG_2002_184_819,"https://ids.si.edu/ids/iiif/NPG-S_NPG_2002_184_819/full/250,/0/default.jpg"
01542,sm490d1092eaeec497a81c1a0033ee4a8c2,https://ids.si.edu/ids/deliveryService?id=NPG-S_NPG_2002_184_818,"https://ids.si.edu/ids/iiif/NPG-S_NPG_2002_184_818/full/250,/0/default.jpg"
01543,sm460d52980fba74ff396cc2a0b283d14c0,https://ids.si.edu/ids/deliveryService?id=NPG-S_NPG_2002_184_817,"https://ids.si.edu/ids/iiif/NPG-S_NPG_2002_184_817/full/250,/0/default.jpg"
01544,sm4a20f36c8832c4deaa0acf1905b992532,https://ids.si.edu/ids/deliveryService?id=NPG-S_NPG_2002_184_816,"https://ids.si.edu/ids/iiif/NPG-S_NPG_2002_184_816/full/250,/0/default.jpg"
01545,sm440263d88755940d08a77e2886a3fbdd8,https://ids.si.edu/ids/deliveryService?id=NPG-S_NPG_2002_184_815,"https://ids.si.edu/ids/iiif/NPG-S_NPG_2002_184_815/full/250,/0/default.jpg"
01546,sm4ce961b2e5c05473aaadda033f855ea8b,https://ids.si.edu/ids/deliveryService?id=NPG-S_NPG_2002_184_814,"https://ids.si.edu/ids/iiif/NPG-S_NPG_2002_184_814/full/250,/0/default.jpg"
01547,sm47db4b78a3e1744759eebb21f945227fe,https://ids.si.edu/ids/deliveryService?id=NPG-S_NPG_2002_184_813,"https://ids.si.edu/ids/iiif/NPG-S_NPG_2002_184_813/full/250,/0/default.jpg"
01548,sm4852a0fc23bf1439fbdb544416cd46483,https://ids.si.edu/ids/deliveryService?id=NPG-S_NPG_2002_184_812,"https://ids.si.edu/ids/iiif/NPG-S_NPG_2002_184_812/full/250,/0/default.jpg"
01549,sm4957f11c4087849d590f5cf39dc688b47,https://ids.si.edu/ids/deliveryService?id=NPG-S_NPG_2002_184_811,"https://ids.si.edu/ids/iiif/NPG-S_NPG_2002_184_811/full/250,/0/default.jpg"
01550,sm4ae9f8a755f5246419e8b4ee5f211ac00,https://ids.si.edu/ids/deliveryService?id=NPG-S_NPG_2002_184_810,"https://ids.si.edu/ids/iiif/NPG-S_NPG_2002_184_810/full/250,/0/default.jpg"
01551,sm4928214d0f33c4f67a45fb9db2683d8a0,https://ids.si.edu/ids/deliveryService?id=NPG-S_NPG_2002_184_81,"https://ids.si.edu/ids/iiif/NPG-S_NPG_2002_184_81/full/250,/0/default.jpg"
01552,sm438949c271d57401c9050046c4bfa55db,https://ids.si.edu/ids/deliveryService?id=NPG-S_NPG_2002_184_809,"https://ids.si.edu/ids/iiif/NPG-S_NPG_2002_184_809/full/250,/0/default.jpg"
01553,sm464ffbdb764184d74be9c6492c7bb9be4,https://ids.si.edu/ids/deliveryService?id=NPG-S_NPG_2002_184_808,"https://ids.si.edu/ids/iiif/NPG-S_NPG_2002_184_808/full/250,/0/default.jpg"
01554,sm423625a4c16b14b968a5921e8913f38e1,https://ids.si.edu/ids/deliveryService?id=NPG-S_NPG_2002_184_807,"https://ids.si.edu/ids/iiif/NPG-S_NPG_2002_184_807/full/250,/0/default.jpg"
01555,sm43587bed69a334a5e8a800e53da0d9543,https://ids.si.edu/ids/deliveryService?id=NPG-S_NPG_2002_184_806,"https://ids.si.edu/ids/iiif/NPG-S_NPG_2002_184_806/full/250,/0/default.jpg"
01556,sm47acc5f61e3fa473a9cb01b368c2929a3,https://ids.si.edu/ids/deliveryService?id=NPG-S_NPG_2002_184_805,"https://ids.si.edu/ids/iiif/NPG-S_NPG_2002_184_805/full/250,/0/default.jpg"
01557,sm4ff67103aa3064f06b93a8a494f7bd6b2,https://ids.si.edu/ids/deliveryService?id=NPG-S_NPG_2002_184_804,"https://ids.si.edu/ids/iiif/NPG-S_NPG_2002_184_804/full/250,/0/default.jpg"
01558,sm4220873d74eeb4e05807f28107a7d446d,https://ids.si.edu/ids/deliveryService?id=NPG-S_NPG_2002_184_803,"https://ids.si.edu/ids/iiif/NPG-S_NPG_2002_184_803/full/250,/0/default.jpg"
01559,sm449bafc7e5cca4748ad64307b7e486ac8,https://ids.si.edu/ids/deliveryService?id=NPG-S_NPG_2002_184_802,"https://ids.si.edu/ids/iiif/NPG-S_NPG_2002_184_802/full/250,/0/default.jpg"
01560,sm40148a113af2b452f8c7b6192b25193d5,https://ids.si.edu/ids/deliveryService?id=NPG-S_NPG_2002_184_801,"https://ids.si.edu/ids/iiif/NPG-S_NPG_2002_184_801/full/250,/0/default.jpg"
01561,sm4866e730c44a64c518aed9113e9119f5e,https://ids.si.edu/ids/deliveryService?id=NPG-S_NPG_2002_184_800,"https://ids.si.edu/ids/iiif/NPG-S_NPG_2002_184_800/full/250,/0/default.jpg"
01562,sm480b62ccc78044f43a9689aaac7eed7db,https://ids.si.edu/ids/deliveryService?id=NPG-S_NPG_2002_184_80,"https://ids.si.edu/ids/iiif/NPG-S_NPG_2002_184_80/full/250,/0/default.jpg"
01563,sm40dc7786721ae400cbf4db5ee5339e0f8,https://ids.si.edu/ids/deliveryService?id=NPG-S_NPG_2002_184_799,"https://ids.si.edu/ids/iiif/NPG-S_NPG_2002_184_799/full/250,/0/default.jpg"
01564,sm46bbc0ae3bfc54cd381da4db5b8176c41,https://ids.si.edu/ids/deliveryService?id=NPG-S_NPG_2002_184_798,"https://ids.si.edu/ids/iiif/NPG-S_NPG_2002_184_798/full/250,/0/default.jpg"
01565,sm46be0451b64f34eb885de950ea80d414d,https://ids.si.edu/ids/deliveryService?id=NPG-S_NPG_2002_184_797,"https://ids.si.edu/ids/iiif/NPG-S_NPG_2002_184_797/full/250,/0/default.jpg"
01566,sm430ff70e96fdb4314ae1417a6ccf0be1f,https://ids.si.edu/ids/deliveryService?id=NPG-S_NPG_2002_184_796,"https://ids.si.edu/ids/iiif/NPG-S_NPG_2002_184_796/full/250,/0/default.jpg"
01567,sm45fc35b37a6574ef892b49e8a931efbaf,https://ids.si.edu/ids/deliveryService?id=NPG-S_NPG_2002_184_795,"https://ids.si.edu/ids/iiif/NPG-S_NPG_2002_184_795/full/250,/0/default.jpg"
01568,sm479195d8f524b4c3b91ba7b794dca42f8,https://ids.si.edu/ids/deliveryService?id=NPG-S_NPG_2002_184_794,"https://ids.si.edu/ids/iiif/NPG-S_NPG_2002_184_794/full/250,/0/default.jpg"
01569,sm48d8d93fff51a4f2d9435ce0d9b81764e,https://ids.si.edu/ids/deliveryService?id=NPG-S_NPG_2002_184_793,"https://ids.si.edu/ids/iiif/NPG-S_NPG_2002_184_793/full/250,/0/default.jpg"
01570,sm4b4cad054d9d74c958026ce2eeab5f520,https://ids.si.edu/ids/deliveryService?id=NPG-S_NPG_2002_184_792,"https://ids.si.edu/ids/iiif/NPG-S_NPG_2002_184_792/full/250,/0/default.jpg"
01571,sm416d90e23fcb34e94a60f45b82b808323,https://ids.si.edu/ids/deliveryService?id=NPG-S_NPG_2002_184_791,"https://ids.si.edu/ids/iiif/NPG-S_NPG_2002_184_791/full/250,/0/default.jpg"
01572,sm41871341456b649b4a0aade8e475d7afc,https://ids.si.edu/ids/deliveryService?id=NPG-S_NPG_2002_184_790,"https://ids.si.edu/ids/iiif/NPG-S_NPG_2002_184_790/full/250,/0/default.jpg"
01573,sm46eba82c5fa204ed3b9683fa7ffef1b40,https://ids.si.edu/ids/deliveryService?id=NPG-S_NPG_2002_184_79,"https://ids.si.edu/ids/iiif/NPG-S_NPG_2002_184_79/full/250,/0/default.jpg"
01574,sm45eac615046234960b66990418b12229d,https://ids.si.edu/ids/deliveryService?id=NPG-S_NPG_2002_184_789,"https://ids.si.edu/ids/iiif/NPG-S_NPG_2002_184_789/full/250,/0/default.jpg"
01575,sm4c9b76c73332e4262b04296ac6c921e6c,https://ids.si.edu/ids/deliveryService?id=NPG-S_NPG_2002_184_788,"https://ids.si.edu/ids/iiif/NPG-S_NPG_2002_184_788/full/250,/0/default.jpg"
01576,sm410d934cac74b436ca5ff58f21eb7d358,https://ids.si.edu/ids/deliveryService?id=NPG-S_NPG_2002_184_787,"https://ids.si.edu/ids/iiif/NPG-S_NPG_2002_184_787/full/250,/0/default.jpg"
01577,sm4cf77dadce4ed44d8bc081daa0206decf,https://ids.si.edu/ids/deliveryService?id=NPG-S_NPG_2002_184_786,"https://ids.si.edu/ids/iiif/NPG-S_NPG_2002_184_786/full/250,/0/default.jpg"
01578,sm4f0a915b5e9304b78a080581639aad44b,https://ids.si.edu/ids/deliveryService?id=NPG-S_NPG_2002_184_785,"https://ids.si.edu/ids/iiif/NPG-S_NPG_2002_184_785/full/250,/0/default.jpg"
01579,sm4e57b0ffb1c69493abade0d9ca2fa3584,https://ids.si.edu/ids/deliveryService?id=NPG-S_NPG_2002_184_784,"https://ids.si.edu/ids/iiif/NPG-S_NPG_2002_184_784/full/250,/0/default.jpg"
01580,sm49bc09edd8bdb4c2093c13bfe3e7415bf,https://ids.si.edu/ids/deliveryService?id=NPG-S_NPG_2002_184_783,"https://ids.si.edu/ids/iiif/NPG-S_NPG_2002_184_783/full/250,/0/default.jpg"
01581,sm4704dee86923c42d89697cf4cd49878ab,https://ids.si.edu/ids/deliveryService?id=NPG-S_NPG_2002_184_782,"https://ids.si.edu/ids/iiif/NPG-S_NPG_2002_184_782/full/250,/0/default.jpg"
01582,sm4eb3ac4757e054b1b8984e922781a9afd,https://ids.si.edu/ids/deliveryService?id=NPG-S_NPG_2002_184_781,"https://ids.si.edu/ids/iiif/NPG-S_NPG_2002_184_781/full/250,/0/default.jpg"
01583,sm40cbe313204494502aea95b82ecbd1cce,https://ids.si.edu/ids/deliveryService?id=NPG-S_NPG_2002_184_780,"https://ids.si.edu/ids/iiif/NPG-S_NPG_2002_184_780/full/250,/0/default.jpg"
01584,sm4fab6b180e2554966a1ae5ee720310cf2,https://ids.si.edu/ids/deliveryService?id=NPG-S_NPG_2002_184_78,"https://ids.si.edu/ids/iiif/NPG-S_NPG_2002_184_78/full/250,/0/default.jpg"
01585,sm40eaaa24ae678451ab6d2f3c4166eb4ca,https://ids.si.edu/ids/deliveryService?id=NPG-S_NPG_2002_184_779,"https://ids.si.edu/ids/iiif/NPG-S_NPG_2002_184_779/full/250,/0/default.jpg"
01586,sm4dea7e6bacb114a88887027359a0f576c,https://ids.si.edu/ids/deliveryService?id=NPG-S_NPG_2002_184_778,"https://ids.si.edu/ids/iiif/NPG-S_NPG_2002_184_778/full/250,/0/default.jpg"
01587,sm447f22a0ea795414aac46d20aa6505a5c,https://ids.si.edu/ids/deliveryService?id=NPG-S_NPG_2002_184_777,"https://ids.si.edu/ids/iiif/NPG-S_NPG_2002_184_777/full/250,/0/default.jpg"
01588,sm432c2e98bba5045a6a0b5dc6cec49793d,https://ids.si.edu/ids/deliveryService?id=NPG-S_NPG_2002_184_776,"https://ids.si.edu/ids/iiif/NPG-S_NPG_2002_184_776/full/250,/0/default.jpg"
01589,sm4a20bfe1c048142fd999a0ea0ff02e221,https://ids.si.edu/ids/deliveryService?id=NPG-S_NPG_2002_184_775,"https://ids.si.edu/ids/iiif/NPG-S_NPG_2002_184_775/full/250,/0/default.jpg"
01590,sm4062079e6ee414c37bdd6e652201a5c3b,https://ids.si.edu/ids/deliveryService?id=NPG-S_NPG_2002_184_774,"https://ids.si.edu/ids/iiif/NPG-S_NPG_2002_184_774/full/250,/0/default.jpg"
01591,sm4d5f0144228964aee9bb8be9dcd35fe0a,https://ids.si.edu/ids/deliveryService?id=NPG-S_NPG_2002_184_773,"https://ids.si.edu/ids/iiif/NPG-S_NPG_2002_184_773/full/250,/0/default.jpg"
01592,sm4f22a5734acbd4462829dc0351998ff80,https://ids.si.edu/ids/deliveryService?id=NPG-S_NPG_2002_184_772,"https://ids.si.edu/ids/iiif/NPG-S_NPG_2002_184_772/full/250,/0/default.jpg"
01593,sm47afdaa6016ae498d848a398479002b44,https://ids.si.edu/ids/deliveryService?id=NPG-S_NPG_2002_184_771,"https://ids.si.edu/ids/iiif/NPG-S_NPG_2002_184_771/full/250,/0/default.jpg"
01594,sm49a2bd3a656f44fbf97b81b066d89afa1,https://ids.si.edu/ids/deliveryService?id=NPG-S_NPG_2002_184_770,"https://ids.si.edu/ids/iiif/NPG-S_NPG_2002_184_770/full/250,/0/default.jpg"
01595,sm4abb836178e2f4b7995f3f6de8b3da558,https://ids.si.edu/ids/deliveryService?id=NPG-S_NPG_2002_184_77,"https://ids.si.edu/ids/iiif/NPG-S_NPG_2002_184_77/full/250,/0/default.jpg"
01596,sm480926fa59dc648d099c89015ee08ce07,https://ids.si.edu/ids/deliveryService?id=NPG-S_NPG_2002_184_769,"https://ids.si.edu/ids/iiif/NPG-S_NPG_2002_184_769/full/250,/0/default.jpg"
01597,sm4be8e51d1f22044939affd98cb0f42f61,https://ids.si.edu/ids/deliveryService?id=NPG-S_NPG_2002_184_768-000001,"https://ids.si.edu/ids/iiif/NPG-S_NPG_2002_184_768-000001/full/250,/0/default.jpg"
01598,sm453d33386bec941938afa9332129ec4b8,https://ids.si.edu/ids/deliveryService?id=NPG-S_NPG_2002_184_767-000001,"https://ids.si.edu/ids/iiif/NPG-S_NPG_2002_184_767-000001/full/250,/0/default.jpg"
01599,sm465049a99ba33476aa0c50aa78ac197e8,https://ids.si.edu/ids/deliveryService?id=NPG-S_NPG_2002_184_766-000001,"https://ids.si.edu/ids/iiif/NPG-S_NPG_2002_184_766-000001/full/250,/0/default.jpg"
01600,sm4046063d5c81f4f0886284a279684bab7,https://ids.si.edu/ids/deliveryService?id=NPG-S_NPG_2002_184_765-000001,"https://ids.si.edu/ids/iiif/NPG-S_NPG_2002_184_765-000001/full/250,/0/default.jpg"
01601,sm4042f4d2dd27742058315d8f52dc24a84,https://ids.si.edu/ids/deliveryService?id=NPG-S_NPG_2002_184_764-000001,"https://ids.si.edu/ids/iiif/NPG-S_NPG_2002_184_764-000001/full/250,/0/default.jpg"
01602,sm45f0e2b275bf84d798951984faf81f424,https://ids.si.edu/ids/deliveryService?id=NPG-S_NPG_2002_184_763-000001,"https://ids.si.edu/ids/iiif/NPG-S_NPG_2002_184_763-000001/full/250,/0/default.jpg"
01603,sm4adb6116b48a641148d868e3561e7dfc0,https://ids.si.edu/ids/deliveryService?id=NPG-S_NPG_2002_184_762-000001,"https://ids.si.edu/ids/iiif/NPG-S_NPG_2002_184_762-000001/full/250,/0/default.jpg"
01604,sm44d44b9dfeaa942bc86231f94fd6502e2,https://ids.si.edu/ids/deliveryService?id=NPG-S_NPG_2002_184_761-000001,"https://ids.si.edu/ids/iiif/NPG-S_NPG_2002_184_761-000001/full/250,/0/default.jpg"
01605,sm4885113dc23d14f818f5dae43c0fd73cb,https://ids.si.edu/ids/deliveryService?id=NPG-S_NPG_2002_184_760-000001,"https://ids.si.edu/ids/iiif/NPG-S_NPG_2002_184_760-000001/full/250,/0/default.jpg"
01606,sm4e70b6f1679fe452299b228499ac05cd1,https://ids.si.edu/ids/deliveryService?id=NPG-S_NPG_2002_184_76,"https://ids.si.edu/ids/iiif/NPG-S_NPG_2002_184_76/full/250,/0/default.jpg"
01607,sm491535fc91cb94bbd980cf614bde75de8,https://ids.si.edu/ids/deliveryService?id=NPG-S_NPG_2002_184_759-000001,"https://ids.si.edu/ids/iiif/NPG-S_NPG_2002_184_759-000001/full/250,/0/default.jpg"
01608,sm45e57870f3ef04e719b6179ac6d1d1b43,https://ids.si.edu/ids/deliveryService?id=NPG-S_NPG_2002_184_758-000001,"https://ids.si.edu/ids/iiif/NPG-S_NPG_2002_184_758-000001/full/250,/0/default.jpg"
01609,sm4372c15789bbb43e49dc03b13c43b5fbe,https://ids.si.edu/ids/deliveryService?id=NPG-S_NPG_2002_184_757-000001,"https://ids.si.edu/ids/iiif/NPG-S_NPG_2002_184_757-000001/full/250,/0/default.jpg"
01610,sm44df4aa6f53f245f89203f29630b38d02,https://ids.si.edu/ids/deliveryService?id=NPG-S_NPG_2002_184_756-000001,"https://ids.si.edu/ids/iiif/NPG-S_NPG_2002_184_756-000001/full/250,/0/default.jpg"
01611,sm481feada2edc14974bf4860ed358e49de,https://ids.si.edu/ids/deliveryService?id=NPG-S_NPG_2002_184_755-000001,"https://ids.si.edu/ids/iiif/NPG-S_NPG_2002_184_755-000001/full/250,/0/default.jpg"
01612,sm4d4d7e44617354645885772c4e494d333,https://ids.si.edu/ids/deliveryService?id=NPG-S_NPG_2002_184_754-000001,"https://ids.si.edu/ids/iiif/NPG-S_NPG_2002_184_754-000001/full/250,/0/default.jpg"
01613,sm48f01f621c72b42de955311dd430683da,https://ids.si.edu/ids/deliveryService?id=NPG-S_NPG_2002_184_753-000001,"https://ids.si.edu/ids/iiif/NPG-S_NPG_2002_184_753-000001/full/250,/0/default.jpg"
01614,sm4c2ce2d8599f743549e53e95707fceea5,https://ids.si.edu/ids/deliveryService?id=NPG-S_NPG_2002_184_752-000001,"https://ids.si.edu/ids/iiif/NPG-S_NPG_2002_184_752-000001/full/250,/0/default.jpg"
01615,sm457351972858b4fd8a943870ef06679c3,https://ids.si.edu/ids/deliveryService?id=NPG-S_NPG_2002_184_751-000001,"https://ids.si.edu/ids/iiif/NPG-S_NPG_2002_184_751-000001/full/250,/0/default.jpg"
01616,sm435b440aaebd84adaa9de17b56883cedf,https://ids.si.edu/ids/deliveryService?id=NPG-S_NPG_2002_184_750-000001,"https://ids.si.edu/ids/iiif/NPG-S_NPG_2002_184_750-000001/full/250,/0/default.jpg"
01617,sm450cc6978f2dd46588f4313f5cdf2fc27,https://ids.si.edu/ids/deliveryService?id=NPG-S_NPG_2002_184_75,"https://ids.si.edu/ids/iiif/NPG-S_NPG_2002_184_75/full/250,/0/default.jpg"
01618,sm4b05264220cfc44ff912825027f537875,https://ids.si.edu/ids/deliveryService?id=NPG-S_NPG_2002_184_749-000001,"https://ids.si.edu/ids/iiif/NPG-S_NPG_2002_184_749-000001/full/250,/0/default.jpg"
01619,sm42921d8111e8b4c62926252da1ae9d7d3,https://ids.si.edu/ids/deliveryService?id=NPG-S_NPG_2002_184_748-000001,"https://ids.si.edu/ids/iiif/NPG-S_NPG_2002_184_748-000001/full/250,/0/default.jpg"
01620,sm42818552862e14ed8a3e8bde9cdcb8d22,https://ids.si.edu/ids/deliveryService?id=NPG-S_NPG_2002_184_747-000001,"https://ids.si.edu/ids/iiif/NPG-S_NPG_2002_184_747-000001/full/250,/0/default.jpg"
01621,sm4d507f663a0bb43b3a1b438849300b0e2,https://ids.si.edu/ids/deliveryService?id=NPG-S_NPG_2002_184_746-000001,"https://ids.si.edu/ids/iiif/NPG-S_NPG_2002_184_746-000001/full/250,/0/default.jpg"
01622,sm44b3b7389b43d4b19bd7e335f186c226e,https://ids.si.edu/ids/deliveryService?id=NPG-S_NPG_2002_184_745-000001,"https://ids.si.edu/ids/iiif/NPG-S_NPG_2002_184_745-000001/full/250,/0/default.jpg"
01623,sm4ed1e5d9a28fa4c8ba4fbcb5897b7e410,https://ids.si.edu/ids/deliveryService?id=NPG-S_NPG_2002_184_744-000001,"https://ids.si.edu/ids/iiif/NPG-S_NPG_2002_184_744-000001/full/250,/0/default.jpg"
01624,sm47410d4d7a0694b0eae4647d09a75c75f,https://ids.si.edu/ids/deliveryService?id=NPG-S_NPG_2002_184_743-000001,"https://ids.si.edu/ids/iiif/NPG-S_NPG_2002_184_743-000001/full/250,/0/default.jpg"
01625,sm4e07946437f7d4c7d84a21f5ca228fc04,https://ids.si.edu/ids/deliveryService?id=NPG-S_NPG_2002_184_742-000001,"https://ids.si.edu/ids/iiif/NPG-S_NPG_2002_184_742-000001/full/250,/0/default.jpg"
01626,sm4f6039582890d49ac872396bd4d775cea,https://ids.si.edu/ids/deliveryService?id=NPG-S_NPG_2002_184_741-000001,"https://ids.si.edu/ids/iiif/NPG-S_NPG_2002_184_741-000001/full/250,/0/default.jpg"
01627,sm4ccf4e798a2174ad1961b4381c2790225,https://ids.si.edu/ids/deliveryService?id=NPG-S_NPG_2002_184_740-000001,"https://ids.si.edu/ids/iiif/NPG-S_NPG_2002_184_740-000001/full/250,/0/default.jpg"
01628,sm42025df503b3c443c9276379ff4b668cc,https://ids.si.edu/ids/deliveryService?id=NPG-S_NPG_2002_184_74,"https://ids.si.edu/ids/iiif/NPG-S_NPG_2002_184_74/full/250,/0/default.jpg"
01629,sm4020e3fd2edfb4247b5bcdcb220288508,https://ids.si.edu/ids/deliveryService?id=NPG-S_NPG_2002_184_739,"https://ids.si.edu/ids/iiif/NPG-S_NPG_2002_184_739/full/250,/0/default.jpg"
01630,sm443c5bc534d5c4706aa58b1296a970604,https://ids.si.edu/ids/deliveryService?id=NPG-S_NPG_2002_184_738,"https://ids.si.edu/ids/iiif/NPG-S_NPG_2002_184_738/full/250,/0/default.jpg"
01631,sm496b240a59b484e6090dee0a9912ccebe,https://ids.si.edu/ids/deliveryService?id=NPG-S_NPG_2002_184_737,"https://ids.si.edu/ids/iiif/NPG-S_NPG_2002_184_737/full/250,/0/default.jpg"
01632,sm4e97705ca734147b5b6283228cea8db14,https://ids.si.edu/ids/deliveryService?id=NPG-S_NPG_2002_184_736,"https://ids.si.edu/ids/iiif/NPG-S_NPG_2002_184_736/full/250,/0/default.jpg"
01633,sm49555ed6c3aaa44cc9cca4b65fcf928e5,https://ids.si.edu/ids/deliveryService?id=NPG-S_NPG_2002_184_735,"https://ids.si.edu/ids/iiif/NPG-S_NPG_2002_184_735/full/250,/0/default.jpg"
01634,sm430ca7f5633df4967b2cb0738c937dded,https://ids.si.edu/ids/deliveryService?id=NPG-S_NPG_2002_184_734,"https://ids.si.edu/ids/iiif/NPG-S_NPG_2002_184_734/full/250,/0/default.jpg"
01635,sm4eda6afa4cf464b43880d4993d1f03b86,https://ids.si.edu/ids/deliveryService?id=NPG-S_NPG_2002_184_733,"https://ids.si.edu/ids/iiif/NPG-S_NPG_2002_184_733/full/250,/0/default.jpg"
01636,sm4d41ed463105141bca4b89f3934910311,https://ids.si.edu/ids/deliveryService?id=NPG-S_NPG_2002_184_732,"https://ids.si.edu/ids/iiif/NPG-S_NPG_2002_184_732/full/250,/0/default.jpg"
01637,sm49c3342c521574739b607b0aaac156ad8,https://ids.si.edu/ids/deliveryService?id=NPG-S_NPG_2002_184_731,"https://ids.si.edu/ids/iiif/NPG-S_NPG_2002_184_731/full/250,/0/default.jpg"
01638,sm44b6c06b942e54a56885c1afa53866195,https://ids.si.edu/ids/deliveryService?id=NPG-S_NPG_2002_184_730,"https://ids.si.edu/ids/iiif/NPG-S_NPG_2002_184_730/full/250,/0/default.jpg"
01639,sm4ccadcbf41e6c4c85af4b50e7059e301e,https://ids.si.edu/ids/deliveryService?id=NPG-S_NPG_2002_184_73,"https://ids.si.edu/ids/iiif/NPG-S_NPG_2002_184_73/full/250,/0/default.jpg"
01640,sm46b3e990167a44c30ac28b6f26655806a,https://ids.si.edu/ids/deliveryService?id=NPG-S_NPG_2002_184_729,"https://ids.si.edu/ids/iiif/NPG-S_NPG_2002_184_729/full/250,/0/default.jpg"
01641,sm4c0646dbeae3c47cb93ab5dba3e7d2ab3,https://ids.si.edu/ids/deliveryService?id=NPG-S_NPG_2002_184_728,"https://ids.si.edu/ids/iiif/NPG-S_NPG_2002_184_728/full/250,/0/default.jpg"
01642,sm49f745a55df6e47d6b277b95915dd5272,https://ids.si.edu/ids/deliveryService?id=NPG-S_NPG_2002_184_727,"https://ids.si.edu/ids/iiif/NPG-S_NPG_2002_184_727/full/250,/0/default.jpg"
01643,sm469683904f8474104bef78731ee9fceff,https://ids.si.edu/ids/deliveryService?id=NPG-S_NPG_2002_184_726,"https://ids.si.edu/ids/iiif/NPG-S_NPG_2002_184_726/full/250,/0/default.jpg"
01644,sm43480e3721d004958a57f5ea6614dc0d5,https://ids.si.edu/ids/deliveryService?id=NPG-S_NPG_2002_184_725,"https://ids.si.edu/ids/iiif/NPG-S_NPG_2002_184_725/full/250,/0/default.jpg"
01645,sm49f4446bda38c4a1aa5c8f50470a7f3cf,https://ids.si.edu/ids/deliveryService?id=NPG-S_NPG_2002_184_724,"https://ids.si.edu/ids/iiif/NPG-S_NPG_2002_184_724/full/250,/0/default.jpg"
01646,sm47f7ebdc6238f4bda82dbaea54c93fca9,https://ids.si.edu/ids/deliveryService?id=NPG-S_NPG_2002_184_723,"https://ids.si.edu/ids/iiif/NPG-S_NPG_2002_184_723/full/250,/0/default.jpg"
01647,sm46ab99f2610144fe2bebc809a61fddbe7,https://ids.si.edu/ids/deliveryService?id=NPG-S_NPG_2002_184_722,"https://ids.si.edu/ids/iiif/NPG-S_NPG_2002_184_722/full/250,/0/default.jpg"
01648,sm49e27d2f513f842b6b4f3b58bac1471fe,https://ids.si.edu/ids/deliveryService?id=NPG-S_NPG_2002_184_721,"https://ids.si.edu/ids/iiif/NPG-S_NPG_2002_184_721/full/250,/0/default.jpg"
01649,sm48a984a355a9f453e95bdd3d5f1664db5,https://ids.si.edu/ids/deliveryService?id=NPG-S_NPG_2002_184_720,"https://ids.si.edu/ids/iiif/NPG-S_NPG_2002_184_720/full/250,/0/default.jpg"
01650,sm49b7e3ca18be34daebb226aea75825bdb,https://ids.si.edu/ids/deliveryService?id=NPG-S_NPG_2002_184_72,"https://ids.si.edu/ids/iiif/NPG-S_NPG_2002_184_72/full/250,/0/default.jpg"
01651,sm4e54f73b721a04360a35e486d1ad7f267,https://ids.si.edu/ids/deliveryService?id=NPG-S_NPG_2002_184_719,"https://ids.si.edu/ids/iiif/NPG-S_NPG_2002_184_719/full/250,/0/default.jpg"
01652,sm446ea6c1518934dfbab981f4596f0a6e0,https://ids.si.edu/ids/deliveryService?id=NPG-S_NPG_2002_184_718,"https://ids.si.edu/ids/iiif/NPG-S_NPG_2002_184_718/full/250,/0/default.jpg"
01653,sm4212affb004754baaa81e0ccdcf40220a,https://ids.si.edu/ids/deliveryService?id=NPG-S_NPG_2002_184_717,"https://ids.si.edu/ids/iiif/NPG-S_NPG_2002_184_717/full/250,/0/default.jpg"
01654,sm40a42411d65914873ba5dcac2be9a9a41,https://ids.si.edu/ids/deliveryService?id=NPG-S_NPG_2002_184_716,"https://ids.si.edu/ids/iiif/NPG-S_NPG_2002_184_716/full/250,/0/default.jpg"
01655,sm481b932c6992c40849f479652625fc23b,https://ids.si.edu/ids/deliveryService?id=NPG-S_NPG_2002_184_715,"https://ids.si.edu/ids/iiif/NPG-S_NPG_2002_184_715/full/250,/0/default.jpg"
01656,sm435ea270fa38748348a71fcd51a711f29,https://ids.si.edu/ids/deliveryService?id=NPG-S_NPG_2002_184_714,"https://ids.si.edu/ids/iiif/NPG-S_NPG_2002_184_714/full/250,/0/default.jpg"
01657,sm4d7444ca355c74832a32e133713c9543c,https://ids.si.edu/ids/deliveryService?id=NPG-S_NPG_2002_184_713,"https://ids.si.edu/ids/iiif/NPG-S_NPG_2002_184_713/full/250,/0/default.jpg"
01658,sm4eca137ff946444e590da7adde7b15d4f,https://ids.si.edu/ids/deliveryService?id=NPG-S_NPG_2002_184_712,"https://ids.si.edu/ids/iiif/NPG-S_NPG_2002_184_712/full/250,/0/default.jpg"
01659,sm4eb593ae856cf427b8d7b8a4a24ccded0,https://ids.si.edu/ids/deliveryService?id=NPG-S_NPG_2002_184_711,"https://ids.si.edu/ids/iiif/NPG-S_NPG_2002_184_711/full/250,/0/default.jpg"
01660,sm4a7ffada2f9b345c388bfd50f188a7dda,https://ids.si.edu/ids/deliveryService?id=NPG-S_NPG_2002_184_710,"https://ids.si.edu/ids/iiif/NPG-S_NPG_2002_184_710/full/250,/0/default.jpg"
01661,sm48c2c05d33af94b53a8e70e367e8cac7c,https://ids.si.edu/ids/deliveryService?id=NPG-S_NPG_2002_184_71,"https://ids.si.edu/ids/iiif/NPG-S_NPG_2002_184_71/full/250,/0/default.jpg"
01662,sm465798ef8900e4acabf3c1c8ec962c49a,https://ids.si.edu/ids/deliveryService?id=NPG-S_NPG_2002_184_709,"https://ids.si.edu/ids/iiif/NPG-S_NPG_2002_184_709/full/250,/0/default.jpg"
01663,sm4c51dacc534144edd9c5b6ece2613fa2e,https://ids.si.edu/ids/deliveryService?id=NPG-S_NPG_2002_184_708,"https://ids.si.edu/ids/iiif/NPG-S_NPG_2002_184_708/full/250,/0/default.jpg"
01664,sm41a0e98a347234a21a606df92e1eab23e,https://ids.si.edu/ids/deliveryService?id=NPG-S_NPG_2002_184_707,"https://ids.si.edu/ids/iiif/NPG-S_NPG_2002_184_707/full/250,/0/default.jpg"
01665,sm479132f7c6e904045b692ee14e933fab1,https://ids.si.edu/ids/deliveryService?id=NPG-S_NPG_2002_184_706,"https://ids.si.edu/ids/iiif/NPG-S_NPG_2002_184_706/full/250,/0/default.jpg"
01666,sm43ad63fa555e64845802f5bcb51a13642,https://ids.si.edu/ids/deliveryService?id=NPG-S_NPG_2002_184_705,"https://ids.si.edu/ids/iiif/NPG-S_NPG_2002_184_705/full/250,/0/default.jpg"
01667,sm48092c6c96edc4a1aabe4d19f173cbb18,https://ids.si.edu/ids/deliveryService?id=NPG-S_NPG_2002_184_704,"https://ids.si.edu/ids/iiif/NPG-S_NPG_2002_184_704/full/250,/0/default.jpg"
01668,sm4648958739df04c68a8d4d80d98ed2671,https://ids.si.edu/ids/deliveryService?id=NPG-S_NPG_2002_184_703,"https://ids.si.edu/ids/iiif/NPG-S_NPG_2002_184_703/full/250,/0/default.jpg"
01669,sm4d7f184e4787b4f1dac8149bedec107b7,https://ids.si.edu/ids/deliveryService?id=NPG-S_NPG_2002_184_702,"https://ids.si.edu/ids/iiif/NPG-S_NPG_2002_184_702/full/250,/0/default.jpg"
01670,sm4165f9f8e09264a539a81056ec062302e,https://ids.si.edu/ids/deliveryService?id=NPG-S_NPG_2002_184_701,"https://ids.si.edu/ids/iiif/NPG-S_NPG_2002_184_701/full/250,/0/default.jpg"
01671,sm4115a5bceb9eb4d9eb440fe06fc3adbca,https://ids.si.edu/ids/deliveryService?id=NPG-S_NPG_2002_184_700,"https://ids.si.edu/ids/iiif/NPG-S_NPG_2002_184_700/full/250,/0/default.jpg"
01672,sm4789d6833ce724922a8f3b47f940a98c7,https://ids.si.edu/ids/deliveryService?id=NPG-S_NPG_2002_184_70,"https://ids.si.edu/ids/iiif/NPG-S_NPG_2002_184_70/full/250,/0/default.jpg"
01673,sm47259fe9badff48afafa138dc7ca0aa75,https://ids.si.edu/ids/deliveryService?id=NPG-S_NPG_2002_184_699,"https://ids.si.edu/ids/iiif/NPG-S_NPG_2002_184_699/full/250,/0/default.jpg"
01674,sm4055dc94b7fc94a66a78dc8090925c3c4,https://ids.si.edu/ids/deliveryService?id=NPG-S_NPG_2002_184_698,"https://ids.si.edu/ids/iiif/NPG-S_NPG_2002_184_698/full/250,/0/default.jpg"
01675,sm4faa6bb75a3674a0fbff78257a2ee7fcc,https://ids.si.edu/ids/deliveryService?id=NPG-S_NPG_2002_184_697,"https://ids.si.edu/ids/iiif/NPG-S_NPG_2002_184_697/full/250,/0/default.jpg"
01676,sm4f0c323e158b141db9173fdd5f29a522d,https://ids.si.edu/ids/deliveryService?id=NPG-S_NPG_2002_184_696,"https://ids.si.edu/ids/iiif/NPG-S_NPG_2002_184_696/full/250,/0/default.jpg"
01677,sm43e4b32c55d07409d8b91be091b8cf0c6,https://ids.si.edu/ids/deliveryService?id=NPG-S_NPG_2002_184_695,"https://ids.si.edu/ids/iiif/NPG-S_NPG_2002_184_695/full/250,/0/default.jpg"
01678,sm47a9872d223554d148cf9f90069c03c11,https://ids.si.edu/ids/deliveryService?id=NPG-S_NPG_2002_184_694,"https://ids.si.edu/ids/iiif/NPG-S_NPG_2002_184_694/full/250,/0/default.jpg"
01679,sm48d3a37f906984cf09e85d94d017b843a,https://ids.si.edu/ids/deliveryService?id=NPG-S_NPG_2002_184_693,"https://ids.si.edu/ids/iiif/NPG-S_NPG_2002_184_693/full/250,/0/default.jpg"
01680,sm4042578758a614c6b9770b8566e1c9707,https://ids.si.edu/ids/deliveryService?id=NPG-S_NPG_2002_184_692,"https://ids.si.edu/ids/iiif/NPG-S_NPG_2002_184_692/full/250,/0/default.jpg"
01681,sm40d61a7b8833a494c894b275a7c59063b,https://ids.si.edu/ids/deliveryService?id=NPG-S_NPG_2002_184_691,"https://ids.si.edu/ids/iiif/NPG-S_NPG_2002_184_691/full/250,/0/default.jpg"
01682,sm4766433185f91438fb07f3881c48b0926,https://ids.si.edu/ids/deliveryService?id=NPG-S_NPG_2002_184_690,"https://ids.si.edu/ids/iiif/NPG-S_NPG_2002_184_690/full/250,/0/default.jpg"
01683,sm44a9492d396e94246a64d4417eddf805f,https://ids.si.edu/ids/deliveryService?id=NPG-S_NPG_2002_184_69,"https://ids.si.edu/ids/iiif/NPG-S_NPG_2002_184_69/full/250,/0/default.jpg"
01684,sm4cdd16f3c961c44e4bebcc3ebab245e2f,https://ids.si.edu/ids/deliveryService?id=NPG-S_NPG_2002_184_689,"https://ids.si.edu/ids/iiif/NPG-S_NPG_2002_184_689/full/250,/0/default.jpg"
01685,sm4e9b274bc0ec14562b29a28bc8a314184,https://ids.si.edu/ids/deliveryService?id=NPG-S_NPG_2002_184_688,"https://ids.si.edu/ids/iiif/NPG-S_NPG_2002_184_688/full/250,/0/default.jpg"
01686,sm44266ef84ae4549b69f634e1e7b4f13bb,https://ids.si.edu/ids/deliveryService?id=NPG-S_NPG_2002_184_687,"https://ids.si.edu/ids/iiif/NPG-S_NPG_2002_184_687/full/250,/0/default.jpg"
01687,sm4a29926a6e2cb4f03a8a08b8587bf004a,https://ids.si.edu/ids/deliveryService?id=NPG-S_NPG_2002_184_686,"https://ids.si.edu/ids/iiif/NPG-S_NPG_2002_184_686/full/250,/0/default.jpg"
01688,sm407f968ecb8c74273bf5cc1998f4a0c9d,https://ids.si.edu/ids/deliveryService?id=NPG-S_NPG_2002_184_685,"https://ids.si.edu/ids/iiif/NPG-S_NPG_2002_184_685/full/250,/0/default.jpg"
01689,sm424b1baa226624f6cae6c444e734919c6,https://ids.si.edu/ids/deliveryService?id=NPG-S_NPG_2002_184_684,"https://ids.si.edu/ids/iiif/NPG-S_NPG_2002_184_684/full/250,/0/default.jpg"
01690,sm43f6c2ea6f07d4aa8a7055649e5db16d5,https://ids.si.edu/ids/deliveryService?id=NPG-S_NPG_2002_184_683,"https://ids.si.edu/ids/iiif/NPG-S_NPG_2002_184_683/full/250,/0/default.jpg"
01691,sm42fe77349d0e345cd9486f1b2c474e685,https://ids.si.edu/ids/deliveryService?id=NPG-S_NPG_2002_184_682,"https://ids.si.edu/ids/iiif/NPG-S_NPG_2002_184_682/full/250,/0/default.jpg"
01692,sm45294e8ada26d4c87b525f13b48313ec4,https://ids.si.edu/ids/deliveryService?id=NPG-S_NPG_2002_184_681,"https://ids.si.edu/ids/iiif/NPG-S_NPG_2002_184_681/full/250,/0/default.jpg"
01693,sm4ff13b9ce4fdb407aadac45e01221391c,https://ids.si.edu/ids/deliveryService?id=NPG-S_NPG_2002_184_680,"https://ids.si.edu/ids/iiif/NPG-S_NPG_2002_184_680/full/250,/0/default.jpg"
01694,sm421c4ea96a8c44e1fa4c42c7b1b7dc169,https://ids.si.edu/ids/deliveryService?id=NPG-S_NPG_2002_184_68,"https://ids.si.edu/ids/iiif/NPG-S_NPG_2002_184_68/full/250,/0/default.jpg"
01695,sm4f95fa1bd7c574c9c92b16a84904d29d1,https://ids.si.edu/ids/deliveryService?id=NPG-S_NPG_2002_184_679,"https://ids.si.edu/ids/iiif/NPG-S_NPG_2002_184_679/full/250,/0/default.jpg"
01696,sm4ecb11549be0d4045b3cd9da83ebd69cc,https://ids.si.edu/ids/deliveryService?id=NPG-S_NPG_2002_184_678,"https://ids.si.edu/ids/iiif/NPG-S_NPG_2002_184_678/full/250,/0/default.jpg"
01697,sm4df66fe84201f472ca32709f4a7d9de09,https://ids.si.edu/ids/deliveryService?id=NPG-S_NPG_2002_184_677,"https://ids.si.edu/ids/iiif/NPG-S_NPG_2002_184_677/full/250,/0/default.jpg"
01698,sm4adf72f1bb341422bb9e8647b4ad8247a,https://ids.si.edu/ids/deliveryService?id=NPG-S_NPG_2002_184_676,"https://ids.si.edu/ids/iiif/NPG-S_NPG_2002_184_676/full/250,/0/default.jpg"
01699,sm4b78d4ec69e514c4e9230e9114f176763,https://ids.si.edu/ids/deliveryService?id=NPG-S_NPG_2002_184_675,"https://ids.si.edu/ids/iiif/NPG-S_NPG_2002_184_675/full/250,/0/default.jpg"
01700,sm47314cfc7590941ab9086b94b2019fd88,https://ids.si.edu/ids/deliveryService?id=NPG-S_NPG_2002_184_674,"https://ids.si.edu/ids/iiif/NPG-S_NPG_2002_184_674/full/250,/0/default.jpg"
01701,sm439123372ef9b4c50bafab9eb3ba07077,https://ids.si.edu/ids/deliveryService?id=NPG-S_NPG_2002_184_673,"https://ids.si.edu/ids/iiif/NPG-S_NPG_2002_184_673/full/250,/0/default.jpg"
01702,sm4c016075f74984671858d48d0922b71b1,https://ids.si.edu/ids/deliveryService?id=NPG-S_NPG_2002_184_672,"https://ids.si.edu/ids/iiif/NPG-S_NPG_2002_184_672/full/250,/0/default.jpg"
01703,sm470536433457e44f48051085ae96f9b77,https://ids.si.edu/ids/deliveryService?id=NPG-S_NPG_2002_184_671,"https://ids.si.edu/ids/iiif/NPG-S_NPG_2002_184_671/full/250,/0/default.jpg"
01704,sm4e02224a6e02b40759d3dba20d7431f34,https://ids.si.edu/ids/deliveryService?id=NPG-S_NPG_2002_184_670,"https://ids.si.edu/ids/iiif/NPG-S_NPG_2002_184_670/full/250,/0/default.jpg"
01705,sm4f38f2a7b184c4340986318e719cae841,https://ids.si.edu/ids/deliveryService?id=NPG-S_NPG_2002_184_67,"https://ids.si.edu/ids/iiif/NPG-S_NPG_2002_184_67/full/250,/0/default.jpg"
01706,sm4e6412696776a427a969bedc2f6fb5dae,https://ids.si.edu/ids/deliveryService?id=NPG-S_NPG_2002_184_669,"https://ids.si.edu/ids/iiif/NPG-S_NPG_2002_184_669/full/250,/0/default.jpg"
01707,sm42be7d8fd7d2c40498a22a297a1ffe58b,https://ids.si.edu/ids/deliveryService?id=NPG-S_NPG_2002_184_668,"https://ids.si.edu/ids/iiif/NPG-S_NPG_2002_184_668/full/250,/0/default.jpg"
01708,sm4351b6996f20f476c8bcb82a06e7ef953,https://ids.si.edu/ids/deliveryService?id=NPG-S_NPG_2002_184_667,"https://ids.si.edu/ids/iiif/NPG-S_NPG_2002_184_667/full/250,/0/default.jpg"
01709,sm47a5566e6278c44e4b4e116a640f49a3f,https://ids.si.edu/ids/deliveryService?id=NPG-S_NPG_2002_184_666,"https://ids.si.edu/ids/iiif/NPG-S_NPG_2002_184_666/full/250,/0/default.jpg"
01710,sm46c184c5bba8b477da5d5a6827a889c32,https://ids.si.edu/ids/deliveryService?id=NPG-S_NPG_2002_184_665,"https://ids.si.edu/ids/iiif/NPG-S_NPG_2002_184_665/full/250,/0/default.jpg"
01711,sm406c77b1ad66640b8b682065672851222,https://ids.si.edu/ids/deliveryService?id=NPG-S_NPG_2002_184_664,"https://ids.si.edu/ids/iiif/NPG-S_NPG_2002_184_664/full/250,/0/default.jpg"
01712,sm488f07b07473c4b39b2d338e695189ef0,https://ids.si.edu/ids/deliveryService?id=NPG-S_NPG_2002_184_663,"https://ids.si.edu/ids/iiif/NPG-S_NPG_2002_184_663/full/250,/0/default.jpg"
01713,sm4c42be955640b4719ae7ad225d80368f7,https://ids.si.edu/ids/deliveryService?id=NPG-S_NPG_2002_184_662,"https://ids.si.edu/ids/iiif/NPG-S_NPG_2002_184_662/full/250,/0/default.jpg"
01714,sm43225a15102604142915c41a88783e6e7,https://ids.si.edu/ids/deliveryService?id=NPG-S_NPG_2002_184_661,"https://ids.si.edu/ids/iiif/NPG-S_NPG_2002_184_661/full/250,/0/default.jpg"
01715,sm442136e7a77d547d9870df838a6b647cf,https://ids.si.edu/ids/deliveryService?id=NPG-S_NPG_2002_184_660,"https://ids.si.edu/ids/iiif/NPG-S_NPG_2002_184_660/full/250,/0/default.jpg"
01716,sm459c6f6fd38dc44de822c23cf7b321ce3,https://ids.si.edu/ids/deliveryService?id=NPG-S_NPG_2002_184_66,"https://ids.si.edu/ids/iiif/NPG-S_NPG_2002_184_66/full/250,/0/default.jpg"
01717,sm447900b49092a47c794deaba23cbc7ccf,https://ids.si.edu/ids/deliveryService?id=NPG-S_NPG_2002_184_659,"https://ids.si.edu/ids/iiif/NPG-S_NPG_2002_184_659/full/250,/0/default.jpg"
01718,sm414b623807ed04760b2e002ab65b0eccb,https://ids.si.edu/ids/deliveryService?id=NPG-S_NPG_2002_184_658,"https://ids.si.edu/ids/iiif/NPG-S_NPG_2002_184_658/full/250,/0/default.jpg"
01719,sm4e2300093eff346ddbdb59e1b4c58afb7,https://ids.si.edu/ids/deliveryService?id=NPG-S_NPG_2002_184_657,"https://ids.si.edu/ids/iiif/NPG-S_NPG_2002_184_657/full/250,/0/default.jpg"
01720,sm47685e13085204a62a060e85d069601cf,https://ids.si.edu/ids/deliveryService?id=NPG-S_NPG_2002_184_656,"https://ids.si.edu/ids/iiif/NPG-S_NPG_2002_184_656/full/250,/0/default.jpg"
01721,sm45b878b156f7a426d82415799a30ab34d,https://ids.si.edu/ids/deliveryService?id=NPG-S_NPG_2002_184_655,"https://ids.si.edu/ids/iiif/NPG-S_NPG_2002_184_655/full/250,/0/default.jpg"
01722,sm4c8894d7d96754c58b853e475e095ab90,https://ids.si.edu/ids/deliveryService?id=NPG-S_NPG_2002_184_654,"https://ids.si.edu/ids/iiif/NPG-S_NPG_2002_184_654/full/250,/0/default.jpg"
01723,sm442926c07a1654be39f0bf07b7f490a23,https://ids.si.edu/ids/deliveryService?id=NPG-S_NPG_2002_184_653,"https://ids.si.edu/ids/iiif/NPG-S_NPG_2002_184_653/full/250,/0/default.jpg"
01724,sm4be70f73b0b634d329990a4c56590fa21,https://ids.si.edu/ids/deliveryService?id=NPG-S_NPG_2002_184_652,"https://ids.si.edu/ids/iiif/NPG-S_NPG_2002_184_652/full/250,/0/default.jpg"
01725,sm468c5ffca33304d179dee3d7e9972cd6b,https://ids.si.edu/ids/deliveryService?id=NPG-S_NPG_2002_184_651,"https://ids.si.edu/ids/iiif/NPG-S_NPG_2002_184_651/full/250,/0/default.jpg"
01726,sm41620e3f402b14f3589bbd0767ae45217,https://ids.si.edu/ids/deliveryService?id=NPG-S_NPG_2002_184_650,"https://ids.si.edu/ids/iiif/NPG-S_NPG_2002_184_650/full/250,/0/default.jpg"
01727,sm445aed77e23ed480dac3a9b00df4cb3e7,https://ids.si.edu/ids/deliveryService?id=NPG-S_NPG_2002_184_65,"https://ids.si.edu/ids/iiif/NPG-S_NPG_2002_184_65/full/250,/0/default.jpg"
01728,sm4b7d876bd10c24133b76ad9ca464ea1f4,https://ids.si.edu/ids/deliveryService?id=NPG-S_NPG_2002_184_649,"https://ids.si.edu/ids/iiif/NPG-S_NPG_2002_184_649/full/250,/0/default.jpg"
01729,sm4e14c78390d454bc2845c0024c964454b,https://ids.si.edu/ids/deliveryService?id=NPG-S_NPG_2002_184_648,"https://ids.si.edu/ids/iiif/NPG-S_NPG_2002_184_648/full/250,/0/default.jpg"
01730,sm4dde95c5eccc14c1ab1fa23870bcba424,https://ids.si.edu/ids/deliveryService?id=NPG-S_NPG_2002_184_647,"https://ids.si.edu/ids/iiif/NPG-S_NPG_2002_184_647/full/250,/0/default.jpg"
01731,sm4c9bef0dd8246431ea5dded7d75086696,https://ids.si.edu/ids/deliveryService?id=NPG-S_NPG_2002_184_646,"https://ids.si.edu/ids/iiif/NPG-S_NPG_2002_184_646/full/250,/0/default.jpg"
01732,sm4847244f813bd4a11a14a33521b9b4c27,https://ids.si.edu/ids/deliveryService?id=NPG-S_NPG_2002_184_645,"https://ids.si.edu/ids/iiif/NPG-S_NPG_2002_184_645/full/250,/0/default.jpg"
01733,sm4e4e07078a45b40f0b5a190f90c022060,https://ids.si.edu/ids/deliveryService?id=NPG-S_NPG_2002_184_644,"https://ids.si.edu/ids/iiif/NPG-S_NPG_2002_184_644/full/250,/0/default.jpg"
01734,sm4d20d0311c6c54afdb6b7085c9bc0f9a8,https://ids.si.edu/ids/deliveryService?id=NPG-S_NPG_2002_184_643,"https://ids.si.edu/ids/iiif/NPG-S_NPG_2002_184_643/full/250,/0/default.jpg"
01735,sm4e5cf331b339c465780d2aad2d7da24f1,https://ids.si.edu/ids/deliveryService?id=NPG-S_NPG_2002_184_642,"https://ids.si.edu/ids/iiif/NPG-S_NPG_2002_184_642/full/250,/0/default.jpg"
01736,sm4a11c01d26c294d64aa3487138f4e5e05,https://ids.si.edu/ids/deliveryService?id=NPG-S_NPG_2002_184_641,"https://ids.si.edu/ids/iiif/NPG-S_NPG_2002_184_641/full/250,/0/default.jpg"
01737,sm4df31d618c8c748f3842bb74bbf291e88,https://ids.si.edu/ids/deliveryService?id=NPG-S_NPG_2002_184_640,"https://ids.si.edu/ids/iiif/NPG-S_NPG_2002_184_640/full/250,/0/default.jpg"
01738,sm46047c06b80a04ca1b41340a332a27cc1,https://ids.si.edu/ids/deliveryService?id=NPG-S_NPG_2002_184_64,"https://ids.si.edu/ids/iiif/NPG-S_NPG_2002_184_64/full/250,/0/default.jpg"
01739,sm472e15f65c608414cadc03cecfb27db65,https://ids.si.edu/ids/deliveryService?id=NPG-S_NPG_2002_184_639,"https://ids.si.edu/ids/iiif/NPG-S_NPG_2002_184_639/full/250,/0/default.jpg"
01740,sm4549f64c260014662b67f9ccc218f17e0,https://ids.si.edu/ids/deliveryService?id=NPG-S_NPG_2002_184_638,"https://ids.si.edu/ids/iiif/NPG-S_NPG_2002_184_638/full/250,/0/default.jpg"
01741,sm4b8f78998938b409498df324dec0016d3,https://ids.si.edu/ids/deliveryService?id=NPG-S_NPG_2002_184_637,"https://ids.si.edu/ids/iiif/NPG-S_NPG_2002_184_637/full/250,/0/default.jpg"
01742,sm44b4883f150df4cc4b2b7aabfdee24bd8,https://ids.si.edu/ids/deliveryService?id=NPG-S_NPG_2002_184_636,"https://ids.si.edu/ids/iiif/NPG-S_NPG_2002_184_636/full/250,/0/default.jpg"
01743,sm44bfbe819e4454d0e843ec690665cd76e,https://ids.si.edu/ids/deliveryService?id=NPG-S_NPG_2002_184_635,"https://ids.si.edu/ids/iiif/NPG-S_NPG_2002_184_635/full/250,/0/default.jpg"
01744,sm4b3c99c9e184c4d24be8f35d2d0321683,https://ids.si.edu/ids/deliveryService?id=NPG-S_NPG_2002_184_634,"https://ids.si.edu/ids/iiif/NPG-S_NPG_2002_184_634/full/250,/0/default.jpg"
01745,sm4e8b8ab0866b8442a9fd26e1c722a703e,https://ids.si.edu/ids/deliveryService?id=NPG-S_NPG_2002_184_633,"https://ids.si.edu/ids/iiif/NPG-S_NPG_2002_184_633/full/250,/0/default.jpg"
01746,sm4f08ca3f07aa74722965b2566b005ed2a,https://ids.si.edu/ids/deliveryService?id=NPG-S_NPG_2002_184_632,"https://ids.si.edu/ids/iiif/NPG-S_NPG_2002_184_632/full/250,/0/default.jpg"
01747,sm484b390271d6a4befad1187abbfc6cefa,https://ids.si.edu/ids/deliveryService?id=NPG-S_NPG_2002_184_631,"https://ids.si.edu/ids/iiif/NPG-S_NPG_2002_184_631/full/250,/0/default.jpg"
01748,sm431fc292b0a13446885433608e0698ca8,https://ids.si.edu/ids/deliveryService?id=NPG-S_NPG_2002_184_630,"https://ids.si.edu/ids/iiif/NPG-S_NPG_2002_184_630/full/250,/0/default.jpg"
01749,sm4e09089e2947c4eb08d82e4ee5d663d3a,https://ids.si.edu/ids/deliveryService?id=NPG-S_NPG_2002_184_63,"https://ids.si.edu/ids/iiif/NPG-S_NPG_2002_184_63/full/250,/0/default.jpg"
01750,sm48f20c2fcaf4349a786926d0b055644d6,https://ids.si.edu/ids/deliveryService?id=NPG-S_NPG_2002_184_629,"https://ids.si.edu/ids/iiif/NPG-S_NPG_2002_184_629/full/250,/0/default.jpg"
01751,sm4c1712d89d472409cb92a7e2b541e49b3,https://ids.si.edu/ids/deliveryService?id=NPG-S_NPG_2002_184_628,"https://ids.si.edu/ids/iiif/NPG-S_NPG_2002_184_628/full/250,/0/default.jpg"
01752,sm48dbad633865942ad848cd0a6557c3676,https://ids.si.edu/ids/deliveryService?id=NPG-S_NPG_2002_184_627,"https://ids.si.edu/ids/iiif/NPG-S_NPG_2002_184_627/full/250,/0/default.jpg"
01753,sm43bc17d94e3da4c269fc6227847cf49c2,https://ids.si.edu/ids/deliveryService?id=NPG-S_NPG_2002_184_626,"https://ids.si.edu/ids/iiif/NPG-S_NPG_2002_184_626/full/250,/0/default.jpg"
01754,sm4b5ad6c732bfe430489b0f5ca72f15ba1,https://ids.si.edu/ids/deliveryService?id=NPG-S_NPG_2002_184_625,"https://ids.si.edu/ids/iiif/NPG-S_NPG_2002_184_625/full/250,/0/default.jpg"
01755,sm442cd1107880b4360b704e2d374398070,https://ids.si.edu/ids/deliveryService?id=NPG-S_NPG_2002_184_624,"https://ids.si.edu/ids/iiif/NPG-S_NPG_2002_184_624/full/250,/0/default.jpg"
01756,sm42dc70ca8a8e1482995c72da1c1b65fae,https://ids.si.edu/ids/deliveryService?id=NPG-S_NPG_2002_184_623,"https://ids.si.edu/ids/iiif/NPG-S_NPG_2002_184_623/full/250,/0/default.jpg"
01757,sm4cfb75c815d894acf948a22af42076638,https://ids.si.edu/ids/deliveryService?id=NPG-S_NPG_2002_184_622,"https://ids.si.edu/ids/iiif/NPG-S_NPG_2002_184_622/full/250,/0/default.jpg"
01758,sm49f1a9bf7c6234c2f95dd314a5a8c57db,https://ids.si.edu/ids/deliveryService?id=NPG-S_NPG_2002_184_621,"https://ids.si.edu/ids/iiif/NPG-S_NPG_2002_184_621/full/250,/0/default.jpg"
01759,sm4dbc42a9737ad421dbac704bac332a69d,https://ids.si.edu/ids/deliveryService?id=NPG-S_NPG_2002_184_620,"https://ids.si.edu/ids/iiif/NPG-S_NPG_2002_184_620/full/250,/0/default.jpg"
01760,sm4d901792b34a74415b3041b59fd3ae819,https://ids.si.edu/ids/deliveryService?id=NPG-S_NPG_2002_184_619,"https://ids.si.edu/ids/iiif/NPG-S_NPG_2002_184_619/full/250,/0/default.jpg"
01761,sm4b804f2334d4b4b55bda46e651365e7fe,https://ids.si.edu/ids/deliveryService?id=NPG-S_NPG_2002_184_618,"https://ids.si.edu/ids/iiif/NPG-S_NPG_2002_184_618/full/250,/0/default.jpg"
01762,sm4ccbbb7b4f57047ac88c921dc48b79318,https://ids.si.edu/ids/deliveryService?id=NPG-S_NPG_2002_184_617,"https://ids.si.edu/ids/iiif/NPG-S_NPG_2002_184_617/full/250,/0/default.jpg"
01763,sm4ac37ff8d435c47278dbcff205898d471,https://ids.si.edu/ids/deliveryService?id=NPG-S_NPG_2002_184_616,"https://ids.si.edu/ids/iiif/NPG-S_NPG_2002_184_616/full/250,/0/default.jpg"
01764,sm4345ff1d27cd74465a3d6cce2064f6ebf,https://ids.si.edu/ids/deliveryService?id=NPG-S_NPG_2002_184_615,"https://ids.si.edu/ids/iiif/NPG-S_NPG_2002_184_615/full/250,/0/default.jpg"
01765,sm4cf9c9792416b431c89ae89d026025eb6,https://ids.si.edu/ids/deliveryService?id=NPG-S_NPG_2002_184_614,"https://ids.si.edu/ids/iiif/NPG-S_NPG_2002_184_614/full/250,/0/default.jpg"
01766,sm403e415e2e63e483db465233c4bf0a614,https://ids.si.edu/ids/deliveryService?id=NPG-S_NPG_2002_184_613,"https://ids.si.edu/ids/iiif/NPG-S_NPG_2002_184_613/full/250,/0/default.jpg"
01767,sm4726b7551968d416b91d4d5646cc9401d,https://ids.si.edu/ids/deliveryService?id=NPG-S_NPG_2002_184_612,"https://ids.si.edu/ids/iiif/NPG-S_NPG_2002_184_612/full/250,/0/default.jpg"
01768,sm4111b650bb1b84f9b8af06f319cfb71ea,https://ids.si.edu/ids/deliveryService?id=NPG-S_NPG_2002_184_611,"https://ids.si.edu/ids/iiif/NPG-S_NPG_2002_184_611/full/250,/0/default.jpg"
01769,sm4b34f8008b8384b8e9468b3f99c280a13,https://ids.si.edu/ids/deliveryService?id=NPG-S_NPG_2002_184_610,"https://ids.si.edu/ids/iiif/NPG-S_NPG_2002_184_610/full/250,/0/default.jpg"
01770,sm431ce06a0ebda425082c4144421d177ae,https://ids.si.edu/ids/deliveryService?id=NPG-S_NPG_2002_184_61,"https://ids.si.edu/ids/iiif/NPG-S_NPG_2002_184_61/full/250,/0/default.jpg"
01771,sm49539605ae5d44d09b997d6ca88d65f9e,https://ids.si.edu/ids/deliveryService?id=NPG-S_NPG_2002_184_609,"https://ids.si.edu/ids/iiif/NPG-S_NPG_2002_184_609/full/250,/0/default.jpg"
01772,sm41067a67725d54caeb7dabf24c51ac894,https://ids.si.edu/ids/deliveryService?id=NPG-S_NPG_2002_184_608,"https://ids.si.edu/ids/iiif/NPG-S_NPG_2002_184_608/full/250,/0/default.jpg"
01773,sm4cc7fb6f7e9194237ab65ebdf5ced10fc,https://ids.si.edu/ids/deliveryService?id=NPG-S_NPG_2002_184_607,"https://ids.si.edu/ids/iiif/NPG-S_NPG_2002_184_607/full/250,/0/default.jpg"
01774,sm48ccc793f82fd4038b69a7f82300effc1,https://ids.si.edu/ids/deliveryService?id=NPG-S_NPG_2002_184_606,"https://ids.si.edu/ids/iiif/NPG-S_NPG_2002_184_606/full/250,/0/default.jpg"
01775,sm4d96e68d751fd4cd596f00df227b7ac92,https://ids.si.edu/ids/deliveryService?id=NPG-S_NPG_2002_184_605,"https://ids.si.edu/ids/iiif/NPG-S_NPG_2002_184_605/full/250,/0/default.jpg"
01776,sm42b27155784bf4feeb1040b4adac8e9c7,https://ids.si.edu/ids/deliveryService?id=NPG-S_NPG_2002_184_604,"https://ids.si.edu/ids/iiif/NPG-S_NPG_2002_184_604/full/250,/0/default.jpg"
01777,sm48cd2973d39f9484994ef449a75680eb7,https://ids.si.edu/ids/deliveryService?id=NPG-S_NPG_2002_184_603,"https://ids.si.edu/ids/iiif/NPG-S_NPG_2002_184_603/full/250,/0/default.jpg"
01778,sm4d4a63c7db5694579a557a719d45aaedc,https://ids.si.edu/ids/deliveryService?id=NPG-S_NPG_2002_184_602,"https://ids.si.edu/ids/iiif/NPG-S_NPG_2002_184_602/full/250,/0/default.jpg"
01779,sm469b5d335bbd143f69b3a65184d9043e3,https://ids.si.edu/ids/deliveryService?id=NPG-S_NPG_2002_184_601,"https://ids.si.edu/ids/iiif/NPG-S_NPG_2002_184_601/full/250,/0/default.jpg"
01780,sm4eb72c12879174eddb4c6bc20fab826d4,https://ids.si.edu/ids/deliveryService?id=NPG-S_NPG_2002_184_600,"https://ids.si.edu/ids/iiif/NPG-S_NPG_2002_184_600/full/250,/0/default.jpg"
01781,sm47e5e1bd5b6cb4bb59b9fdfa344344c24,https://ids.si.edu/ids/deliveryService?id=NPG-S_NPG_2002_184_60,"https://ids.si.edu/ids/iiif/NPG-S_NPG_2002_184_60/full/250,/0/default.jpg"
01782,sm4696d57e973354b3ea6a7731c4d267ddb,https://ids.si.edu/ids/deliveryService?id=NPG-S_NPG_2002_184_599,"https://ids.si.edu/ids/iiif/NPG-S_NPG_2002_184_599/full/250,/0/default.jpg"
01783,sm4473b8b9aacf140e987747fd18d7dff28,https://ids.si.edu/ids/deliveryService?id=NPG-S_NPG_2002_184_598,"https://ids.si.edu/ids/iiif/NPG-S_NPG_2002_184_598/full/250,/0/default.jpg"
01784,sm43441292db0b648adbe6fd197846cfb75,https://ids.si.edu/ids/deliveryService?id=NPG-S_NPG_2002_184_597,"https://ids.si.edu/ids/iiif/NPG-S_NPG_2002_184_597/full/250,/0/default.jpg"
01785,sm48ec7c0ff67364b548329190a3b5c4d50,https://ids.si.edu/ids/deliveryService?id=NPG-S_NPG_2002_184_596,"https://ids.si.edu/ids/iiif/NPG-S_NPG_2002_184_596/full/250,/0/default.jpg"
01786,sm48f81fa5ec25c49f38156a4a18d439cba,https://ids.si.edu/ids/deliveryService?id=NPG-S_NPG_2002_184_595,"https://ids.si.edu/ids/iiif/NPG-S_NPG_2002_184_595/full/250,/0/default.jpg"
01787,sm4ff0276e0c4b345eb8e0516cb44588375,https://ids.si.edu/ids/deliveryService?id=NPG-S_NPG_2002_184_594,"https://ids.si.edu/ids/iiif/NPG-S_NPG_2002_184_594/full/250,/0/default.jpg"
01788,sm4d8eddc9251214ec5a455027db813b808,https://ids.si.edu/ids/deliveryService?id=NPG-S_NPG_2002_184_593,"https://ids.si.edu/ids/iiif/NPG-S_NPG_2002_184_593/full/250,/0/default.jpg"
01789,sm47a732bd046fb456895b6c9e645500ed2,https://ids.si.edu/ids/deliveryService?id=NPG-S_NPG_2002_184_592,"https://ids.si.edu/ids/iiif/NPG-S_NPG_2002_184_592/full/250,/0/default.jpg"
01790,sm4553d161d162f49889ee9cb4b3919a6b9,https://ids.si.edu/ids/deliveryService?id=NPG-S_NPG_2002_184_591,"https://ids.si.edu/ids/iiif/NPG-S_NPG_2002_184_591/full/250,/0/default.jpg"
01791,sm4a78d9c9f227b4b179f9cf2bb29d2fe45,https://ids.si.edu/ids/deliveryService?id=NPG-S_NPG_2002_184_590,"https://ids.si.edu/ids/iiif/NPG-S_NPG_2002_184_590/full/250,/0/default.jpg"
01792,sm4b4617dd3f5b94542b0e83a20e43b76f9,https://ids.si.edu/ids/deliveryService?id=NPG-S_NPG_2002_184_59,"https://ids.si.edu/ids/iiif/NPG-S_NPG_2002_184_59/full/250,/0/default.jpg"
01793,sm4c29106061e304ffba231b57c471a74b1,https://ids.si.edu/ids/deliveryService?id=NPG-S_NPG_2002_184_589,"https://ids.si.edu/ids/iiif/NPG-S_NPG_2002_184_589/full/250,/0/default.jpg"
01794,sm49338e4e2648d47e9988fdf193c1ba7bf,https://ids.si.edu/ids/deliveryService?id=NPG-S_NPG_2002_184_588,"https://ids.si.edu/ids/iiif/NPG-S_NPG_2002_184_588/full/250,/0/default.jpg"
01795,sm4cc79888d00424933bc5ffb5cfe12b408,https://ids.si.edu/ids/deliveryService?id=NPG-S_NPG_2002_184_587,"https://ids.si.edu/ids/iiif/NPG-S_NPG_2002_184_587/full/250,/0/default.jpg"
01796,sm4b7c6573d9e244d86bc3f3b90723a1fec,https://ids.si.edu/ids/deliveryService?id=NPG-S_NPG_2002_184_586,"https://ids.si.edu/ids/iiif/NPG-S_NPG_2002_184_586/full/250,/0/default.jpg"
01797,sm4be3fbf7a333b4d14aef46ad8d624c95d,https://ids.si.edu/ids/deliveryService?id=NPG-S_NPG_2002_184_585,"https://ids.si.edu/ids/iiif/NPG-S_NPG_2002_184_585/full/250,/0/default.jpg"
01798,sm405181aec5bd6412081797fa34dad80ba,https://ids.si.edu/ids/deliveryService?id=NPG-S_NPG_2002_184_584,"https://ids.si.edu/ids/iiif/NPG-S_NPG_2002_184_584/full/250,/0/default.jpg"
01799,sm4104a83bd30d64c999d81680e8f5cac1d,https://ids.si.edu/ids/deliveryService?id=NPG-S_NPG_2002_184_583,"https://ids.si.edu/ids/iiif/NPG-S_NPG_2002_184_583/full/250,/0/default.jpg"
01800,sm4e8b5488a38344d8aa43a665225c8d1f6,https://ids.si.edu/ids/deliveryService?id=NPG-S_NPG_2002_184_582,"https://ids.si.edu/ids/iiif/NPG-S_NPG_2002_184_582/full/250,/0/default.jpg"
01801,sm415175bb7f06a4850bb9426dd66a3c20f,https://ids.si.edu/ids/deliveryService?id=NPG-S_NPG_2002_184_581,"https://ids.si.edu/ids/iiif/NPG-S_NPG_2002_184_581/full/250,/0/default.jpg"
01802,sm490e93a03ba094cd491d790032d535d74,https://ids.si.edu/ids/deliveryService?id=NPG-S_NPG_2002_184_580,"https://ids.si.edu/ids/iiif/NPG-S_NPG_2002_184_580/full/250,/0/default.jpg"
01803,sm4cfb7e495a8de44748ab3f6627ff71663,https://ids.si.edu/ids/deliveryService?id=NPG-S_NPG_2002_184_58,"https://ids.si.edu/ids/iiif/NPG-S_NPG_2002_184_58/full/250,/0/default.jpg"
01804,sm4f946c65a8edd4d408f4bcbfefcde8253,https://ids.si.edu/ids/deliveryService?id=NPG-S_NPG_2002_184_579,"https://ids.si.edu/ids/iiif/NPG-S_NPG_2002_184_579/full/250,/0/default.jpg"
01805,sm4b697a7d5f4ba43c7ae39a667e7bd3f08,https://ids.si.edu/ids/deliveryService?id=NPG-S_NPG_2002_184_578,"https://ids.si.edu/ids/iiif/NPG-S_NPG_2002_184_578/full/250,/0/default.jpg"
01806,sm40d66c7521e6343daa131791eaf961cfe,https://ids.si.edu/ids/deliveryService?id=NPG-S_NPG_2002_184_577,"https://ids.si.edu/ids/iiif/NPG-S_NPG_2002_184_577/full/250,/0/default.jpg"
01807,sm4613a6767c5ae43e2b7afb388cc39ff45,https://ids.si.edu/ids/deliveryService?id=NPG-S_NPG_2002_184_576,"https://ids.si.edu/ids/iiif/NPG-S_NPG_2002_184_576/full/250,/0/default.jpg"
01808,sm4f0ed310742fa4cf8bcd86f5795324ea7,https://ids.si.edu/ids/deliveryService?id=NPG-S_NPG_2002_184_575,"https://ids.si.edu/ids/iiif/NPG-S_NPG_2002_184_575/full/250,/0/default.jpg"
01809,sm4f44ef4b017e74aa7a375b8e78550295d,https://ids.si.edu/ids/deliveryService?id=NPG-S_NPG_2002_184_574,"https://ids.si.edu/ids/iiif/NPG-S_NPG_2002_184_574/full/250,/0/default.jpg"
01810,sm4db68f421c0464c22bb6709cfec1f8172,https://ids.si.edu/ids/deliveryService?id=NPG-S_NPG_2002_184_573,"https://ids.si.edu/ids/iiif/NPG-S_NPG_2002_184_573/full/250,/0/default.jpg"
01811,sm45cabb4f0ce3d47aa8be5594c5f5e302f,https://ids.si.edu/ids/deliveryService?id=NPG-S_NPG_2002_184_572,"https://ids.si.edu/ids/iiif/NPG-S_NPG_2002_184_572/full/250,/0/default.jpg"
01812,sm49728e303613543e9ab57fc3219262077,https://ids.si.edu/ids/deliveryService?id=NPG-S_NPG_2002_184_571,"https://ids.si.edu/ids/iiif/NPG-S_NPG_2002_184_571/full/250,/0/default.jpg"
01813,sm40726fb87492a4c7788abce27c88cd93c,https://ids.si.edu/ids/deliveryService?id=NPG-S_NPG_2002_184_570,"https://ids.si.edu/ids/iiif/NPG-S_NPG_2002_184_570/full/250,/0/default.jpg"
01814,sm4fea1615cf18d4d3ea82ff3790d576e95,https://ids.si.edu/ids/deliveryService?id=NPG-S_NPG_2002_184_57,"https://ids.si.edu/ids/iiif/NPG-S_NPG_2002_184_57/full/250,/0/default.jpg"
01815,sm40d8faddc171947278bb161e440c41ba0,https://ids.si.edu/ids/deliveryService?id=NPG-S_NPG_2002_184_569,"https://ids.si.edu/ids/iiif/NPG-S_NPG_2002_184_569/full/250,/0/default.jpg"
01816,sm49e22464254a4444e82815239a825b937,https://ids.si.edu/ids/deliveryService?id=NPG-S_NPG_2002_184_568,"https://ids.si.edu/ids/iiif/NPG-S_NPG_2002_184_568/full/250,/0/default.jpg"
01817,sm415998702d35542719de0f24907c7339b,https://ids.si.edu/ids/deliveryService?id=NPG-S_NPG_2002_184_567,"https://ids.si.edu/ids/iiif/NPG-S_NPG_2002_184_567/full/250,/0/default.jpg"
01818,sm4de4b5b9205b34b81a483c6c02618247e,https://ids.si.edu/ids/deliveryService?id=NPG-S_NPG_2002_184_566,"https://ids.si.edu/ids/iiif/NPG-S_NPG_2002_184_566/full/250,/0/default.jpg"
01819,sm415f0000b21af4a62be62f9a9048e2094,https://ids.si.edu/ids/deliveryService?id=NPG-S_NPG_2002_184_565,"https://ids.si.edu/ids/iiif/NPG-S_NPG_2002_184_565/full/250,/0/default.jpg"
01820,sm4785ef40c438b4e9399fddb3df4f17237,https://ids.si.edu/ids/deliveryService?id=NPG-S_NPG_2002_184_564,"https://ids.si.edu/ids/iiif/NPG-S_NPG_2002_184_564/full/250,/0/default.jpg"
01821,sm4af3fde22fbe442c1a1082aaca2484b7b,https://ids.si.edu/ids/deliveryService?id=NPG-S_NPG_2002_184_563,"https://ids.si.edu/ids/iiif/NPG-S_NPG_2002_184_563/full/250,/0/default.jpg"
01822,sm49a34bc6245da4451befe7f95a45c379b,https://ids.si.edu/ids/deliveryService?id=NPG-S_NPG_2002_184_562,"https://ids.si.edu/ids/iiif/NPG-S_NPG_2002_184_562/full/250,/0/default.jpg"
01823,sm436469108fe4d46b0a0192d071db72b83,https://ids.si.edu/ids/deliveryService?id=NPG-S_NPG_2002_184_561,"https://ids.si.edu/ids/iiif/NPG-S_NPG_2002_184_561/full/250,/0/default.jpg"
01824,sm4888dcfe3a39143a9b8bfe414f871696b,https://ids.si.edu/ids/deliveryService?id=NPG-S_NPG_2002_184_560,"https://ids.si.edu/ids/iiif/NPG-S_NPG_2002_184_560/full/250,/0/default.jpg"
01826,sm4a69990ef2c1340f095d76777833ebd2d,https://ids.si.edu/ids/deliveryService?id=NPG-S_NPG_2002_184_559,"https://ids.si.edu/ids/iiif/NPG-S_NPG_2002_184_559/full/250,/0/default.jpg"
01827,sm4b4356f3cbde24d0181cf708f0abfdca2,https://ids.si.edu/ids/deliveryService?id=NPG-S_NPG_2002_184_558,"https://ids.si.edu/ids/iiif/NPG-S_NPG_2002_184_558/full/250,/0/default.jpg"
01828,sm4b93ea7b37c9c4a9cb6839cfd31746a9a,https://ids.si.edu/ids/deliveryService?id=NPG-S_NPG_2002_184_557,"https://ids.si.edu/ids/iiif/NPG-S_NPG_2002_184_557/full/250,/0/default.jpg"
01829,sm413669a5ec33c4d399fc0ae9295b06803,https://ids.si.edu/ids/deliveryService?id=NPG-S_NPG_2002_184_556,"https://ids.si.edu/ids/iiif/NPG-S_NPG_2002_184_556/full/250,/0/default.jpg"
01830,sm40749d4c163594ebd9eb3f057092b179e,https://ids.si.edu/ids/deliveryService?id=NPG-S_NPG_2002_184_555,"https://ids.si.edu/ids/iiif/NPG-S_NPG_2002_184_555/full/250,/0/default.jpg"
01831,sm4a2a66c78fed1474690183bc830a1d1d0,https://ids.si.edu/ids/deliveryService?id=NPG-S_NPG_2002_184_554,"https://ids.si.edu/ids/iiif/NPG-S_NPG_2002_184_554/full/250,/0/default.jpg"
01832,sm46559b2d7928e42a6843d2b1c84fb18f7,https://ids.si.edu/ids/deliveryService?id=NPG-S_NPG_2002_184_553,"https://ids.si.edu/ids/iiif/NPG-S_NPG_2002_184_553/full/250,/0/default.jpg"
01833,sm4585512ea7a014704b239aa4cb32a945a,https://ids.si.edu/ids/deliveryService?id=NPG-S_NPG_2002_184_552,"https://ids.si.edu/ids/iiif/NPG-S_NPG_2002_184_552/full/250,/0/default.jpg"
01834,sm45e43422f675449f5bf3e38d1d098418d,https://ids.si.edu/ids/deliveryService?id=NPG-S_NPG_2002_184_551,"https://ids.si.edu/ids/iiif/NPG-S_NPG_2002_184_551/full/250,/0/default.jpg"
01835,sm4e01d0b33ca8042dbb3e2e51450adf883,https://ids.si.edu/ids/deliveryService?id=NPG-S_NPG_2002_184_550,"https://ids.si.edu/ids/iiif/NPG-S_NPG_2002_184_550/full/250,/0/default.jpg"
01837,sm4ab87427f17c44878b8162263f40bb52a,https://ids.si.edu/ids/deliveryService?id=NPG-S_NPG_2002_184_549,"https://ids.si.edu/ids/iiif/NPG-S_NPG_2002_184_549/full/250,/0/default.jpg"
01838,sm4b81bd318d8ad4842a7c358cd76c7096c,https://ids.si.edu/ids/deliveryService?id=NPG-S_NPG_2002_184_548,"https://ids.si.edu/ids/iiif/NPG-S_NPG_2002_184_548/full/250,/0/default.jpg"
01839,sm41d1741cb7ad04e2aa48245f720e33914,https://ids.si.edu/ids/deliveryService?id=NPG-S_NPG_2002_184_547,"https://ids.si.edu/ids/iiif/NPG-S_NPG_2002_184_547/full/250,/0/default.jpg"
01840,sm42f3999ec482b444f90c4db6f634478e8,https://ids.si.edu/ids/deliveryService?id=NPG-S_NPG_2002_184_546,"https://ids.si.edu/ids/iiif/NPG-S_NPG_2002_184_546/full/250,/0/default.jpg"
01841,sm4eb73efe1f94a4c8ca78445d213f8fa33,https://ids.si.edu/ids/deliveryService?id=NPG-S_NPG_2002_184_545,"https://ids.si.edu/ids/iiif/NPG-S_NPG_2002_184_545/full/250,/0/default.jpg"
01842,sm4f7b610b22fe84eabac1d1e1d3f3ae9cb,https://ids.si.edu/ids/deliveryService?id=NPG-S_NPG_2002_184_544,"https://ids.si.edu/ids/iiif/NPG-S_NPG_2002_184_544/full/250,/0/default.jpg"
01843,sm45f11152cf29a466cb4d83c4ffa8e7ae5,https://ids.si.edu/ids/deliveryService?id=NPG-S_NPG_2002_184_543,"https://ids.si.edu/ids/iiif/NPG-S_NPG_2002_184_543/full/250,/0/default.jpg"
01844,sm4781d67b7b7c44391bbcf2b3c1ec67aad,https://ids.si.edu/ids/deliveryService?id=NPG-S_NPG_2002_184_542,"https://ids.si.edu/ids/iiif/NPG-S_NPG_2002_184_542/full/250,/0/default.jpg"
01845,sm4272a32ba63004f878c1eedd7b33f9ebb,https://ids.si.edu/ids/deliveryService?id=NPG-S_NPG_2002_184_541,"https://ids.si.edu/ids/iiif/NPG-S_NPG_2002_184_541/full/250,/0/default.jpg"
01846,sm4866f7664c4ea48e8a2803a4253471606,https://ids.si.edu/ids/deliveryService?id=NPG-S_NPG_2002_184_540,"https://ids.si.edu/ids/iiif/NPG-S_NPG_2002_184_540/full/250,/0/default.jpg"
01848,sm450d6259c790244418d8fbdc06c8d1f85,https://ids.si.edu/ids/deliveryService?id=NPG-S_NPG_2002_184_539,"https://ids.si.edu/ids/iiif/NPG-S_NPG_2002_184_539/full/250,/0/default.jpg"
01849,sm4522c5b31fb1148939d76e497e5d235b0,https://ids.si.edu/ids/deliveryService?id=NPG-S_NPG_2002_184_538,"https://ids.si.edu/ids/iiif/NPG-S_NPG_2002_184_538/full/250,/0/default.jpg"
01850,sm4ad5cff2d49bd45b581fba030d1740532,https://ids.si.edu/ids/deliveryService?id=NPG-S_NPG_2002_184_537,"https://ids.si.edu/ids/iiif/NPG-S_NPG_2002_184_537/full/250,/0/default.jpg"
01851,sm4c5656ad9421247fcbe73d15520384a13,https://ids.si.edu/ids/deliveryService?id=NPG-S_NPG_2002_184_536,"https://ids.si.edu/ids/iiif/NPG-S_NPG_2002_184_536/full/250,/0/default.jpg"
01852,sm4b0346bdfbf264fa39347251dccb11cdc,https://ids.si.edu/ids/deliveryService?id=NPG-S_NPG_2002_184_535,"https://ids.si.edu/ids/iiif/NPG-S_NPG_2002_184_535/full/250,/0/default.jpg"
01853,sm4a14429960b694dc6b63871eb083331d6,https://ids.si.edu/ids/deliveryService?id=NPG-S_NPG_2002_184_534,"https://ids.si.edu/ids/iiif/NPG-S_NPG_2002_184_534/full/250,/0/default.jpg"
01854,sm43037e1d73a41453d99d3058386f78943,https://ids.si.edu/ids/deliveryService?id=NPG-S_NPG_2002_184_533,"https://ids.si.edu/ids/iiif/NPG-S_NPG_2002_184_533/full/250,/0/default.jpg"
01855,sm4e408d07430314b07a916975d664e9b1d,https://ids.si.edu/ids/deliveryService?id=NPG-S_NPG_2002_184_532,"https://ids.si.edu/ids/iiif/NPG-S_NPG_2002_184_532/full/250,/0/default.jpg"
01856,sm4c8b56a9c9f1a42e68980962d51e9fe89,https://ids.si.edu/ids/deliveryService?id=NPG-S_NPG_2002_184_531,"https://ids.si.edu/ids/iiif/NPG-S_NPG_2002_184_531/full/250,/0/default.jpg"
01857,sm404c7b9bc84194468928b369b022ba807,https://ids.si.edu/ids/deliveryService?id=NPG-S_NPG_2002_184_530,"https://ids.si.edu/ids/iiif/NPG-S_NPG_2002_184_530/full/250,/0/default.jpg"
01859,sm4a662f189a2d94324bfb3775a28836c35,https://ids.si.edu/ids/deliveryService?id=NPG-S_NPG_2002_184_529,"https://ids.si.edu/ids/iiif/NPG-S_NPG_2002_184_529/full/250,/0/default.jpg"
01860,sm4d0de6c1a80674a1d87dfa527fec188a0,https://ids.si.edu/ids/deliveryService?id=NPG-S_NPG_2002_184_528,"https://ids.si.edu/ids/iiif/NPG-S_NPG_2002_184_528/full/250,/0/default.jpg"
01861,sm46624fa7656b54263a9410b4287105bbb,https://ids.si.edu/ids/deliveryService?id=NPG-S_NPG_2002_184_527,"https://ids.si.edu/ids/iiif/NPG-S_NPG_2002_184_527/full/250,/0/default.jpg"
01862,sm43080f7d0564941498e3503572b87e677,https://ids.si.edu/ids/deliveryService?id=NPG-S_NPG_2002_184_526,"https://ids.si.edu/ids/iiif/NPG-S_NPG_2002_184_526/full/250,/0/default.jpg"
01863,sm4dd07f40d8a8146e6803741bd1feffdd1,https://ids.si.edu/ids/deliveryService?id=NPG-S_NPG_2002_184_525,"https://ids.si.edu/ids/iiif/NPG-S_NPG_2002_184_525/full/250,/0/default.jpg"
01864,sm4fd0e94fcb10040fdb52c8221f7f4a459,https://ids.si.edu/ids/deliveryService?id=NPG-S_NPG_2002_184_524,"https://ids.si.edu/ids/iiif/NPG-S_NPG_2002_184_524/full/250,/0/default.jpg"
01865,sm4a7272434d113419cb15943fe32b04624,https://ids.si.edu/ids/deliveryService?id=NPG-S_NPG_2002_184_523,"https://ids.si.edu/ids/iiif/NPG-S_NPG_2002_184_523/full/250,/0/default.jpg"
01866,sm48a0c4337e3124d01addce58b8fd553bc,https://ids.si.edu/ids/deliveryService?id=NPG-S_NPG_2002_184_522,"https://ids.si.edu/ids/iiif/NPG-S_NPG_2002_184_522/full/250,/0/default.jpg"
01867,sm484725bf43e8a4cf39dc1f74e80b65dc2,https://ids.si.edu/ids/deliveryService?id=NPG-S_NPG_2002_184_521,"https://ids.si.edu/ids/iiif/NPG-S_NPG_2002_184_521/full/250,/0/default.jpg"
01868,sm4ddebbe11e20e459782880265015f25f1,https://ids.si.edu/ids/deliveryService?id=NPG-S_NPG_2002_184_520,"https://ids.si.edu/ids/iiif/NPG-S_NPG_2002_184_520/full/250,/0/default.jpg"
01870,sm42c2ff118be5a454ea7fb73772df75901,https://ids.si.edu/ids/deliveryService?id=NPG-S_NPG_2002_184_519,"https://ids.si.edu/ids/iiif/NPG-S_NPG_2002_184_519/full/250,/0/default.jpg"
01871,sm4190ae71fef754410ac7284421a6cbd50,https://ids.si.edu/ids/deliveryService?id=NPG-S_NPG_2002_184_518,"https://ids.si.edu/ids/iiif/NPG-S_NPG_2002_184_518/full/250,/0/default.jpg"
01872,sm4e5f36b71ea864619b77a7355fd68eabd,https://ids.si.edu/ids/deliveryService?id=NPG-S_NPG_2002_184_517,"https://ids.si.edu/ids/iiif/NPG-S_NPG_2002_184_517/full/250,/0/default.jpg"
01873,sm48ed8b95039934f74bcac1000a5569cb6,https://ids.si.edu/ids/deliveryService?id=NPG-S_NPG_2002_184_516,"https://ids.si.edu/ids/iiif/NPG-S_NPG_2002_184_516/full/250,/0/default.jpg"
01874,sm40a3ea3866d3f4b38b1b42645606ebea3,https://ids.si.edu/ids/deliveryService?id=NPG-S_NPG_2002_184_515,"https://ids.si.edu/ids/iiif/NPG-S_NPG_2002_184_515/full/250,/0/default.jpg"
01875,sm481fe5a0c6c3e48289c4184e2bfff3b32,https://ids.si.edu/ids/deliveryService?id=NPG-S_NPG_2002_184_514,"https://ids.si.edu/ids/iiif/NPG-S_NPG_2002_184_514/full/250,/0/default.jpg"
01876,sm4aae0b5a525ce4d3ea25428e8d363dd77,https://ids.si.edu/ids/deliveryService?id=NPG-S_NPG_2002_184_513,"https://ids.si.edu/ids/iiif/NPG-S_NPG_2002_184_513/full/250,/0/default.jpg"
01877,sm4a156e7b85f45474a8f24679db71d7eb6,https://ids.si.edu/ids/deliveryService?id=NPG-S_NPG_2002_184_512,"https://ids.si.edu/ids/iiif/NPG-S_NPG_2002_184_512/full/250,/0/default.jpg"
01878,sm4046b6d77fb064422bf8d61768abc5d84,https://ids.si.edu/ids/deliveryService?id=NPG-S_NPG_2002_184_511,"https://ids.si.edu/ids/iiif/NPG-S_NPG_2002_184_511/full/250,/0/default.jpg"
01879,sm47714b5f505a4456b9eed97c5a7fdf737,https://ids.si.edu/ids/deliveryService?id=NPG-S_NPG_2002_184_510,"https://ids.si.edu/ids/iiif/NPG-S_NPG_2002_184_510/full/250,/0/default.jpg"
01881,sm4c848b31d1afc4c6c80b48e0876eefdae,https://ids.si.edu/ids/deliveryService?id=NPG-S_NPG_2002_184_509,"https://ids.si.edu/ids/iiif/NPG-S_NPG_2002_184_509/full/250,/0/default.jpg"
01882,sm4f9d63ab807ed4ac9be477a25363361ad,https://ids.si.edu/ids/deliveryService?id=NPG-S_NPG_2002_184_508,"https://ids.si.edu/ids/iiif/NPG-S_NPG_2002_184_508/full/250,/0/default.jpg"
01883,sm47e7b844c408e4f06ac9da3165d565b89,https://ids.si.edu/ids/deliveryService?id=NPG-S_NPG_2002_184_507,"https://ids.si.edu/ids/iiif/NPG-S_NPG_2002_184_507/full/250,/0/default.jpg"
01884,sm4aba3a0a9b0394b1aab1903d4d124b24f,https://ids.si.edu/ids/deliveryService?id=NPG-S_NPG_2002_184_506,"https://ids.si.edu/ids/iiif/NPG-S_NPG_2002_184_506/full/250,/0/default.jpg"
01885,sm48946a310d78a4d00b149aa35822b1900,https://ids.si.edu/ids/deliveryService?id=NPG-S_NPG_2002_184_505,"https://ids.si.edu/ids/iiif/NPG-S_NPG_2002_184_505/full/250,/0/default.jpg"
01886,sm442fd88a0e42e4c14b29605aee1ae361d,https://ids.si.edu/ids/deliveryService?id=NPG-S_NPG_2002_184_504,"https://ids.si.edu/ids/iiif/NPG-S_NPG_2002_184_504/full/250,/0/default.jpg"
01887,sm4b7242a1591bf408790eea819fc1c230e,https://ids.si.edu/ids/deliveryService?id=NPG-S_NPG_2002_184_503,"https://ids.si.edu/ids/iiif/NPG-S_NPG_2002_184_503/full/250,/0/default.jpg"
01888,sm475c0211398ac4c47ae7d67d9107057ee,https://ids.si.edu/ids/deliveryService?id=NPG-S_NPG_2002_184_502,"https://ids.si.edu/ids/iiif/NPG-S_NPG_2002_184_502/full/250,/0/default.jpg"
01889,sm4f79e818fdd5f486eb4d81ff24a8c1eb7,https://ids.si.edu/ids/deliveryService?id=NPG-S_NPG_2002_184_501,"https://ids.si.edu/ids/iiif/NPG-S_NPG_2002_184_501/full/250,/0/default.jpg"
01890,sm440e4a94bf8cb4b43b6425de4b1da43f3,https://ids.si.edu/ids/deliveryService?id=NPG-S_NPG_2002_184_500,"https://ids.si.edu/ids/iiif/NPG-S_NPG_2002_184_500/full/250,/0/default.jpg"
01892,sm4203e2ad24750401081f5c962329a2cb5,https://ids.si.edu/ids/deliveryService?id=NPG-S_NPG_2002_184_499,"https://ids.si.edu/ids/iiif/NPG-S_NPG_2002_184_499/full/250,/0/default.jpg"
01893,sm42bfbebc0ac814ad2ae30eeaf5b364d87,https://ids.si.edu/ids/deliveryService?id=NPG-S_NPG_2002_184_498,"https://ids.si.edu/ids/iiif/NPG-S_NPG_2002_184_498/full/250,/0/default.jpg"
01894,sm40354a3c9840849f0b6321995061804fc,https://ids.si.edu/ids/deliveryService?id=NPG-S_NPG_2002_184_497,"https://ids.si.edu/ids/iiif/NPG-S_NPG_2002_184_497/full/250,/0/default.jpg"
01895,sm410e0f1389fa0454994bdec643f0f56b9,https://ids.si.edu/ids/deliveryService?id=NPG-S_NPG_2002_184_496,"https://ids.si.edu/ids/iiif/NPG-S_NPG_2002_184_496/full/250,/0/default.jpg"
01896,sm4e52fa0f76d9b4ef2b16bc4aadd03f178,https://ids.si.edu/ids/deliveryService?id=NPG-S_NPG_2002_184_495,"https://ids.si.edu/ids/iiif/NPG-S_NPG_2002_184_495/full/250,/0/default.jpg"
01897,sm41a86122c18404207b345a046b8c88cc3,https://ids.si.edu/ids/deliveryService?id=NPG-S_NPG_2002_184_494,"https://ids.si.edu/ids/iiif/NPG-S_NPG_2002_184_494/full/250,/0/default.jpg"
01898,sm471da1b57522c47d8aaf29dce501ea8ea,https://ids.si.edu/ids/deliveryService?id=NPG-S_NPG_2002_184_493,"https://ids.si.edu/ids/iiif/NPG-S_NPG_2002_184_493/full/250,/0/default.jpg"
01899,sm423af253b019a4bb9ac6b54e1c713c3d1,https://ids.si.edu/ids/deliveryService?id=NPG-S_NPG_2002_184_492,"https://ids.si.edu/ids/iiif/NPG-S_NPG_2002_184_492/full/250,/0/default.jpg"
01900,sm4244eaf5883ee49589504667d8c0f2545,https://ids.si.edu/ids/deliveryService?id=NPG-S_NPG_2002_184_491,"https://ids.si.edu/ids/iiif/NPG-S_NPG_2002_184_491/full/250,/0/default.jpg"
01901,sm4fdeea949c3cd40d89e7d28562ee91d5b,https://ids.si.edu/ids/deliveryService?id=NPG-S_NPG_2002_184_490,"https://ids.si.edu/ids/iiif/NPG-S_NPG_2002_184_490/full/250,/0/default.jpg"
01902,sm4b6fca383f0ca45cf9da00985d2a0dd3a,https://ids.si.edu/ids/deliveryService?id=NPG-S_NPG_2002_184_49,"https://ids.si.edu/ids/iiif/NPG-S_NPG_2002_184_49/full/250,/0/default.jpg"
01903,sm4755e910a815640eebf4291e7b9006ea8,https://ids.si.edu/ids/deliveryService?id=NPG-S_NPG_2002_184_489,"https://ids.si.edu/ids/iiif/NPG-S_NPG_2002_184_489/full/250,/0/default.jpg"
01904,sm44405277c673840a089c0462467042079,https://ids.si.edu/ids/deliveryService?id=NPG-S_NPG_2002_184_488,"https://ids.si.edu/ids/iiif/NPG-S_NPG_2002_184_488/full/250,/0/default.jpg"
01905,sm45df89cbbf1d84830827ebd7bb96a2c2d,https://ids.si.edu/ids/deliveryService?id=NPG-S_NPG_2002_184_487,"https://ids.si.edu/ids/iiif/NPG-S_NPG_2002_184_487/full/250,/0/default.jpg"
01906,sm42c19893919fc42b784223025678a4ea4,https://ids.si.edu/ids/deliveryService?id=NPG-S_NPG_2002_184_486,"https://ids.si.edu/ids/iiif/NPG-S_NPG_2002_184_486/full/250,/0/default.jpg"
01907,sm45d8e3578f34c4d2dbe3d8f242d17175b,https://ids.si.edu/ids/deliveryService?id=NPG-S_NPG_2002_184_485,"https://ids.si.edu/ids/iiif/NPG-S_NPG_2002_184_485/full/250,/0/default.jpg"
01908,sm4cc3c187797834a95815d6c383aab89e9,https://ids.si.edu/ids/deliveryService?id=NPG-S_NPG_2002_184_484,"https://ids.si.edu/ids/iiif/NPG-S_NPG_2002_184_484/full/250,/0/default.jpg"
01909,sm4a412a2ac55cc4bdfb1e6494db0daa3f3,https://ids.si.edu/ids/deliveryService?id=NPG-S_NPG_2002_184_483,"https://ids.si.edu/ids/iiif/NPG-S_NPG_2002_184_483/full/250,/0/default.jpg"
01910,sm4af2913eb4ab344e5a5189309d825c410,https://ids.si.edu/ids/deliveryService?id=NPG-S_NPG_2002_184_482,"https://ids.si.edu/ids/iiif/NPG-S_NPG_2002_184_482/full/250,/0/default.jpg"
01911,sm427a60d16588a48759d5ca18aebd7f1d3,https://ids.si.edu/ids/deliveryService?id=NPG-S_NPG_2002_184_481,"https://ids.si.edu/ids/iiif/NPG-S_NPG_2002_184_481/full/250,/0/default.jpg"
01912,sm49ef88a8efafc4e148bee503f755f966e,https://ids.si.edu/ids/deliveryService?id=NPG-S_NPG_2002_184_480,"https://ids.si.edu/ids/iiif/NPG-S_NPG_2002_184_480/full/250,/0/default.jpg"
01913,sm4ee2187485f1646388729ccaa68f91ca9,https://ids.si.edu/ids/deliveryService?id=NPG-S_NPG_2002_184_48,"https://ids.si.edu/ids/iiif/NPG-S_NPG_2002_184_48/full/250,/0/default.jpg"
01914,sm41e87edf310fc499fb59b25c0d8609a0b,https://ids.si.edu/ids/deliveryService?id=NPG-S_NPG_2002_184_479,"https://ids.si.edu/ids/iiif/NPG-S_NPG_2002_184_479/full/250,/0/default.jpg"
01915,sm40db7efee22284db1ab4859bcc31cc650,https://ids.si.edu/ids/deliveryService?id=NPG-S_NPG_2002_184_478,"https://ids.si.edu/ids/iiif/NPG-S_NPG_2002_184_478/full/250,/0/default.jpg"
01916,sm4498a59c1fccb4a8eb091c79a819a21ab,https://ids.si.edu/ids/deliveryService?id=NPG-S_NPG_2002_184_477,"https://ids.si.edu/ids/iiif/NPG-S_NPG_2002_184_477/full/250,/0/default.jpg"
01917,sm40b1d9403f9e64d68abab9f46acecc57b,https://ids.si.edu/ids/deliveryService?id=NPG-S_NPG_2002_184_476,"https://ids.si.edu/ids/iiif/NPG-S_NPG_2002_184_476/full/250,/0/default.jpg"
01918,sm4303d9ccd06f64cf3853531085fb87951,https://ids.si.edu/ids/deliveryService?id=NPG-S_NPG_2002_184_475,"https://ids.si.edu/ids/iiif/NPG-S_NPG_2002_184_475/full/250,/0/default.jpg"
01919,sm4e380918544a5449a8ed3903afe06c81b,https://ids.si.edu/ids/deliveryService?id=NPG-S_NPG_2002_184_474,"https://ids.si.edu/ids/iiif/NPG-S_NPG_2002_184_474/full/250,/0/default.jpg"
01920,sm4fe311d5210294f10b1eb780b97608049,https://ids.si.edu/ids/deliveryService?id=NPG-S_NPG_2002_184_473,"https://ids.si.edu/ids/iiif/NPG-S_NPG_2002_184_473/full/250,/0/default.jpg"
01921,sm4412d1fd4a7b74356bfacae0157b4017e,https://ids.si.edu/ids/deliveryService?id=NPG-S_NPG_2002_184_472,"https://ids.si.edu/ids/iiif/NPG-S_NPG_2002_184_472/full/250,/0/default.jpg"
01922,sm4a41431e8e5a54ca3aa07b54acd0cea24,https://ids.si.edu/ids/deliveryService?id=NPG-S_NPG_2002_184_471,"https://ids.si.edu/ids/iiif/NPG-S_NPG_2002_184_471/full/250,/0/default.jpg"
01923,sm4530ddea78ff54da087683a2bbe49cfae,https://ids.si.edu/ids/deliveryService?id=NPG-S_NPG_2002_184_470,"https://ids.si.edu/ids/iiif/NPG-S_NPG_2002_184_470/full/250,/0/default.jpg"
01924,sm48c96e48873e74ea3896f79515ec1624c,https://ids.si.edu/ids/deliveryService?id=NPG-S_NPG_2002_184_47,"https://ids.si.edu/ids/iiif/NPG-S_NPG_2002_184_47/full/250,/0/default.jpg"
01925,sm48def28939e0c487c8215c7b77b8927c5,https://ids.si.edu/ids/deliveryService?id=NPG-S_NPG_2002_184_469,"https://ids.si.edu/ids/iiif/NPG-S_NPG_2002_184_469/full/250,/0/default.jpg"
01926,sm4371b17b8fee543598755d0761125ffd0,https://ids.si.edu/ids/deliveryService?id=NPG-S_NPG_2002_184_468,"https://ids.si.edu/ids/iiif/NPG-S_NPG_2002_184_468/full/250,/0/default.jpg"
01927,sm43564ccc801bb4ac4b627d112d6521b4c,https://ids.si.edu/ids/deliveryService?id=NPG-S_NPG_2002_184_467,"https://ids.si.edu/ids/iiif/NPG-S_NPG_2002_184_467/full/250,/0/default.jpg"
01928,sm466a0fac1ae4e4d3eb97a5fc9b89c489f,https://ids.si.edu/ids/deliveryService?id=NPG-S_NPG_2002_184_466,"https://ids.si.edu/ids/iiif/NPG-S_NPG_2002_184_466/full/250,/0/default.jpg"
01929,sm4f309fdc3fe8b444baa3c3c42f3ef51f6,https://ids.si.edu/ids/deliveryService?id=NPG-S_NPG_2002_184_465,"https://ids.si.edu/ids/iiif/NPG-S_NPG_2002_184_465/full/250,/0/default.jpg"
01930,sm480e55b3e5a754319bc106a943162ca30,https://ids.si.edu/ids/deliveryService?id=NPG-S_NPG_2002_184_464,"https://ids.si.edu/ids/iiif/NPG-S_NPG_2002_184_464/full/250,/0/default.jpg"
01931,sm4e9947e98b96d406b90c3788e8fe6e174,https://ids.si.edu/ids/deliveryService?id=NPG-S_NPG_2002_184_463,"https://ids.si.edu/ids/iiif/NPG-S_NPG_2002_184_463/full/250,/0/default.jpg"
01932,sm42255b07b2afa4fb180796323168c828f,https://ids.si.edu/ids/deliveryService?id=NPG-S_NPG_2002_184_462,"https://ids.si.edu/ids/iiif/NPG-S_NPG_2002_184_462/full/250,/0/default.jpg"
01933,sm456e72252719b4e8ab351219704ea03e6,https://ids.si.edu/ids/deliveryService?id=NPG-S_NPG_2002_184_461,"https://ids.si.edu/ids/iiif/NPG-S_NPG_2002_184_461/full/250,/0/default.jpg"
01934,sm40db46c432f114515b5a6d19c99f913f6,https://ids.si.edu/ids/deliveryService?id=NPG-S_NPG_2002_184_460,"https://ids.si.edu/ids/iiif/NPG-S_NPG_2002_184_460/full/250,/0/default.jpg"
01935,sm42c7c4a4d180047198afaa2a059a707af,https://ids.si.edu/ids/deliveryService?id=NPG-S_NPG_2002_184_46,"https://ids.si.edu/ids/iiif/NPG-S_NPG_2002_184_46/full/250,/0/default.jpg"
01936,sm4b564d5166b9746b089bed2b527f2df26,https://ids.si.edu/ids/deliveryService?id=NPG-S_NPG_2002_184_459,"https://ids.si.edu/ids/iiif/NPG-S_NPG_2002_184_459/full/250,/0/default.jpg"
01937,sm4abcfbaef25574415ab38cd836d81777e,https://ids.si.edu/ids/deliveryService?id=NPG-S_NPG_2002_184_458,"https://ids.si.edu/ids/iiif/NPG-S_NPG_2002_184_458/full/250,/0/default.jpg"
01938,sm4affdd2e954564400bdfeed63375626ed,https://ids.si.edu/ids/deliveryService?id=NPG-S_NPG_2002_184_457,"https://ids.si.edu/ids/iiif/NPG-S_NPG_2002_184_457/full/250,/0/default.jpg"
01939,sm4a51f83c872424c6a8ecac6791bd805f3,https://ids.si.edu/ids/deliveryService?id=NPG-S_NPG_2002_184_456,"https://ids.si.edu/ids/iiif/NPG-S_NPG_2002_184_456/full/250,/0/default.jpg"
01940,sm4c55b3dd908694a9284d675b931e63c84,https://ids.si.edu/ids/deliveryService?id=NPG-S_NPG_2002_184_455,"https://ids.si.edu/ids/iiif/NPG-S_NPG_2002_184_455/full/250,/0/default.jpg"
01941,sm483149b7da0204838b714c92691c0e455,https://ids.si.edu/ids/deliveryService?id=NPG-S_NPG_2002_184_454,"https://ids.si.edu/ids/iiif/NPG-S_NPG_2002_184_454/full/250,/0/default.jpg"
01942,sm4007f8483646f48a0a89174dd2e0131b6,https://ids.si.edu/ids/deliveryService?id=NPG-S_NPG_2002_184_453,"https://ids.si.edu/ids/iiif/NPG-S_NPG_2002_184_453/full/250,/0/default.jpg"
01943,sm4fe19a453214c4874a9a2169ef22b095a,https://ids.si.edu/ids/deliveryService?id=NPG-S_NPG_2002_184_452,"https://ids.si.edu/ids/iiif/NPG-S_NPG_2002_184_452/full/250,/0/default.jpg"
01944,sm4d9003f32ab1f4294bcb4ca600c3638eb,https://ids.si.edu/ids/deliveryService?id=NPG-S_NPG_2002_184_451,"https://ids.si.edu/ids/iiif/NPG-S_NPG_2002_184_451/full/250,/0/default.jpg"
01945,sm45bc8a1f6e3b448129f51f72a5de112ec,https://ids.si.edu/ids/deliveryService?id=NPG-S_NPG_2002_184_450,"https://ids.si.edu/ids/iiif/NPG-S_NPG_2002_184_450/full/250,/0/default.jpg"
01946,sm456db8c003c754c1b8ca93d868fdc446f,https://ids.si.edu/ids/deliveryService?id=NPG-S_NPG_2002_184_45,"https://ids.si.edu/ids/iiif/NPG-S_NPG_2002_184_45/full/250,/0/default.jpg"
01947,sm4e758a81472c74c619881082697f13efe,https://ids.si.edu/ids/deliveryService?id=NPG-S_NPG_2002_184_449,"https://ids.si.edu/ids/iiif/NPG-S_NPG_2002_184_449/full/250,/0/default.jpg"
01948,sm4fac242467b63415591f9829a33be9176,https://ids.si.edu/ids/deliveryService?id=NPG-S_NPG_2002_184_448,"https://ids.si.edu/ids/iiif/NPG-S_NPG_2002_184_448/full/250,/0/default.jpg"
01949,sm43fe1d763ad2448b5a563f74d93a3503f,https://ids.si.edu/ids/deliveryService?id=NPG-S_NPG_2002_184_447,"https://ids.si.edu/ids/iiif/NPG-S_NPG_2002_184_447/full/250,/0/default.jpg"
01950,sm47b7ba0534ce747ea99ae65ded28aff15,https://ids.si.edu/ids/deliveryService?id=NPG-S_NPG_2002_184_446,"https://ids.si.edu/ids/iiif/NPG-S_NPG_2002_184_446/full/250,/0/default.jpg"
01951,sm4f4a4190406ba444c890a2f0d184bd21b,https://ids.si.edu/ids/deliveryService?id=NPG-S_NPG_2002_184_445,"https://ids.si.edu/ids/iiif/NPG-S_NPG_2002_184_445/full/250,/0/default.jpg"
01952,sm460caa3c5ae6d42d8ad0aa79b6793187a,https://ids.si.edu/ids/deliveryService?id=NPG-S_NPG_2002_184_444,"https://ids.si.edu/ids/iiif/NPG-S_NPG_2002_184_444/full/250,/0/default.jpg"
01953,sm4215b665e79b5422987ca53f5f9b2ecbb,https://ids.si.edu/ids/deliveryService?id=NPG-S_NPG_2002_184_443,"https://ids.si.edu/ids/iiif/NPG-S_NPG_2002_184_443/full/250,/0/default.jpg"
01954,sm4d24ea68710fc4c30a139a1c00703200e,https://ids.si.edu/ids/deliveryService?id=NPG-S_NPG_2002_184_442,"https://ids.si.edu/ids/iiif/NPG-S_NPG_2002_184_442/full/250,/0/default.jpg"
01955,sm4e936dcf6187544aaaeae97bca97dcc50,https://ids.si.edu/ids/deliveryService?id=NPG-S_NPG_2002_184_441,"https://ids.si.edu/ids/iiif/NPG-S_NPG_2002_184_441/full/250,/0/default.jpg"
01956,sm404a0c6af2fb24550b82976dc79e543d1,https://ids.si.edu/ids/deliveryService?id=NPG-S_NPG_2002_184_440,"https://ids.si.edu/ids/iiif/NPG-S_NPG_2002_184_440/full/250,/0/default.jpg"
01957,sm45cc9449be1484e1f9c76116e3c55c715,https://ids.si.edu/ids/deliveryService?id=NPG-S_NPG_2002_184_44,"https://ids.si.edu/ids/iiif/NPG-S_NPG_2002_184_44/full/250,/0/default.jpg"
01958,sm4d55ff71249324598a99a861edb1627b7,https://ids.si.edu/ids/deliveryService?id=NPG-S_NPG_2002_184_439,"https://ids.si.edu/ids/iiif/NPG-S_NPG_2002_184_439/full/250,/0/default.jpg"
01959,sm4b4921b25835d49f4b08379634a6dd40f,https://ids.si.edu/ids/deliveryService?id=NPG-S_NPG_2002_184_438,"https://ids.si.edu/ids/iiif/NPG-S_NPG_2002_184_438/full/250,/0/default.jpg"
01960,sm43bddf6789b7b4b2caa365272a75405c7,https://ids.si.edu/ids/deliveryService?id=NPG-S_NPG_2002_184_437,"https://ids.si.edu/ids/iiif/NPG-S_NPG_2002_184_437/full/250,/0/default.jpg"
01961,sm439437689ddf747799e657ac7832e7220,https://ids.si.edu/ids/deliveryService?id=NPG-S_NPG_2002_184_436,"https://ids.si.edu/ids/iiif/NPG-S_NPG_2002_184_436/full/250,/0/default.jpg"
01962,sm43bfcd4be819e4339939d6baba877101c,https://ids.si.edu/ids/deliveryService?id=NPG-S_NPG_2002_184_435,"https://ids.si.edu/ids/iiif/NPG-S_NPG_2002_184_435/full/250,/0/default.jpg"
01963,sm4c2d0c267c24842159ff0af7babcacb7a,https://ids.si.edu/ids/deliveryService?id=NPG-S_NPG_2002_184_434,"https://ids.si.edu/ids/iiif/NPG-S_NPG_2002_184_434/full/250,/0/default.jpg"
01964,sm478ca19f5b0064e7abe023f465d6cc959,https://ids.si.edu/ids/deliveryService?id=NPG-S_NPG_2002_184_433,"https://ids.si.edu/ids/iiif/NPG-S_NPG_2002_184_433/full/250,/0/default.jpg"
01965,sm40d4d9c449df742f99f683388e5891b60,https://ids.si.edu/ids/deliveryService?id=NPG-S_NPG_2002_184_432,"https://ids.si.edu/ids/iiif/NPG-S_NPG_2002_184_432/full/250,/0/default.jpg"
01966,sm43b46d7e06ecb4030b1ca20f64ab1b84e,https://ids.si.edu/ids/deliveryService?id=NPG-S_NPG_2002_184_431,"https://ids.si.edu/ids/iiif/NPG-S_NPG_2002_184_431/full/250,/0/default.jpg"
01967,sm4a044803cc6194fbab22d8792ffe3cd4c,https://ids.si.edu/ids/deliveryService?id=NPG-S_NPG_2002_184_430,"https://ids.si.edu/ids/iiif/NPG-S_NPG_2002_184_430/full/250,/0/default.jpg"
01968,sm44375079350b34522b4746cefa86fe69b,https://ids.si.edu/ids/deliveryService?id=NPG-S_NPG_2002_184_43,"https://ids.si.edu/ids/iiif/NPG-S_NPG_2002_184_43/full/250,/0/default.jpg"
01969,sm45374a3b967374f3a96203157dc2fcbf9,https://ids.si.edu/ids/deliveryService?id=NPG-S_NPG_2002_184_429,"https://ids.si.edu/ids/iiif/NPG-S_NPG_2002_184_429/full/250,/0/default.jpg"
01970,sm437b77f4247fb4895aadc4465fa9c0e19,https://ids.si.edu/ids/deliveryService?id=NPG-S_NPG_2002_184_428,"https://ids.si.edu/ids/iiif/NPG-S_NPG_2002_184_428/full/250,/0/default.jpg"
01971,sm4d2522d5178e946fc9914995005db5ae1,https://ids.si.edu/ids/deliveryService?id=NPG-S_NPG_2002_184_427,"https://ids.si.edu/ids/iiif/NPG-S_NPG_2002_184_427/full/250,/0/default.jpg"
01972,sm4669c28d1cadb492b90a135f6c35a364e,https://ids.si.edu/ids/deliveryService?id=NPG-S_NPG_2002_184_426,"https://ids.si.edu/ids/iiif/NPG-S_NPG_2002_184_426/full/250,/0/default.jpg"
01973,sm4973459b064514f0785d83ab11f85d371,https://ids.si.edu/ids/deliveryService?id=NPG-S_NPG_2002_184_425,"https://ids.si.edu/ids/iiif/NPG-S_NPG_2002_184_425/full/250,/0/default.jpg"
01974,sm4eb3edd8018344a3dabe4e2a3181eeee2,https://ids.si.edu/ids/deliveryService?id=NPG-S_NPG_2002_184_424,"https://ids.si.edu/ids/iiif/NPG-S_NPG_2002_184_424/full/250,/0/default.jpg"
01975,sm46f0d384de7cb4c55a9ee481bd21ad75a,https://ids.si.edu/ids/deliveryService?id=NPG-S_NPG_2002_184_423,"https://ids.si.edu/ids/iiif/NPG-S_NPG_2002_184_423/full/250,/0/default.jpg"
01976,sm464dfcea6440644739af6abab8729d1c1,https://ids.si.edu/ids/deliveryService?id=NPG-S_NPG_2002_184_422,"https://ids.si.edu/ids/iiif/NPG-S_NPG_2002_184_422/full/250,/0/default.jpg"
01977,sm4b14319436b1e4013a197d0d2cc79905d,https://ids.si.edu/ids/deliveryService?id=NPG-S_NPG_2002_184_421,"https://ids.si.edu/ids/iiif/NPG-S_NPG_2002_184_421/full/250,/0/default.jpg"
01978,sm404d4881c755f49d2990ddeffd2d34699,https://ids.si.edu/ids/deliveryService?id=NPG-S_NPG_2002_184_420,"https://ids.si.edu/ids/iiif/NPG-S_NPG_2002_184_420/full/250,/0/default.jpg"
01979,sm48e1f3e10fb9f423b888957de107c2961,https://ids.si.edu/ids/deliveryService?id=NPG-S_NPG_2002_184_42,"https://ids.si.edu/ids/iiif/NPG-S_NPG_2002_184_42/full/250,/0/default.jpg"
01980,sm43c410d374d1c4311867519fef565f389,https://ids.si.edu/ids/deliveryService?id=NPG-S_NPG_2002_184_419,"https://ids.si.edu/ids/iiif/NPG-S_NPG_2002_184_419/full/250,/0/default.jpg"
01981,sm4078dc621076244e0b30a6b39d04a5b50,https://ids.si.edu/ids/deliveryService?id=NPG-S_NPG_2002_184_418,"https://ids.si.edu/ids/iiif/NPG-S_NPG_2002_184_418/full/250,/0/default.jpg"
01982,sm4add9d6a2bf2642a1bab94de8981de498,https://ids.si.edu/ids/deliveryService?id=NPG-S_NPG_2002_184_417,"https://ids.si.edu/ids/iiif/NPG-S_NPG_2002_184_417/full/250,/0/default.jpg"
01983,sm4b3f57e8c75944538a8d54d28873351f8,https://ids.si.edu/ids/deliveryService?id=NPG-S_NPG_2002_184_416,"https://ids.si.edu/ids/iiif/NPG-S_NPG_2002_184_416/full/250,/0/default.jpg"
01984,sm4beecf40eaf484a1c989d98ac090e36fd,https://ids.si.edu/ids/deliveryService?id=NPG-S_NPG_2002_184_415,"https://ids.si.edu/ids/iiif/NPG-S_NPG_2002_184_415/full/250,/0/default.jpg"
01985,sm48652715d3d2841d291a9d16102a2e7e7,https://ids.si.edu/ids/deliveryService?id=NPG-S_NPG_2002_184_414,"https://ids.si.edu/ids/iiif/NPG-S_NPG_2002_184_414/full/250,/0/default.jpg"
01986,sm42603b9f1292b482593ade2e97fb7de3a,https://ids.si.edu/ids/deliveryService?id=NPG-S_NPG_2002_184_413,"https://ids.si.edu/ids/iiif/NPG-S_NPG_2002_184_413/full/250,/0/default.jpg"
01987,sm4a5a53b41ad8b46ce9145343ff0e1103a,https://ids.si.edu/ids/deliveryService?id=NPG-S_NPG_2002_184_412,"https://ids.si.edu/ids/iiif/NPG-S_NPG_2002_184_412/full/250,/0/default.jpg"
01988,sm4ccd4d156b1804a3bad7012b45512743e,https://ids.si.edu/ids/deliveryService?id=NPG-S_NPG_2002_184_411,"https://ids.si.edu/ids/iiif/NPG-S_NPG_2002_184_411/full/250,/0/default.jpg"
01989,sm4d68a20be8e8046dfba680455e3f8ed6f,https://ids.si.edu/ids/deliveryService?id=NPG-S_NPG_2002_184_410,"https://ids.si.edu/ids/iiif/NPG-S_NPG_2002_184_410/full/250,/0/default.jpg"
01990,sm49444b8f78f6c42ba9fe99ad7ecebd214,https://ids.si.edu/ids/deliveryService?id=NPG-S_NPG_2002_184_41,"https://ids.si.edu/ids/iiif/NPG-S_NPG_2002_184_41/full/250,/0/default.jpg"
01991,sm43b6a221edd954bc195c978441905b147,https://ids.si.edu/ids/deliveryService?id=NPG-S_NPG_2002_184_409,"https://ids.si.edu/ids/iiif/NPG-S_NPG_2002_184_409/full/250,/0/default.jpg"
01992,sm47b8a1a3b4c80481ea2ff19ff2364b053,https://ids.si.edu/ids/deliveryService?id=NPG-S_NPG_2002_184_408,"https://ids.si.edu/ids/iiif/NPG-S_NPG_2002_184_408/full/250,/0/default.jpg"
01993,sm4a648ddb1212f4f6083984fd7c5b027ef,https://ids.si.edu/ids/deliveryService?id=NPG-S_NPG_2002_184_407,"https://ids.si.edu/ids/iiif/NPG-S_NPG_2002_184_407/full/250,/0/default.jpg"
01994,sm4c4e3ccd7508f4576a85cf4368dd578c1,https://ids.si.edu/ids/deliveryService?id=NPG-S_NPG_2002_184_406,"https://ids.si.edu/ids/iiif/NPG-S_NPG_2002_184_406/full/250,/0/default.jpg"
01995,sm4e44bc6b4800f4218a40e66738d2432d7,https://ids.si.edu/ids/deliveryService?id=NPG-S_NPG_2002_184_405,"https://ids.si.edu/ids/iiif/NPG-S_NPG_2002_184_405/full/250,/0/default.jpg"
01996,sm4817d7385f838447d9d6bad2ee7134a41,https://ids.si.edu/ids/deliveryService?id=NPG-S_NPG_2002_184_404,"https://ids.si.edu/ids/iiif/NPG-S_NPG_2002_184_404/full/250,/0/default.jpg"
01997,sm49f88a59460294d2c8505af07e785c1bc,https://ids.si.edu/ids/deliveryService?id=NPG-S_NPG_2002_184_403,"https://ids.si.edu/ids/iiif/NPG-S_NPG_2002_184_403/full/250,/0/default.jpg"
01998,sm404bd230d3daa4d46a3c528481c3cdbed,https://ids.si.edu/ids/deliveryService?id=NPG-S_NPG_2002_184_402,"https://ids.si.edu/ids/iiif/NPG-S_NPG_2002_184_402/full/250,/0/default.jpg"
01999,sm48742ac7dde1b47cf8d2ae58f978524cc,https://ids.si.edu/ids/deliveryService?id=NPG-S_NPG_2002_184_401,"https://ids.si.edu/ids/iiif/NPG-S_NPG_2002_184_401/full/250,/0/default.jpg"
02000,sm478daafbb55ab47e1ac9957cb6a8f8cf7,https://ids.si.edu/ids/deliveryService?id=NPG-S_NPG_2002_184_400,"https://ids.si.edu/ids/iiif/NPG-S_NPG_2002_184_400/full/250,/0/default.jpg"
02001,sm4a7e8e16bf1d04667b0939206e4bad13c,https://ids.si.edu/ids/deliveryService?id=NPG-S_NPG_2002_184_40,"https://ids.si.edu/ids/iiif/NPG-S_NPG_2002_184_40/full/250,/0/default.jpg"
02002,sm4d325f8cda51d49dfacc63b82591fd1b9,https://ids.si.edu/ids/deliveryService?id=NPG-S_NPG_2002_184_399,"https://ids.si.edu/ids/iiif/NPG-S_NPG_2002_184_399/full/250,/0/default.jpg"
02003,sm4479a330cd9094490be206ab40fdfb1fe,https://ids.si.edu/ids/deliveryService?id=NPG-S_NPG_2002_184_398,"https://ids.si.edu/ids/iiif/NPG-S_NPG_2002_184_398/full/250,/0/default.jpg"
02004,sm49d5a684337564386a0a8f697a0c37462,https://ids.si.edu/ids/deliveryService?id=NPG-S_NPG_2002_184_397,"https://ids.si.edu/ids/iiif/NPG-S_NPG_2002_184_397/full/250,/0/default.jpg"
02005,sm4aa2f1a6224c54f2b9a604fd4f2085152,https://ids.si.edu/ids/deliveryService?id=NPG-S_NPG_2002_184_396,"https://ids.si.edu/ids/iiif/NPG-S_NPG_2002_184_396/full/250,/0/default.jpg"
02006,sm4741d8f0d939644dfbf0066bed647e0b2,https://ids.si.edu/ids/deliveryService?id=NPG-S_NPG_2002_184_395,"https://ids.si.edu/ids/iiif/NPG-S_NPG_2002_184_395/full/250,/0/default.jpg"
02007,sm48bb0b9cc0713409bac01a11809e43069,https://ids.si.edu/ids/deliveryService?id=NPG-S_NPG_2002_184_394,"https://ids.si.edu/ids/iiif/NPG-S_NPG_2002_184_394/full/250,/0/default.jpg"
02008,sm483b4d916ea3b417d84ace72909973c42,https://ids.si.edu/ids/deliveryService?id=NPG-S_NPG_2002_184_393,"https://ids.si.edu/ids/iiif/NPG-S_NPG_2002_184_393/full/250,/0/default.jpg"
02009,sm4492e25f3dee241969570f2a8c6834e59,https://ids.si.edu/ids/deliveryService?id=NPG-S_NPG_2002_184_392,"https://ids.si.edu/ids/iiif/NPG-S_NPG_2002_184_392/full/250,/0/default.jpg"
02010,sm4a7d3fb1d32ac4775a28273c5b60b8325,https://ids.si.edu/ids/deliveryService?id=NPG-S_NPG_2002_184_391,"https://ids.si.edu/ids/iiif/NPG-S_NPG_2002_184_391/full/250,/0/default.jpg"
02011,sm4ce1586aff6294444accfc4a6bfbb4851,https://ids.si.edu/ids/deliveryService?id=NPG-S_NPG_2002_184_390,"https://ids.si.edu/ids/iiif/NPG-S_NPG_2002_184_390/full/250,/0/default.jpg"
02012,sm47008bd92051645a3b3f584aa3cfa8322,https://ids.si.edu/ids/deliveryService?id=NPG-S_NPG_2002_184_39,"https://ids.si.edu/ids/iiif/NPG-S_NPG_2002_184_39/full/250,/0/default.jpg"
02013,sm478a3c33c600e4c08a2afab3d911b5575,https://ids.si.edu/ids/deliveryService?id=NPG-S_NPG_2002_184_389,"https://ids.si.edu/ids/iiif/NPG-S_NPG_2002_184_389/full/250,/0/default.jpg"
02014,sm4fcda70914b36402f926ef1249f993fba,https://ids.si.edu/ids/deliveryService?id=NPG-S_NPG_2002_184_388,"https://ids.si.edu/ids/iiif/NPG-S_NPG_2002_184_388/full/250,/0/default.jpg"
02015,sm4fa3875421b8a4a29b882bfd13d32c652,https://ids.si.edu/ids/deliveryService?id=NPG-S_NPG_2002_184_387,"https://ids.si.edu/ids/iiif/NPG-S_NPG_2002_184_387/full/250,/0/default.jpg"
02016,sm45af80aae154d4fd5956e900c639e3e1b,https://ids.si.edu/ids/deliveryService?id=NPG-S_NPG_2002_184_386,"https://ids.si.edu/ids/iiif/NPG-S_NPG_2002_184_386/full/250,/0/default.jpg"
02017,sm4d466d0acf72c40b7a089939a6ef4cda6,https://ids.si.edu/ids/deliveryService?id=NPG-S_NPG_2002_184_385,"https://ids.si.edu/ids/iiif/NPG-S_NPG_2002_184_385/full/250,/0/default.jpg"
02018,sm41886b790f8894852a3e047579a25e077,https://ids.si.edu/ids/deliveryService?id=NPG-S_NPG_2002_184_384,"https://ids.si.edu/ids/iiif/NPG-S_NPG_2002_184_384/full/250,/0/default.jpg"
02019,sm4b670ddd66ce84f039f4b1f4f94a0e141,https://ids.si.edu/ids/deliveryService?id=NPG-S_NPG_2002_184_383,"https://ids.si.edu/ids/iiif/NPG-S_NPG_2002_184_383/full/250,/0/default.jpg"
02020,sm43c298a38ec084a6e8750771f38774e75,https://ids.si.edu/ids/deliveryService?id=NPG-S_NPG_2002_184_382,"https://ids.si.edu/ids/iiif/NPG-S_NPG_2002_184_382/full/250,/0/default.jpg"
02021,sm484b5fe4ecc2c44b98c48738197bece4c,https://ids.si.edu/ids/deliveryService?id=NPG-S_NPG_2002_184_381,"https://ids.si.edu/ids/iiif/NPG-S_NPG_2002_184_381/full/250,/0/default.jpg"
02022,sm45cb9f35834294c4d837a4b6751341b81,https://ids.si.edu/ids/deliveryService?id=NPG-S_NPG_2002_184_380,"https://ids.si.edu/ids/iiif/NPG-S_NPG_2002_184_380/full/250,/0/default.jpg"
02023,sm45b695d3965d744c5a39b0f414d30ce40,https://ids.si.edu/ids/deliveryService?id=NPG-S_NPG_2002_184_38,"https://ids.si.edu/ids/iiif/NPG-S_NPG_2002_184_38/full/250,/0/default.jpg"
02024,sm4da7329d78e26437f8b75c7249db0c1fc,https://ids.si.edu/ids/deliveryService?id=NPG-S_NPG_2002_184_379,"https://ids.si.edu/ids/iiif/NPG-S_NPG_2002_184_379/full/250,/0/default.jpg"
02025,sm4787d1b82922045d69723daa97008bf81,https://ids.si.edu/ids/deliveryService?id=NPG-S_NPG_2002_184_378,"https://ids.si.edu/ids/iiif/NPG-S_NPG_2002_184_378/full/250,/0/default.jpg"
02026,sm4947723d1f7a146ad96b0f8f9bf3f2d15,https://ids.si.edu/ids/deliveryService?id=NPG-S_NPG_2002_184_377,"https://ids.si.edu/ids/iiif/NPG-S_NPG_2002_184_377/full/250,/0/default.jpg"
02027,sm41c086e49e8ae4f19b28af0c026d59824,https://ids.si.edu/ids/deliveryService?id=NPG-S_NPG_2002_184_376,"https://ids.si.edu/ids/iiif/NPG-S_NPG_2002_184_376/full/250,/0/default.jpg"
02028,sm459b4eb54052741c7bb1a2aa04943e64b,https://ids.si.edu/ids/deliveryService?id=NPG-S_NPG_2002_184_375,"https://ids.si.edu/ids/iiif/NPG-S_NPG_2002_184_375/full/250,/0/default.jpg"
02029,sm4953ba70702f743ba9f5658ff26faf368,https://ids.si.edu/ids/deliveryService?id=NPG-S_NPG_2002_184_374,"https://ids.si.edu/ids/iiif/NPG-S_NPG_2002_184_374/full/250,/0/default.jpg"
02030,sm4dfdcacc5b7d74e07801a56d921f9b831,https://ids.si.edu/ids/deliveryService?id=NPG-S_NPG_2002_184_373,"https://ids.si.edu/ids/iiif/NPG-S_NPG_2002_184_373/full/250,/0/default.jpg"
02031,sm4b0e6869fda7944c5970cd62dff577683,https://ids.si.edu/ids/deliveryService?id=NPG-S_NPG_2002_184_372,"https://ids.si.edu/ids/iiif/NPG-S_NPG_2002_184_372/full/250,/0/default.jpg"
02032,sm4b4937c22b8804b39b51b3c498e0fee1b,https://ids.si.edu/ids/deliveryService?id=NPG-S_NPG_2002_184_371,"https://ids.si.edu/ids/iiif/NPG-S_NPG_2002_184_371/full/250,/0/default.jpg"
02033,sm4cab6e4653d984d2b83326c0dee6a38a5,https://ids.si.edu/ids/deliveryService?id=NPG-S_NPG_2002_184_370,"https://ids.si.edu/ids/iiif/NPG-S_NPG_2002_184_370/full/250,/0/default.jpg"
02034,sm4887bf2be30934b6792b164f5ececf5ac,https://ids.si.edu/ids/deliveryService?id=NPG-S_NPG_2002_184_37,"https://ids.si.edu/ids/iiif/NPG-S_NPG_2002_184_37/full/250,/0/default.jpg"
02035,sm482a91f3f3e8a49fab647d67aea9ac648,https://ids.si.edu/ids/deliveryService?id=NPG-S_NPG_2002_184_369,"https://ids.si.edu/ids/iiif/NPG-S_NPG_2002_184_369/full/250,/0/default.jpg"
02036,sm45932f0bf747f4fa2b86b1884e7d9a148,https://ids.si.edu/ids/deliveryService?id=NPG-S_NPG_2002_184_368,"https://ids.si.edu/ids/iiif/NPG-S_NPG_2002_184_368/full/250,/0/default.jpg"
02037,sm44fdcd95a556a42099cdb9b5774cce5e4,https://ids.si.edu/ids/deliveryService?id=NPG-S_NPG_2002_184_367,"https://ids.si.edu/ids/iiif/NPG-S_NPG_2002_184_367/full/250,/0/default.jpg"
02038,sm4470c547301f24f259b8b31b15e84f1a2,https://ids.si.edu/ids/deliveryService?id=NPG-S_NPG_2002_184_366,"https://ids.si.edu/ids/iiif/NPG-S_NPG_2002_184_366/full/250,/0/default.jpg"
02039,sm44b2bcae3d9614cf8a23a19a3cee421b3,https://ids.si.edu/ids/deliveryService?id=NPG-S_NPG_2002_184_365,"https://ids.si.edu/ids/iiif/NPG-S_NPG_2002_184_365/full/250,/0/default.jpg"
02040,sm4c5ae97c32f254c458b7806e80158761d,https://ids.si.edu/ids/deliveryService?id=NPG-S_NPG_2002_184_364,"https://ids.si.edu/ids/iiif/NPG-S_NPG_2002_184_364/full/250,/0/default.jpg"
02041,sm4e7a73001910f42a7b8afd347f7bf4658,https://ids.si.edu/ids/deliveryService?id=NPG-S_NPG_2002_184_363,"https://ids.si.edu/ids/iiif/NPG-S_NPG_2002_184_363/full/250,/0/default.jpg"
02042,sm47854c120063042deb697b8b14428a2ae,https://ids.si.edu/ids/deliveryService?id=NPG-S_NPG_2002_184_362,"https://ids.si.edu/ids/iiif/NPG-S_NPG_2002_184_362/full/250,/0/default.jpg"
02043,sm49778a4d5a44248cf9b2629bb0322804c,https://ids.si.edu/ids/deliveryService?id=NPG-S_NPG_2002_184_361,"https://ids.si.edu/ids/iiif/NPG-S_NPG_2002_184_361/full/250,/0/default.jpg"
02044,sm4c6663d8cc3674c39b8738f44e161906a,https://ids.si.edu/ids/deliveryService?id=NPG-S_NPG_2002_184_360,"https://ids.si.edu/ids/iiif/NPG-S_NPG_2002_184_360/full/250,/0/default.jpg"
02045,sm4246d49ed3d214d59a42ebb6f0637cb8f,https://ids.si.edu/ids/deliveryService?id=NPG-S_NPG_2002_184_36,"https://ids.si.edu/ids/iiif/NPG-S_NPG_2002_184_36/full/250,/0/default.jpg"
02046,sm4066b758a5e494dbb8c6cc59f54b73306,https://ids.si.edu/ids/deliveryService?id=NPG-S_NPG_2002_184_359,"https://ids.si.edu/ids/iiif/NPG-S_NPG_2002_184_359/full/250,/0/default.jpg"
02047,sm4e125e9adc79a45cbb44368b5e1e2f8ec,https://ids.si.edu/ids/deliveryService?id=NPG-S_NPG_2002_184_358,"https://ids.si.edu/ids/iiif/NPG-S_NPG_2002_184_358/full/250,/0/default.jpg"
02048,sm43cf611d68d2d4f3fb16953f0311e8b8e,https://ids.si.edu/ids/deliveryService?id=NPG-S_NPG_2002_184_357,"https://ids.si.edu/ids/iiif/NPG-S_NPG_2002_184_357/full/250,/0/default.jpg"
02049,sm47c34229bd0c5482fb2b22f2ef41765f4,https://ids.si.edu/ids/deliveryService?id=NPG-S_NPG_2002_184_356,"https://ids.si.edu/ids/iiif/NPG-S_NPG_2002_184_356/full/250,/0/default.jpg"
02050,sm49232ba2d3c0340288934173176df10b9,https://ids.si.edu/ids/deliveryService?id=NPG-S_NPG_2002_184_355,"https://ids.si.edu/ids/iiif/NPG-S_NPG_2002_184_355/full/250,/0/default.jpg"
02051,sm4c41a6abb1e4e4731bffd8c3569bdb98c,https://ids.si.edu/ids/deliveryService?id=NPG-S_NPG_2002_184_354,"https://ids.si.edu/ids/iiif/NPG-S_NPG_2002_184_354/full/250,/0/default.jpg"
02052,sm46ea5296f479047fda6d359727f251ffa,https://ids.si.edu/ids/deliveryService?id=NPG-S_NPG_2002_184_353,"https://ids.si.edu/ids/iiif/NPG-S_NPG_2002_184_353/full/250,/0/default.jpg"
02053,sm41e5bfb93a9e545fc8e9ade0cd07e8f98,https://ids.si.edu/ids/deliveryService?id=NPG-S_NPG_2002_184_352,"https://ids.si.edu/ids/iiif/NPG-S_NPG_2002_184_352/full/250,/0/default.jpg"
02054,sm400fc19ab0d2948a3b328135164bfca63,https://ids.si.edu/ids/deliveryService?id=NPG-S_NPG_2002_184_351,"https://ids.si.edu/ids/iiif/NPG-S_NPG_2002_184_351/full/250,/0/default.jpg"
02055,sm48a424f975264449babc8b9dd3f2a94f4,https://ids.si.edu/ids/deliveryService?id=NPG-S_NPG_2002_184_350,"https://ids.si.edu/ids/iiif/NPG-S_NPG_2002_184_350/full/250,/0/default.jpg"
02056,sm4c918eb28495b4d0193f31ae30e1a1c3d,https://ids.si.edu/ids/deliveryService?id=NPG-S_NPG_2002_184_35,"https://ids.si.edu/ids/iiif/NPG-S_NPG_2002_184_35/full/250,/0/default.jpg"
02057,sm4fbe97b5451b54e8faa3cfb0bafb32b2c,https://ids.si.edu/ids/deliveryService?id=NPG-S_NPG_2002_184_349,"https://ids.si.edu/ids/iiif/NPG-S_NPG_2002_184_349/full/250,/0/default.jpg"
02058,sm4ebe2fa92207446129559b060f02f2a3e,https://ids.si.edu/ids/deliveryService?id=NPG-S_NPG_2002_184_348,"https://ids.si.edu/ids/iiif/NPG-S_NPG_2002_184_348/full/250,/0/default.jpg"
02059,sm441aff60605794a9d99eec75682cc15d5,https://ids.si.edu/ids/deliveryService?id=NPG-S_NPG_2002_184_347,"https://ids.si.edu/ids/iiif/NPG-S_NPG_2002_184_347/full/250,/0/default.jpg"
02060,sm42baa99e889db4937a9a3e17c6f4cdf58,https://ids.si.edu/ids/deliveryService?id=NPG-S_NPG_2002_184_346,"https://ids.si.edu/ids/iiif/NPG-S_NPG_2002_184_346/full/250,/0/default.jpg"
02061,sm463bf36327b9d4b46ac19dc6df61a341f,https://ids.si.edu/ids/deliveryService?id=NPG-S_NPG_2002_184_345,"https://ids.si.edu/ids/iiif/NPG-S_NPG_2002_184_345/full/250,/0/default.jpg"
02062,sm47ce31f20718c437fb8e0acf958fc0095,https://ids.si.edu/ids/deliveryService?id=NPG-S_NPG_2002_184_344,"https://ids.si.edu/ids/iiif/NPG-S_NPG_2002_184_344/full/250,/0/default.jpg"
02063,sm45db39a6d0eca49b19721ee0717370efa,https://ids.si.edu/ids/deliveryService?id=NPG-S_NPG_2002_184_343,"https://ids.si.edu/ids/iiif/NPG-S_NPG_2002_184_343/full/250,/0/default.jpg"
02064,sm457d67fd134cf4ec4b9c8482715a81e26,https://ids.si.edu/ids/deliveryService?id=NPG-S_NPG_2002_184_342,"https://ids.si.edu/ids/iiif/NPG-S_NPG_2002_184_342/full/250,/0/default.jpg"
02065,sm416e3d12b3ab746e3bac7d39ff8faf178,https://ids.si.edu/ids/deliveryService?id=NPG-S_NPG_2002_184_341,"https://ids.si.edu/ids/iiif/NPG-S_NPG_2002_184_341/full/250,/0/default.jpg"
02066,sm4cb8dcb0e4b61456386ecc422d888982e,https://ids.si.edu/ids/deliveryService?id=NPG-S_NPG_2002_184_340,"https://ids.si.edu/ids/iiif/NPG-S_NPG_2002_184_340/full/250,/0/default.jpg"
02067,sm49100ec505aa24ac08907560849119688,https://ids.si.edu/ids/deliveryService?id=NPG-S_NPG_2002_184_34,"https://ids.si.edu/ids/iiif/NPG-S_NPG_2002_184_34/full/250,/0/default.jpg"
02068,sm486e3e392ccbf4ac5a0c340e4c1e09d68,https://ids.si.edu/ids/deliveryService?id=NPG-S_NPG_2002_184_339,"https://ids.si.edu/ids/iiif/NPG-S_NPG_2002_184_339/full/250,/0/default.jpg"
02069,sm40a04ba6499bc4d988809c5c9a797a7ad,https://ids.si.edu/ids/deliveryService?id=NPG-S_NPG_2002_184_338,"https://ids.si.edu/ids/iiif/NPG-S_NPG_2002_184_338/full/250,/0/default.jpg"
02070,sm4b2fca40282364f10bafbc9d92d9181fb,https://ids.si.edu/ids/deliveryService?id=NPG-S_NPG_2002_184_337,"https://ids.si.edu/ids/iiif/NPG-S_NPG_2002_184_337/full/250,/0/default.jpg"
02071,sm4db1f6bea214d4b41a266331243867409,https://ids.si.edu/ids/deliveryService?id=NPG-S_NPG_2002_184_336,"https://ids.si.edu/ids/iiif/NPG-S_NPG_2002_184_336/full/250,/0/default.jpg"
02072,sm4b3622bf3689e4b5d8d58d0e03d076465,https://ids.si.edu/ids/deliveryService?id=NPG-S_NPG_2002_184_335,"https://ids.si.edu/ids/iiif/NPG-S_NPG_2002_184_335/full/250,/0/default.jpg"
02073,sm4c0c32af313944b3fbef51c598317964c,https://ids.si.edu/ids/deliveryService?id=NPG-S_NPG_2002_184_334,"https://ids.si.edu/ids/iiif/NPG-S_NPG_2002_184_334/full/250,/0/default.jpg"
02074,sm44bca73fdeee84425a7f2d9407f3dc1c5,https://ids.si.edu/ids/deliveryService?id=NPG-S_NPG_2002_184_333,"https://ids.si.edu/ids/iiif/NPG-S_NPG_2002_184_333/full/250,/0/default.jpg"
02075,sm4e41804649aa24cad8ac52a0697bc07fe,https://ids.si.edu/ids/deliveryService?id=NPG-S_NPG_2002_184_332,"https://ids.si.edu/ids/iiif/NPG-S_NPG_2002_184_332/full/250,/0/default.jpg"
02076,sm442f438faa6e8497799b281bc97dc42d1,https://ids.si.edu/ids/deliveryService?id=NPG-S_NPG_2002_184_331,"https://ids.si.edu/ids/iiif/NPG-S_NPG_2002_184_331/full/250,/0/default.jpg"
02077,sm4c16a3b9cc2c14c4dbbff7c0c864b92ec,https://ids.si.edu/ids/deliveryService?id=NPG-S_NPG_2002_184_330,"https://ids.si.edu/ids/iiif/NPG-S_NPG_2002_184_330/full/250,/0/default.jpg"
02078,sm422909f0b52f64ec6ab9c798cf4319f3b,https://ids.si.edu/ids/deliveryService?id=NPG-S_NPG_2002_184_33,"https://ids.si.edu/ids/iiif/NPG-S_NPG_2002_184_33/full/250,/0/default.jpg"
02079,sm4c7befa0fe4e24ba2879c7b46403d6e5c,https://ids.si.edu/ids/deliveryService?id=NPG-S_NPG_2002_184_329,"https://ids.si.edu/ids/iiif/NPG-S_NPG_2002_184_329/full/250,/0/default.jpg"
02080,sm45a61b095e4884881b8ae21f468948177,https://ids.si.edu/ids/deliveryService?id=NPG-S_NPG_2002_184_328,"https://ids.si.edu/ids/iiif/NPG-S_NPG_2002_184_328/full/250,/0/default.jpg"
02081,sm4ad53946cb2224aac94d37b5272732c37,https://ids.si.edu/ids/deliveryService?id=NPG-S_NPG_2002_184_327,"https://ids.si.edu/ids/iiif/NPG-S_NPG_2002_184_327/full/250,/0/default.jpg"
02082,sm4d25f8a6f88474574a44a987a69fca538,https://ids.si.edu/ids/deliveryService?id=NPG-S_NPG_2002_184_326,"https://ids.si.edu/ids/iiif/NPG-S_NPG_2002_184_326/full/250,/0/default.jpg"
02083,sm4bfad5a442ded4023b2c41692abb2fd08,https://ids.si.edu/ids/deliveryService?id=NPG-S_NPG_2002_184_325,"https://ids.si.edu/ids/iiif/NPG-S_NPG_2002_184_325/full/250,/0/default.jpg"
02084,sm44079b540836a40efaae3615dda917d2c,https://ids.si.edu/ids/deliveryService?id=NPG-S_NPG_2002_184_324,"https://ids.si.edu/ids/iiif/NPG-S_NPG_2002_184_324/full/250,/0/default.jpg"
02085,sm4398b98a1d84843709324bbc56f771810,https://ids.si.edu/ids/deliveryService?id=NPG-S_NPG_2002_184_323,"https://ids.si.edu/ids/iiif/NPG-S_NPG_2002_184_323/full/250,/0/default.jpg"
02086,sm478734811712246cab1ba572ba1ee9717,https://ids.si.edu/ids/deliveryService?id=NPG-S_NPG_2002_184_322,"https://ids.si.edu/ids/iiif/NPG-S_NPG_2002_184_322/full/250,/0/default.jpg"
02087,sm4391102473fee4fddbd214658b7c9789c,https://ids.si.edu/ids/deliveryService?id=NPG-S_NPG_2002_184_321,"https://ids.si.edu/ids/iiif/NPG-S_NPG_2002_184_321/full/250,/0/default.jpg"
02088,sm42597e5f4919a4c788dfd81dd0d817143,https://ids.si.edu/ids/deliveryService?id=NPG-S_NPG_2002_184_320,"https://ids.si.edu/ids/iiif/NPG-S_NPG_2002_184_320/full/250,/0/default.jpg"
02089,sm450bd120f9d95440387e8a78f6e28d8d4,https://ids.si.edu/ids/deliveryService?id=NPG-S_NPG_2002_184_32,"https://ids.si.edu/ids/iiif/NPG-S_NPG_2002_184_32/full/250,/0/default.jpg"
02090,sm48a122a3a4cd342d5abca489e60a0373b,https://ids.si.edu/ids/deliveryService?id=NPG-S_NPG_2002_184_319,"https://ids.si.edu/ids/iiif/NPG-S_NPG_2002_184_319/full/250,/0/default.jpg"
02091,sm45166803a7f674ee3bb4240600c206202,https://ids.si.edu/ids/deliveryService?id=NPG-S_NPG_2002_184_318,"https://ids.si.edu/ids/iiif/NPG-S_NPG_2002_184_318/full/250,/0/default.jpg"
02092,sm476ca1f9d1968478f98ed1ba4d27072be,https://ids.si.edu/ids/deliveryService?id=NPG-S_NPG_2002_184_317,"https://ids.si.edu/ids/iiif/NPG-S_NPG_2002_184_317/full/250,/0/default.jpg"
02093,sm4aeeb82faf1aa48e9a4bc9c77f94b63c5,https://ids.si.edu/ids/deliveryService?id=NPG-S_NPG_2002_184_316,"https://ids.si.edu/ids/iiif/NPG-S_NPG_2002_184_316/full/250,/0/default.jpg"
02094,sm441f7412ec9cc4546aa86f6f79e0f23d8,https://ids.si.edu/ids/deliveryService?id=NPG-S_NPG_2002_184_315,"https://ids.si.edu/ids/iiif/NPG-S_NPG_2002_184_315/full/250,/0/default.jpg"
02095,sm45ca60f190a7e478ab0788f3f646ea8ec,https://ids.si.edu/ids/deliveryService?id=NPG-S_NPG_2002_184_314,"https://ids.si.edu/ids/iiif/NPG-S_NPG_2002_184_314/full/250,/0/default.jpg"
02096,sm49dee34d4091c46fdb40ebedc8c23a396,https://ids.si.edu/ids/deliveryService?id=NPG-S_NPG_2002_184_313,"https://ids.si.edu/ids/iiif/NPG-S_NPG_2002_184_313/full/250,/0/default.jpg"
02097,sm4cca46238dfed47ee9317fbb62d39370b,https://ids.si.edu/ids/deliveryService?id=NPG-S_NPG_2002_184_312,"https://ids.si.edu/ids/iiif/NPG-S_NPG_2002_184_312/full/250,/0/default.jpg"
02098,sm43ef3e5dc8f7549c3bd94906e17a494a6,https://ids.si.edu/ids/deliveryService?id=NPG-S_NPG_2002_184_311,"https://ids.si.edu/ids/iiif/NPG-S_NPG_2002_184_311/full/250,/0/default.jpg"
02099,sm48836a1e42d294fecaac3dfdf8d5e3600,https://ids.si.edu/ids/deliveryService?id=NPG-S_NPG_2002_184_310,"https://ids.si.edu/ids/iiif/NPG-S_NPG_2002_184_310/full/250,/0/default.jpg"
02100,sm4d20d9a1b59be4b72b896368a5ba9e519,https://ids.si.edu/ids/deliveryService?id=NPG-S_NPG_2002_184_31,"https://ids.si.edu/ids/iiif/NPG-S_NPG_2002_184_31/full/250,/0/default.jpg"
02101,sm404b4c7bc21764365965bd58e792ad78f,https://ids.si.edu/ids/deliveryService?id=NPG-S_NPG_2002_184_309,"https://ids.si.edu/ids/iiif/NPG-S_NPG_2002_184_309/full/250,/0/default.jpg"
02102,sm4d6edf54642394e8ebc635ff695b0efa1,https://ids.si.edu/ids/deliveryService?id=NPG-S_NPG_2002_184_308,"https://ids.si.edu/ids/iiif/NPG-S_NPG_2002_184_308/full/250,/0/default.jpg"
02103,sm4000f75f1f60e44d5a10ac51942598bfe,https://ids.si.edu/ids/deliveryService?id=NPG-S_NPG_2002_184_307,"https://ids.si.edu/ids/iiif/NPG-S_NPG_2002_184_307/full/250,/0/default.jpg"
02104,sm436766b0a36504d279ee576ffb947b2ef,https://ids.si.edu/ids/deliveryService?id=NPG-S_NPG_2002_184_306,"https://ids.si.edu/ids/iiif/NPG-S_NPG_2002_184_306/full/250,/0/default.jpg"
02105,sm4cc990bb902b64b25a051c1be30f7f757,https://ids.si.edu/ids/deliveryService?id=NPG-S_NPG_2002_184_305,"https://ids.si.edu/ids/iiif/NPG-S_NPG_2002_184_305/full/250,/0/default.jpg"
02106,sm477ff047882b142af891b8346db0952bc,https://ids.si.edu/ids/deliveryService?id=NPG-S_NPG_2002_184_304,"https://ids.si.edu/ids/iiif/NPG-S_NPG_2002_184_304/full/250,/0/default.jpg"
02107,sm4f676c8f509dc4c958c8e195a90bd35a6,https://ids.si.edu/ids/deliveryService?id=NPG-S_NPG_2002_184_303,"https://ids.si.edu/ids/iiif/NPG-S_NPG_2002_184_303/full/250,/0/default.jpg"
02108,sm477979452322e403587f141da5c9f9ae8,https://ids.si.edu/ids/deliveryService?id=NPG-S_NPG_2002_184_302,"https://ids.si.edu/ids/iiif/NPG-S_NPG_2002_184_302/full/250,/0/default.jpg"
02109,sm4ca82835c78064500844d8cc0dab0f8bf,https://ids.si.edu/ids/deliveryService?id=NPG-S_NPG_2002_184_301,"https://ids.si.edu/ids/iiif/NPG-S_NPG_2002_184_301/full/250,/0/default.jpg"
02110,sm46fab57e998bb4373b90685d89a357690,https://ids.si.edu/ids/deliveryService?id=NPG-S_NPG_2002_184_300,"https://ids.si.edu/ids/iiif/NPG-S_NPG_2002_184_300/full/250,/0/default.jpg"
02111,sm4e312c0ebac2e405da62216a5db7df01a,https://ids.si.edu/ids/deliveryService?id=NPG-S_NPG_2002_184_30,"https://ids.si.edu/ids/iiif/NPG-S_NPG_2002_184_30/full/250,/0/default.jpg"
02112,sm41f056c9750a64e80a58c3b3da1ccc49f,https://ids.si.edu/ids/deliveryService?id=NPG-S_NPG_2002_184_299,"https://ids.si.edu/ids/iiif/NPG-S_NPG_2002_184_299/full/250,/0/default.jpg"
02113,sm4fa8ab420e60544848e00e7fc5fec7a39,https://ids.si.edu/ids/deliveryService?id=NPG-S_NPG_2002_184_298,"https://ids.si.edu/ids/iiif/NPG-S_NPG_2002_184_298/full/250,/0/default.jpg"
02114,sm461df1136d9ab458b8a7a20f93f37a32c,https://ids.si.edu/ids/deliveryService?id=NPG-S_NPG_2002_184_297,"https://ids.si.edu/ids/iiif/NPG-S_NPG_2002_184_297/full/250,/0/default.jpg"
02115,sm41356d856ad25420ea40dee96d259bdc5,https://ids.si.edu/ids/deliveryService?id=NPG-S_NPG_2002_184_296,"https://ids.si.edu/ids/iiif/NPG-S_NPG_2002_184_296/full/250,/0/default.jpg"
02116,sm4f64db72230c7469f90fe4a6ec444a218,https://ids.si.edu/ids/deliveryService?id=NPG-S_NPG_2002_184_295,"https://ids.si.edu/ids/iiif/NPG-S_NPG_2002_184_295/full/250,/0/default.jpg"
02117,sm43007ba83617142edb5ebab61705d1526,https://ids.si.edu/ids/deliveryService?id=NPG-S_NPG_2002_184_294,"https://ids.si.edu/ids/iiif/NPG-S_NPG_2002_184_294/full/250,/0/default.jpg"
02118,sm4714248815f424cabb52a19c38c24248f,https://ids.si.edu/ids/deliveryService?id=NPG-S_NPG_2002_184_293,"https://ids.si.edu/ids/iiif/NPG-S_NPG_2002_184_293/full/250,/0/default.jpg"
02119,sm4e71fc2c2795c4ea6a034b5ab159dfec7,https://ids.si.edu/ids/deliveryService?id=NPG-S_NPG_2002_184_292,"https://ids.si.edu/ids/iiif/NPG-S_NPG_2002_184_292/full/250,/0/default.jpg"
02120,sm4f869d30ec3654049b8e573068962c3a1,https://ids.si.edu/ids/deliveryService?id=NPG-S_NPG_2002_184_291,"https://ids.si.edu/ids/iiif/NPG-S_NPG_2002_184_291/full/250,/0/default.jpg"
02121,sm4f95d306ae36f4140b4a64a105c9dfcdf,https://ids.si.edu/ids/deliveryService?id=NPG-S_NPG_2002_184_290,"https://ids.si.edu/ids/iiif/NPG-S_NPG_2002_184_290/full/250,/0/default.jpg"
02122,sm4213531765f6048619d055b3ebe1fe45f,https://ids.si.edu/ids/deliveryService?id=NPG-S_NPG_2002_184_29,"https://ids.si.edu/ids/iiif/NPG-S_NPG_2002_184_29/full/250,/0/default.jpg"
02123,sm43a51da63b30843c282427b25e07ea595,https://ids.si.edu/ids/deliveryService?id=NPG-S_NPG_2002_184_289,"https://ids.si.edu/ids/iiif/NPG-S_NPG_2002_184_289/full/250,/0/default.jpg"
02124,sm4d205a741f050438fbebcca2a56c72f38,https://ids.si.edu/ids/deliveryService?id=NPG-S_NPG_2002_184_288,"https://ids.si.edu/ids/iiif/NPG-S_NPG_2002_184_288/full/250,/0/default.jpg"
02125,sm4b258e5baa1e14d42b44199470a53b180,https://ids.si.edu/ids/deliveryService?id=NPG-S_NPG_2002_184_287,"https://ids.si.edu/ids/iiif/NPG-S_NPG_2002_184_287/full/250,/0/default.jpg"
02126,sm4f32900e26be742fbbe0613bfe3af9489,https://ids.si.edu/ids/deliveryService?id=NPG-S_NPG_2002_184_286,"https://ids.si.edu/ids/iiif/NPG-S_NPG_2002_184_286/full/250,/0/default.jpg"
02127,sm47cc0e5d0483042ecb95f4bf0e3f28cf8,https://ids.si.edu/ids/deliveryService?id=NPG-S_NPG_2002_184_285,"https://ids.si.edu/ids/iiif/NPG-S_NPG_2002_184_285/full/250,/0/default.jpg"
02128,sm4cbf24870d6d24b458f4f8caef326a0ec,https://ids.si.edu/ids/deliveryService?id=NPG-S_NPG_2002_184_284,"https://ids.si.edu/ids/iiif/NPG-S_NPG_2002_184_284/full/250,/0/default.jpg"
02129,sm46bbc0c3ed7bd4fa398ea8a5cc3ff12d6,https://ids.si.edu/ids/deliveryService?id=NPG-S_NPG_2002_184_283,"https://ids.si.edu/ids/iiif/NPG-S_NPG_2002_184_283/full/250,/0/default.jpg"
02130,sm4c62ffd7e1bab4d13b406929af2161bed,https://ids.si.edu/ids/deliveryService?id=NPG-S_NPG_2002_184_282,"https://ids.si.edu/ids/iiif/NPG-S_NPG_2002_184_282/full/250,/0/default.jpg"
02131,sm452bbf4882e8144208288ba852a8b8e04,https://ids.si.edu/ids/deliveryService?id=NPG-S_NPG_2002_184_281,"https://ids.si.edu/ids/iiif/NPG-S_NPG_2002_184_281/full/250,/0/default.jpg"
02132,sm4cb0b73ef7c7d477c901d35f798013d8f,https://ids.si.edu/ids/deliveryService?id=NPG-S_NPG_2002_184_280,"https://ids.si.edu/ids/iiif/NPG-S_NPG_2002_184_280/full/250,/0/default.jpg"
02133,sm4e85545939d7b4cea9b929b3dfb91fcc1,https://ids.si.edu/ids/deliveryService?id=NPG-S_NPG_2002_184_28,"https://ids.si.edu/ids/iiif/NPG-S_NPG_2002_184_28/full/250,/0/default.jpg"
02134,sm46b347caa1e24412e97cff16606d26518,https://ids.si.edu/ids/deliveryService?id=NPG-S_NPG_2002_184_279,"https://ids.si.edu/ids/iiif/NPG-S_NPG_2002_184_279/full/250,/0/default.jpg"
02135,sm441e65e4fabbd4bf8a297126e0754a441,https://ids.si.edu/ids/deliveryService?id=NPG-S_NPG_2002_184_278,"https://ids.si.edu/ids/iiif/NPG-S_NPG_2002_184_278/full/250,/0/default.jpg"
02136,sm4fdaaee6899ca48d4aca704a635227145,https://ids.si.edu/ids/deliveryService?id=NPG-S_NPG_2002_184_277,"https://ids.si.edu/ids/iiif/NPG-S_NPG_2002_184_277/full/250,/0/default.jpg"
02137,sm430ebcb8a94594cacb5aaf522b6797f0e,https://ids.si.edu/ids/deliveryService?id=NPG-S_NPG_2002_184_276,"https://ids.si.edu/ids/iiif/NPG-S_NPG_2002_184_276/full/250,/0/default.jpg"
02138,sm444dd4599aeb343c7bb538dfe25106245,https://ids.si.edu/ids/deliveryService?id=NPG-S_NPG_2002_184_275,"https://ids.si.edu/ids/iiif/NPG-S_NPG_2002_184_275/full/250,/0/default.jpg"
02139,sm4fdc94c6611414a12b2913b6334ae18f3,https://ids.si.edu/ids/deliveryService?id=NPG-S_NPG_2002_184_274,"https://ids.si.edu/ids/iiif/NPG-S_NPG_2002_184_274/full/250,/0/default.jpg"
02140,sm4619a158632854d2d8a98ba0a4f8391f4,https://ids.si.edu/ids/deliveryService?id=NPG-S_NPG_2002_184_273,"https://ids.si.edu/ids/iiif/NPG-S_NPG_2002_184_273/full/250,/0/default.jpg"
02141,sm46f50355c6e7349da920eda87f2dbfdb0,https://ids.si.edu/ids/deliveryService?id=NPG-S_NPG_2002_184_272,"https://ids.si.edu/ids/iiif/NPG-S_NPG_2002_184_272/full/250,/0/default.jpg"
02142,sm4284757c46f1f4f16884c327524c495ca,https://ids.si.edu/ids/deliveryService?id=NPG-S_NPG_2002_184_271,"https://ids.si.edu/ids/iiif/NPG-S_NPG_2002_184_271/full/250,/0/default.jpg"
02143,sm44a9046ebe74841abb8a1b70b010a0cd1,https://ids.si.edu/ids/deliveryService?id=NPG-S_NPG_2002_184_270,"https://ids.si.edu/ids/iiif/NPG-S_NPG_2002_184_270/full/250,/0/default.jpg"
02144,sm42d0af460711840929951aeedb92dd218,https://ids.si.edu/ids/deliveryService?id=NPG-S_NPG_2002_184_27,"https://ids.si.edu/ids/iiif/NPG-S_NPG_2002_184_27/full/250,/0/default.jpg"
02145,sm4af64620e371849bdb72ffba45f3564f1,https://ids.si.edu/ids/deliveryService?id=NPG-S_NPG_2002_184_269,"https://ids.si.edu/ids/iiif/NPG-S_NPG_2002_184_269/full/250,/0/default.jpg"
02146,sm47f56fb75ff934bd98e57382b633fbd15,https://ids.si.edu/ids/deliveryService?id=NPG-S_NPG_2002_184_268,"https://ids.si.edu/ids/iiif/NPG-S_NPG_2002_184_268/full/250,/0/default.jpg"
02147,sm40089cb2e70e8407cadb68759b4debd6d,https://ids.si.edu/ids/deliveryService?id=NPG-S_NPG_2002_184_267,"https://ids.si.edu/ids/iiif/NPG-S_NPG_2002_184_267/full/250,/0/default.jpg"
02148,sm4518faea9822d48daa836dd15fd332d6d,https://ids.si.edu/ids/deliveryService?id=NPG-S_NPG_2002_184_266,"https://ids.si.edu/ids/iiif/NPG-S_NPG_2002_184_266/full/250,/0/default.jpg"
02149,sm4e1ad8d4c98944078ba260473194739eb,https://ids.si.edu/ids/deliveryService?id=NPG-S_NPG_2002_184_265,"https://ids.si.edu/ids/iiif/NPG-S_NPG_2002_184_265/full/250,/0/default.jpg"
02150,sm4e7cb0d9f67984bcbbc03df7ca2c2d3b8,https://ids.si.edu/ids/deliveryService?id=NPG-S_NPG_2002_184_264,"https://ids.si.edu/ids/iiif/NPG-S_NPG_2002_184_264/full/250,/0/default.jpg"
02151,sm401cdcc5ed2174c34ab9c6f0fe873e7a6,https://ids.si.edu/ids/deliveryService?id=NPG-S_NPG_2002_184_263,"https://ids.si.edu/ids/iiif/NPG-S_NPG_2002_184_263/full/250,/0/default.jpg"
02152,sm4b0ce4fb2ed6c4fd2815dba5a39afbc2d,https://ids.si.edu/ids/deliveryService?id=NPG-S_NPG_2002_184_262,"https://ids.si.edu/ids/iiif/NPG-S_NPG_2002_184_262/full/250,/0/default.jpg"
02153,sm4b8e2c040e46947f1afbd057710335745,https://ids.si.edu/ids/deliveryService?id=NPG-S_NPG_2002_184_261,"https://ids.si.edu/ids/iiif/NPG-S_NPG_2002_184_261/full/250,/0/default.jpg"
02154,sm42fbdd4125fcf462dada9edec385733bf,https://ids.si.edu/ids/deliveryService?id=NPG-S_NPG_2002_184_260,"https://ids.si.edu/ids/iiif/NPG-S_NPG_2002_184_260/full/250,/0/default.jpg"
02155,sm4d660fc4d49a241aebe752ebcb1318630,https://ids.si.edu/ids/deliveryService?id=NPG-S_NPG_2002_184_26,"https://ids.si.edu/ids/iiif/NPG-S_NPG_2002_184_26/full/250,/0/default.jpg"
02156,sm4eac469450dbd4d76a7ab86210e936b49,https://ids.si.edu/ids/deliveryService?id=NPG-S_NPG_2002_184_259,"https://ids.si.edu/ids/iiif/NPG-S_NPG_2002_184_259/full/250,/0/default.jpg"
02157,sm4a71d379da1cc46ad8214f4b11f8bf623,https://ids.si.edu/ids/deliveryService?id=NPG-S_NPG_2002_184_258,"https://ids.si.edu/ids/iiif/NPG-S_NPG_2002_184_258/full/250,/0/default.jpg"
02158,sm45f3ac0106f984771afe0363176ab5e2d,https://ids.si.edu/ids/deliveryService?id=NPG-S_NPG_2002_184_257,"https://ids.si.edu/ids/iiif/NPG-S_NPG_2002_184_257/full/250,/0/default.jpg"
02159,sm4191a41b0fbc94e91a2e948d5782d6ce3,https://ids.si.edu/ids/deliveryService?id=NPG-S_NPG_2002_184_256,"https://ids.si.edu/ids/iiif/NPG-S_NPG_2002_184_256/full/250,/0/default.jpg"
02160,sm4930243a7fe27419c90aae8edccdac375,https://ids.si.edu/ids/deliveryService?id=NPG-S_NPG_2002_184_255,"https://ids.si.edu/ids/iiif/NPG-S_NPG_2002_184_255/full/250,/0/default.jpg"
02161,sm4b3fdd945ca1d4350af19116be375a4de,https://ids.si.edu/ids/deliveryService?id=NPG-S_NPG_2002_184_254,"https://ids.si.edu/ids/iiif/NPG-S_NPG_2002_184_254/full/250,/0/default.jpg"
02162,sm48a3b7a337b3c49cabc3817322ef31798,https://ids.si.edu/ids/deliveryService?id=NPG-S_NPG_2002_184_253,"https://ids.si.edu/ids/iiif/NPG-S_NPG_2002_184_253/full/250,/0/default.jpg"
02163,sm4509a3c51362e439ca41cb69427580599,https://ids.si.edu/ids/deliveryService?id=NPG-S_NPG_2002_184_252,"https://ids.si.edu/ids/iiif/NPG-S_NPG_2002_184_252/full/250,/0/default.jpg"
02164,sm45574c978f7c4488c93ac33d34398522c,https://ids.si.edu/ids/deliveryService?id=NPG-S_NPG_2002_184_251,"https://ids.si.edu/ids/iiif/NPG-S_NPG_2002_184_251/full/250,/0/default.jpg"
02165,sm4b90cecec6e2543ae99eb95c5dfcca7ff,https://ids.si.edu/ids/deliveryService?id=NPG-S_NPG_2002_184_250,"https://ids.si.edu/ids/iiif/NPG-S_NPG_2002_184_250/full/250,/0/default.jpg"
02166,sm4d82c1cc13ace4df298f73314e5a6afc9,https://ids.si.edu/ids/deliveryService?id=NPG-S_NPG_2002_184_25,"https://ids.si.edu/ids/iiif/NPG-S_NPG_2002_184_25/full/250,/0/default.jpg"
02167,sm4444fbdccb4a9404aa22962681a164479,https://ids.si.edu/ids/deliveryService?id=NPG-S_NPG_2002_184_249,"https://ids.si.edu/ids/iiif/NPG-S_NPG_2002_184_249/full/250,/0/default.jpg"
02168,sm410fa0e9ced824e36a1f4a4a9ca83a632,https://ids.si.edu/ids/deliveryService?id=NPG-S_NPG_2002_184_248,"https://ids.si.edu/ids/iiif/NPG-S_NPG_2002_184_248/full/250,/0/default.jpg"
02169,sm48176a080a27e42ada9a94d1ab70b0ff5,https://ids.si.edu/ids/deliveryService?id=NPG-S_NPG_2002_184_247,"https://ids.si.edu/ids/iiif/NPG-S_NPG_2002_184_247/full/250,/0/default.jpg"
02170,sm43c6a8eab1feb40c5be8b3b7b6fa1ad87,https://ids.si.edu/ids/deliveryService?id=NPG-S_NPG_2002_184_246,"https://ids.si.edu/ids/iiif/NPG-S_NPG_2002_184_246/full/250,/0/default.jpg"
02171,sm48d7164c59d374fd7a0a59cd8a6286f42,https://ids.si.edu/ids/deliveryService?id=NPG-S_NPG_2002_184_245,"https://ids.si.edu/ids/iiif/NPG-S_NPG_2002_184_245/full/250,/0/default.jpg"
02172,sm4dc0be327ce2449e789b7ac230f3aec74,https://ids.si.edu/ids/deliveryService?id=NPG-S_NPG_2002_184_244,"https://ids.si.edu/ids/iiif/NPG-S_NPG_2002_184_244/full/250,/0/default.jpg"
02173,sm422d21e52991c415a8c2b821909184051,https://ids.si.edu/ids/deliveryService?id=NPG-S_NPG_2002_184_243,"https://ids.si.edu/ids/iiif/NPG-S_NPG_2002_184_243/full/250,/0/default.jpg"
02174,sm43e32af5b9db74e04b0ab6f9296c523d3,https://ids.si.edu/ids/deliveryService?id=NPG-S_NPG_2002_184_242,"https://ids.si.edu/ids/iiif/NPG-S_NPG_2002_184_242/full/250,/0/default.jpg"
02175,sm4424be76c27df488e8367c60af3fc2cc6,https://ids.si.edu/ids/deliveryService?id=NPG-S_NPG_2002_184_241,"https://ids.si.edu/ids/iiif/NPG-S_NPG_2002_184_241/full/250,/0/default.jpg"
02176,sm49e2d7eb21d90438d877b75d76bb15ef6,https://ids.si.edu/ids/deliveryService?id=NPG-S_NPG_2002_184_240,"https://ids.si.edu/ids/iiif/NPG-S_NPG_2002_184_240/full/250,/0/default.jpg"
02177,sm473162c9bc95e4c1f96ba22258f13c30f,https://ids.si.edu/ids/deliveryService?id=NPG-S_NPG_2002_184_24,"https://ids.si.edu/ids/iiif/NPG-S_NPG_2002_184_24/full/250,/0/default.jpg"
02178,sm4ab9244e7e884404491e55d2dba40ae80,https://ids.si.edu/ids/deliveryService?id=NPG-S_NPG_2002_184_239,"https://ids.si.edu/ids/iiif/NPG-S_NPG_2002_184_239/full/250,/0/default.jpg"
02179,sm4e789f36361dd49de944a693c366cf1e6,https://ids.si.edu/ids/deliveryService?id=NPG-S_NPG_2002_184_238,"https://ids.si.edu/ids/iiif/NPG-S_NPG_2002_184_238/full/250,/0/default.jpg"
02180,sm45577ce8030c443f39e31228bded54ccb,https://ids.si.edu/ids/deliveryService?id=NPG-S_NPG_2002_184_237,"https://ids.si.edu/ids/iiif/NPG-S_NPG_2002_184_237/full/250,/0/default.jpg"
02181,sm407cf4337c71145ffbbdc9508e6cd6ed7,https://ids.si.edu/ids/deliveryService?id=NPG-S_NPG_2002_184_236,"https://ids.si.edu/ids/iiif/NPG-S_NPG_2002_184_236/full/250,/0/default.jpg"
02182,sm46ef66c80ac0b4a7897d9b2bb5ca84254,https://ids.si.edu/ids/deliveryService?id=NPG-S_NPG_2002_184_235,"https://ids.si.edu/ids/iiif/NPG-S_NPG_2002_184_235/full/250,/0/default.jpg"
02183,sm429edee5bd7ad408cafefb8ec07789ef8,https://ids.si.edu/ids/deliveryService?id=NPG-S_NPG_2002_184_234,"https://ids.si.edu/ids/iiif/NPG-S_NPG_2002_184_234/full/250,/0/default.jpg"
02184,sm46e0d7381208d46898419f5669a6a5285,https://ids.si.edu/ids/deliveryService?id=NPG-S_NPG_2002_184_233,"https://ids.si.edu/ids/iiif/NPG-S_NPG_2002_184_233/full/250,/0/default.jpg"
02185,sm451d83308ad0d43c48abb9df226539f48,https://ids.si.edu/ids/deliveryService?id=NPG-S_NPG_2002_184_232,"https://ids.si.edu/ids/iiif/NPG-S_NPG_2002_184_232/full/250,/0/default.jpg"
02186,sm474357dcb716649129823e7c4cd3164e3,https://ids.si.edu/ids/deliveryService?id=NPG-S_NPG_2002_184_231,"https://ids.si.edu/ids/iiif/NPG-S_NPG_2002_184_231/full/250,/0/default.jpg"
02187,sm48719d53c09bd4b7dbd538b6aa720752c,https://ids.si.edu/ids/deliveryService?id=NPG-S_NPG_2002_184_230,"https://ids.si.edu/ids/iiif/NPG-S_NPG_2002_184_230/full/250,/0/default.jpg"
02188,sm451bdb44c03904545ba55d744382970c2,https://ids.si.edu/ids/deliveryService?id=NPG-S_NPG_2002_184_23,"https://ids.si.edu/ids/iiif/NPG-S_NPG_2002_184_23/full/250,/0/default.jpg"
02189,sm4b83441060577408e84e894e66bf51686,https://ids.si.edu/ids/deliveryService?id=NPG-S_NPG_2002_184_229,"https://ids.si.edu/ids/iiif/NPG-S_NPG_2002_184_229/full/250,/0/default.jpg"
02190,sm4d3c299f4fdab4188b29a332a57cbf285,https://ids.si.edu/ids/deliveryService?id=NPG-S_NPG_2002_184_228,"https://ids.si.edu/ids/iiif/NPG-S_NPG_2002_184_228/full/250,/0/default.jpg"
02191,sm49a8570ee2a78433cab7445bc6d465881,https://ids.si.edu/ids/deliveryService?id=NPG-S_NPG_2002_184_227,"https://ids.si.edu/ids/iiif/NPG-S_NPG_2002_184_227/full/250,/0/default.jpg"
02192,sm4eb4ec43cc9b94efc9a3fa87c09c43c9a,https://ids.si.edu/ids/deliveryService?id=NPG-S_NPG_2002_184_226,"https://ids.si.edu/ids/iiif/NPG-S_NPG_2002_184_226/full/250,/0/default.jpg"
02193,sm4b1e3ce69760148e0980188f87dcd053c,https://ids.si.edu/ids/deliveryService?id=NPG-S_NPG_2002_184_225,"https://ids.si.edu/ids/iiif/NPG-S_NPG_2002_184_225/full/250,/0/default.jpg"
02194,sm4b376f67a883f477fba92568a864e507a,https://ids.si.edu/ids/deliveryService?id=NPG-S_NPG_2002_184_224,"https://ids.si.edu/ids/iiif/NPG-S_NPG_2002_184_224/full/250,/0/default.jpg"
02195,sm4ff630141ce1f4750a21cbdc62dc45082,https://ids.si.edu/ids/deliveryService?id=NPG-S_NPG_2002_184_223,"https://ids.si.edu/ids/iiif/NPG-S_NPG_2002_184_223/full/250,/0/default.jpg"
02196,sm47ff6d27806a84c248567af7daaf1bcd3,https://ids.si.edu/ids/deliveryService?id=NPG-S_NPG_2002_184_222,"https://ids.si.edu/ids/iiif/NPG-S_NPG_2002_184_222/full/250,/0/default.jpg"
02197,sm4e5e3846cada740829491217d8417f74e,https://ids.si.edu/ids/deliveryService?id=NPG-S_NPG_2002_184_221,"https://ids.si.edu/ids/iiif/NPG-S_NPG_2002_184_221/full/250,/0/default.jpg"
02198,sm45b633539281945cc97ed50ea12a94ea4,https://ids.si.edu/ids/deliveryService?id=NPG-S_NPG_2002_184_220,"https://ids.si.edu/ids/iiif/NPG-S_NPG_2002_184_220/full/250,/0/default.jpg"
02199,sm4a7d5610bd12c4701bd05e3056719caf0,https://ids.si.edu/ids/deliveryService?id=NPG-S_NPG_2002_184_22,"https://ids.si.edu/ids/iiif/NPG-S_NPG_2002_184_22/full/250,/0/default.jpg"
02200,sm40d1cddafd99d4c96a02f93712d33330e,https://ids.si.edu/ids/deliveryService?id=NPG-S_NPG_2002_184_219,"https://ids.si.edu/ids/iiif/NPG-S_NPG_2002_184_219/full/250,/0/default.jpg"
02201,sm468a5dfc8d3994cb28aa255c498e9ac00,https://ids.si.edu/ids/deliveryService?id=NPG-S_NPG_2002_184_218,"https://ids.si.edu/ids/iiif/NPG-S_NPG_2002_184_218/full/250,/0/default.jpg"
02202,sm44c0e8ad0f070480eb64740501693d8ec,https://ids.si.edu/ids/deliveryService?id=NPG-S_NPG_2002_184_217,"https://ids.si.edu/ids/iiif/NPG-S_NPG_2002_184_217/full/250,/0/default.jpg"
02203,sm4c8d0bc2c47bf409e9d0d2dc9f5aec298,https://ids.si.edu/ids/deliveryService?id=NPG-S_NPG_2002_184_216,"https://ids.si.edu/ids/iiif/NPG-S_NPG_2002_184_216/full/250,/0/default.jpg"
02204,sm48362ae9905ef418c981774aa0cdbe268,https://ids.si.edu/ids/deliveryService?id=NPG-S_NPG_2002_184_215,"https://ids.si.edu/ids/iiif/NPG-S_NPG_2002_184_215/full/250,/0/default.jpg"
02205,sm4aa5a703946eb4ec08af27dd117f00f38,https://ids.si.edu/ids/deliveryService?id=NPG-S_NPG_2002_184_214,"https://ids.si.edu/ids/iiif/NPG-S_NPG_2002_184_214/full/250,/0/default.jpg"
02206,sm408c76eb3f1114a56ac8ffb98a252767e,https://ids.si.edu/ids/deliveryService?id=NPG-S_NPG_2002_184_213,"https://ids.si.edu/ids/iiif/NPG-S_NPG_2002_184_213/full/250,/0/default.jpg"
02207,sm433a63cf4a19a43ac88929c6f48b51105,https://ids.si.edu/ids/deliveryService?id=NPG-S_NPG_2002_184_212,"https://ids.si.edu/ids/iiif/NPG-S_NPG_2002_184_212/full/250,/0/default.jpg"
02208,sm40634364092794452b1702b2ca4fcc4bc,https://ids.si.edu/ids/deliveryService?id=NPG-S_NPG_2002_184_210,"https://ids.si.edu/ids/iiif/NPG-S_NPG_2002_184_210/full/250,/0/default.jpg"
02209,sm487e39e167c3949c0933f945d7ce16685,https://ids.si.edu/ids/deliveryService?id=NPG-S_NPG_2002_184_21,"https://ids.si.edu/ids/iiif/NPG-S_NPG_2002_184_21/full/250,/0/default.jpg"
02210,sm41beca6467c5747e7a8b12f8a3b665c63,https://ids.si.edu/ids/deliveryService?id=NPG-S_NPG_2002_184_209,"https://ids.si.edu/ids/iiif/NPG-S_NPG_2002_184_209/full/250,/0/default.jpg"
02211,sm4a7182cb9c6d4499883c577e366c3f465,https://ids.si.edu/ids/deliveryService?id=NPG-S_NPG_2002_184_208,"https://ids.si.edu/ids/iiif/NPG-S_NPG_2002_184_208/full/250,/0/default.jpg"
02212,sm4d0142680ed6640b5b18fc171fcf4d28c,https://ids.si.edu/ids/deliveryService?id=NPG-S_NPG_2002_184_207,"https://ids.si.edu/ids/iiif/NPG-S_NPG_2002_184_207/full/250,/0/default.jpg"
02213,sm4648af91a90604b86aca424c212efb21c,https://ids.si.edu/ids/deliveryService?id=NPG-S_NPG_2002_184_206,"https://ids.si.edu/ids/iiif/NPG-S_NPG_2002_184_206/full/250,/0/default.jpg"
02214,sm4c84f3b7a18c4492e8b3c78f4bb1a4e18,https://ids.si.edu/ids/deliveryService?id=NPG-S_NPG_2002_184_205,"https://ids.si.edu/ids/iiif/NPG-S_NPG_2002_184_205/full/250,/0/default.jpg"
02215,sm4c9982492ff8a49eb906521a90b7ed127,https://ids.si.edu/ids/deliveryService?id=NPG-S_NPG_2002_184_204,"https://ids.si.edu/ids/iiif/NPG-S_NPG_2002_184_204/full/250,/0/default.jpg"
02216,sm426f22839647f4f028ed1aa704fac1c24,https://ids.si.edu/ids/deliveryService?id=NPG-S_NPG_2002_184_203,"https://ids.si.edu/ids/iiif/NPG-S_NPG_2002_184_203/full/250,/0/default.jpg"
02217,sm42537ba5fbe8b495594884a9e3a7ce7f0,https://ids.si.edu/ids/deliveryService?id=NPG-S_NPG_2002_184_202,"https://ids.si.edu/ids/iiif/NPG-S_NPG_2002_184_202/full/250,/0/default.jpg"
02218,sm4e245c4badf9c44a28a49cc949a953b34,https://ids.si.edu/ids/deliveryService?id=NPG-S_NPG_2002_184_201,"https://ids.si.edu/ids/iiif/NPG-S_NPG_2002_184_201/full/250,/0/default.jpg"
02219,sm41a8d3c08001d4abcaa7a35683c672842,https://ids.si.edu/ids/deliveryService?id=NPG-S_NPG_2002_184_200,"https://ids.si.edu/ids/iiif/NPG-S_NPG_2002_184_200/full/250,/0/default.jpg"
02220,sm432dee5bc2dde49bca57a5d917bd0a7e1,https://ids.si.edu/ids/deliveryService?id=NPG-S_NPG_2002_184_20,"https://ids.si.edu/ids/iiif/NPG-S_NPG_2002_184_20/full/250,/0/default.jpg"
02221,sm482ebd39495894bffa9709fddef2b7e3f,https://ids.si.edu/ids/deliveryService?id=NPG-S_NPG_2002_184_2,"https://ids.si.edu/ids/iiif/NPG-S_NPG_2002_184_2/full/250,/0/default.jpg"
02222,sm4b81db88c56c64d57ae519e77a40130a2,https://ids.si.edu/ids/deliveryService?id=NPG-S_NPG_2002_184_199,"https://ids.si.edu/ids/iiif/NPG-S_NPG_2002_184_199/full/250,/0/default.jpg"
02223,sm44378f17bb8674bfda712310239924917,https://ids.si.edu/ids/deliveryService?id=NPG-S_NPG_2002_184_198,"https://ids.si.edu/ids/iiif/NPG-S_NPG_2002_184_198/full/250,/0/default.jpg"
02224,sm44429f9a02d8247cabdfaae4d64de463c,https://ids.si.edu/ids/deliveryService?id=NPG-S_NPG_2002_184_197,"https://ids.si.edu/ids/iiif/NPG-S_NPG_2002_184_197/full/250,/0/default.jpg"
02225,sm43c14142196eb48f491f7efb965b676a9,https://ids.si.edu/ids/deliveryService?id=NPG-S_NPG_2002_184_196,"https://ids.si.edu/ids/iiif/NPG-S_NPG_2002_184_196/full/250,/0/default.jpg"
02226,sm4bddc3e5038fe4c6bac4202dfc1097f42,https://ids.si.edu/ids/deliveryService?id=NPG-S_NPG_2002_184_195,"https://ids.si.edu/ids/iiif/NPG-S_NPG_2002_184_195/full/250,/0/default.jpg"
02227,sm4ee0aa3e4c05d41bd87f334816a8d60ba,https://ids.si.edu/ids/deliveryService?id=NPG-S_NPG_2002_184_194,"https://ids.si.edu/ids/iiif/NPG-S_NPG_2002_184_194/full/250,/0/default.jpg"
02228,sm47b639f5eb48c4a45bf97f089e970ca76,https://ids.si.edu/ids/deliveryService?id=NPG-S_NPG_2002_184_193,"https://ids.si.edu/ids/iiif/NPG-S_NPG_2002_184_193/full/250,/0/default.jpg"
02229,sm4311bd2429fdc48cbbbf851d3e84ef224,https://ids.si.edu/ids/deliveryService?id=NPG-S_NPG_2002_184_192,"https://ids.si.edu/ids/iiif/NPG-S_NPG_2002_184_192/full/250,/0/default.jpg"
02230,sm4ed68405b77b843b2bf3262f947cc53d5,https://ids.si.edu/ids/deliveryService?id=NPG-S_NPG_2002_184_191,"https://ids.si.edu/ids/iiif/NPG-S_NPG_2002_184_191/full/250,/0/default.jpg"
02231,sm4a046dab7b7384b1d8dc1a9c2cd3c83df,https://ids.si.edu/ids/deliveryService?id=NPG-S_NPG_2002_184_190,"https://ids.si.edu/ids/iiif/NPG-S_NPG_2002_184_190/full/250,/0/default.jpg"
02232,sm435b1f9418956432e8b1d31b267f6ef15,https://ids.si.edu/ids/deliveryService?id=NPG-S_NPG_2002_184_19,"https://ids.si.edu/ids/iiif/NPG-S_NPG_2002_184_19/full/250,/0/default.jpg"
02233,sm4650c541d735f4596b570ad478249f2c3,https://ids.si.edu/ids/deliveryService?id=NPG-S_NPG_2002_184_189,"https://ids.si.edu/ids/iiif/NPG-S_NPG_2002_184_189/full/250,/0/default.jpg"
02234,sm4193e2afefed7415581f2f72a3ddd7f0b,https://ids.si.edu/ids/deliveryService?id=NPG-S_NPG_2002_184_188,"https://ids.si.edu/ids/iiif/NPG-S_NPG_2002_184_188/full/250,/0/default.jpg"
02235,sm4cdb6600495a14abcb5205ac233bdaed2,https://ids.si.edu/ids/deliveryService?id=NPG-S_NPG_2002_184_187,"https://ids.si.edu/ids/iiif/NPG-S_NPG_2002_184_187/full/250,/0/default.jpg"
02236,sm4d86d3ba7eac344ec8a069d5655d003a2,https://ids.si.edu/ids/deliveryService?id=NPG-S_NPG_2002_184_186,"https://ids.si.edu/ids/iiif/NPG-S_NPG_2002_184_186/full/250,/0/default.jpg"
02237,sm49f4832f5f83d4c319656dcee0c428dfd,https://ids.si.edu/ids/deliveryService?id=NPG-S_NPG_2002_184_185,"https://ids.si.edu/ids/iiif/NPG-S_NPG_2002_184_185/full/250,/0/default.jpg"
02238,sm4eaf20f28a6b94acabc11c0fd1f11d8ef,https://ids.si.edu/ids/deliveryService?id=NPG-S_NPG_2002_184_184,"https://ids.si.edu/ids/iiif/NPG-S_NPG_2002_184_184/full/250,/0/default.jpg"
02239,sm41e28cd1f3a3f477786caf2b8e817292d,https://ids.si.edu/ids/deliveryService?id=NPG-S_NPG_2002_184_183,"https://ids.si.edu/ids/iiif/NPG-S_NPG_2002_184_183/full/250,/0/default.jpg"
02240,sm462687431cb154862b73f38f274237515,https://ids.si.edu/ids/deliveryService?id=NPG-S_NPG_2002_184_1828,"https://ids.si.edu/ids/iiif/NPG-S_NPG_2002_184_1828/full/250,/0/default.jpg"
02241,sm49327ed30eb624f16b5f038d9cbdef0f0,https://ids.si.edu/ids/deliveryService?id=NPG-S_NPG_2002_184_1827,"https://ids.si.edu/ids/iiif/NPG-S_NPG_2002_184_1827/full/250,/0/default.jpg"
02242,sm4ec664c5a384f47469dd9490e9ea421ae,https://ids.si.edu/ids/deliveryService?id=NPG-S_NPG_2002_184_1826,"https://ids.si.edu/ids/iiif/NPG-S_NPG_2002_184_1826/full/250,/0/default.jpg"
02243,sm43bbfa469e02742d5a441986deae8f34f,https://ids.si.edu/ids/deliveryService?id=NPG-S_NPG_2002_184_1825,"https://ids.si.edu/ids/iiif/NPG-S_NPG_2002_184_1825/full/250,/0/default.jpg"
02244,sm4c637a4d43820458f9588be7a5b05d9c1,https://ids.si.edu/ids/deliveryService?id=NPG-S_NPG_2002_184_1824,"https://ids.si.edu/ids/iiif/NPG-S_NPG_2002_184_1824/full/250,/0/default.jpg"
02245,sm4cd985b44d39e461499f3cd6fe9ebea66,https://ids.si.edu/ids/deliveryService?id=NPG-S_NPG_2002_184_1823,"https://ids.si.edu/ids/iiif/NPG-S_NPG_2002_184_1823/full/250,/0/default.jpg"
02246,sm4061509073f7f4c1b80f4175e3ae9a49d,https://ids.si.edu/ids/deliveryService?id=NPG-S_NPG_2002_184_1822,"https://ids.si.edu/ids/iiif/NPG-S_NPG_2002_184_1822/full/250,/0/default.jpg"
02247,sm4e6ce20059b6e43269ca26fdb09798778,https://ids.si.edu/ids/deliveryService?id=NPG-S_NPG_2002_184_1821,"https://ids.si.edu/ids/iiif/NPG-S_NPG_2002_184_1821/full/250,/0/default.jpg"
02248,sm4aaf9fa888fb842c6b41c7b121f8e7768,https://ids.si.edu/ids/deliveryService?id=NPG-S_NPG_2002_184_1820,"https://ids.si.edu/ids/iiif/NPG-S_NPG_2002_184_1820/full/250,/0/default.jpg"
02249,sm48557c9351ce744699143e7731a98916b,https://ids.si.edu/ids/deliveryService?id=NPG-S_NPG_2002_184_182,"https://ids.si.edu/ids/iiif/NPG-S_NPG_2002_184_182/full/250,/0/default.jpg"
02250,sm479dbc72ef94241bf9921b0f45f241668,https://ids.si.edu/ids/deliveryService?id=NPG-S_NPG_2002_184_1819,"https://ids.si.edu/ids/iiif/NPG-S_NPG_2002_184_1819/full/250,/0/default.jpg"
02251,sm43acfce5fe06142cfabff4a76f8586878,https://ids.si.edu/ids/deliveryService?id=NPG-S_NPG_2002_184_1818,"https://ids.si.edu/ids/iiif/NPG-S_NPG_2002_184_1818/full/250,/0/default.jpg"
02252,sm45fd51c03508f4dc7923c7042411a6a23,https://ids.si.edu/ids/deliveryService?id=NPG-S_NPG_2002_184_1817,"https://ids.si.edu/ids/iiif/NPG-S_NPG_2002_184_1817/full/250,/0/default.jpg"
02253,sm4e82bdd857af34c029951e37b5084f51a,https://ids.si.edu/ids/deliveryService?id=NPG-S_NPG_2002_184_1816,"https://ids.si.edu/ids/iiif/NPG-S_NPG_2002_184_1816/full/250,/0/default.jpg"
02254,sm4f09cc2c6c59f46dc80e7da156e256961,https://ids.si.edu/ids/deliveryService?id=NPG-S_NPG_2002_184_1815,"https://ids.si.edu/ids/iiif/NPG-S_NPG_2002_184_1815/full/250,/0/default.jpg"
02255,sm47a5edb284d764da39556dae65f96606b,https://ids.si.edu/ids/deliveryService?id=NPG-S_NPG_2002_184_1814,"https://ids.si.edu/ids/iiif/NPG-S_NPG_2002_184_1814/full/250,/0/default.jpg"
02256,sm490eb560ed07c41fdb67b75a4beb55806,https://ids.si.edu/ids/deliveryService?id=NPG-S_NPG_2002_184_1813,"https://ids.si.edu/ids/iiif/NPG-S_NPG_2002_184_1813/full/250,/0/default.jpg"
02257,sm41cac0cdd8243407d8342eeb760fe276b,https://ids.si.edu/ids/deliveryService?id=NPG-S_NPG_2002_184_1812,"https://ids.si.edu/ids/iiif/NPG-S_NPG_2002_184_1812/full/250,/0/default.jpg"
02258,sm458d13a31dcd042d48e4fac28f2b606f1,https://ids.si.edu/ids/deliveryService?id=NPG-S_NPG_2002_184_1811,"https://ids.si.edu/ids/iiif/NPG-S_NPG_2002_184_1811/full/250,/0/default.jpg"
02259,sm403c7935fc5ee4f74a101726c22c9d8ac,https://ids.si.edu/ids/deliveryService?id=NPG-S_NPG_2002_184_1810,"https://ids.si.edu/ids/iiif/NPG-S_NPG_2002_184_1810/full/250,/0/default.jpg"
02260,sm4bb7cefb04e8a4a2ea49e11a3d07df05b,https://ids.si.edu/ids/deliveryService?id=NPG-S_NPG_2002_184_181,"https://ids.si.edu/ids/iiif/NPG-S_NPG_2002_184_181/full/250,/0/default.jpg"
02261,sm437ed9fa2ec864a1b83e8d1fcc7d2c903,https://ids.si.edu/ids/deliveryService?id=NPG-S_NPG_2002_184_1809,"https://ids.si.edu/ids/iiif/NPG-S_NPG_2002_184_1809/full/250,/0/default.jpg"
02262,sm4bd067624a4bd4123ab87321130e7cb63,https://ids.si.edu/ids/deliveryService?id=NPG-S_NPG_2002_184_1808,"https://ids.si.edu/ids/iiif/NPG-S_NPG_2002_184_1808/full/250,/0/default.jpg"
02263,sm4269fa43a82d34df08f3341527d01983f,https://ids.si.edu/ids/deliveryService?id=NPG-S_NPG_2002_184_1807,"https://ids.si.edu/ids/iiif/NPG-S_NPG_2002_184_1807/full/250,/0/default.jpg"
02264,sm45d8272248ac94485a932212fa9356cc3,https://ids.si.edu/ids/deliveryService?id=NPG-S_NPG_2002_184_1806,"https://ids.si.edu/ids/iiif/NPG-S_NPG_2002_184_1806/full/250,/0/default.jpg"
02265,sm412f3bf9b889247cab6ae8458691f1655,https://ids.si.edu/ids/deliveryService?id=NPG-S_NPG_2002_184_1805,"https://ids.si.edu/ids/iiif/NPG-S_NPG_2002_184_1805/full/250,/0/default.jpg"
02266,sm456751d3688b14e9db8a7d74c9ba1d8ce,https://ids.si.edu/ids/deliveryService?id=NPG-S_NPG_2002_184_1804,"https://ids.si.edu/ids/iiif/NPG-S_NPG_2002_184_1804/full/250,/0/default.jpg"
02267,sm40e41266b4c924f9f9102a3c57c7a60a8,https://ids.si.edu/ids/deliveryService?id=NPG-S_NPG_2002_184_1803,"https://ids.si.edu/ids/iiif/NPG-S_NPG_2002_184_1803/full/250,/0/default.jpg"
02268,sm46c640ed9e14b4782abc6566700e402c9,https://ids.si.edu/ids/deliveryService?id=NPG-S_NPG_2002_184_1802,"https://ids.si.edu/ids/iiif/NPG-S_NPG_2002_184_1802/full/250,/0/default.jpg"
02269,sm40931ca3c1ace484e969cf2b7aafa9b25,https://ids.si.edu/ids/deliveryService?id=NPG-S_NPG_2002_184_1801,"https://ids.si.edu/ids/iiif/NPG-S_NPG_2002_184_1801/full/250,/0/default.jpg"
02270,sm4fa31962f1dc3494fbeb73b60b1181ed2,https://ids.si.edu/ids/deliveryService?id=NPG-S_NPG_2002_184_1800,"https://ids.si.edu/ids/iiif/NPG-S_NPG_2002_184_1800/full/250,/0/default.jpg"
02271,sm43c2efd465dbe4e00981d7235fad4db9f,https://ids.si.edu/ids/deliveryService?id=NPG-S_NPG_2002_184_180,"https://ids.si.edu/ids/iiif/NPG-S_NPG_2002_184_180/full/250,/0/default.jpg"
02272,sm4835b353abc78406a847e40239cd030ef,https://ids.si.edu/ids/deliveryService?id=NPG-S_NPG_2002_184_18,"https://ids.si.edu/ids/iiif/NPG-S_NPG_2002_184_18/full/250,/0/default.jpg"
02273,sm4d1840336b3e14caf9c956576bc75405e,https://ids.si.edu/ids/deliveryService?id=NPG-S_NPG_2002_184_1799,"https://ids.si.edu/ids/iiif/NPG-S_NPG_2002_184_1799/full/250,/0/default.jpg"
02274,sm48660435df7be4247a572e59acd5f929c,https://ids.si.edu/ids/deliveryService?id=NPG-S_NPG_2002_184_1798,"https://ids.si.edu/ids/iiif/NPG-S_NPG_2002_184_1798/full/250,/0/default.jpg"
02275,sm446c6d5f6e35446098b83d2d3f08caf35,https://ids.si.edu/ids/deliveryService?id=NPG-S_NPG_2002_184_1797,"https://ids.si.edu/ids/iiif/NPG-S_NPG_2002_184_1797/full/250,/0/default.jpg"
02276,sm443b9581a8eda45dd9088970ab1beb159,https://ids.si.edu/ids/deliveryService?id=NPG-S_NPG_2002_184_1796,"https://ids.si.edu/ids/iiif/NPG-S_NPG_2002_184_1796/full/250,/0/default.jpg"
02277,sm420109cce3097418687872e61c866c78e,https://ids.si.edu/ids/deliveryService?id=NPG-S_NPG_2002_184_1795,"https://ids.si.edu/ids/iiif/NPG-S_NPG_2002_184_1795/full/250,/0/default.jpg"
02278,sm4a3edd551c1414feb8e09511acfdcfe85,https://ids.si.edu/ids/deliveryService?id=NPG-S_NPG_2002_184_1794,"https://ids.si.edu/ids/iiif/NPG-S_NPG_2002_184_1794/full/250,/0/default.jpg"
02279,sm48a3e238df875427e983bbc884f463f85,https://ids.si.edu/ids/deliveryService?id=NPG-S_NPG_2002_184_1793,"https://ids.si.edu/ids/iiif/NPG-S_NPG_2002_184_1793/full/250,/0/default.jpg"
02280,sm42606ec4866bb40b5b540238b83929e95,https://ids.si.edu/ids/deliveryService?id=NPG-S_NPG_2002_184_1792,"https://ids.si.edu/ids/iiif/NPG-S_NPG_2002_184_1792/full/250,/0/default.jpg"
02281,sm40e832f18cb864d0da3435d968f886f69,https://ids.si.edu/ids/deliveryService?id=NPG-S_NPG_2002_184_1791,"https://ids.si.edu/ids/iiif/NPG-S_NPG_2002_184_1791/full/250,/0/default.jpg"
02282,sm40625e90771694cee804c5b28b720fafe,https://ids.si.edu/ids/deliveryService?id=NPG-S_NPG_2002_184_1790,"https://ids.si.edu/ids/iiif/NPG-S_NPG_2002_184_1790/full/250,/0/default.jpg"
02283,sm4e7bf945d6d1f4e61abf211dea7124c7b,https://ids.si.edu/ids/deliveryService?id=NPG-S_NPG_2002_184_179,"https://ids.si.edu/ids/iiif/NPG-S_NPG_2002_184_179/full/250,/0/default.jpg"
02284,sm4ec918c94c7ef444c843aa5cdb3b6e4a9,https://ids.si.edu/ids/deliveryService?id=NPG-S_NPG_2002_184_1789,"https://ids.si.edu/ids/iiif/NPG-S_NPG_2002_184_1789/full/250,/0/default.jpg"
02285,sm45cf77a98e0794e709eb283b6dc2cadb4,https://ids.si.edu/ids/deliveryService?id=NPG-S_NPG_2002_184_1788,"https://ids.si.edu/ids/iiif/NPG-S_NPG_2002_184_1788/full/250,/0/default.jpg"
02286,sm446f7c0a3678944c293f4a7d0c1adab9f,https://ids.si.edu/ids/deliveryService?id=NPG-S_NPG_2002_184_1787,"https://ids.si.edu/ids/iiif/NPG-S_NPG_2002_184_1787/full/250,/0/default.jpg"
02287,sm4e0a10cd0d7214a9490dfe433dcc2ccbf,https://ids.si.edu/ids/deliveryService?id=NPG-S_NPG_2002_184_1786,"https://ids.si.edu/ids/iiif/NPG-S_NPG_2002_184_1786/full/250,/0/default.jpg"
02288,sm4808f9d6ab0b54d94af92e253fafeb0b3,https://ids.si.edu/ids/deliveryService?id=NPG-S_NPG_2002_184_1785,"https://ids.si.edu/ids/iiif/NPG-S_NPG_2002_184_1785/full/250,/0/default.jpg"
02289,sm40357f6fa64884135a52f5c49e56f91d4,https://ids.si.edu/ids/deliveryService?id=NPG-S_NPG_2002_184_1784,"https://ids.si.edu/ids/iiif/NPG-S_NPG_2002_184_1784/full/250,/0/default.jpg"
02290,sm46919808af91649e38bd968f3eb6bcef0,https://ids.si.edu/ids/deliveryService?id=NPG-S_NPG_2002_184_1783,"https://ids.si.edu/ids/iiif/NPG-S_NPG_2002_184_1783/full/250,/0/default.jpg"
02291,sm4daae84aecb5c46f4aaedb015218df9e3,https://ids.si.edu/ids/deliveryService?id=NPG-S_NPG_2002_184_1782,"https://ids.si.edu/ids/iiif/NPG-S_NPG_2002_184_1782/full/250,/0/default.jpg"
02292,sm4a52a3b47b79240f8af3a263a2f36a6bc,https://ids.si.edu/ids/deliveryService?id=NPG-S_NPG_2002_184_1781,"https://ids.si.edu/ids/iiif/NPG-S_NPG_2002_184_1781/full/250,/0/default.jpg"
02293,sm4991cae5e0a4e4e7fbfe7db0a769b8ddf,https://ids.si.edu/ids/deliveryService?id=NPG-S_NPG_2002_184_1780,"https://ids.si.edu/ids/iiif/NPG-S_NPG_2002_184_1780/full/250,/0/default.jpg"
02294,sm4f68bf62c6ce84c928d804a8b5dd15cd4,https://ids.si.edu/ids/deliveryService?id=NPG-S_NPG_2002_184_178,"https://ids.si.edu/ids/iiif/NPG-S_NPG_2002_184_178/full/250,/0/default.jpg"
02295,sm45172cbcca25d44bcb86c484c49586f55,https://ids.si.edu/ids/deliveryService?id=NPG-S_NPG_2002_184_1779,"https://ids.si.edu/ids/iiif/NPG-S_NPG_2002_184_1779/full/250,/0/default.jpg"
02296,sm4466c81fc6209465a84406708256f5fb8,https://ids.si.edu/ids/deliveryService?id=NPG-S_NPG_2002_184_1778,"https://ids.si.edu/ids/iiif/NPG-S_NPG_2002_184_1778/full/250,/0/default.jpg"
02297,sm47eb9b2f4597946e18027293f1397c879,https://ids.si.edu/ids/deliveryService?id=NPG-S_NPG_2002_184_1777,"https://ids.si.edu/ids/iiif/NPG-S_NPG_2002_184_1777/full/250,/0/default.jpg"
02298,sm4a73df75245bf431c9f72eda240b70c63,https://ids.si.edu/ids/deliveryService?id=NPG-S_NPG_2002_184_1776,"https://ids.si.edu/ids/iiif/NPG-S_NPG_2002_184_1776/full/250,/0/default.jpg"
02299,sm418be9067a9144edda9a6b216d1bc02e4,https://ids.si.edu/ids/deliveryService?id=NPG-S_NPG_2002_184_1775,"https://ids.si.edu/ids/iiif/NPG-S_NPG_2002_184_1775/full/250,/0/default.jpg"
02300,sm42432e69a583349b6bc28b089a241d60e,https://ids.si.edu/ids/deliveryService?id=NPG-S_NPG_2002_184_1774,"https://ids.si.edu/ids/iiif/NPG-S_NPG_2002_184_1774/full/250,/0/default.jpg"
02301,sm4a81706201d2449f29833fa1633a4735d,https://ids.si.edu/ids/deliveryService?id=NPG-S_NPG_2002_184_1773,"https://ids.si.edu/ids/iiif/NPG-S_NPG_2002_184_1773/full/250,/0/default.jpg"
02302,sm421a20ad607504100b01177c7055d664f,https://ids.si.edu/ids/deliveryService?id=NPG-S_NPG_2002_184_1772,"https://ids.si.edu/ids/iiif/NPG-S_NPG_2002_184_1772/full/250,/0/default.jpg"
02303,sm48eccbbe4d6c94945832b2e63b2b7c9ae,https://ids.si.edu/ids/deliveryService?id=NPG-S_NPG_2002_184_1771,"https://ids.si.edu/ids/iiif/NPG-S_NPG_2002_184_1771/full/250,/0/default.jpg"
02304,sm4ca738f171d4a4e8aa8583438bd5c787d,https://ids.si.edu/ids/deliveryService?id=NPG-S_NPG_2002_184_1770,"https://ids.si.edu/ids/iiif/NPG-S_NPG_2002_184_1770/full/250,/0/default.jpg"
02305,sm42a59e5538bfe4d188c4685e587bdbd75,https://ids.si.edu/ids/deliveryService?id=NPG-S_NPG_2002_184_177,"https://ids.si.edu/ids/iiif/NPG-S_NPG_2002_184_177/full/250,/0/default.jpg"
02306,sm43517c46f85f84449a4dd3bd1fdb526dd,https://ids.si.edu/ids/deliveryService?id=NPG-S_NPG_2002_184_1769,"https://ids.si.edu/ids/iiif/NPG-S_NPG_2002_184_1769/full/250,/0/default.jpg"
02307,sm4a7e7ff0254304329ad8c4a761c8d7dac,https://ids.si.edu/ids/deliveryService?id=NPG-S_NPG_2002_184_1768,"https://ids.si.edu/ids/iiif/NPG-S_NPG_2002_184_1768/full/250,/0/default.jpg"
02308,sm46dbdbd602e1e4b678a314db1321bc39d,https://ids.si.edu/ids/deliveryService?id=NPG-S_NPG_2002_184_1767,"https://ids.si.edu/ids/iiif/NPG-S_NPG_2002_184_1767/full/250,/0/default.jpg"
02309,sm443731c113853487d8b9550915828861d,https://ids.si.edu/ids/deliveryService?id=NPG-S_NPG_2002_184_1766,"https://ids.si.edu/ids/iiif/NPG-S_NPG_2002_184_1766/full/250,/0/default.jpg"
02310,sm4832ff44a41f34123b334ca6649f7f636,https://ids.si.edu/ids/deliveryService?id=NPG-S_NPG_2002_184_1765,"https://ids.si.edu/ids/iiif/NPG-S_NPG_2002_184_1765/full/250,/0/default.jpg"
02311,sm4d2b180cf49b74d748e063c008038cff8,https://ids.si.edu/ids/deliveryService?id=NPG-S_NPG_2002_184_1764,"https://ids.si.edu/ids/iiif/NPG-S_NPG_2002_184_1764/full/250,/0/default.jpg"
02312,sm4d9db5d06e9f84b83a72e9456e174a86e,https://ids.si.edu/ids/deliveryService?id=NPG-S_NPG_2002_184_1763,"https://ids.si.edu/ids/iiif/NPG-S_NPG_2002_184_1763/full/250,/0/default.jpg"
02313,sm4862588f47c3c4e57b88f78aa16746981,https://ids.si.edu/ids/deliveryService?id=NPG-S_NPG_2002_184_1762,"https://ids.si.edu/ids/iiif/NPG-S_NPG_2002_184_1762/full/250,/0/default.jpg"
02314,sm40e68f1e88cc646ec88fb2eb8e34ce146,https://ids.si.edu/ids/deliveryService?id=NPG-S_NPG_2002_184_1761,"https://ids.si.edu/ids/iiif/NPG-S_NPG_2002_184_1761/full/250,/0/default.jpg"
02315,sm45e7188fc455447928b313c4ad0eb6834,https://ids.si.edu/ids/deliveryService?id=NPG-S_NPG_2002_184_1760,"https://ids.si.edu/ids/iiif/NPG-S_NPG_2002_184_1760/full/250,/0/default.jpg"
02316,sm41a155326e6c24b1a9daed40dba3d4c53,https://ids.si.edu/ids/deliveryService?id=NPG-S_NPG_2002_184_176,"https://ids.si.edu/ids/iiif/NPG-S_NPG_2002_184_176/full/250,/0/default.jpg"
02317,sm4419eb4461c3b46979df68032978d347c,https://ids.si.edu/ids/deliveryService?id=NPG-S_NPG_2002_184_1759,"https://ids.si.edu/ids/iiif/NPG-S_NPG_2002_184_1759/full/250,/0/default.jpg"
02318,sm422fb132a77d84315bcc7a4d1eda47edb,https://ids.si.edu/ids/deliveryService?id=NPG-S_NPG_2002_184_1758,"https://ids.si.edu/ids/iiif/NPG-S_NPG_2002_184_1758/full/250,/0/default.jpg"
02319,sm4bdac876ee9a24f87aeeec3efd59515fa,https://ids.si.edu/ids/deliveryService?id=NPG-S_NPG_2002_184_1757,"https://ids.si.edu/ids/iiif/NPG-S_NPG_2002_184_1757/full/250,/0/default.jpg"
02320,sm432ce2487fb6d493fa4c0650d00272c0f,https://ids.si.edu/ids/deliveryService?id=NPG-S_NPG_2002_184_1756,"https://ids.si.edu/ids/iiif/NPG-S_NPG_2002_184_1756/full/250,/0/default.jpg"
02321,sm4912647fe4b724003983ab8132bcc5192,https://ids.si.edu/ids/deliveryService?id=NPG-S_NPG_2002_184_1755,"https://ids.si.edu/ids/iiif/NPG-S_NPG_2002_184_1755/full/250,/0/default.jpg"
02322,sm4083e6e689a3a4a5dbbc10ef552596506,https://ids.si.edu/ids/deliveryService?id=NPG-S_NPG_2002_184_1754,"https://ids.si.edu/ids/iiif/NPG-S_NPG_2002_184_1754/full/250,/0/default.jpg"
02323,sm4c168fa62f0b14bd087bcc58f618a2bbc,https://ids.si.edu/ids/deliveryService?id=NPG-S_NPG_2002_184_1753,"https://ids.si.edu/ids/iiif/NPG-S_NPG_2002_184_1753/full/250,/0/default.jpg"
02324,sm4d36c734b2ce14df78962632e52d243ef,https://ids.si.edu/ids/deliveryService?id=NPG-S_NPG_2002_184_1752,"https://ids.si.edu/ids/iiif/NPG-S_NPG_2002_184_1752/full/250,/0/default.jpg"
02325,sm41cf1d1425bda4c7ab4619ad7454937a6,https://ids.si.edu/ids/deliveryService?id=NPG-S_NPG_2002_184_1751,"https://ids.si.edu/ids/iiif/NPG-S_NPG_2002_184_1751/full/250,/0/default.jpg"
02326,sm4d3cd8e07405645569d9c2dbd380da33a,https://ids.si.edu/ids/deliveryService?id=NPG-S_NPG_2002_184_1750,"https://ids.si.edu/ids/iiif/NPG-S_NPG_2002_184_1750/full/250,/0/default.jpg"
02327,sm4f6a7a91468de425383144d31e304762c,https://ids.si.edu/ids/deliveryService?id=NPG-S_NPG_2002_184_175,"https://ids.si.edu/ids/iiif/NPG-S_NPG_2002_184_175/full/250,/0/default.jpg"
02328,sm49fbf31f8bf87488d8c62f7781cefdc5e,https://ids.si.edu/ids/deliveryService?id=NPG-S_NPG_2002_184_1749,"https://ids.si.edu/ids/iiif/NPG-S_NPG_2002_184_1749/full/250,/0/default.jpg"
02329,sm40c254d4bf987452293b6e671d01ff964,https://ids.si.edu/ids/deliveryService?id=NPG-S_NPG_2002_184_1748,"https://ids.si.edu/ids/iiif/NPG-S_NPG_2002_184_1748/full/250,/0/default.jpg"
02330,sm421240020e7574834aaea9d7b24f12462,https://ids.si.edu/ids/deliveryService?id=NPG-S_NPG_2002_184_1747,"https://ids.si.edu/ids/iiif/NPG-S_NPG_2002_184_1747/full/250,/0/default.jpg"
02331,sm43156fa6d62a24a0f867add5e73f63580,https://ids.si.edu/ids/deliveryService?id=NPG-S_NPG_2002_184_1746,"https://ids.si.edu/ids/iiif/NPG-S_NPG_2002_184_1746/full/250,/0/default.jpg"
02332,sm43eb1253069624f2f81bb8412219c6ebc,https://ids.si.edu/ids/deliveryService?id=NPG-S_NPG_2002_184_1745,"https://ids.si.edu/ids/iiif/NPG-S_NPG_2002_184_1745/full/250,/0/default.jpg"
02333,sm41b38821ca3034cd9a8c62ad154bf67b5,https://ids.si.edu/ids/deliveryService?id=NPG-S_NPG_2002_184_1744,"https://ids.si.edu/ids/iiif/NPG-S_NPG_2002_184_1744/full/250,/0/default.jpg"
02334,sm40e3c5b3bf59941d384f328840f0fe484,https://ids.si.edu/ids/deliveryService?id=NPG-S_NPG_2002_184_1743,"https://ids.si.edu/ids/iiif/NPG-S_NPG_2002_184_1743/full/250,/0/default.jpg"
02335,sm45903f2bc122448fb9f9f5b7ccfa4d679,https://ids.si.edu/ids/deliveryService?id=NPG-S_NPG_2002_184_1742,"https://ids.si.edu/ids/iiif/NPG-S_NPG_2002_184_1742/full/250,/0/default.jpg"
02336,sm45d91877ba0ca4f96be7b121d958ccaaa,https://ids.si.edu/ids/deliveryService?id=NPG-S_NPG_2002_184_1741,"https://ids.si.edu/ids/iiif/NPG-S_NPG_2002_184_1741/full/250,/0/default.jpg"
02337,sm4118c1db82444465b886cccd57d0921c3,https://ids.si.edu/ids/deliveryService?id=NPG-S_NPG_2002_184_1740,"https://ids.si.edu/ids/iiif/NPG-S_NPG_2002_184_1740/full/250,/0/default.jpg"
02338,sm411c90b4c49ac4835aa11cf256c69f9ea,https://ids.si.edu/ids/deliveryService?id=NPG-S_NPG_2002_184_174,"https://ids.si.edu/ids/iiif/NPG-S_NPG_2002_184_174/full/250,/0/default.jpg"
02339,sm4c545e39900394e6d80db6108df3f9fa5,https://ids.si.edu/ids/deliveryService?id=NPG-S_NPG_2002_184_1739,"https://ids.si.edu/ids/iiif/NPG-S_NPG_2002_184_1739/full/250,/0/default.jpg"
02340,sm4ea3fd8e629ee44e7b172d762176e2844,https://ids.si.edu/ids/deliveryService?id=NPG-S_NPG_2002_184_1738,"https://ids.si.edu/ids/iiif/NPG-S_NPG_2002_184_1738/full/250,/0/default.jpg"
02341,sm4d16de19e03c14cbaaa93dcdc53721ddf,https://ids.si.edu/ids/deliveryService?id=NPG-S_NPG_2002_184_1737,"https://ids.si.edu/ids/iiif/NPG-S_NPG_2002_184_1737/full/250,/0/default.jpg"
02342,sm40a29964e1ff4494bb65cd9bda49b712b,https://ids.si.edu/ids/deliveryService?id=NPG-S_NPG_2002_184_1736,"https://ids.si.edu/ids/iiif/NPG-S_NPG_2002_184_1736/full/250,/0/default.jpg"
02343,sm482c9f71286b648abab8456a64b0497a7,https://ids.si.edu/ids/deliveryService?id=NPG-S_NPG_2002_184_1735,"https://ids.si.edu/ids/iiif/NPG-S_NPG_2002_184_1735/full/250,/0/default.jpg"
02344,sm495491ab306704771a10d1d82ad1b24de,https://ids.si.edu/ids/deliveryService?id=NPG-S_NPG_2002_184_1734,"https://ids.si.edu/ids/iiif/NPG-S_NPG_2002_184_1734/full/250,/0/default.jpg"
02345,sm4be0b7fee54cc48218e90005fd7e2d2c5,https://ids.si.edu/ids/deliveryService?id=NPG-S_NPG_2002_184_1733,"https://ids.si.edu/ids/iiif/NPG-S_NPG_2002_184_1733/full/250,/0/default.jpg"
02346,sm49402435445f047f6a38a4098fd822fcd,https://ids.si.edu/ids/deliveryService?id=NPG-S_NPG_2002_184_1732,"https://ids.si.edu/ids/iiif/NPG-S_NPG_2002_184_1732/full/250,/0/default.jpg"
02347,sm4d7305c05d0fe40b3b642b3c782d8d3e2,https://ids.si.edu/ids/deliveryService?id=NPG-S_NPG_2002_184_1731,"https://ids.si.edu/ids/iiif/NPG-S_NPG_2002_184_1731/full/250,/0/default.jpg"
02348,sm4ddeded8b89c34111b84fb5f22a2d842d,https://ids.si.edu/ids/deliveryService?id=NPG-S_NPG_2002_184_1730,"https://ids.si.edu/ids/iiif/NPG-S_NPG_2002_184_1730/full/250,/0/default.jpg"
02349,sm455e275525ae64aaab66792869460abb1,https://ids.si.edu/ids/deliveryService?id=NPG-S_NPG_2002_184_173,"https://ids.si.edu/ids/iiif/NPG-S_NPG_2002_184_173/full/250,/0/default.jpg"
02350,sm4473fb615c7204c99a67c794d6891c274,https://ids.si.edu/ids/deliveryService?id=NPG-S_NPG_2002_184_1729,"https://ids.si.edu/ids/iiif/NPG-S_NPG_2002_184_1729/full/250,/0/default.jpg"
02351,sm4a11f0b97b60247fca7b7da34cb3807df,https://ids.si.edu/ids/deliveryService?id=NPG-S_NPG_2002_184_1728,"https://ids.si.edu/ids/iiif/NPG-S_NPG_2002_184_1728/full/250,/0/default.jpg"
02352,sm4a3a7de4e19914db3a064d55bb444f3fb,https://ids.si.edu/ids/deliveryService?id=NPG-S_NPG_2002_184_1727,"https://ids.si.edu/ids/iiif/NPG-S_NPG_2002_184_1727/full/250,/0/default.jpg"
02353,sm4b848e379e37c4e82ac64b5e28a497a94,https://ids.si.edu/ids/deliveryService?id=NPG-S_NPG_2002_184_1726,"https://ids.si.edu/ids/iiif/NPG-S_NPG_2002_184_1726/full/250,/0/default.jpg"
02354,sm40bee9ee1d2c74ce28aa6039eebecc485,https://ids.si.edu/ids/deliveryService?id=NPG-S_NPG_2002_184_1725,"https://ids.si.edu/ids/iiif/NPG-S_NPG_2002_184_1725/full/250,/0/default.jpg"
02355,sm4fffaedf7d2684b1c8fa28a6437bd0c67,https://ids.si.edu/ids/deliveryService?id=NPG-S_NPG_2002_184_1724,"https://ids.si.edu/ids/iiif/NPG-S_NPG_2002_184_1724/full/250,/0/default.jpg"
02356,sm4d687564d086a48f795df615de534291b,https://ids.si.edu/ids/deliveryService?id=NPG-S_NPG_2002_184_1723,"https://ids.si.edu/ids/iiif/NPG-S_NPG_2002_184_1723/full/250,/0/default.jpg"
02357,sm419aac05ffc4f4573b2e4508037834a6b,https://ids.si.edu/ids/deliveryService?id=NPG-S_NPG_2002_184_1722,"https://ids.si.edu/ids/iiif/NPG-S_NPG_2002_184_1722/full/250,/0/default.jpg"
02358,sm442a777248fa34321a9624c16d722124a,https://ids.si.edu/ids/deliveryService?id=NPG-S_NPG_2002_184_1721,"https://ids.si.edu/ids/iiif/NPG-S_NPG_2002_184_1721/full/250,/0/default.jpg"
02359,sm46ed7fce931524ab09386f102becab7b9,https://ids.si.edu/ids/deliveryService?id=NPG-S_NPG_2002_184_1720,"https://ids.si.edu/ids/iiif/NPG-S_NPG_2002_184_1720/full/250,/0/default.jpg"
02360,sm49289b32064ea4afdb18ad29b15ef2001,https://ids.si.edu/ids/deliveryService?id=NPG-S_NPG_2002_184_172,"https://ids.si.edu/ids/iiif/NPG-S_NPG_2002_184_172/full/250,/0/default.jpg"
02361,sm471fd1d91947148e294fe180283166040,https://ids.si.edu/ids/deliveryService?id=NPG-S_NPG_2002_184_1719,"https://ids.si.edu/ids/iiif/NPG-S_NPG_2002_184_1719/full/250,/0/default.jpg"
02362,sm4769dcf6210a44bc3a52be5147782c058,https://ids.si.edu/ids/deliveryService?id=NPG-S_NPG_2002_184_1718,"https://ids.si.edu/ids/iiif/NPG-S_NPG_2002_184_1718/full/250,/0/default.jpg"
02363,sm4b8f4abc3a7104b27a153dabaf4ea6e92,https://ids.si.edu/ids/deliveryService?id=NPG-S_NPG_2002_184_1717,"https://ids.si.edu/ids/iiif/NPG-S_NPG_2002_184_1717/full/250,/0/default.jpg"
02364,sm4072d6d45cd764f42863286ba739a05da,https://ids.si.edu/ids/deliveryService?id=NPG-S_NPG_2002_184_1716,"https://ids.si.edu/ids/iiif/NPG-S_NPG_2002_184_1716/full/250,/0/default.jpg"
02365,sm45f516595adee46b5826af06c838a8a82,https://ids.si.edu/ids/deliveryService?id=NPG-S_NPG_2002_184_1715,"https://ids.si.edu/ids/iiif/NPG-S_NPG_2002_184_1715/full/250,/0/default.jpg"
02366,sm4732e012f90cf41b9acbefa57881c8f61,https://ids.si.edu/ids/deliveryService?id=NPG-S_NPG_2002_184_1714,"https://ids.si.edu/ids/iiif/NPG-S_NPG_2002_184_1714/full/250,/0/default.jpg"
02367,sm4d090bb9fb6a44818ba35d1edf1a23a6f,https://ids.si.edu/ids/deliveryService?id=NPG-S_NPG_2002_184_1713,"https://ids.si.edu/ids/iiif/NPG-S_NPG_2002_184_1713/full/250,/0/default.jpg"
02368,sm499956764a7a641a6a852dc38f0620f03,https://ids.si.edu/ids/deliveryService?id=NPG-S_NPG_2002_184_1712,"https://ids.si.edu/ids/iiif/NPG-S_NPG_2002_184_1712/full/250,/0/default.jpg"
02369,sm4f251232f2a4341d58fcdfb1a8cb41257,https://ids.si.edu/ids/deliveryService?id=NPG-S_NPG_2002_184_1711,"https://ids.si.edu/ids/iiif/NPG-S_NPG_2002_184_1711/full/250,/0/default.jpg"
02370,sm4a34bbdda0cfa4f86bd7c9a286c99324b,https://ids.si.edu/ids/deliveryService?id=NPG-S_NPG_2002_184_1710,"https://ids.si.edu/ids/iiif/NPG-S_NPG_2002_184_1710/full/250,/0/default.jpg"
02371,sm44c955308e93940eebed98569e206f282,https://ids.si.edu/ids/deliveryService?id=NPG-S_NPG_2002_184_171,"https://ids.si.edu/ids/iiif/NPG-S_NPG_2002_184_171/full/250,/0/default.jpg"
02372,sm44b2b7b63e33f4a0183f7d6674969cf34,https://ids.si.edu/ids/deliveryService?id=NPG-S_NPG_2002_184_1709,"https://ids.si.edu/ids/iiif/NPG-S_NPG_2002_184_1709/full/250,/0/default.jpg"
02373,sm42510112c9f564de094ca0ad8855675be,https://ids.si.edu/ids/deliveryService?id=NPG-S_NPG_2002_184_1708,"https://ids.si.edu/ids/iiif/NPG-S_NPG_2002_184_1708/full/250,/0/default.jpg"
02374,sm45d187f6a793943eaaea1cba80d32b830,https://ids.si.edu/ids/deliveryService?id=NPG-S_NPG_2002_184_1707,"https://ids.si.edu/ids/iiif/NPG-S_NPG_2002_184_1707/full/250,/0/default.jpg"
02375,sm4b2a416bdeb154d819b8392ba941ad6c7,https://ids.si.edu/ids/deliveryService?id=NPG-S_NPG_2002_184_1706,"https://ids.si.edu/ids/iiif/NPG-S_NPG_2002_184_1706/full/250,/0/default.jpg"
02376,sm42b70b291612647fa8ea60c39868b05d2,https://ids.si.edu/ids/deliveryService?id=NPG-S_NPG_2002_184_1705,"https://ids.si.edu/ids/iiif/NPG-S_NPG_2002_184_1705/full/250,/0/default.jpg"
02377,sm4f7092426602c4e88b8a8be9e5002bcfd,https://ids.si.edu/ids/deliveryService?id=NPG-S_NPG_2002_184_1704,"https://ids.si.edu/ids/iiif/NPG-S_NPG_2002_184_1704/full/250,/0/default.jpg"
02378,sm418e6120aa3b8421a89793f5518317764,https://ids.si.edu/ids/deliveryService?id=NPG-S_NPG_2002_184_1703,"https://ids.si.edu/ids/iiif/NPG-S_NPG_2002_184_1703/full/250,/0/default.jpg"
02379,sm40279149b62994e0da3d1246f664be6cb,https://ids.si.edu/ids/deliveryService?id=NPG-S_NPG_2002_184_1702,"https://ids.si.edu/ids/iiif/NPG-S_NPG_2002_184_1702/full/250,/0/default.jpg"
02380,sm467b7872db64e4192b6950b3d0384e699,https://ids.si.edu/ids/deliveryService?id=NPG-S_NPG_2002_184_1701,"https://ids.si.edu/ids/iiif/NPG-S_NPG_2002_184_1701/full/250,/0/default.jpg"
02381,sm413337b48af3c4311a1562786e1c5cad5,https://ids.si.edu/ids/deliveryService?id=NPG-S_NPG_2002_184_1700,"https://ids.si.edu/ids/iiif/NPG-S_NPG_2002_184_1700/full/250,/0/default.jpg"
02382,sm4f71eaa378fa940cda216b26d3713420d,https://ids.si.edu/ids/deliveryService?id=NPG-S_NPG_2002_184_170,"https://ids.si.edu/ids/iiif/NPG-S_NPG_2002_184_170/full/250,/0/default.jpg"
02383,sm41a73056123d347ae818f4b62c2261f32,https://ids.si.edu/ids/deliveryService?id=NPG-S_NPG_2002_184_17,"https://ids.si.edu/ids/iiif/NPG-S_NPG_2002_184_17/full/250,/0/default.jpg"
02384,sm4bd4b76e71712440c9d705c2827a38a76,https://ids.si.edu/ids/deliveryService?id=NPG-S_NPG_2002_184_1699,"https://ids.si.edu/ids/iiif/NPG-S_NPG_2002_184_1699/full/250,/0/default.jpg"
02385,sm462635386b46a41eca814e2c9f356a60a,https://ids.si.edu/ids/deliveryService?id=NPG-S_NPG_2002_184_1698,"https://ids.si.edu/ids/iiif/NPG-S_NPG_2002_184_1698/full/250,/0/default.jpg"
02386,sm4e5a9a405de8b45639b5d0179254ac25d,https://ids.si.edu/ids/deliveryService?id=NPG-S_NPG_2002_184_1697,"https://ids.si.edu/ids/iiif/NPG-S_NPG_2002_184_1697/full/250,/0/default.jpg"
02387,sm4769bc25eddc24b7687a837b2b9e2f52b,https://ids.si.edu/ids/deliveryService?id=NPG-S_NPG_2002_184_1696,"https://ids.si.edu/ids/iiif/NPG-S_NPG_2002_184_1696/full/250,/0/default.jpg"
02388,sm4b458b155036c4c8da30d3046f76ff4ae,https://ids.si.edu/ids/deliveryService?id=NPG-S_NPG_2002_184_1695,"https://ids.si.edu/ids/iiif/NPG-S_NPG_2002_184_1695/full/250,/0/default.jpg"
02389,sm4dc96afab1fa343bb8171064e7bd618fb,https://ids.si.edu/ids/deliveryService?id=NPG-S_NPG_2002_184_1694,"https://ids.si.edu/ids/iiif/NPG-S_NPG_2002_184_1694/full/250,/0/default.jpg"
02390,sm4066414ce4b234cb3ab069027ee1498d1,https://ids.si.edu/ids/deliveryService?id=NPG-S_NPG_2002_184_1693,"https://ids.si.edu/ids/iiif/NPG-S_NPG_2002_184_1693/full/250,/0/default.jpg"
02391,sm464990beab6ac4f38b36d4ec4ba2af9da,https://ids.si.edu/ids/deliveryService?id=NPG-S_NPG_2002_184_1692,"https://ids.si.edu/ids/iiif/NPG-S_NPG_2002_184_1692/full/250,/0/default.jpg"
02392,sm4d46526017fe440168fddce44591586fe,https://ids.si.edu/ids/deliveryService?id=NPG-S_NPG_2002_184_1691,"https://ids.si.edu/ids/iiif/NPG-S_NPG_2002_184_1691/full/250,/0/default.jpg"
02393,sm4540f850f65bc474cb7b574cedd591400,https://ids.si.edu/ids/deliveryService?id=NPG-S_NPG_2002_184_1690,"https://ids.si.edu/ids/iiif/NPG-S_NPG_2002_184_1690/full/250,/0/default.jpg"
02394,sm44116ec32722b4140bc1c9e4bcfceeb03,https://ids.si.edu/ids/deliveryService?id=NPG-S_NPG_2002_184_169,"https://ids.si.edu/ids/iiif/NPG-S_NPG_2002_184_169/full/250,/0/default.jpg"
02395,sm4aa1a4d6e18d64b07b86b0efca324c3c2,https://ids.si.edu/ids/deliveryService?id=NPG-S_NPG_2002_184_1689,"https://ids.si.edu/ids/iiif/NPG-S_NPG_2002_184_1689/full/250,/0/default.jpg"
02396,sm44d6095171a89402e9deef254b7612959,https://ids.si.edu/ids/deliveryService?id=NPG-S_NPG_2002_184_1688,"https://ids.si.edu/ids/iiif/NPG-S_NPG_2002_184_1688/full/250,/0/default.jpg"
02397,sm452080e7a73464b5597cbdda4f7e9ff2a,https://ids.si.edu/ids/deliveryService?id=NPG-S_NPG_2002_184_1687,"https://ids.si.edu/ids/iiif/NPG-S_NPG_2002_184_1687/full/250,/0/default.jpg"
02398,sm4e52d5894417d4d5e9f9f353e81012042,https://ids.si.edu/ids/deliveryService?id=NPG-S_NPG_2002_184_1686,"https://ids.si.edu/ids/iiif/NPG-S_NPG_2002_184_1686/full/250,/0/default.jpg"
02399,sm47c7115a5124545b5b97241968245f1ab,https://ids.si.edu/ids/deliveryService?id=NPG-S_NPG_2002_184_1685,"https://ids.si.edu/ids/iiif/NPG-S_NPG_2002_184_1685/full/250,/0/default.jpg"
02400,sm4bdc53ba8b65e45849173b6619d4a1206,https://ids.si.edu/ids/deliveryService?id=NPG-S_NPG_2002_184_1684,"https://ids.si.edu/ids/iiif/NPG-S_NPG_2002_184_1684/full/250,/0/default.jpg"
02401,sm4f5565699c61043b9ab7fa1f653797bae,https://ids.si.edu/ids/deliveryService?id=NPG-S_NPG_2002_184_1683,"https://ids.si.edu/ids/iiif/NPG-S_NPG_2002_184_1683/full/250,/0/default.jpg"
02402,sm45ee3ae87b07643d5bed95e2fb6fde311,https://ids.si.edu/ids/deliveryService?id=NPG-S_NPG_2002_184_1682,"https://ids.si.edu/ids/iiif/NPG-S_NPG_2002_184_1682/full/250,/0/default.jpg"
02403,sm47eb0c8a6f8974219a83c8da73c0fba51,https://ids.si.edu/ids/deliveryService?id=NPG-S_NPG_2002_184_1681,"https://ids.si.edu/ids/iiif/NPG-S_NPG_2002_184_1681/full/250,/0/default.jpg"
02404,sm4d8571f82c0a34e7996214fdb2396548e,https://ids.si.edu/ids/deliveryService?id=NPG-S_NPG_2002_184_1680,"https://ids.si.edu/ids/iiif/NPG-S_NPG_2002_184_1680/full/250,/0/default.jpg"
02405,sm431fb0fb1b13449f9ab235b0b5d584237,https://ids.si.edu/ids/deliveryService?id=NPG-S_NPG_2002_184_168,"https://ids.si.edu/ids/iiif/NPG-S_NPG_2002_184_168/full/250,/0/default.jpg"
02406,sm4ef479a74098e4c82a98578e30f339c70,https://ids.si.edu/ids/deliveryService?id=NPG-S_NPG_2002_184_1679,"https://ids.si.edu/ids/iiif/NPG-S_NPG_2002_184_1679/full/250,/0/default.jpg"
02407,sm480f9af9b26c24c19928162d8c93c2b60,https://ids.si.edu/ids/deliveryService?id=NPG-S_NPG_2002_184_1678,"https://ids.si.edu/ids/iiif/NPG-S_NPG_2002_184_1678/full/250,/0/default.jpg"
02408,sm435b81321ba3e4b9d88d0eb18d9b01c48,https://ids.si.edu/ids/deliveryService?id=NPG-S_NPG_2002_184_1677,"https://ids.si.edu/ids/iiif/NPG-S_NPG_2002_184_1677/full/250,/0/default.jpg"
02409,sm494023d0b2b56474ca1b6344af88f0065,https://ids.si.edu/ids/deliveryService?id=NPG-S_NPG_2002_184_1676,"https://ids.si.edu/ids/iiif/NPG-S_NPG_2002_184_1676/full/250,/0/default.jpg"
02410,sm4b084a179329e41b59ffb435e70bb5075,https://ids.si.edu/ids/deliveryService?id=NPG-S_NPG_2002_184_1675,"https://ids.si.edu/ids/iiif/NPG-S_NPG_2002_184_1675/full/250,/0/default.jpg"
02411,sm49b1d9b8285da461fad17ea4e0369efa3,https://ids.si.edu/ids/deliveryService?id=NPG-S_NPG_2002_184_1674,"https://ids.si.edu/ids/iiif/NPG-S_NPG_2002_184_1674/full/250,/0/default.jpg"
02412,sm4fbd92d45d8654c5b8a5ef95c33844298,https://ids.si.edu/ids/deliveryService?id=NPG-S_NPG_2002_184_1673,"https://ids.si.edu/ids/iiif/NPG-S_NPG_2002_184_1673/full/250,/0/default.jpg"
02413,sm4b426643690f84931bbe54de94ac4c144,https://ids.si.edu/ids/deliveryService?id=NPG-S_NPG_2002_184_1672,"https://ids.si.edu/ids/iiif/NPG-S_NPG_2002_184_1672/full/250,/0/default.jpg"
02414,sm4044e329935d049789453b2df3a070782,https://ids.si.edu/ids/deliveryService?id=NPG-S_NPG_2002_184_1671,"https://ids.si.edu/ids/iiif/NPG-S_NPG_2002_184_1671/full/250,/0/default.jpg"
02415,sm4cf32f59290924fbd94f310127a3442a8,https://ids.si.edu/ids/deliveryService?id=NPG-S_NPG_2002_184_1670,"https://ids.si.edu/ids/iiif/NPG-S_NPG_2002_184_1670/full/250,/0/default.jpg"
02416,sm4a62a6a8eb48b46ccb61da866f296a578,https://ids.si.edu/ids/deliveryService?id=NPG-S_NPG_2002_184_167,"https://ids.si.edu/ids/iiif/NPG-S_NPG_2002_184_167/full/250,/0/default.jpg"
02417,sm4acd593beb3ba41ca8eadc9011f46c51f,https://ids.si.edu/ids/deliveryService?id=NPG-S_NPG_2002_184_1669,"https://ids.si.edu/ids/iiif/NPG-S_NPG_2002_184_1669/full/250,/0/default.jpg"
02418,sm4fcac3bb9c0634f3d8f3f29e2485d9789,https://ids.si.edu/ids/deliveryService?id=NPG-S_NPG_2002_184_1668,"https://ids.si.edu/ids/iiif/NPG-S_NPG_2002_184_1668/full/250,/0/default.jpg"
02419,sm4a5e7fc0c01464dafa9b41ce62d7e8137,https://ids.si.edu/ids/deliveryService?id=NPG-S_NPG_2002_184_1667,"https://ids.si.edu/ids/iiif/NPG-S_NPG_2002_184_1667/full/250,/0/default.jpg"
02420,sm49ceee682674242feb100c2da9f56842f,https://ids.si.edu/ids/deliveryService?id=NPG-S_NPG_2002_184_1666,"https://ids.si.edu/ids/iiif/NPG-S_NPG_2002_184_1666/full/250,/0/default.jpg"
02421,sm4d6d40cb7529e4ed9a3cfcd76a64a0d7f,https://ids.si.edu/ids/deliveryService?id=NPG-S_NPG_2002_184_1665,"https://ids.si.edu/ids/iiif/NPG-S_NPG_2002_184_1665/full/250,/0/default.jpg"
02422,sm49baddcfd43b64545b27c090d76b360b7,https://ids.si.edu/ids/deliveryService?id=NPG-S_NPG_2002_184_1664,"https://ids.si.edu/ids/iiif/NPG-S_NPG_2002_184_1664/full/250,/0/default.jpg"
02423,sm4b2ddfc05fe944d7f978f13b86e0d90e5,https://ids.si.edu/ids/deliveryService?id=NPG-S_NPG_2002_184_1663,"https://ids.si.edu/ids/iiif/NPG-S_NPG_2002_184_1663/full/250,/0/default.jpg"
02424,sm4b7c55c2375c1483183fe95e8c5f53d8d,https://ids.si.edu/ids/deliveryService?id=NPG-S_NPG_2002_184_1662,"https://ids.si.edu/ids/iiif/NPG-S_NPG_2002_184_1662/full/250,/0/default.jpg"
02425,sm42eafd7ac81694826a2c50fd44302231a,https://ids.si.edu/ids/deliveryService?id=NPG-S_NPG_2002_184_1661,"https://ids.si.edu/ids/iiif/NPG-S_NPG_2002_184_1661/full/250,/0/default.jpg"
02426,sm414df879a20174165bf4fc2f366dbb8d0,https://ids.si.edu/ids/deliveryService?id=NPG-S_NPG_2002_184_1660,"https://ids.si.edu/ids/iiif/NPG-S_NPG_2002_184_1660/full/250,/0/default.jpg"
02427,sm428cef29f875b4b4f95ed2cb275c0a6bd,https://ids.si.edu/ids/deliveryService?id=NPG-S_NPG_2002_184_166,"https://ids.si.edu/ids/iiif/NPG-S_NPG_2002_184_166/full/250,/0/default.jpg"
02428,sm42f4c98b3b4c24688a89cdb0e949da6be,https://ids.si.edu/ids/deliveryService?id=NPG-S_NPG_2002_184_1659,"https://ids.si.edu/ids/iiif/NPG-S_NPG_2002_184_1659/full/250,/0/default.jpg"
02429,sm4364b404f2d4e4172b8eda4485f1e80fc,https://ids.si.edu/ids/deliveryService?id=NPG-S_NPG_2002_184_1658,"https://ids.si.edu/ids/iiif/NPG-S_NPG_2002_184_1658/full/250,/0/default.jpg"
02430,sm415254f1b099e46c4b82f711b6a1cb10b,https://ids.si.edu/ids/deliveryService?id=NPG-S_NPG_2002_184_1657,"https://ids.si.edu/ids/iiif/NPG-S_NPG_2002_184_1657/full/250,/0/default.jpg"
02431,sm43e1d74086690470d9fa6eac6a7f27a93,https://ids.si.edu/ids/deliveryService?id=NPG-S_NPG_2002_184_1656,"https://ids.si.edu/ids/iiif/NPG-S_NPG_2002_184_1656/full/250,/0/default.jpg"
02432,sm4369f253499194e429246779c2142dd29,https://ids.si.edu/ids/deliveryService?id=NPG-S_NPG_2002_184_1655,"https://ids.si.edu/ids/iiif/NPG-S_NPG_2002_184_1655/full/250,/0/default.jpg"
02433,sm4b6af5c244be941f280c490d7d624d212,https://ids.si.edu/ids/deliveryService?id=NPG-S_NPG_2002_184_1654,"https://ids.si.edu/ids/iiif/NPG-S_NPG_2002_184_1654/full/250,/0/default.jpg"
02434,sm4940d68336aa34943a1940597652fdc2b,https://ids.si.edu/ids/deliveryService?id=NPG-S_NPG_2002_184_1653,"https://ids.si.edu/ids/iiif/NPG-S_NPG_2002_184_1653/full/250,/0/default.jpg"
02435,sm4e745ab77526a4b5aa28f9864d5d15821,https://ids.si.edu/ids/deliveryService?id=NPG-S_NPG_2002_184_1652,"https://ids.si.edu/ids/iiif/NPG-S_NPG_2002_184_1652/full/250,/0/default.jpg"
02436,sm4d47b903788e64bcbbba73544914a9fc3,https://ids.si.edu/ids/deliveryService?id=NPG-S_NPG_2002_184_1651,"https://ids.si.edu/ids/iiif/NPG-S_NPG_2002_184_1651/full/250,/0/default.jpg"
02437,sm4143bbef951334f7284fafd67b58eba3f,https://ids.si.edu/ids/deliveryService?id=NPG-S_NPG_2002_184_1650,"https://ids.si.edu/ids/iiif/NPG-S_NPG_2002_184_1650/full/250,/0/default.jpg"
02438,sm4cc702729804a432f8262ba2a59e08d6e,https://ids.si.edu/ids/deliveryService?id=NPG-S_NPG_2002_184_165,"https://ids.si.edu/ids/iiif/NPG-S_NPG_2002_184_165/full/250,/0/default.jpg"
02439,sm4e2b6f423f8b2437a8f6f6e294fd4a91c,https://ids.si.edu/ids/deliveryService?id=NPG-S_NPG_2002_184_1649,"https://ids.si.edu/ids/iiif/NPG-S_NPG_2002_184_1649/full/250,/0/default.jpg"
02440,sm43f930049da9f4f6ebe0c756f4d9d6708,https://ids.si.edu/ids/deliveryService?id=NPG-S_NPG_2002_184_1648,"https://ids.si.edu/ids/iiif/NPG-S_NPG_2002_184_1648/full/250,/0/default.jpg"
02441,sm420c08fecb03240efba88ef4df8c2fd05,https://ids.si.edu/ids/deliveryService?id=NPG-S_NPG_2002_184_1647,"https://ids.si.edu/ids/iiif/NPG-S_NPG_2002_184_1647/full/250,/0/default.jpg"
02442,sm4365ecd76edd441ab8e73ba6b90587c82,https://ids.si.edu/ids/deliveryService?id=NPG-S_NPG_2002_184_1646,"https://ids.si.edu/ids/iiif/NPG-S_NPG_2002_184_1646/full/250,/0/default.jpg"
02443,sm43fbd8e9b5ad94ab1a1d353b1f31ebf5c,https://ids.si.edu/ids/deliveryService?id=NPG-S_NPG_2002_184_1645,"https://ids.si.edu/ids/iiif/NPG-S_NPG_2002_184_1645/full/250,/0/default.jpg"
02444,sm4107cb10132f04a598e66aa4a6f853ab2,https://ids.si.edu/ids/deliveryService?id=NPG-S_NPG_2002_184_1644,"https://ids.si.edu/ids/iiif/NPG-S_NPG_2002_184_1644/full/250,/0/default.jpg"
02445,sm4bd6d856b71a243038de48aa0f834256b,https://ids.si.edu/ids/deliveryService?id=NPG-S_NPG_2002_184_1643,"https://ids.si.edu/ids/iiif/NPG-S_NPG_2002_184_1643/full/250,/0/default.jpg"
02446,sm4302f4bb363044c4690b509e63efd5fbb,https://ids.si.edu/ids/deliveryService?id=NPG-S_NPG_2002_184_1642,"https://ids.si.edu/ids/iiif/NPG-S_NPG_2002_184_1642/full/250,/0/default.jpg"
02447,sm4ddaa9015347b4c02842e657c390e47c3,https://ids.si.edu/ids/deliveryService?id=NPG-S_NPG_2002_184_1641,"https://ids.si.edu/ids/iiif/NPG-S_NPG_2002_184_1641/full/250,/0/default.jpg"
02448,sm494ca43a8810f4f6ba384384e4ad1d48e,https://ids.si.edu/ids/deliveryService?id=NPG-S_NPG_2002_184_1640,"https://ids.si.edu/ids/iiif/NPG-S_NPG_2002_184_1640/full/250,/0/default.jpg"
02449,sm4f0e0e92f48b1403fab41b04c7009cb45,https://ids.si.edu/ids/deliveryService?id=NPG-S_NPG_2002_184_164,"https://ids.si.edu/ids/iiif/NPG-S_NPG_2002_184_164/full/250,/0/default.jpg"
02450,sm4b60aa47998fd44ae95c7e440602134ee,https://ids.si.edu/ids/deliveryService?id=NPG-S_NPG_2002_184_1639,"https://ids.si.edu/ids/iiif/NPG-S_NPG_2002_184_1639/full/250,/0/default.jpg"
02451,sm458ccd7c5a97f411bb754871080db9e5a,https://ids.si.edu/ids/deliveryService?id=NPG-S_NPG_2002_184_1638,"https://ids.si.edu/ids/iiif/NPG-S_NPG_2002_184_1638/full/250,/0/default.jpg"
02452,sm461fb24e16ded4507be983fb396a2b28d,https://ids.si.edu/ids/deliveryService?id=NPG-S_NPG_2002_184_1637,"https://ids.si.edu/ids/iiif/NPG-S_NPG_2002_184_1637/full/250,/0/default.jpg"
02453,sm490e5c446ed3a489981ed6c4696146108,https://ids.si.edu/ids/deliveryService?id=NPG-S_NPG_2002_184_1636,"https://ids.si.edu/ids/iiif/NPG-S_NPG_2002_184_1636/full/250,/0/default.jpg"
02454,sm494518e06f6f5490e93b4bbae081a209f,https://ids.si.edu/ids/deliveryService?id=NPG-S_NPG_2002_184_1635,"https://ids.si.edu/ids/iiif/NPG-S_NPG_2002_184_1635/full/250,/0/default.jpg"
02455,sm4ae69d369f675467bb2b4a3b5118c2bde,https://ids.si.edu/ids/deliveryService?id=NPG-S_NPG_2002_184_1634,"https://ids.si.edu/ids/iiif/NPG-S_NPG_2002_184_1634/full/250,/0/default.jpg"
02456,sm4532d0cca994941b8bd734d8b29e43949,https://ids.si.edu/ids/deliveryService?id=NPG-S_NPG_2002_184_1633,"https://ids.si.edu/ids/iiif/NPG-S_NPG_2002_184_1633/full/250,/0/default.jpg"
02457,sm4a2451aa6ed82473f86d00659da4c90d4,https://ids.si.edu/ids/deliveryService?id=NPG-S_NPG_2002_184_1632,"https://ids.si.edu/ids/iiif/NPG-S_NPG_2002_184_1632/full/250,/0/default.jpg"
02458,sm42ce130a3083345b5986456c92a2c0c6c,https://ids.si.edu/ids/deliveryService?id=NPG-S_NPG_2002_184_1631,"https://ids.si.edu/ids/iiif/NPG-S_NPG_2002_184_1631/full/250,/0/default.jpg"
02459,sm41088f5ed6e2642bb82fdf31d2aca1735,https://ids.si.edu/ids/deliveryService?id=NPG-S_NPG_2002_184_1630,"https://ids.si.edu/ids/iiif/NPG-S_NPG_2002_184_1630/full/250,/0/default.jpg"
02460,sm4f440ebd1065f40caa56405f569c25517,https://ids.si.edu/ids/deliveryService?id=NPG-S_NPG_2002_184_163,"https://ids.si.edu/ids/iiif/NPG-S_NPG_2002_184_163/full/250,/0/default.jpg"
02461,sm4a93549a040a9486e8f2333a6e144d95a,https://ids.si.edu/ids/deliveryService?id=NPG-S_NPG_2002_184_1629,"https://ids.si.edu/ids/iiif/NPG-S_NPG_2002_184_1629/full/250,/0/default.jpg"
02462,sm424962f946bcc49399d5900bc136fe6a1,https://ids.si.edu/ids/deliveryService?id=NPG-S_NPG_2002_184_1628,"https://ids.si.edu/ids/iiif/NPG-S_NPG_2002_184_1628/full/250,/0/default.jpg"
02463,sm41484bf0cd6bf415a8adc388cff1e9ff6,https://ids.si.edu/ids/deliveryService?id=NPG-S_NPG_2002_184_1627,"https://ids.si.edu/ids/iiif/NPG-S_NPG_2002_184_1627/full/250,/0/default.jpg"
02464,sm4db7a11ca631f4339b89af2b976c9fe81,https://ids.si.edu/ids/deliveryService?id=NPG-S_NPG_2002_184_1626,"https://ids.si.edu/ids/iiif/NPG-S_NPG_2002_184_1626/full/250,/0/default.jpg"
02465,sm4af273d98f18c41f5a5d2270cad322ed2,https://ids.si.edu/ids/deliveryService?id=NPG-S_NPG_2002_184_1625,"https://ids.si.edu/ids/iiif/NPG-S_NPG_2002_184_1625/full/250,/0/default.jpg"
02466,sm495ac9030141949dcae7539efb285ff93,https://ids.si.edu/ids/deliveryService?id=NPG-S_NPG_2002_184_1624,"https://ids.si.edu/ids/iiif/NPG-S_NPG_2002_184_1624/full/250,/0/default.jpg"
02467,sm42d7bb3297a5c4bee93bb753b1659e39e,https://ids.si.edu/ids/deliveryService?id=NPG-S_NPG_2002_184_1623,"https://ids.si.edu/ids/iiif/NPG-S_NPG_2002_184_1623/full/250,/0/default.jpg"
02468,sm45f06178390fe49ed9ba2be6ce9f83ae4,https://ids.si.edu/ids/deliveryService?id=NPG-S_NPG_2002_184_1622,"https://ids.si.edu/ids/iiif/NPG-S_NPG_2002_184_1622/full/250,/0/default.jpg"
02469,sm42d8ce1d8d85f4af09190bedf33ad0335,https://ids.si.edu/ids/deliveryService?id=NPG-S_NPG_2002_184_1621,"https://ids.si.edu/ids/iiif/NPG-S_NPG_2002_184_1621/full/250,/0/default.jpg"
02470,sm44c4429c45f464104b4f53a74f58d46fb,https://ids.si.edu/ids/deliveryService?id=NPG-S_NPG_2002_184_1620,"https://ids.si.edu/ids/iiif/NPG-S_NPG_2002_184_1620/full/250,/0/default.jpg"
02471,sm4dd6286beeaa14573a821557e483d5fe2,https://ids.si.edu/ids/deliveryService?id=NPG-S_NPG_2002_184_162,"https://ids.si.edu/ids/iiif/NPG-S_NPG_2002_184_162/full/250,/0/default.jpg"
02472,sm489a863932a3d4c42a61d6b6be6544ff6,https://ids.si.edu/ids/deliveryService?id=NPG-S_NPG_2002_184_1619,"https://ids.si.edu/ids/iiif/NPG-S_NPG_2002_184_1619/full/250,/0/default.jpg"
02473,sm4b05cb30c48854951adfa3a8e173878af,https://ids.si.edu/ids/deliveryService?id=NPG-S_NPG_2002_184_1618,"https://ids.si.edu/ids/iiif/NPG-S_NPG_2002_184_1618/full/250,/0/default.jpg"
02474,sm4797a99ad963645afab32d95897a77b02,https://ids.si.edu/ids/deliveryService?id=NPG-S_NPG_2002_184_1617,"https://ids.si.edu/ids/iiif/NPG-S_NPG_2002_184_1617/full/250,/0/default.jpg"
02475,sm49682a128e80e4b6dbc8c7b9d93a0c312,https://ids.si.edu/ids/deliveryService?id=NPG-S_NPG_2002_184_1616,"https://ids.si.edu/ids/iiif/NPG-S_NPG_2002_184_1616/full/250,/0/default.jpg"
02476,sm4a7b87a7e7a0f4b89a128dc61283d6b2f,https://ids.si.edu/ids/deliveryService?id=NPG-S_NPG_2002_184_1615,"https://ids.si.edu/ids/iiif/NPG-S_NPG_2002_184_1615/full/250,/0/default.jpg"
02477,sm4871c4cc7574e41e5b0ec377ca9295fd1,https://ids.si.edu/ids/deliveryService?id=NPG-S_NPG_2002_184_1614,"https://ids.si.edu/ids/iiif/NPG-S_NPG_2002_184_1614/full/250,/0/default.jpg"
02478,sm46ab58e750049485f8a396d809b5bc3a7,https://ids.si.edu/ids/deliveryService?id=NPG-S_NPG_2002_184_1613,"https://ids.si.edu/ids/iiif/NPG-S_NPG_2002_184_1613/full/250,/0/default.jpg"
02479,sm49feffde247fe4a65af9a568ac4e8d404,https://ids.si.edu/ids/deliveryService?id=NPG-S_NPG_2002_184_1612,"https://ids.si.edu/ids/iiif/NPG-S_NPG_2002_184_1612/full/250,/0/default.jpg"
02480,sm41d00f7af30fd40359b9c4ddba090484d,https://ids.si.edu/ids/deliveryService?id=NPG-S_NPG_2002_184_1611,"https://ids.si.edu/ids/iiif/NPG-S_NPG_2002_184_1611/full/250,/0/default.jpg"
02481,sm40eb89fea480845debbab8176b2ab1c04,https://ids.si.edu/ids/deliveryService?id=NPG-S_NPG_2002_184_1610,"https://ids.si.edu/ids/iiif/NPG-S_NPG_2002_184_1610/full/250,/0/default.jpg"
02482,sm47719e9bb4ba04cb28b3e1f236f5d6da3,https://ids.si.edu/ids/deliveryService?id=NPG-S_NPG_2002_184_161,"https://ids.si.edu/ids/iiif/NPG-S_NPG_2002_184_161/full/250,/0/default.jpg"
02483,sm429dc763c22e34076a203adb9c065d187,https://ids.si.edu/ids/deliveryService?id=NPG-S_NPG_2002_184_1609,"https://ids.si.edu/ids/iiif/NPG-S_NPG_2002_184_1609/full/250,/0/default.jpg"
02484,sm4e3ed2ecb953b4d3e93b506746bb4277b,https://ids.si.edu/ids/deliveryService?id=NPG-S_NPG_2002_184_1608,"https://ids.si.edu/ids/iiif/NPG-S_NPG_2002_184_1608/full/250,/0/default.jpg"
02485,sm4d6f8b87c7c0b474c89d8b52d7e940532,https://ids.si.edu/ids/deliveryService?id=NPG-S_NPG_2002_184_1607,"https://ids.si.edu/ids/iiif/NPG-S_NPG_2002_184_1607/full/250,/0/default.jpg"
02486,sm4c57de5b2a9fa4c36be39ce2aa31c668e,https://ids.si.edu/ids/deliveryService?id=NPG-S_NPG_2002_184_1606,"https://ids.si.edu/ids/iiif/NPG-S_NPG_2002_184_1606/full/250,/0/default.jpg"
02487,sm432af18edb44b44308c9d990e6abc6cb5,https://ids.si.edu/ids/deliveryService?id=NPG-S_NPG_2002_184_1605,"https://ids.si.edu/ids/iiif/NPG-S_NPG_2002_184_1605/full/250,/0/default.jpg"
02488,sm4d01b8105b3a648bea4c5b2b5126b4b3f,https://ids.si.edu/ids/deliveryService?id=NPG-S_NPG_2002_184_1604,"https://ids.si.edu/ids/iiif/NPG-S_NPG_2002_184_1604/full/250,/0/default.jpg"
02489,sm4c493428649034f7bb8ae2b6dfa768295,https://ids.si.edu/ids/deliveryService?id=NPG-S_NPG_2002_184_1603,"https://ids.si.edu/ids/iiif/NPG-S_NPG_2002_184_1603/full/250,/0/default.jpg"
02490,sm4d807a55e43bb4323be0f9155df34fa48,https://ids.si.edu/ids/deliveryService?id=NPG-S_NPG_2002_184_1602,"https://ids.si.edu/ids/iiif/NPG-S_NPG_2002_184_1602/full/250,/0/default.jpg"
02491,sm4eaf5568eee21454aa2ecc86adf194744,https://ids.si.edu/ids/deliveryService?id=NPG-S_NPG_2002_184_1601,"https://ids.si.edu/ids/iiif/NPG-S_NPG_2002_184_1601/full/250,/0/default.jpg"
02492,sm4cf2b667af483490dae10d8c04a7159f8,https://ids.si.edu/ids/deliveryService?id=NPG-S_NPG_2002_184_1600,"https://ids.si.edu/ids/iiif/NPG-S_NPG_2002_184_1600/full/250,/0/default.jpg"
02493,sm4fcd391278ef64b41befc4bf03fdbd674,https://ids.si.edu/ids/deliveryService?id=NPG-S_NPG_2002_184_160,"https://ids.si.edu/ids/iiif/NPG-S_NPG_2002_184_160/full/250,/0/default.jpg"
02494,sm4fc374f84c4af4e89a25c8cc88de138aa,https://ids.si.edu/ids/deliveryService?id=NPG-S_NPG_2002_184_16,"https://ids.si.edu/ids/iiif/NPG-S_NPG_2002_184_16/full/250,/0/default.jpg"
02495,sm405fb67a8c8fb45888ae1c9d34bb9e2f8,https://ids.si.edu/ids/deliveryService?id=NPG-S_NPG_2002_184_1599,"https://ids.si.edu/ids/iiif/NPG-S_NPG_2002_184_1599/full/250,/0/default.jpg"
02496,sm49a990cdc336548d1a815af60b9c256ea,https://ids.si.edu/ids/deliveryService?id=NPG-S_NPG_2002_184_1598,"https://ids.si.edu/ids/iiif/NPG-S_NPG_2002_184_1598/full/250,/0/default.jpg"
02497,sm4711156db9e98429da56e95a64fbd9470,https://ids.si.edu/ids/deliveryService?id=NPG-S_NPG_2002_184_1597,"https://ids.si.edu/ids/iiif/NPG-S_NPG_2002_184_1597/full/250,/0/default.jpg"
02498,sm4cc5b54547ea546fb9b1e19915461c13a,https://ids.si.edu/ids/deliveryService?id=NPG-S_NPG_2002_184_1596,"https://ids.si.edu/ids/iiif/NPG-S_NPG_2002_184_1596/full/250,/0/default.jpg"
02499,sm479854ee073694778934f30d55e326859,https://ids.si.edu/ids/deliveryService?id=NPG-S_NPG_2002_184_1595,"https://ids.si.edu/ids/iiif/NPG-S_NPG_2002_184_1595/full/250,/0/default.jpg"
02500,sm432706cc14ded4e4dbd27e8a611a7cf4c,https://ids.si.edu/ids/deliveryService?id=NPG-S_NPG_2002_184_1594,"https://ids.si.edu/ids/iiif/NPG-S_NPG_2002_184_1594/full/250,/0/default.jpg"
02501,sm4262d521111f845d9b6d1b1a7ac22cbee,https://ids.si.edu/ids/deliveryService?id=NPG-S_NPG_2002_184_1593,"https://ids.si.edu/ids/iiif/NPG-S_NPG_2002_184_1593/full/250,/0/default.jpg"
02502,sm4759f3d650e8141bd8908347279832b66,https://ids.si.edu/ids/deliveryService?id=NPG-S_NPG_2002_184_1592,"https://ids.si.edu/ids/iiif/NPG-S_NPG_2002_184_1592/full/250,/0/default.jpg"
02503,sm495e798565fc340d6aaebf634b0c0113d,https://ids.si.edu/ids/deliveryService?id=NPG-S_NPG_2002_184_1591,"https://ids.si.edu/ids/iiif/NPG-S_NPG_2002_184_1591/full/250,/0/default.jpg"
02504,sm438cc4a34529342c9b8aa02ea85e6e26c,https://ids.si.edu/ids/deliveryService?id=NPG-S_NPG_2002_184_1590,"https://ids.si.edu/ids/iiif/NPG-S_NPG_2002_184_1590/full/250,/0/default.jpg"
02505,sm4e216f87134ff4d979e6c68ee8c413661,https://ids.si.edu/ids/deliveryService?id=NPG-S_NPG_2002_184_159,"https://ids.si.edu/ids/iiif/NPG-S_NPG_2002_184_159/full/250,/0/default.jpg"
02506,sm4a9d4329168914d78b82139894b1f5dc8,https://ids.si.edu/ids/deliveryService?id=NPG-S_NPG_2002_184_1589,"https://ids.si.edu/ids/iiif/NPG-S_NPG_2002_184_1589/full/250,/0/default.jpg"
02507,sm489122d4cc8324f3ea7968a9d1601bac9,https://ids.si.edu/ids/deliveryService?id=NPG-S_NPG_2002_184_1588,"https://ids.si.edu/ids/iiif/NPG-S_NPG_2002_184_1588/full/250,/0/default.jpg"
02508,sm4f20010e5ae8c463bbf1bd712e665025e,https://ids.si.edu/ids/deliveryService?id=NPG-S_NPG_2002_184_1587,"https://ids.si.edu/ids/iiif/NPG-S_NPG_2002_184_1587/full/250,/0/default.jpg"
02509,sm4c58478377eff4e61bae9dcf46a44ab61,https://ids.si.edu/ids/deliveryService?id=NPG-S_NPG_2002_184_1586,"https://ids.si.edu/ids/iiif/NPG-S_NPG_2002_184_1586/full/250,/0/default.jpg"
02510,sm45d0ce65e4f624b5ea82de5387d18c559,https://ids.si.edu/ids/deliveryService?id=NPG-S_NPG_2002_184_1585,"https://ids.si.edu/ids/iiif/NPG-S_NPG_2002_184_1585/full/250,/0/default.jpg"
02511,sm485cab72e97734bee9d49f98ab4de2931,https://ids.si.edu/ids/deliveryService?id=NPG-S_NPG_2002_184_1584,"https://ids.si.edu/ids/iiif/NPG-S_NPG_2002_184_1584/full/250,/0/default.jpg"
02512,sm4762b3201b44f46999546a080f317d60c,https://ids.si.edu/ids/deliveryService?id=NPG-S_NPG_2002_184_1583,"https://ids.si.edu/ids/iiif/NPG-S_NPG_2002_184_1583/full/250,/0/default.jpg"
02513,sm4c2719d6b0171481283ee35ac8059c018,https://ids.si.edu/ids/deliveryService?id=NPG-S_NPG_2002_184_1582,"https://ids.si.edu/ids/iiif/NPG-S_NPG_2002_184_1582/full/250,/0/default.jpg"
02514,sm47b312437ee8643c3a94b28303608557b,https://ids.si.edu/ids/deliveryService?id=NPG-S_NPG_2002_184_1581,"https://ids.si.edu/ids/iiif/NPG-S_NPG_2002_184_1581/full/250,/0/default.jpg"
02515,sm45928a0d17de94aaf9b949dcf3fd7593d,https://ids.si.edu/ids/deliveryService?id=NPG-S_NPG_2002_184_1580,"https://ids.si.edu/ids/iiif/NPG-S_NPG_2002_184_1580/full/250,/0/default.jpg"
02516,sm47567cb5b648a41e89b78dcabcfee1679,https://ids.si.edu/ids/deliveryService?id=NPG-S_NPG_2002_184_158,"https://ids.si.edu/ids/iiif/NPG-S_NPG_2002_184_158/full/250,/0/default.jpg"
02517,sm482d7d4637b194611a9d26fa73f48b8af,https://ids.si.edu/ids/deliveryService?id=NPG-S_NPG_2002_184_1579,"https://ids.si.edu/ids/iiif/NPG-S_NPG_2002_184_1579/full/250,/0/default.jpg"
02518,sm45132d2fc9f0b4815ac0999626a7a5d48,https://ids.si.edu/ids/deliveryService?id=NPG-S_NPG_2002_184_1578,"https://ids.si.edu/ids/iiif/NPG-S_NPG_2002_184_1578/full/250,/0/default.jpg"
02519,sm40cc8b3d2ae2e4b5b9489dc61d36179c6,https://ids.si.edu/ids/deliveryService?id=NPG-S_NPG_2002_184_1577,"https://ids.si.edu/ids/iiif/NPG-S_NPG_2002_184_1577/full/250,/0/default.jpg"
02520,sm4e80d31ec108f4a89a9d90f400039aa66,https://ids.si.edu/ids/deliveryService?id=NPG-S_NPG_2002_184_1576,"https://ids.si.edu/ids/iiif/NPG-S_NPG_2002_184_1576/full/250,/0/default.jpg"
02521,sm433ee319709ff4b439e0ac0844d35d7ff,https://ids.si.edu/ids/deliveryService?id=NPG-S_NPG_2002_184_1575,"https://ids.si.edu/ids/iiif/NPG-S_NPG_2002_184_1575/full/250,/0/default.jpg"
02522,sm425b799c3a6664bc081ad3728af95eaab,https://ids.si.edu/ids/deliveryService?id=NPG-S_NPG_2002_184_1574,"https://ids.si.edu/ids/iiif/NPG-S_NPG_2002_184_1574/full/250,/0/default.jpg"
02523,sm47b0bbb8e68e04a1fab8a159b877d299e,https://ids.si.edu/ids/deliveryService?id=NPG-S_NPG_2002_184_1573,"https://ids.si.edu/ids/iiif/NPG-S_NPG_2002_184_1573/full/250,/0/default.jpg"
02524,sm4ef77f026284f40a6a84114c1d5194e39,https://ids.si.edu/ids/deliveryService?id=NPG-S_NPG_2002_184_1572,"https://ids.si.edu/ids/iiif/NPG-S_NPG_2002_184_1572/full/250,/0/default.jpg"
02525,sm44a2b66f3c94e481a9a9b2958c605ff34,https://ids.si.edu/ids/deliveryService?id=NPG-S_NPG_2002_184_1571,"https://ids.si.edu/ids/iiif/NPG-S_NPG_2002_184_1571/full/250,/0/default.jpg"
02526,sm4bde950f87b55472f9f7b2de53872d4fd,https://ids.si.edu/ids/deliveryService?id=NPG-S_NPG_2002_184_1570,"https://ids.si.edu/ids/iiif/NPG-S_NPG_2002_184_1570/full/250,/0/default.jpg"
02527,sm4fbe5aa558d7e4e468315ccf7f00e470b,https://ids.si.edu/ids/deliveryService?id=NPG-S_NPG_2002_184_157,"https://ids.si.edu/ids/iiif/NPG-S_NPG_2002_184_157/full/250,/0/default.jpg"
02528,sm43b44ace9b8a142cd98e1fd626cae7b30,https://ids.si.edu/ids/deliveryService?id=NPG-S_NPG_2002_184_1569,"https://ids.si.edu/ids/iiif/NPG-S_NPG_2002_184_1569/full/250,/0/default.jpg"
02529,sm45507c3e65366443eb40da907dc9a10c7,https://ids.si.edu/ids/deliveryService?id=NPG-S_NPG_2002_184_1568,"https://ids.si.edu/ids/iiif/NPG-S_NPG_2002_184_1568/full/250,/0/default.jpg"
02530,sm44caee118f36f4250a6f08d573d288766,https://ids.si.edu/ids/deliveryService?id=NPG-S_NPG_2002_184_1567,"https://ids.si.edu/ids/iiif/NPG-S_NPG_2002_184_1567/full/250,/0/default.jpg"
02531,sm4f10da43922274f929f746391b7e35ce7,https://ids.si.edu/ids/deliveryService?id=NPG-S_NPG_2002_184_1566,"https://ids.si.edu/ids/iiif/NPG-S_NPG_2002_184_1566/full/250,/0/default.jpg"
02532,sm4d6582ebeba3c4b2eb987b740b15ead0b,https://ids.si.edu/ids/deliveryService?id=NPG-S_NPG_2002_184_1565,"https://ids.si.edu/ids/iiif/NPG-S_NPG_2002_184_1565/full/250,/0/default.jpg"
02533,sm42b6738bc8d294eeb983eb60d95cee1d5,https://ids.si.edu/ids/deliveryService?id=NPG-S_NPG_2002_184_1564,"https://ids.si.edu/ids/iiif/NPG-S_NPG_2002_184_1564/full/250,/0/default.jpg"
02534,sm4a98006f61ce94b77b1bf78a8d8640102,https://ids.si.edu/ids/deliveryService?id=NPG-S_NPG_2002_184_1563,"https://ids.si.edu/ids/iiif/NPG-S_NPG_2002_184_1563/full/250,/0/default.jpg"
02535,sm44a455fb39cf54dac9ce2aae51fdd42bf,https://ids.si.edu/ids/deliveryService?id=NPG-S_NPG_2002_184_1562,"https://ids.si.edu/ids/iiif/NPG-S_NPG_2002_184_1562/full/250,/0/default.jpg"
02536,sm4953df7fb5d1f4907bbaa611ba02e7b68,https://ids.si.edu/ids/deliveryService?id=NPG-S_NPG_2002_184_1561,"https://ids.si.edu/ids/iiif/NPG-S_NPG_2002_184_1561/full/250,/0/default.jpg"
02537,sm4c4584620d9f84984a5e52cced0a3763d,https://ids.si.edu/ids/deliveryService?id=NPG-S_NPG_2002_184_1560,"https://ids.si.edu/ids/iiif/NPG-S_NPG_2002_184_1560/full/250,/0/default.jpg"
02538,sm4f1c2370ceb4f428c821ef29f9a72b3f3,https://ids.si.edu/ids/deliveryService?id=NPG-S_NPG_2002_184_156,"https://ids.si.edu/ids/iiif/NPG-S_NPG_2002_184_156/full/250,/0/default.jpg"
02539,sm447f4c2f95bda4ab39d363d614836fc5f,https://ids.si.edu/ids/deliveryService?id=NPG-S_NPG_2002_184_1559,"https://ids.si.edu/ids/iiif/NPG-S_NPG_2002_184_1559/full/250,/0/default.jpg"
02540,sm46e7c4082fc1e4c1fa9b7a71a25f67352,https://ids.si.edu/ids/deliveryService?id=NPG-S_NPG_2002_184_1558,"https://ids.si.edu/ids/iiif/NPG-S_NPG_2002_184_1558/full/250,/0/default.jpg"
02541,sm46f1755c9de444c9ba86060ad90693e00,https://ids.si.edu/ids/deliveryService?id=NPG-S_NPG_2002_184_1557,"https://ids.si.edu/ids/iiif/NPG-S_NPG_2002_184_1557/full/250,/0/default.jpg"
02542,sm47930e4d36c9c458db7411a7ca267a621,https://ids.si.edu/ids/deliveryService?id=NPG-S_NPG_2002_184_1556,"https://ids.si.edu/ids/iiif/NPG-S_NPG_2002_184_1556/full/250,/0/default.jpg"
02543,sm4ed76d9f2a945465d98a24466218651d2,https://ids.si.edu/ids/deliveryService?id=NPG-S_NPG_2002_184_1555,"https://ids.si.edu/ids/iiif/NPG-S_NPG_2002_184_1555/full/250,/0/default.jpg"
02544,sm4544bb04f983944f5800324e70b1ae5a2,https://ids.si.edu/ids/deliveryService?id=NPG-S_NPG_2002_184_1554,"https://ids.si.edu/ids/iiif/NPG-S_NPG_2002_184_1554/full/250,/0/default.jpg"
02545,sm4d836dfb5bc2d47838ce54789958395bc,https://ids.si.edu/ids/deliveryService?id=NPG-S_NPG_2002_184_1553,"https://ids.si.edu/ids/iiif/NPG-S_NPG_2002_184_1553/full/250,/0/default.jpg"
02546,sm442873cb5a11b444fb81ef70b761bf090,https://ids.si.edu/ids/deliveryService?id=NPG-S_NPG_2002_184_1552,"https://ids.si.edu/ids/iiif/NPG-S_NPG_2002_184_1552/full/250,/0/default.jpg"
02547,sm44cffd99d24284f6a911413edda6780f5,https://ids.si.edu/ids/deliveryService?id=NPG-S_NPG_2002_184_1551,"https://ids.si.edu/ids/iiif/NPG-S_NPG_2002_184_1551/full/250,/0/default.jpg"
02548,sm451bcf5b9b1834c7f8abc554a52aea5da,https://ids.si.edu/ids/deliveryService?id=NPG-S_NPG_2002_184_1550,"https://ids.si.edu/ids/iiif/NPG-S_NPG_2002_184_1550/full/250,/0/default.jpg"
02549,sm4a22808faabca4ae8a043f5e5f13aa1b2,https://ids.si.edu/ids/deliveryService?id=NPG-S_NPG_2002_184_155,"https://ids.si.edu/ids/iiif/NPG-S_NPG_2002_184_155/full/250,/0/default.jpg"
02550,sm40eb46af82cfd44feb6ac7b482354cdfc,https://ids.si.edu/ids/deliveryService?id=NPG-S_NPG_2002_184_1549,"https://ids.si.edu/ids/iiif/NPG-S_NPG_2002_184_1549/full/250,/0/default.jpg"
02551,sm4b4211940b14349bc8ded999d868750df,https://ids.si.edu/ids/deliveryService?id=NPG-S_NPG_2002_184_1548,"https://ids.si.edu/ids/iiif/NPG-S_NPG_2002_184_1548/full/250,/0/default.jpg"
02552,sm4d12d77e9080b4ba587223224b9c70757,https://ids.si.edu/ids/deliveryService?id=NPG-S_NPG_2002_184_1547,"https://ids.si.edu/ids/iiif/NPG-S_NPG_2002_184_1547/full/250,/0/default.jpg"
02553,sm4eeb9a9e133bd410490a64fbb53873e26,https://ids.si.edu/ids/deliveryService?id=NPG-S_NPG_2002_184_1546,"https://ids.si.edu/ids/iiif/NPG-S_NPG_2002_184_1546/full/250,/0/default.jpg"
02554,sm4d38ae71cd4234aa88297a2257c1ff976,https://ids.si.edu/ids/deliveryService?id=NPG-S_NPG_2002_184_1545,"https://ids.si.edu/ids/iiif/NPG-S_NPG_2002_184_1545/full/250,/0/default.jpg"
02555,sm4acf48e70baef40a1b34680dd5bf17e3d,https://ids.si.edu/ids/deliveryService?id=NPG-S_NPG_2002_184_1544,"https://ids.si.edu/ids/iiif/NPG-S_NPG_2002_184_1544/full/250,/0/default.jpg"
02556,sm47092cb6822564808bb1af8acc60daab9,https://ids.si.edu/ids/deliveryService?id=NPG-S_NPG_2002_184_1543,"https://ids.si.edu/ids/iiif/NPG-S_NPG_2002_184_1543/full/250,/0/default.jpg"
02557,sm472417c2d0f3f43099bdbf3334c74caf7,https://ids.si.edu/ids/deliveryService?id=NPG-S_NPG_2002_184_1542,"https://ids.si.edu/ids/iiif/NPG-S_NPG_2002_184_1542/full/250,/0/default.jpg"
02558,sm4e843856fc3184036bd34b91e58eb18f2,https://ids.si.edu/ids/deliveryService?id=NPG-S_NPG_2002_184_1541,"https://ids.si.edu/ids/iiif/NPG-S_NPG_2002_184_1541/full/250,/0/default.jpg"
02559,sm493ad7394519e4940b6be9f110efaaa13,https://ids.si.edu/ids/deliveryService?id=NPG-S_NPG_2002_184_1540,"https://ids.si.edu/ids/iiif/NPG-S_NPG_2002_184_1540/full/250,/0/default.jpg"
02560,sm4a8ab551e032841d2b419f9bea077712c,https://ids.si.edu/ids/deliveryService?id=NPG-S_NPG_2002_184_154,"https://ids.si.edu/ids/iiif/NPG-S_NPG_2002_184_154/full/250,/0/default.jpg"
02561,sm4c22793b313184f75b22c4adf0686010e,https://ids.si.edu/ids/deliveryService?id=NPG-S_NPG_2002_184_1539,"https://ids.si.edu/ids/iiif/NPG-S_NPG_2002_184_1539/full/250,/0/default.jpg"
02562,sm4cbd448a7664e4c5db2cfa7daa0d3a052,https://ids.si.edu/ids/deliveryService?id=NPG-S_NPG_2002_184_1538,"https://ids.si.edu/ids/iiif/NPG-S_NPG_2002_184_1538/full/250,/0/default.jpg"
02563,sm415c1349e49504158bdf89eee7488ad48,https://ids.si.edu/ids/deliveryService?id=NPG-S_NPG_2002_184_1537,"https://ids.si.edu/ids/iiif/NPG-S_NPG_2002_184_1537/full/250,/0/default.jpg"
02564,sm495e41ec196764eff94493b04a7e79b34,https://ids.si.edu/ids/deliveryService?id=NPG-S_NPG_2002_184_1536,"https://ids.si.edu/ids/iiif/NPG-S_NPG_2002_184_1536/full/250,/0/default.jpg"
02565,sm4446c376627f4476dab69b5b10d93a478,https://ids.si.edu/ids/deliveryService?id=NPG-S_NPG_2002_184_1535,"https://ids.si.edu/ids/iiif/NPG-S_NPG_2002_184_1535/full/250,/0/default.jpg"
02566,sm40f359f9efba144e6b81a948103386877,https://ids.si.edu/ids/deliveryService?id=NPG-S_NPG_2002_184_1534,"https://ids.si.edu/ids/iiif/NPG-S_NPG_2002_184_1534/full/250,/0/default.jpg"
02567,sm4c1cdb92bfe1f48bb89194458c3d284fc,https://ids.si.edu/ids/deliveryService?id=NPG-S_NPG_2002_184_1533,"https://ids.si.edu/ids/iiif/NPG-S_NPG_2002_184_1533/full/250,/0/default.jpg"
02568,sm470cd414916264a548fce03976fe6e7b8,https://ids.si.edu/ids/deliveryService?id=NPG-S_NPG_2002_184_1532,"https://ids.si.edu/ids/iiif/NPG-S_NPG_2002_184_1532/full/250,/0/default.jpg"
02569,sm4d4e676a19b65453b98b2c120b101e799,https://ids.si.edu/ids/deliveryService?id=NPG-S_NPG_2002_184_1531,"https://ids.si.edu/ids/iiif/NPG-S_NPG_2002_184_1531/full/250,/0/default.jpg"
02570,sm4c89cab5b8f324261ae005aba83db6feb,https://ids.si.edu/ids/deliveryService?id=NPG-S_NPG_2002_184_1530,"https://ids.si.edu/ids/iiif/NPG-S_NPG_2002_184_1530/full/250,/0/default.jpg"
02571,sm4ba5c5f697d634fa3aa96d8a1331ef78a,https://ids.si.edu/ids/deliveryService?id=NPG-S_NPG_2002_184_153,"https://ids.si.edu/ids/iiif/NPG-S_NPG_2002_184_153/full/250,/0/default.jpg"
02572,sm476d789bdf1614f38a86fa52fb6ef69cb,https://ids.si.edu/ids/deliveryService?id=NPG-S_NPG_2002_184_1529,"https://ids.si.edu/ids/iiif/NPG-S_NPG_2002_184_1529/full/250,/0/default.jpg"
02573,sm4a98a28f29ad44837bf55b1188426769a,https://ids.si.edu/ids/deliveryService?id=NPG-S_NPG_2002_184_1528,"https://ids.si.edu/ids/iiif/NPG-S_NPG_2002_184_1528/full/250,/0/default.jpg"
02574,sm4f5225fdd02bd40ee8136a879a8e8c985,https://ids.si.edu/ids/deliveryService?id=NPG-S_NPG_2002_184_1527,"https://ids.si.edu/ids/iiif/NPG-S_NPG_2002_184_1527/full/250,/0/default.jpg"
02575,sm49974dfde9832412aa9f32555314aa617,https://ids.si.edu/ids/deliveryService?id=NPG-S_NPG_2002_184_1526,"https://ids.si.edu/ids/iiif/NPG-S_NPG_2002_184_1526/full/250,/0/default.jpg"
02576,sm4a56a2c2b384d41bf964ab22946d5c369,https://ids.si.edu/ids/deliveryService?id=NPG-S_NPG_2002_184_1525,"https://ids.si.edu/ids/iiif/NPG-S_NPG_2002_184_1525/full/250,/0/default.jpg"
02577,sm4bfceb0a7c8d248bbbfc6e609eb2fa565,https://ids.si.edu/ids/deliveryService?id=NPG-S_NPG_2002_184_1524,"https://ids.si.edu/ids/iiif/NPG-S_NPG_2002_184_1524/full/250,/0/default.jpg"
02578,sm4c42a6305770444fe890d96c4b8c7d768,https://ids.si.edu/ids/deliveryService?id=NPG-S_NPG_2002_184_1523,"https://ids.si.edu/ids/iiif/NPG-S_NPG_2002_184_1523/full/250,/0/default.jpg"
02579,sm477c009c240814b0d953bc66d404ef040,https://ids.si.edu/ids/deliveryService?id=NPG-S_NPG_2002_184_1522,"https://ids.si.edu/ids/iiif/NPG-S_NPG_2002_184_1522/full/250,/0/default.jpg"
02580,sm4b2a82f29a4ed4f4e808628c5e487cb30,https://ids.si.edu/ids/deliveryService?id=NPG-S_NPG_2002_184_1521,"https://ids.si.edu/ids/iiif/NPG-S_NPG_2002_184_1521/full/250,/0/default.jpg"
02581,sm44ec9f116d7ab485fb4de7a3ed055992c,https://ids.si.edu/ids/deliveryService?id=NPG-S_NPG_2002_184_1520,"https://ids.si.edu/ids/iiif/NPG-S_NPG_2002_184_1520/full/250,/0/default.jpg"
02582,sm4fd90f196e5ab4bb3bba3d5b3127af718,https://ids.si.edu/ids/deliveryService?id=NPG-S_NPG_2002_184_152,"https://ids.si.edu/ids/iiif/NPG-S_NPG_2002_184_152/full/250,/0/default.jpg"
02583,sm41732b58dcbb54251a31bf368e6081c3e,https://ids.si.edu/ids/deliveryService?id=NPG-S_NPG_2002_184_1519,"https://ids.si.edu/ids/iiif/NPG-S_NPG_2002_184_1519/full/250,/0/default.jpg"
02584,sm4984f6d751adc4d4f863cf714a0bad0aa,https://ids.si.edu/ids/deliveryService?id=NPG-S_NPG_2002_184_1518,"https://ids.si.edu/ids/iiif/NPG-S_NPG_2002_184_1518/full/250,/0/default.jpg"
02585,sm4d0cdf0afd03f4d32842317decdd1e118,https://ids.si.edu/ids/deliveryService?id=NPG-S_NPG_2002_184_1517,"https://ids.si.edu/ids/iiif/NPG-S_NPG_2002_184_1517/full/250,/0/default.jpg"
02586,sm4ba731c503ab74d51b8b26419c1bf545f,https://ids.si.edu/ids/deliveryService?id=NPG-S_NPG_2002_184_1516,"https://ids.si.edu/ids/iiif/NPG-S_NPG_2002_184_1516/full/250,/0/default.jpg"
02587,sm41345f04d25524d84b602ca08bb990dca,https://ids.si.edu/ids/deliveryService?id=NPG-S_NPG_2002_184_1515,"https://ids.si.edu/ids/iiif/NPG-S_NPG_2002_184_1515/full/250,/0/default.jpg"
02588,sm4fb0aabc7d9514c5f8c277a2679688f97,https://ids.si.edu/ids/deliveryService?id=NPG-S_NPG_2002_184_1514,"https://ids.si.edu/ids/iiif/NPG-S_NPG_2002_184_1514/full/250,/0/default.jpg"
02589,sm40d5af812b728472cb5a5f16210c57faf,https://ids.si.edu/ids/deliveryService?id=NPG-S_NPG_2002_184_1513,"https://ids.si.edu/ids/iiif/NPG-S_NPG_2002_184_1513/full/250,/0/default.jpg"
02590,sm497f204f0a12d440db45f450a29b8fb31,https://ids.si.edu/ids/deliveryService?id=NPG-S_NPG_2002_184_1512,"https://ids.si.edu/ids/iiif/NPG-S_NPG_2002_184_1512/full/250,/0/default.jpg"
02591,sm4dbe8f848631f48569c36d90f12d0de53,https://ids.si.edu/ids/deliveryService?id=NPG-S_NPG_2002_184_1511,"https://ids.si.edu/ids/iiif/NPG-S_NPG_2002_184_1511/full/250,/0/default.jpg"
02592,sm498fc2f31b3604969abf20a47e80abeb1,https://ids.si.edu/ids/deliveryService?id=NPG-S_NPG_2002_184_1510,"https://ids.si.edu/ids/iiif/NPG-S_NPG_2002_184_1510/full/250,/0/default.jpg"
02593,sm43ae51f344b0c48b3a7445b7ef762430f,https://ids.si.edu/ids/deliveryService?id=NPG-S_NPG_2002_184_151,"https://ids.si.edu/ids/iiif/NPG-S_NPG_2002_184_151/full/250,/0/default.jpg"
02594,sm43c631a0d61cc4ced8149a2a8335e1626,https://ids.si.edu/ids/deliveryService?id=NPG-S_NPG_2002_184_1509,"https://ids.si.edu/ids/iiif/NPG-S_NPG_2002_184_1509/full/250,/0/default.jpg"
02595,sm467a347a96aea41989022b9409b0eda83,https://ids.si.edu/ids/deliveryService?id=NPG-S_NPG_2002_184_1508,"https://ids.si.edu/ids/iiif/NPG-S_NPG_2002_184_1508/full/250,/0/default.jpg"
02596,sm41234c731642644808451a1583c038e39,https://ids.si.edu/ids/deliveryService?id=NPG-S_NPG_2002_184_1507,"https://ids.si.edu/ids/iiif/NPG-S_NPG_2002_184_1507/full/250,/0/default.jpg"
02597,sm42c511ae57583433998e05733ee70de4a,https://ids.si.edu/ids/deliveryService?id=NPG-S_NPG_2002_184_1506,"https://ids.si.edu/ids/iiif/NPG-S_NPG_2002_184_1506/full/250,/0/default.jpg"
02598,sm44f63e7d09b6a4644abaa99ac4dee49ba,https://ids.si.edu/ids/deliveryService?id=NPG-S_NPG_2002_184_1505,"https://ids.si.edu/ids/iiif/NPG-S_NPG_2002_184_1505/full/250,/0/default.jpg"
02599,sm43d82d624317a431099399985477e3f16,https://ids.si.edu/ids/deliveryService?id=NPG-S_NPG_2002_184_1504,"https://ids.si.edu/ids/iiif/NPG-S_NPG_2002_184_1504/full/250,/0/default.jpg"
02600,sm4649bcb218b0d424e8070f04256d64eb2,https://ids.si.edu/ids/deliveryService?id=NPG-S_NPG_2002_184_1503,"https://ids.si.edu/ids/iiif/NPG-S_NPG_2002_184_1503/full/250,/0/default.jpg"
02601,sm4fc6f29dc41a94cfbba6b30a63cc1059a,https://ids.si.edu/ids/deliveryService?id=NPG-S_NPG_2002_184_1502,"https://ids.si.edu/ids/iiif/NPG-S_NPG_2002_184_1502/full/250,/0/default.jpg"
02602,sm4517c0c1c1d144fa89a6240bfa1ba0596,https://ids.si.edu/ids/deliveryService?id=NPG-S_NPG_2002_184_1501,"https://ids.si.edu/ids/iiif/NPG-S_NPG_2002_184_1501/full/250,/0/default.jpg"
02603,sm4b10785d7b4174a5bb7219d655ed5f557,https://ids.si.edu/ids/deliveryService?id=NPG-S_NPG_2002_184_1500,"https://ids.si.edu/ids/iiif/NPG-S_NPG_2002_184_1500/full/250,/0/default.jpg"
02604,sm4dd2d229ca94248ae84832b37c21ac30c,https://ids.si.edu/ids/deliveryService?id=NPG-S_NPG_2002_184_150,"https://ids.si.edu/ids/iiif/NPG-S_NPG_2002_184_150/full/250,/0/default.jpg"
02605,sm42ffbf6745ab84b7f93e5619a2965dd85,https://ids.si.edu/ids/deliveryService?id=NPG-S_NPG_2002_184_15,"https://ids.si.edu/ids/iiif/NPG-S_NPG_2002_184_15/full/250,/0/default.jpg"
02606,sm4f61ec82dbc5c4a37b8b05857400059fb,https://ids.si.edu/ids/deliveryService?id=NPG-S_NPG_2002_184_1499,"https://ids.si.edu/ids/iiif/NPG-S_NPG_2002_184_1499/full/250,/0/default.jpg"
02607,sm4f78f866dc78841f493a8bc9c36ab4aef,https://ids.si.edu/ids/deliveryService?id=NPG-S_NPG_2002_184_1498,"https://ids.si.edu/ids/iiif/NPG-S_NPG_2002_184_1498/full/250,/0/default.jpg"
02608,sm41355430cbfca49778d264b0f0cefe559,https://ids.si.edu/ids/deliveryService?id=NPG-S_NPG_2002_184_1497,"https://ids.si.edu/ids/iiif/NPG-S_NPG_2002_184_1497/full/250,/0/default.jpg"
02609,sm4935e86a124f0489cb3d1a3ca0e4e6d22,https://ids.si.edu/ids/deliveryService?id=NPG-S_NPG_2002_184_1496,"https://ids.si.edu/ids/iiif/NPG-S_NPG_2002_184_1496/full/250,/0/default.jpg"
02610,sm46ce1625004664bdea46c81ca917fdc80,https://ids.si.edu/ids/deliveryService?id=NPG-S_NPG_2002_184_1495,"https://ids.si.edu/ids/iiif/NPG-S_NPG_2002_184_1495/full/250,/0/default.jpg"
02611,sm47705be0b112845da9e7d17c28fcc145f,https://ids.si.edu/ids/deliveryService?id=NPG-S_NPG_2002_184_1494,"https://ids.si.edu/ids/iiif/NPG-S_NPG_2002_184_1494/full/250,/0/default.jpg"
02612,sm40e4cd1aa61bd4d74a520df8e7a63fd0a,https://ids.si.edu/ids/deliveryService?id=NPG-S_NPG_2002_184_1493,"https://ids.si.edu/ids/iiif/NPG-S_NPG_2002_184_1493/full/250,/0/default.jpg"
02613,sm48dd2231635a94deda9a8595b90df4215,https://ids.si.edu/ids/deliveryService?id=NPG-S_NPG_2002_184_1492,"https://ids.si.edu/ids/iiif/NPG-S_NPG_2002_184_1492/full/250,/0/default.jpg"
02614,sm495b06cb3862744f29cc6a0be0df9f006,https://ids.si.edu/ids/deliveryService?id=NPG-S_NPG_2002_184_1491,"https://ids.si.edu/ids/iiif/NPG-S_NPG_2002_184_1491/full/250,/0/default.jpg"
02615,sm4ffdc0600cf7d4e88a3f15d8fa8ea0adc,https://ids.si.edu/ids/deliveryService?id=NPG-S_NPG_2002_184_1490,"https://ids.si.edu/ids/iiif/NPG-S_NPG_2002_184_1490/full/250,/0/default.jpg"
02616,sm4ac2de468411b4da096dfcd654643dbe5,https://ids.si.edu/ids/deliveryService?id=NPG-S_NPG_2002_184_149,"https://ids.si.edu/ids/iiif/NPG-S_NPG_2002_184_149/full/250,/0/default.jpg"
02617,sm4ae070bc656ca4287be52d2386da56d80,https://ids.si.edu/ids/deliveryService?id=NPG-S_NPG_2002_184_1489,"https://ids.si.edu/ids/iiif/NPG-S_NPG_2002_184_1489/full/250,/0/default.jpg"
02618,sm4cc81868ae390490c89992ce4a49acf45,https://ids.si.edu/ids/deliveryService?id=NPG-S_NPG_2002_184_1488,"https://ids.si.edu/ids/iiif/NPG-S_NPG_2002_184_1488/full/250,/0/default.jpg"
02619,sm4e3d57bc326aa43e88a965655b290dd9b,https://ids.si.edu/ids/deliveryService?id=NPG-S_NPG_2002_184_1487,"https://ids.si.edu/ids/iiif/NPG-S_NPG_2002_184_1487/full/250,/0/default.jpg"
02620,sm48e28cdb4223443238b0bf89d1811d0c1,https://ids.si.edu/ids/deliveryService?id=NPG-S_NPG_2002_184_1486,"https://ids.si.edu/ids/iiif/NPG-S_NPG_2002_184_1486/full/250,/0/default.jpg"
02621,sm46492d9e6d5604d2aa1191a8fd61da61a,https://ids.si.edu/ids/deliveryService?id=NPG-S_NPG_2002_184_1485,"https://ids.si.edu/ids/iiif/NPG-S_NPG_2002_184_1485/full/250,/0/default.jpg"
02622,sm48bb86ae418fc4e40804e6a5bb38ee683,https://ids.si.edu/ids/deliveryService?id=NPG-S_NPG_2002_184_1484,"https://ids.si.edu/ids/iiif/NPG-S_NPG_2002_184_1484/full/250,/0/default.jpg"
02623,sm43fe0eda611764b66896c9affec2cecf9,https://ids.si.edu/ids/deliveryService?id=NPG-S_NPG_2002_184_1483,"https://ids.si.edu/ids/iiif/NPG-S_NPG_2002_184_1483/full/250,/0/default.jpg"
02624,sm427e6bcdb9edd4b7e8972924d9dbf5a74,https://ids.si.edu/ids/deliveryService?id=NPG-S_NPG_2002_184_1482,"https://ids.si.edu/ids/iiif/NPG-S_NPG_2002_184_1482/full/250,/0/default.jpg"
02625,sm4eca550df65484cca9219cfc19ccd7f8f,https://ids.si.edu/ids/deliveryService?id=NPG-S_NPG_2002_184_1481,"https://ids.si.edu/ids/iiif/NPG-S_NPG_2002_184_1481/full/250,/0/default.jpg"
02626,sm4ff4438b7d2cb43ccbee8d0bf4a566649,https://ids.si.edu/ids/deliveryService?id=NPG-S_NPG_2002_184_1480,"https://ids.si.edu/ids/iiif/NPG-S_NPG_2002_184_1480/full/250,/0/default.jpg"
02627,sm41873ec528fb54c5381db33853d797afb,https://ids.si.edu/ids/deliveryService?id=NPG-S_NPG_2002_184_148,"https://ids.si.edu/ids/iiif/NPG-S_NPG_2002_184_148/full/250,/0/default.jpg"
02628,sm4a21fbfe507cd45b69b7729513758be5e,https://ids.si.edu/ids/deliveryService?id=NPG-S_NPG_2002_184_1479,"https://ids.si.edu/ids/iiif/NPG-S_NPG_2002_184_1479/full/250,/0/default.jpg"
02629,sm4db210d4df2a24818bddb084eea1c334c,https://ids.si.edu/ids/deliveryService?id=NPG-S_NPG_2002_184_1478,"https://ids.si.edu/ids/iiif/NPG-S_NPG_2002_184_1478/full/250,/0/default.jpg"
02630,sm43c2f9fecac01456686185c59c4841fe1,https://ids.si.edu/ids/deliveryService?id=NPG-S_NPG_2002_184_1477,"https://ids.si.edu/ids/iiif/NPG-S_NPG_2002_184_1477/full/250,/0/default.jpg"
02631,sm4deec2a3dc9ce45d5a36ce5ed2fa03e82,https://ids.si.edu/ids/deliveryService?id=NPG-S_NPG_2002_184_1476,"https://ids.si.edu/ids/iiif/NPG-S_NPG_2002_184_1476/full/250,/0/default.jpg"
02632,sm4b3850fc91ef14e0e9182c78e2fdbdc05,https://ids.si.edu/ids/deliveryService?id=NPG-S_NPG_2002_184_1475,"https://ids.si.edu/ids/iiif/NPG-S_NPG_2002_184_1475/full/250,/0/default.jpg"
02633,sm4a7181319dc384a459a3311b28a3b4519,https://ids.si.edu/ids/deliveryService?id=NPG-S_NPG_2002_184_1474,"https://ids.si.edu/ids/iiif/NPG-S_NPG_2002_184_1474/full/250,/0/default.jpg"
02634,sm4fb533ddb296846c0a04b2bd7528927b0,https://ids.si.edu/ids/deliveryService?id=NPG-S_NPG_2002_184_1473,"https://ids.si.edu/ids/iiif/NPG-S_NPG_2002_184_1473/full/250,/0/default.jpg"
02635,sm454f01ba1e10f4399989e99e332e20a46,https://ids.si.edu/ids/deliveryService?id=NPG-S_NPG_2002_184_1472,"https://ids.si.edu/ids/iiif/NPG-S_NPG_2002_184_1472/full/250,/0/default.jpg"
02636,sm45ded105cef494ef6827ef443f31a8613,https://ids.si.edu/ids/deliveryService?id=NPG-S_NPG_2002_184_1471,"https://ids.si.edu/ids/iiif/NPG-S_NPG_2002_184_1471/full/250,/0/default.jpg"
02637,sm4af3a296024644c6b9998d88167021d2d,https://ids.si.edu/ids/deliveryService?id=NPG-S_NPG_2002_184_1470,"https://ids.si.edu/ids/iiif/NPG-S_NPG_2002_184_1470/full/250,/0/default.jpg"
02638,sm4c58dd33ebd0b4aca9dfcc9283577183b,https://ids.si.edu/ids/deliveryService?id=NPG-S_NPG_2002_184_147,"https://ids.si.edu/ids/iiif/NPG-S_NPG_2002_184_147/full/250,/0/default.jpg"
02639,sm4e014fa990b1649dea0367cc68ccb53ba,https://ids.si.edu/ids/deliveryService?id=NPG-S_NPG_2002_184_1469,"https://ids.si.edu/ids/iiif/NPG-S_NPG_2002_184_1469/full/250,/0/default.jpg"
02640,sm4e3ab92a42ef04ac7a4df0266bfbb4e6b,https://ids.si.edu/ids/deliveryService?id=NPG-S_NPG_2002_184_1468,"https://ids.si.edu/ids/iiif/NPG-S_NPG_2002_184_1468/full/250,/0/default.jpg"
02641,sm4cd5d242b9a0b4b9eab2b6bd93e6c84a9,https://ids.si.edu/ids/deliveryService?id=NPG-S_NPG_2002_184_1467,"https://ids.si.edu/ids/iiif/NPG-S_NPG_2002_184_1467/full/250,/0/default.jpg"
02642,sm422bb64c516164154a88c69606310fc16,https://ids.si.edu/ids/deliveryService?id=NPG-S_NPG_2002_184_1466,"https://ids.si.edu/ids/iiif/NPG-S_NPG_2002_184_1466/full/250,/0/default.jpg"
02643,sm47b1d8d96cc7242abbfd419533359ca62,https://ids.si.edu/ids/deliveryService?id=NPG-S_NPG_2002_184_1465,"https://ids.si.edu/ids/iiif/NPG-S_NPG_2002_184_1465/full/250,/0/default.jpg"
02644,sm43a09158bed9742468a2f16e2c2a348fb,https://ids.si.edu/ids/deliveryService?id=NPG-S_NPG_2002_184_1464,"https://ids.si.edu/ids/iiif/NPG-S_NPG_2002_184_1464/full/250,/0/default.jpg"
02645,sm4021218995f5c484895d41693d81e8e39,https://ids.si.edu/ids/deliveryService?id=NPG-S_NPG_2002_184_1463,"https://ids.si.edu/ids/iiif/NPG-S_NPG_2002_184_1463/full/250,/0/default.jpg"
02646,sm4b309b6d3e9694c4ba426da52d607e32c,https://ids.si.edu/ids/deliveryService?id=NPG-S_NPG_2002_184_1462,"https://ids.si.edu/ids/iiif/NPG-S_NPG_2002_184_1462/full/250,/0/default.jpg"
02647,sm43972236987f449d3b6408f5977818652,https://ids.si.edu/ids/deliveryService?id=NPG-S_NPG_2002_184_1461,"https://ids.si.edu/ids/iiif/NPG-S_NPG_2002_184_1461/full/250,/0/default.jpg"
02648,sm443951ede5bb146a891534de0fcd3a61d,https://ids.si.edu/ids/deliveryService?id=NPG-S_NPG_2002_184_1460,"https://ids.si.edu/ids/iiif/NPG-S_NPG_2002_184_1460/full/250,/0/default.jpg"
02649,sm4cb809128db0b4c9b9e4e5ec0ba3070e0,https://ids.si.edu/ids/deliveryService?id=NPG-S_NPG_2002_184_146,"https://ids.si.edu/ids/iiif/NPG-S_NPG_2002_184_146/full/250,/0/default.jpg"
02650,sm46cee085aa9ba40b3907d955925a8234e,https://ids.si.edu/ids/deliveryService?id=NPG-S_NPG_2002_184_1459,"https://ids.si.edu/ids/iiif/NPG-S_NPG_2002_184_1459/full/250,/0/default.jpg"
02651,sm430cd0c53c4494666a03ca9d4480ffd12,https://ids.si.edu/ids/deliveryService?id=NPG-S_NPG_2002_184_1458,"https://ids.si.edu/ids/iiif/NPG-S_NPG_2002_184_1458/full/250,/0/default.jpg"
02652,sm48bcbaa6254604d7e99f49919a445ed09,https://ids.si.edu/ids/deliveryService?id=NPG-S_NPG_2002_184_1457,"https://ids.si.edu/ids/iiif/NPG-S_NPG_2002_184_1457/full/250,/0/default.jpg"
02653,sm410b3101d709d42048b0d47b5a7884980,https://ids.si.edu/ids/deliveryService?id=NPG-S_NPG_2002_184_1456,"https://ids.si.edu/ids/iiif/NPG-S_NPG_2002_184_1456/full/250,/0/default.jpg"
02654,sm4ceebc7dab2dc47628b05c59b79d2a3af,https://ids.si.edu/ids/deliveryService?id=NPG-S_NPG_2002_184_1455,"https://ids.si.edu/ids/iiif/NPG-S_NPG_2002_184_1455/full/250,/0/default.jpg"
02655,sm456b334f647664d018e4d6bd73110915d,https://ids.si.edu/ids/deliveryService?id=NPG-S_NPG_2002_184_1454,"https://ids.si.edu/ids/iiif/NPG-S_NPG_2002_184_1454/full/250,/0/default.jpg"
02656,sm42ce3748164b84bbc8b3c59a74ab35105,https://ids.si.edu/ids/deliveryService?id=NPG-S_NPG_2002_184_1453,"https://ids.si.edu/ids/iiif/NPG-S_NPG_2002_184_1453/full/250,/0/default.jpg"
02657,sm409ae3825404f41a28198e5886b0005a7,https://ids.si.edu/ids/deliveryService?id=NPG-S_NPG_2002_184_1452,"https://ids.si.edu/ids/iiif/NPG-S_NPG_2002_184_1452/full/250,/0/default.jpg"
02658,sm4e94aa13826024982952246a6080c2960,https://ids.si.edu/ids/deliveryService?id=NPG-S_NPG_2002_184_1451,"https://ids.si.edu/ids/iiif/NPG-S_NPG_2002_184_1451/full/250,/0/default.jpg"
02659,sm413639616e7874d8592e50d7c4aab2be3,https://ids.si.edu/ids/deliveryService?id=NPG-S_NPG_2002_184_1450,"https://ids.si.edu/ids/iiif/NPG-S_NPG_2002_184_1450/full/250,/0/default.jpg"
02660,sm46aac71901a6040958b358580fe898716,https://ids.si.edu/ids/deliveryService?id=NPG-S_NPG_2002_184_145,"https://ids.si.edu/ids/iiif/NPG-S_NPG_2002_184_145/full/250,/0/default.jpg"
02661,sm4f88eae2dffb14bdeaad02e3874f90a2c,https://ids.si.edu/ids/deliveryService?id=NPG-S_NPG_2002_184_1449,"https://ids.si.edu/ids/iiif/NPG-S_NPG_2002_184_1449/full/250,/0/default.jpg"
02662,sm4ca6242b413c945f2b8c88255e0cc175b,https://ids.si.edu/ids/deliveryService?id=NPG-S_NPG_2002_184_1448,"https://ids.si.edu/ids/iiif/NPG-S_NPG_2002_184_1448/full/250,/0/default.jpg"
02663,sm4fd5c7320d2994a19bfd50f42b1b95d76,https://ids.si.edu/ids/deliveryService?id=NPG-S_NPG_2002_184_1447,"https://ids.si.edu/ids/iiif/NPG-S_NPG_2002_184_1447/full/250,/0/default.jpg"
02664,sm4c0f778113dd2468da6bbe331ead5b8e1,https://ids.si.edu/ids/deliveryService?id=NPG-S_NPG_2002_184_1446,"https://ids.si.edu/ids/iiif/NPG-S_NPG_2002_184_1446/full/250,/0/default.jpg"
02665,sm45bbacac54b614a1192eb662e5beb60d8,https://ids.si.edu/ids/deliveryService?id=NPG-S_NPG_2002_184_1445,"https://ids.si.edu/ids/iiif/NPG-S_NPG_2002_184_1445/full/250,/0/default.jpg"
02666,sm46560b6be4b1e472191c88443a3454e1d,https://ids.si.edu/ids/deliveryService?id=NPG-S_NPG_2002_184_1444,"https://ids.si.edu/ids/iiif/NPG-S_NPG_2002_184_1444/full/250,/0/default.jpg"
02667,sm478670c63f2f34243a5614e4508e75ff0,https://ids.si.edu/ids/deliveryService?id=NPG-S_NPG_2002_184_1443,"https://ids.si.edu/ids/iiif/NPG-S_NPG_2002_184_1443/full/250,/0/default.jpg"
02668,sm4d3507cb557cf4a348de3a118254d3a4d,https://ids.si.edu/ids/deliveryService?id=NPG-S_NPG_2002_184_1442,"https://ids.si.edu/ids/iiif/NPG-S_NPG_2002_184_1442/full/250,/0/default.jpg"
02669,sm4758f19d464954b2f8085591a727d9e28,https://ids.si.edu/ids/deliveryService?id=NPG-S_NPG_2002_184_1441,"https://ids.si.edu/ids/iiif/NPG-S_NPG_2002_184_1441/full/250,/0/default.jpg"
02670,sm42705772da5db402091a47c6d0fcd1646,https://ids.si.edu/ids/deliveryService?id=NPG-S_NPG_2002_184_1440,"https://ids.si.edu/ids/iiif/NPG-S_NPG_2002_184_1440/full/250,/0/default.jpg"
02671,sm408b27c2837924cc3bb39c3867b52fcce,https://ids.si.edu/ids/deliveryService?id=NPG-S_NPG_2002_184_144,"https://ids.si.edu/ids/iiif/NPG-S_NPG_2002_184_144/full/250,/0/default.jpg"
02672,sm478e8523408394cb08bf050d7af1c84e9,https://ids.si.edu/ids/deliveryService?id=NPG-S_NPG_2002_184_1439,"https://ids.si.edu/ids/iiif/NPG-S_NPG_2002_184_1439/full/250,/0/default.jpg"
02673,sm4dbf90741a9f34d87a4b7684f5417b650,https://ids.si.edu/ids/deliveryService?id=NPG-S_NPG_2002_184_1438,"https://ids.si.edu/ids/iiif/NPG-S_NPG_2002_184_1438/full/250,/0/default.jpg"
02674,sm452383d297a794344b7fad717fca710a7,https://ids.si.edu/ids/deliveryService?id=NPG-S_NPG_2002_184_1437,"https://ids.si.edu/ids/iiif/NPG-S_NPG_2002_184_1437/full/250,/0/default.jpg"
02675,sm428986a5bd44c4f97a150618789b82185,https://ids.si.edu/ids/deliveryService?id=NPG-S_NPG_2002_184_1436,"https://ids.si.edu/ids/iiif/NPG-S_NPG_2002_184_1436/full/250,/0/default.jpg"
02676,sm46f8be8b2ca05401493ec9551db6457b5,https://ids.si.edu/ids/deliveryService?id=NPG-S_NPG_2002_184_1435,"https://ids.si.edu/ids/iiif/NPG-S_NPG_2002_184_1435/full/250,/0/default.jpg"
02677,sm4fc5b446f37a248c790b2fd8812cb77ad,https://ids.si.edu/ids/deliveryService?id=NPG-S_NPG_2002_184_1434,"https://ids.si.edu/ids/iiif/NPG-S_NPG_2002_184_1434/full/250,/0/default.jpg"
02678,sm427e4958e92b8489fb23661f42ddae9fa,https://ids.si.edu/ids/deliveryService?id=NPG-S_NPG_2002_184_1433,"https://ids.si.edu/ids/iiif/NPG-S_NPG_2002_184_1433/full/250,/0/default.jpg"
02679,sm413addaea8aef4c23bcd81099dd462eb1,https://ids.si.edu/ids/deliveryService?id=NPG-S_NPG_2002_184_1432,"https://ids.si.edu/ids/iiif/NPG-S_NPG_2002_184_1432/full/250,/0/default.jpg"
02680,sm4acbac006748642539454ff623857971d,https://ids.si.edu/ids/deliveryService?id=NPG-S_NPG_2002_184_1431,"https://ids.si.edu/ids/iiif/NPG-S_NPG_2002_184_1431/full/250,/0/default.jpg"
02681,sm4a6dfc831204e4fe7917fb4ab72e4aa92,https://ids.si.edu/ids/deliveryService?id=NPG-S_NPG_2002_184_1430,"https://ids.si.edu/ids/iiif/NPG-S_NPG_2002_184_1430/full/250,/0/default.jpg"
02682,sm49ff482253c2149a9be305758bc92588b,https://ids.si.edu/ids/deliveryService?id=NPG-S_NPG_2002_184_143,"https://ids.si.edu/ids/iiif/NPG-S_NPG_2002_184_143/full/250,/0/default.jpg"
02683,sm4b3e1e1503f27481ab2b0fb65c496300d,https://ids.si.edu/ids/deliveryService?id=NPG-S_NPG_2002_184_1429,"https://ids.si.edu/ids/iiif/NPG-S_NPG_2002_184_1429/full/250,/0/default.jpg"
02684,sm43fb5d7c96b8b48889e39e72a702b0c02,https://ids.si.edu/ids/deliveryService?id=NPG-S_NPG_2002_184_1428,"https://ids.si.edu/ids/iiif/NPG-S_NPG_2002_184_1428/full/250,/0/default.jpg"
02685,sm422f09b9aab6b40aca7aaef1f7f125ecf,https://ids.si.edu/ids/deliveryService?id=NPG-S_NPG_2002_184_1427,"https://ids.si.edu/ids/iiif/NPG-S_NPG_2002_184_1427/full/250,/0/default.jpg"
02686,sm4c7d2f277b7244530bccbf70367fe2199,https://ids.si.edu/ids/deliveryService?id=NPG-S_NPG_2002_184_1426,"https://ids.si.edu/ids/iiif/NPG-S_NPG_2002_184_1426/full/250,/0/default.jpg"
02687,sm47a5e32da7bfb4ee68e5640ac2baea308,https://ids.si.edu/ids/deliveryService?id=NPG-S_NPG_2002_184_1425,"https://ids.si.edu/ids/iiif/NPG-S_NPG_2002_184_1425/full/250,/0/default.jpg"
02688,sm4f6b8140ea90941a5844c8615db7d306b,https://ids.si.edu/ids/deliveryService?id=NPG-S_NPG_2002_184_1424,"https://ids.si.edu/ids/iiif/NPG-S_NPG_2002_184_1424/full/250,/0/default.jpg"
02689,sm4d2b074f99adb42fcb2141b278587c6d6,https://ids.si.edu/ids/deliveryService?id=NPG-S_NPG_2002_184_1423,"https://ids.si.edu/ids/iiif/NPG-S_NPG_2002_184_1423/full/250,/0/default.jpg"
02690,sm49ecdfb01ccf84c5ab6c523a8a5ea6e1a,https://ids.si.edu/ids/deliveryService?id=NPG-S_NPG_2002_184_1422,"https://ids.si.edu/ids/iiif/NPG-S_NPG_2002_184_1422/full/250,/0/default.jpg"
02691,sm475264e4008224de3bf234800b91bb472,https://ids.si.edu/ids/deliveryService?id=NPG-S_NPG_2002_184_1421,"https://ids.si.edu/ids/iiif/NPG-S_NPG_2002_184_1421/full/250,/0/default.jpg"
02692,sm4eb0662f14243412da5113875eeda1321,https://ids.si.edu/ids/deliveryService?id=NPG-S_NPG_2002_184_1420,"https://ids.si.edu/ids/iiif/NPG-S_NPG_2002_184_1420/full/250,/0/default.jpg"
02693,sm4cddd7ffee6894d1f8725aac5dbfb4b5a,https://ids.si.edu/ids/deliveryService?id=NPG-S_NPG_2002_184_142,"https://ids.si.edu/ids/iiif/NPG-S_NPG_2002_184_142/full/250,/0/default.jpg"
02694,sm4f94f11fde6b24825a12d618187060e20,https://ids.si.edu/ids/deliveryService?id=NPG-S_NPG_2002_184_1419,"https://ids.si.edu/ids/iiif/NPG-S_NPG_2002_184_1419/full/250,/0/default.jpg"
02695,sm4662ae42dcbc449d3828e3d4987cc200a,https://ids.si.edu/ids/deliveryService?id=NPG-S_NPG_2002_184_1418,"https://ids.si.edu/ids/iiif/NPG-S_NPG_2002_184_1418/full/250,/0/default.jpg"
02696,sm449a02bde32c342b7b2c86750137d6bac,https://ids.si.edu/ids/deliveryService?id=NPG-S_NPG_2002_184_1417,"https://ids.si.edu/ids/iiif/NPG-S_NPG_2002_184_1417/full/250,/0/default.jpg"
02697,sm43c9231c66f0b484d98c4ae41f02ad1fc,https://ids.si.edu/ids/deliveryService?id=NPG-S_NPG_2002_184_1416,"https://ids.si.edu/ids/iiif/NPG-S_NPG_2002_184_1416/full/250,/0/default.jpg"
02698,sm425754b5cccc9477c8344dc3f8ec4dd97,https://ids.si.edu/ids/deliveryService?id=NPG-S_NPG_2002_184_1415,"https://ids.si.edu/ids/iiif/NPG-S_NPG_2002_184_1415/full/250,/0/default.jpg"
02699,sm45a22a46ce8784e71857fb916e0bbb249,https://ids.si.edu/ids/deliveryService?id=NPG-S_NPG_2002_184_1414,"https://ids.si.edu/ids/iiif/NPG-S_NPG_2002_184_1414/full/250,/0/default.jpg"
02700,sm4771b0fd2a04b4f5db3771b7bc9b3f866,https://ids.si.edu/ids/deliveryService?id=NPG-S_NPG_2002_184_1413,"https://ids.si.edu/ids/iiif/NPG-S_NPG_2002_184_1413/full/250,/0/default.jpg"
02701,sm4df28fa9c38c74e5b9ef882d56bb90571,https://ids.si.edu/ids/deliveryService?id=NPG-S_NPG_2002_184_1412,"https://ids.si.edu/ids/iiif/NPG-S_NPG_2002_184_1412/full/250,/0/default.jpg"
02702,sm4bd0e355f6c544860bc42350b677e1a99,https://ids.si.edu/ids/deliveryService?id=NPG-S_NPG_2002_184_1411,"https://ids.si.edu/ids/iiif/NPG-S_NPG_2002_184_1411/full/250,/0/default.jpg"
02703,sm4bcb0f1b3be7642f8a5c87a6eaa0cd877,https://ids.si.edu/ids/deliveryService?id=NPG-S_NPG_2002_184_1410,"https://ids.si.edu/ids/iiif/NPG-S_NPG_2002_184_1410/full/250,/0/default.jpg"
02704,sm411e0cd6f3cd843a6b9c19e1d7417bab3,https://ids.si.edu/ids/deliveryService?id=NPG-S_NPG_2002_184_141,"https://ids.si.edu/ids/iiif/NPG-S_NPG_2002_184_141/full/250,/0/default.jpg"
02705,sm40d19a3545bad4aaabd34a6032a5891d7,https://ids.si.edu/ids/deliveryService?id=NPG-S_NPG_2002_184_1409,"https://ids.si.edu/ids/iiif/NPG-S_NPG_2002_184_1409/full/250,/0/default.jpg"
02706,sm43f4845f254b645a492008d7132f950f9,https://ids.si.edu/ids/deliveryService?id=NPG-S_NPG_2002_184_1408,"https://ids.si.edu/ids/iiif/NPG-S_NPG_2002_184_1408/full/250,/0/default.jpg"
02707,sm48d24ca0cd3e84f82bed7814b9631035a,https://ids.si.edu/ids/deliveryService?id=NPG-S_NPG_2002_184_1407,"https://ids.si.edu/ids/iiif/NPG-S_NPG_2002_184_1407/full/250,/0/default.jpg"
02708,sm469ef0359ff7f42ce87dd030e081a7cec,https://ids.si.edu/ids/deliveryService?id=NPG-S_NPG_2002_184_1406,"https://ids.si.edu/ids/iiif/NPG-S_NPG_2002_184_1406/full/250,/0/default.jpg"
02709,sm4a242abc1be804d96add623f1a1179584,https://ids.si.edu/ids/deliveryService?id=NPG-S_NPG_2002_184_1405,"https://ids.si.edu/ids/iiif/NPG-S_NPG_2002_184_1405/full/250,/0/default.jpg"
02710,sm4de11cdf3347d4a9f927e277f6e806edb,https://ids.si.edu/ids/deliveryService?id=NPG-S_NPG_2002_184_1404,"https://ids.si.edu/ids/iiif/NPG-S_NPG_2002_184_1404/full/250,/0/default.jpg"
02711,sm4da553f7619e94ec1803373f25e2ccb75,https://ids.si.edu/ids/deliveryService?id=NPG-S_NPG_2002_184_1403,"https://ids.si.edu/ids/iiif/NPG-S_NPG_2002_184_1403/full/250,/0/default.jpg"
02712,sm40cbed1e71c2242719e2599dfdcfb0b6e,https://ids.si.edu/ids/deliveryService?id=NPG-S_NPG_2002_184_1402,"https://ids.si.edu/ids/iiif/NPG-S_NPG_2002_184_1402/full/250,/0/default.jpg"
02713,sm455156495fbd34a399db82389b4d7b399,https://ids.si.edu/ids/deliveryService?id=NPG-S_NPG_2002_184_1401,"https://ids.si.edu/ids/iiif/NPG-S_NPG_2002_184_1401/full/250,/0/default.jpg"
02714,sm4a7bb56b3a81c4c688bd02e6d18017c48,https://ids.si.edu/ids/deliveryService?id=NPG-S_NPG_2002_184_1400,"https://ids.si.edu/ids/iiif/NPG-S_NPG_2002_184_1400/full/250,/0/default.jpg"
02715,sm4f4b77ca214ad45f088e4767bf0dab69e,https://ids.si.edu/ids/deliveryService?id=NPG-S_NPG_2002_184_140,"https://ids.si.edu/ids/iiif/NPG-S_NPG_2002_184_140/full/250,/0/default.jpg"
02716,sm42fb01d7038f14d97a17b19cde66b06c0,https://ids.si.edu/ids/deliveryService?id=NPG-S_NPG_2002_184_14,"https://ids.si.edu/ids/iiif/NPG-S_NPG_2002_184_14/full/250,/0/default.jpg"
02717,sm4a1359eb0ef4b477c8e4124bc84322a7c,https://ids.si.edu/ids/deliveryService?id=NPG-S_NPG_2002_184_1399,"https://ids.si.edu/ids/iiif/NPG-S_NPG_2002_184_1399/full/250,/0/default.jpg"
02718,sm4854cdd3eb55d4dd487496a6ac24c654a,https://ids.si.edu/ids/deliveryService?id=NPG-S_NPG_2002_184_1398,"https://ids.si.edu/ids/iiif/NPG-S_NPG_2002_184_1398/full/250,/0/default.jpg"
02719,sm4a554ea861fba462f95719c7acbb1c078,https://ids.si.edu/ids/deliveryService?id=NPG-S_NPG_2002_184_1397,"https://ids.si.edu/ids/iiif/NPG-S_NPG_2002_184_1397/full/250,/0/default.jpg"
02720,sm46ed18c7cc60c46f99484879b0a7e2a3a,https://ids.si.edu/ids/deliveryService?id=NPG-S_NPG_2002_184_1396,"https://ids.si.edu/ids/iiif/NPG-S_NPG_2002_184_1396/full/250,/0/default.jpg"
02721,sm4635857a2344b422bb7bcbbc0912c3c60,https://ids.si.edu/ids/deliveryService?id=NPG-S_NPG_2002_184_1395,"https://ids.si.edu/ids/iiif/NPG-S_NPG_2002_184_1395/full/250,/0/default.jpg"
02722,sm444067b7601ca4d2592a1d70f62ecad40,https://ids.si.edu/ids/deliveryService?id=NPG-S_NPG_2002_184_1394,"https://ids.si.edu/ids/iiif/NPG-S_NPG_2002_184_1394/full/250,/0/default.jpg"
02723,sm4f6495f75088147978a90e8c2880d3bc5,https://ids.si.edu/ids/deliveryService?id=NPG-S_NPG_2002_184_1393,"https://ids.si.edu/ids/iiif/NPG-S_NPG_2002_184_1393/full/250,/0/default.jpg"
02724,sm40cae0c63b88a496fa7fa7d4cf581cf20,https://ids.si.edu/ids/deliveryService?id=NPG-S_NPG_2002_184_1392,"https://ids.si.edu/ids/iiif/NPG-S_NPG_2002_184_1392/full/250,/0/default.jpg"
02725,sm495d73e3f9b324ce387919ba7f2e67a53,https://ids.si.edu/ids/deliveryService?id=NPG-S_NPG_2002_184_1391,"https://ids.si.edu/ids/iiif/NPG-S_NPG_2002_184_1391/full/250,/0/default.jpg"
02726,sm4b4c75dede9994542bc7c5d8c0fa48b92,https://ids.si.edu/ids/deliveryService?id=NPG-S_NPG_2002_184_1390,"https://ids.si.edu/ids/iiif/NPG-S_NPG_2002_184_1390/full/250,/0/default.jpg"
02727,sm4968e254f594344ec99036ef2646fd193,https://ids.si.edu/ids/deliveryService?id=NPG-S_NPG_2002_184_139,"https://ids.si.edu/ids/iiif/NPG-S_NPG_2002_184_139/full/250,/0/default.jpg"
02728,sm4d81af7809cd842df880f9aed900d049c,https://ids.si.edu/ids/deliveryService?id=NPG-S_NPG_2002_184_1389,"https://ids.si.edu/ids/iiif/NPG-S_NPG_2002_184_1389/full/250,/0/default.jpg"
02729,sm4f92f21f7f8c54d7ea30a96d9ff78d988,https://ids.si.edu/ids/deliveryService?id=NPG-S_NPG_2002_184_1388,"https://ids.si.edu/ids/iiif/NPG-S_NPG_2002_184_1388/full/250,/0/default.jpg"
02730,sm42918c223a6e0479388bb3ffc96670b70,https://ids.si.edu/ids/deliveryService?id=NPG-S_NPG_2002_184_1387,"https://ids.si.edu/ids/iiif/NPG-S_NPG_2002_184_1387/full/250,/0/default.jpg"
02731,sm434df2aca3ebf48fbbb2707d1040d52dc,https://ids.si.edu/ids/deliveryService?id=NPG-S_NPG_2002_184_1386,"https://ids.si.edu/ids/iiif/NPG-S_NPG_2002_184_1386/full/250,/0/default.jpg"
02732,sm492e2b8e78662497f81c8a492f97d1b5d,https://ids.si.edu/ids/deliveryService?id=NPG-S_NPG_2002_184_1385,"https://ids.si.edu/ids/iiif/NPG-S_NPG_2002_184_1385/full/250,/0/default.jpg"
02733,sm48d1c4bccc14b4b3686238406f9156bdd,https://ids.si.edu/ids/deliveryService?id=NPG-S_NPG_2002_184_1384,"https://ids.si.edu/ids/iiif/NPG-S_NPG_2002_184_1384/full/250,/0/default.jpg"
02734,sm41c4e8959279e4987bb5050ac80c84ea0,https://ids.si.edu/ids/deliveryService?id=NPG-S_NPG_2002_184_1383,"https://ids.si.edu/ids/iiif/NPG-S_NPG_2002_184_1383/full/250,/0/default.jpg"
02735,sm44b4f7901c6d44973ad37b8ac388fa002,https://ids.si.edu/ids/deliveryService?id=NPG-S_NPG_2002_184_1382,"https://ids.si.edu/ids/iiif/NPG-S_NPG_2002_184_1382/full/250,/0/default.jpg"
02736,sm4b7f364fadeb944438d609374c8df81d2,https://ids.si.edu/ids/deliveryService?id=NPG-S_NPG_2002_184_1381,"https://ids.si.edu/ids/iiif/NPG-S_NPG_2002_184_1381/full/250,/0/default.jpg"
02737,sm44ead152acaf14cf3b54113ee0ab1b35e,https://ids.si.edu/ids/deliveryService?id=NPG-S_NPG_2002_184_1380,"https://ids.si.edu/ids/iiif/NPG-S_NPG_2002_184_1380/full/250,/0/default.jpg"
02738,sm4881f320484964f65814827f72dd164b2,https://ids.si.edu/ids/deliveryService?id=NPG-S_NPG_2002_184_138,"https://ids.si.edu/ids/iiif/NPG-S_NPG_2002_184_138/full/250,/0/default.jpg"
02739,sm462cf82939ac743a6b07485d560ddd9c8,https://ids.si.edu/ids/deliveryService?id=NPG-S_NPG_2002_184_1379,"https://ids.si.edu/ids/iiif/NPG-S_NPG_2002_184_1379/full/250,/0/default.jpg"
02740,sm425b35ede69ab429c9564aaf59d26df37,https://ids.si.edu/ids/deliveryService?id=NPG-S_NPG_2002_184_1378,"https://ids.si.edu/ids/iiif/NPG-S_NPG_2002_184_1378/full/250,/0/default.jpg"
02741,sm439dd64042b5f44eeb2d3f3631c9723aa,https://ids.si.edu/ids/deliveryService?id=NPG-S_NPG_2002_184_1377,"https://ids.si.edu/ids/iiif/NPG-S_NPG_2002_184_1377/full/250,/0/default.jpg"
02742,sm440ebb274a7514ad6af9a046b58fa27b4,https://ids.si.edu/ids/deliveryService?id=NPG-S_NPG_2002_184_1376,"https://ids.si.edu/ids/iiif/NPG-S_NPG_2002_184_1376/full/250,/0/default.jpg"
02743,sm46ea2afd78a3148c5ae8f3e6893dee193,https://ids.si.edu/ids/deliveryService?id=NPG-S_NPG_2002_184_1375,"https://ids.si.edu/ids/iiif/NPG-S_NPG_2002_184_1375/full/250,/0/default.jpg"
02744,sm44bf9290fefc8453fac46d1cb8cc1b357,https://ids.si.edu/ids/deliveryService?id=NPG-S_NPG_2002_184_1374,"https://ids.si.edu/ids/iiif/NPG-S_NPG_2002_184_1374/full/250,/0/default.jpg"
02745,sm4408ba726a0104ded8a02f97c839ea061,https://ids.si.edu/ids/deliveryService?id=NPG-S_NPG_2002_184_1373,"https://ids.si.edu/ids/iiif/NPG-S_NPG_2002_184_1373/full/250,/0/default.jpg"
02746,sm4ac242a2688a44fe7886724aef9769ccf,https://ids.si.edu/ids/deliveryService?id=NPG-S_NPG_2002_184_1372,"https://ids.si.edu/ids/iiif/NPG-S_NPG_2002_184_1372/full/250,/0/default.jpg"
02747,sm4039f258fb6054002aaeff406f8778d70,https://ids.si.edu/ids/deliveryService?id=NPG-S_NPG_2002_184_1371,"https://ids.si.edu/ids/iiif/NPG-S_NPG_2002_184_1371/full/250,/0/default.jpg"
02748,sm4f01824555fed4c7291de9ca8f85841b1,https://ids.si.edu/ids/deliveryService?id=NPG-S_NPG_2002_184_1370,"https://ids.si.edu/ids/iiif/NPG-S_NPG_2002_184_1370/full/250,/0/default.jpg"
02749,sm421c7318fd7d04243823c2de52a1e994d,https://ids.si.edu/ids/deliveryService?id=NPG-S_NPG_2002_184_137,"https://ids.si.edu/ids/iiif/NPG-S_NPG_2002_184_137/full/250,/0/default.jpg"
02750,sm4b4909eb42e604520b453be3992913332,https://ids.si.edu/ids/deliveryService?id=NPG-S_NPG_2002_184_1369,"https://ids.si.edu/ids/iiif/NPG-S_NPG_2002_184_1369/full/250,/0/default.jpg"
02751,sm4191e452219d043a3af7a99313c31785a,https://ids.si.edu/ids/deliveryService?id=NPG-S_NPG_2002_184_1368,"https://ids.si.edu/ids/iiif/NPG-S_NPG_2002_184_1368/full/250,/0/default.jpg"
02752,sm42b7f1f186e2c488b8c3ad61d79c869dd,https://ids.si.edu/ids/deliveryService?id=NPG-S_NPG_2002_184_1367,"https://ids.si.edu/ids/iiif/NPG-S_NPG_2002_184_1367/full/250,/0/default.jpg"
02753,sm45b83bf63c7c14e6f936eca36df27780b,https://ids.si.edu/ids/deliveryService?id=NPG-S_NPG_2002_184_1366,"https://ids.si.edu/ids/iiif/NPG-S_NPG_2002_184_1366/full/250,/0/default.jpg"
02754,sm4aa57c0af5b784ca892d129d652f13691,https://ids.si.edu/ids/deliveryService?id=NPG-S_NPG_2002_184_1365,"https://ids.si.edu/ids/iiif/NPG-S_NPG_2002_184_1365/full/250,/0/default.jpg"
02755,sm4655afc997b4c4fe682753cc32d09fe2a,https://ids.si.edu/ids/deliveryService?id=NPG-S_NPG_2002_184_1364,"https://ids.si.edu/ids/iiif/NPG-S_NPG_2002_184_1364/full/250,/0/default.jpg"
02756,sm48d46e2aaed794ebc9a72b314252bdcb2,https://ids.si.edu/ids/deliveryService?id=NPG-S_NPG_2002_184_1363,"https://ids.si.edu/ids/iiif/NPG-S_NPG_2002_184_1363/full/250,/0/default.jpg"
02757,sm41c104b20d48c453197ef56700dbd208b,https://ids.si.edu/ids/deliveryService?id=NPG-S_NPG_2002_184_1362,"https://ids.si.edu/ids/iiif/NPG-S_NPG_2002_184_1362/full/250,/0/default.jpg"
02758,sm4ad75ed76bc9744b3bd64ec03ddeeb75f,https://ids.si.edu/ids/deliveryService?id=NPG-S_NPG_2002_184_1361,"https://ids.si.edu/ids/iiif/NPG-S_NPG_2002_184_1361/full/250,/0/default.jpg"
02759,sm4531e420c427b484b977698ee6bca315f,https://ids.si.edu/ids/deliveryService?id=NPG-S_NPG_2002_184_1360,"https://ids.si.edu/ids/iiif/NPG-S_NPG_2002_184_1360/full/250,/0/default.jpg"
02760,sm4f5567a102d40440789548b53a29a045d,https://ids.si.edu/ids/deliveryService?id=NPG-S_NPG_2002_184_136,"https://ids.si.edu/ids/iiif/NPG-S_NPG_2002_184_136/full/250,/0/default.jpg"
02761,sm418ac4924d9774ac1bd7a914e7ff57ba6,https://ids.si.edu/ids/deliveryService?id=NPG-S_NPG_2002_184_1359,"https://ids.si.edu/ids/iiif/NPG-S_NPG_2002_184_1359/full/250,/0/default.jpg"
02762,sm4febdc3a2d0a343fe90c1675cfd41a149,https://ids.si.edu/ids/deliveryService?id=NPG-S_NPG_2002_184_1358,"https://ids.si.edu/ids/iiif/NPG-S_NPG_2002_184_1358/full/250,/0/default.jpg"
02763,sm4545b39f763fa4b9fae476fae700fa59b,https://ids.si.edu/ids/deliveryService?id=NPG-S_NPG_2002_184_1357,"https://ids.si.edu/ids/iiif/NPG-S_NPG_2002_184_1357/full/250,/0/default.jpg"
02764,sm4229a21532bef4bc2823929a6b08c3abe,https://ids.si.edu/ids/deliveryService?id=NPG-S_NPG_2002_184_1356,"https://ids.si.edu/ids/iiif/NPG-S_NPG_2002_184_1356/full/250,/0/default.jpg"
02765,sm40ac03769dacc43559658392b328ea254,https://ids.si.edu/ids/deliveryService?id=NPG-S_NPG_2002_184_1355,"https://ids.si.edu/ids/iiif/NPG-S_NPG_2002_184_1355/full/250,/0/default.jpg"
02766,sm4a4422549df3948d8875f2913ef94ba2e,https://ids.si.edu/ids/deliveryService?id=NPG-S_NPG_2002_184_1354,"https://ids.si.edu/ids/iiif/NPG-S_NPG_2002_184_1354/full/250,/0/default.jpg"
02767,sm4e021e07f1594484986702464e43dd625,https://ids.si.edu/ids/deliveryService?id=NPG-S_NPG_2002_184_1353,"https://ids.si.edu/ids/iiif/NPG-S_NPG_2002_184_1353/full/250,/0/default.jpg"
02768,sm4987cb9c158ab4327b619f08fea246c0c,https://ids.si.edu/ids/deliveryService?id=NPG-S_NPG_2002_184_1352,"https://ids.si.edu/ids/iiif/NPG-S_NPG_2002_184_1352/full/250,/0/default.jpg"
02769,sm4bb21a30aa0e94b839ba17bca30aaa11c,https://ids.si.edu/ids/deliveryService?id=NPG-S_NPG_2002_184_1351,"https://ids.si.edu/ids/iiif/NPG-S_NPG_2002_184_1351/full/250,/0/default.jpg"
02770,sm41a7225b58d854543b9968dfb4a5805c2,https://ids.si.edu/ids/deliveryService?id=NPG-S_NPG_2002_184_1350,"https://ids.si.edu/ids/iiif/NPG-S_NPG_2002_184_1350/full/250,/0/default.jpg"
02771,sm428b3d74e134a494da9d959d503b794c0,https://ids.si.edu/ids/deliveryService?id=NPG-S_NPG_2002_184_135,"https://ids.si.edu/ids/iiif/NPG-S_NPG_2002_184_135/full/250,/0/default.jpg"
02772,sm4d3ee0a8ac2f24c18a35f4410c95d4643,https://ids.si.edu/ids/deliveryService?id=NPG-S_NPG_2002_184_1349,"https://ids.si.edu/ids/iiif/NPG-S_NPG_2002_184_1349/full/250,/0/default.jpg"
02773,sm406830eb267c4452497e0b6ab603d942d,https://ids.si.edu/ids/deliveryService?id=NPG-S_NPG_2002_184_1348,"https://ids.si.edu/ids/iiif/NPG-S_NPG_2002_184_1348/full/250,/0/default.jpg"
02774,sm4ef8ca4087dae48d88509a8939d813cdc,https://ids.si.edu/ids/deliveryService?id=NPG-S_NPG_2002_184_1347,"https://ids.si.edu/ids/iiif/NPG-S_NPG_2002_184_1347/full/250,/0/default.jpg"
02775,sm4ebf173a87b4c43b9bf01897a0046910f,https://ids.si.edu/ids/deliveryService?id=NPG-S_NPG_2002_184_1346,"https://ids.si.edu/ids/iiif/NPG-S_NPG_2002_184_1346/full/250,/0/default.jpg"
02776,sm460566ce28f444d35966c770f9535d18b,https://ids.si.edu/ids/deliveryService?id=NPG-S_NPG_2002_184_1345,"https://ids.si.edu/ids/iiif/NPG-S_NPG_2002_184_1345/full/250,/0/default.jpg"
02777,sm4a4f1a2e9c86c47788065b5b179f2cb44,https://ids.si.edu/ids/deliveryService?id=NPG-S_NPG_2002_184_1344,"https://ids.si.edu/ids/iiif/NPG-S_NPG_2002_184_1344/full/250,/0/default.jpg"
02778,sm45192d1f81602434fb159024caabb1d64,https://ids.si.edu/ids/deliveryService?id=NPG-S_NPG_2002_184_1343,"https://ids.si.edu/ids/iiif/NPG-S_NPG_2002_184_1343/full/250,/0/default.jpg"
02779,sm40a83454141c44172a2064f16c1806cc3,https://ids.si.edu/ids/deliveryService?id=NPG-S_NPG_2002_184_1342,"https://ids.si.edu/ids/iiif/NPG-S_NPG_2002_184_1342/full/250,/0/default.jpg"
02780,sm4a67a0f7582e7450ab99790e13e9a9adc,https://ids.si.edu/ids/deliveryService?id=NPG-S_NPG_2002_184_1341,"https://ids.si.edu/ids/iiif/NPG-S_NPG_2002_184_1341/full/250,/0/default.jpg"
02781,sm4ee08874e463f45b19e17af685414dc43,https://ids.si.edu/ids/deliveryService?id=NPG-S_NPG_2002_184_1340,"https://ids.si.edu/ids/iiif/NPG-S_NPG_2002_184_1340/full/250,/0/default.jpg"
02782,sm4b965a7f2881e4db9928c0a2e216ac526,https://ids.si.edu/ids/deliveryService?id=NPG-S_NPG_2002_184_134,"https://ids.si.edu/ids/iiif/NPG-S_NPG_2002_184_134/full/250,/0/default.jpg"
02783,sm43a6fba6473be4669a74e050a3b1eaf9d,https://ids.si.edu/ids/deliveryService?id=NPG-S_NPG_2002_184_1339,"https://ids.si.edu/ids/iiif/NPG-S_NPG_2002_184_1339/full/250,/0/default.jpg"
02784,sm4c4cb16ce7d414518864b08550dcca09c,https://ids.si.edu/ids/deliveryService?id=NPG-S_NPG_2002_184_1338,"https://ids.si.edu/ids/iiif/NPG-S_NPG_2002_184_1338/full/250,/0/default.jpg"
02785,sm457783a1bb55142b8ac91256097820944,https://ids.si.edu/ids/deliveryService?id=NPG-S_NPG_2002_184_1337,"https://ids.si.edu/ids/iiif/NPG-S_NPG_2002_184_1337/full/250,/0/default.jpg"
02786,sm435698da041b94e1ebca709c2b426f369,https://ids.si.edu/ids/deliveryService?id=NPG-S_NPG_2002_184_1336,"https://ids.si.edu/ids/iiif/NPG-S_NPG_2002_184_1336/full/250,/0/default.jpg"
02787,sm485536fe64a03459faf52427bc6c4cb79,https://ids.si.edu/ids/deliveryService?id=NPG-S_NPG_2002_184_1335,"https://ids.si.edu/ids/iiif/NPG-S_NPG_2002_184_1335/full/250,/0/default.jpg"
02788,sm4ca1c50fe644e46f8bbdffaf7910a144e,https://ids.si.edu/ids/deliveryService?id=NPG-S_NPG_2002_184_1334,"https://ids.si.edu/ids/iiif/NPG-S_NPG_2002_184_1334/full/250,/0/default.jpg"
02789,sm46f8d2626e93947b098322423c8159b53,https://ids.si.edu/ids/deliveryService?id=NPG-S_NPG_2002_184_1333,"https://ids.si.edu/ids/iiif/NPG-S_NPG_2002_184_1333/full/250,/0/default.jpg"
02790,sm40ca7098002a1494ca43fe20fa301a25f,https://ids.si.edu/ids/deliveryService?id=NPG-S_NPG_2002_184_1332,"https://ids.si.edu/ids/iiif/NPG-S_NPG_2002_184_1332/full/250,/0/default.jpg"
02791,sm4ccaa239423aa4133a4c937a95aeb54ba,https://ids.si.edu/ids/deliveryService?id=NPG-S_NPG_2002_184_1331,"https://ids.si.edu/ids/iiif/NPG-S_NPG_2002_184_1331/full/250,/0/default.jpg"
02792,sm4a034e0132a8c40e4b9a84b493057c6cb,https://ids.si.edu/ids/deliveryService?id=NPG-S_NPG_2002_184_1330,"https://ids.si.edu/ids/iiif/NPG-S_NPG_2002_184_1330/full/250,/0/default.jpg"
02793,sm42d9d0eb2b06e4dc6a94fc453db0bbfe2,https://ids.si.edu/ids/deliveryService?id=NPG-S_NPG_2002_184_133,"https://ids.si.edu/ids/iiif/NPG-S_NPG_2002_184_133/full/250,/0/default.jpg"
02794,sm4a3e00e5e04aa4f0fbd3d238f96423885,https://ids.si.edu/ids/deliveryService?id=NPG-S_NPG_2002_184_1329,"https://ids.si.edu/ids/iiif/NPG-S_NPG_2002_184_1329/full/250,/0/default.jpg"
02795,sm4d37571101fe04a55b831ce52a87642ef,https://ids.si.edu/ids/deliveryService?id=NPG-S_NPG_2002_184_1328,"https://ids.si.edu/ids/iiif/NPG-S_NPG_2002_184_1328/full/250,/0/default.jpg"
02796,sm4f13db3fa952347ad89b5068076703f8d,https://ids.si.edu/ids/deliveryService?id=NPG-S_NPG_2002_184_1327,"https://ids.si.edu/ids/iiif/NPG-S_NPG_2002_184_1327/full/250,/0/default.jpg"
02797,sm43bff00a619924e46bb3b80ef048f9e13,https://ids.si.edu/ids/deliveryService?id=NPG-S_NPG_2002_184_1326,"https://ids.si.edu/ids/iiif/NPG-S_NPG_2002_184_1326/full/250,/0/default.jpg"
02798,sm42d3b4336030447f187ef8412e793c20b,https://ids.si.edu/ids/deliveryService?id=NPG-S_NPG_2002_184_1325,"https://ids.si.edu/ids/iiif/NPG-S_NPG_2002_184_1325/full/250,/0/default.jpg"
02799,sm4286fee4cc2d2478ea9a256e481276eec,https://ids.si.edu/ids/deliveryService?id=NPG-S_NPG_2002_184_1324,"https://ids.si.edu/ids/iiif/NPG-S_NPG_2002_184_1324/full/250,/0/default.jpg"
02800,sm4fb5d887c4c4c4cb5bb45f10600935962,https://ids.si.edu/ids/deliveryService?id=NPG-S_NPG_2002_184_1323,"https://ids.si.edu/ids/iiif/NPG-S_NPG_2002_184_1323/full/250,/0/default.jpg"
02801,sm4f7dcb2fff1004693af13f34293c1b580,https://ids.si.edu/ids/deliveryService?id=NPG-S_NPG_2002_184_1322,"https://ids.si.edu/ids/iiif/NPG-S_NPG_2002_184_1322/full/250,/0/default.jpg"
02802,sm4b38348bfe2ae4ec0857b2f9f193f5915,https://ids.si.edu/ids/deliveryService?id=NPG-S_NPG_2002_184_1321,"https://ids.si.edu/ids/iiif/NPG-S_NPG_2002_184_1321/full/250,/0/default.jpg"
02803,sm467ada5dea1fe449188cf764806dae6d5,https://ids.si.edu/ids/deliveryService?id=NPG-S_NPG_2002_184_1320,"https://ids.si.edu/ids/iiif/NPG-S_NPG_2002_184_1320/full/250,/0/default.jpg"
02804,sm4e6f37d6bb0194cc693f715e32995b4ab,https://ids.si.edu/ids/deliveryService?id=NPG-S_NPG_2002_184_132,"https://ids.si.edu/ids/iiif/NPG-S_NPG_2002_184_132/full/250,/0/default.jpg"
02805,sm4f8da4fe201d24f9197cc8cb4a27259b9,https://ids.si.edu/ids/deliveryService?id=NPG-S_NPG_2002_184_1319,"https://ids.si.edu/ids/iiif/NPG-S_NPG_2002_184_1319/full/250,/0/default.jpg"
02806,sm4d28972f596ae45c1bda341d00b8c38e6,https://ids.si.edu/ids/deliveryService?id=NPG-S_NPG_2002_184_1318,"https://ids.si.edu/ids/iiif/NPG-S_NPG_2002_184_1318/full/250,/0/default.jpg"
02807,sm45caf70a2573549bd9aed016c4f4a855f,https://ids.si.edu/ids/deliveryService?id=NPG-S_NPG_2002_184_1317,"https://ids.si.edu/ids/iiif/NPG-S_NPG_2002_184_1317/full/250,/0/default.jpg"
02808,sm4595510b041ca487c8ad6e6971d78dabf,https://ids.si.edu/ids/deliveryService?id=NPG-S_NPG_2002_184_1316,"https://ids.si.edu/ids/iiif/NPG-S_NPG_2002_184_1316/full/250,/0/default.jpg"
02809,sm4d7448d4646a947578b4b4fdf4ed136a2,https://ids.si.edu/ids/deliveryService?id=NPG-S_NPG_2002_184_1315,"https://ids.si.edu/ids/iiif/NPG-S_NPG_2002_184_1315/full/250,/0/default.jpg"
02810,sm421c6ed57bacd44b78aac07cecf9a5204,https://ids.si.edu/ids/deliveryService?id=NPG-S_NPG_2002_184_1314,"https://ids.si.edu/ids/iiif/NPG-S_NPG_2002_184_1314/full/250,/0/default.jpg"
02811,sm4deacac2c374f4e33aaefc9564b7e09ea,https://ids.si.edu/ids/deliveryService?id=NPG-S_NPG_2002_184_1313,"https://ids.si.edu/ids/iiif/NPG-S_NPG_2002_184_1313/full/250,/0/default.jpg"
02812,sm4754491b93ec24e999e8bbf338e88186f,https://ids.si.edu/ids/deliveryService?id=NPG-S_NPG_2002_184_1312,"https://ids.si.edu/ids/iiif/NPG-S_NPG_2002_184_1312/full/250,/0/default.jpg"
02813,sm4a40ff55455924178a8ef572e19fb329c,https://ids.si.edu/ids/deliveryService?id=NPG-S_NPG_2002_184_1311,"https://ids.si.edu/ids/iiif/NPG-S_NPG_2002_184_1311/full/250,/0/default.jpg"
02814,sm41e73fcf1c1c043de95e2ece9d22bcab8,https://ids.si.edu/ids/deliveryService?id=NPG-S_NPG_2002_184_1310,"https://ids.si.edu/ids/iiif/NPG-S_NPG_2002_184_1310/full/250,/0/default.jpg"
02815,sm4fe80cf51e6fe402eaa7616652376745a,https://ids.si.edu/ids/deliveryService?id=NPG-S_NPG_2002_184_131,"https://ids.si.edu/ids/iiif/NPG-S_NPG_2002_184_131/full/250,/0/default.jpg"
02816,sm49d1f2af6cf8c4032ba2f308941265fbf,https://ids.si.edu/ids/deliveryService?id=NPG-S_NPG_2002_184_1309,"https://ids.si.edu/ids/iiif/NPG-S_NPG_2002_184_1309/full/250,/0/default.jpg"
02817,sm43367fd23963a4b81a66ff64128079991,https://ids.si.edu/ids/deliveryService?id=NPG-S_NPG_2002_184_1308,"https://ids.si.edu/ids/iiif/NPG-S_NPG_2002_184_1308/full/250,/0/default.jpg"
02818,sm418ec3db9573e468bb146377839b0cbfd,https://ids.si.edu/ids/deliveryService?id=NPG-S_NPG_2002_184_1307,"https://ids.si.edu/ids/iiif/NPG-S_NPG_2002_184_1307/full/250,/0/default.jpg"
02819,sm406a4ebbf0dba4975ad7bf6f43da64ef5,https://ids.si.edu/ids/deliveryService?id=NPG-S_NPG_2002_184_1306,"https://ids.si.edu/ids/iiif/NPG-S_NPG_2002_184_1306/full/250,/0/default.jpg"
02820,sm4d5a410279c0b40468f9c00e0b0d00395,https://ids.si.edu/ids/deliveryService?id=NPG-S_NPG_2002_184_1305,"https://ids.si.edu/ids/iiif/NPG-S_NPG_2002_184_1305/full/250,/0/default.jpg"
02821,sm4414d32e2179e4126aed8470de9a8c7ac,https://ids.si.edu/ids/deliveryService?id=NPG-S_NPG_2002_184_1304,"https://ids.si.edu/ids/iiif/NPG-S_NPG_2002_184_1304/full/250,/0/default.jpg"
02822,sm45822997a55b74421aad08312aad1f29c,https://ids.si.edu/ids/deliveryService?id=NPG-S_NPG_2002_184_1303,"https://ids.si.edu/ids/iiif/NPG-S_NPG_2002_184_1303/full/250,/0/default.jpg"
02823,sm493a6d507d7df45d5a531527bb68ceaa6,https://ids.si.edu/ids/deliveryService?id=NPG-S_NPG_2002_184_1302,"https://ids.si.edu/ids/iiif/NPG-S_NPG_2002_184_1302/full/250,/0/default.jpg"
02824,sm41ffbf98b08ef4ec38b4eb95bd8c7029e,https://ids.si.edu/ids/deliveryService?id=NPG-S_NPG_2002_184_1301,"https://ids.si.edu/ids/iiif/NPG-S_NPG_2002_184_1301/full/250,/0/default.jpg"
02825,sm4f462fefa42a04c6b935ce7f0aa24fd61,https://ids.si.edu/ids/deliveryService?id=NPG-S_NPG_2002_184_1300,"https://ids.si.edu/ids/iiif/NPG-S_NPG_2002_184_1300/full/250,/0/default.jpg"
02826,sm475769ebf9d4f4023974f49e21ae8e152,https://ids.si.edu/ids/deliveryService?id=NPG-S_NPG_2002_184_130,"https://ids.si.edu/ids/iiif/NPG-S_NPG_2002_184_130/full/250,/0/default.jpg"
02827,sm46d0259c86d264547ac139a5db9356a6b,https://ids.si.edu/ids/deliveryService?id=NPG-S_NPG_2002_184_13,"https://ids.si.edu/ids/iiif/NPG-S_NPG_2002_184_13/full/250,/0/default.jpg"
02828,sm4f3d9129854cc4bf8b052921cfd4297f5,https://ids.si.edu/ids/deliveryService?id=NPG-S_NPG_2002_184_1299,"https://ids.si.edu/ids/iiif/NPG-S_NPG_2002_184_1299/full/250,/0/default.jpg"
02829,sm44be760d449314b648d5fdd5ed50ae989,https://ids.si.edu/ids/deliveryService?id=NPG-S_NPG_2002_184_1298,"https://ids.si.edu/ids/iiif/NPG-S_NPG_2002_184_1298/full/250,/0/default.jpg"
02830,sm48cf8fd21a8fb4c8ea59dc3c01fb138e2,https://ids.si.edu/ids/deliveryService?id=NPG-S_NPG_2002_184_1297,"https://ids.si.edu/ids/iiif/NPG-S_NPG_2002_184_1297/full/250,/0/default.jpg"
02831,sm4b0961ad621fc49fbbe5c61b9635379ae,https://ids.si.edu/ids/deliveryService?id=NPG-S_NPG_2002_184_1296,"https://ids.si.edu/ids/iiif/NPG-S_NPG_2002_184_1296/full/250,/0/default.jpg"
02832,sm4e9d7d1ee07f94587b40b3c2760414944,https://ids.si.edu/ids/deliveryService?id=NPG-S_NPG_2002_184_1295,"https://ids.si.edu/ids/iiif/NPG-S_NPG_2002_184_1295/full/250,/0/default.jpg"
02833,sm4a2893370326840c7b7e1bcad1e60c51a,https://ids.si.edu/ids/deliveryService?id=NPG-S_NPG_2002_184_1294,"https://ids.si.edu/ids/iiif/NPG-S_NPG_2002_184_1294/full/250,/0/default.jpg"
02834,sm487be202a1a9e4370ac68776a5e52aa6b,https://ids.si.edu/ids/deliveryService?id=NPG-S_NPG_2002_184_1293,"https://ids.si.edu/ids/iiif/NPG-S_NPG_2002_184_1293/full/250,/0/default.jpg"
02835,sm4e97bff77fdcd4f6b85bea42ecd3297dd,https://ids.si.edu/ids/deliveryService?id=NPG-S_NPG_2002_184_1292,"https://ids.si.edu/ids/iiif/NPG-S_NPG_2002_184_1292/full/250,/0/default.jpg"
02836,sm42e4b9e74724040a29a879c452bff5b05,https://ids.si.edu/ids/deliveryService?id=NPG-S_NPG_2002_184_1291,"https://ids.si.edu/ids/iiif/NPG-S_NPG_2002_184_1291/full/250,/0/default.jpg"
02837,sm47af3d3b0deec4862a494b453ad47bc95,https://ids.si.edu/ids/deliveryService?id=NPG-S_NPG_2002_184_1290,"https://ids.si.edu/ids/iiif/NPG-S_NPG_2002_184_1290/full/250,/0/default.jpg"
02838,sm46b53182ce29943708e3b75c334123ecb,https://ids.si.edu/ids/deliveryService?id=NPG-S_NPG_2002_184_129,"https://ids.si.edu/ids/iiif/NPG-S_NPG_2002_184_129/full/250,/0/default.jpg"
02839,sm4eb820d786bfc4284a02b91ffef16233c,https://ids.si.edu/ids/deliveryService?id=NPG-S_NPG_2002_184_1289,"https://ids.si.edu/ids/iiif/NPG-S_NPG_2002_184_1289/full/250,/0/default.jpg"
02840,sm409d1eeeb30ed41f5b10c614926a9baf6,https://ids.si.edu/ids/deliveryService?id=NPG-S_NPG_2002_184_1288,"https://ids.si.edu/ids/iiif/NPG-S_NPG_2002_184_1288/full/250,/0/default.jpg"
02841,sm4658f3cf574fa48709f4d2b33f2afc154,https://ids.si.edu/ids/deliveryService?id=NPG-S_NPG_2002_184_1287,"https://ids.si.edu/ids/iiif/NPG-S_NPG_2002_184_1287/full/250,/0/default.jpg"
02842,sm49c9274767bd344df9c2ca6932120bb34,https://ids.si.edu/ids/deliveryService?id=NPG-S_NPG_2002_184_1286,"https://ids.si.edu/ids/iiif/NPG-S_NPG_2002_184_1286/full/250,/0/default.jpg"
02843,sm4e7090a766142458e97db96270c7c29b9,https://ids.si.edu/ids/deliveryService?id=NPG-S_NPG_2002_184_1285,"https://ids.si.edu/ids/iiif/NPG-S_NPG_2002_184_1285/full/250,/0/default.jpg"
02844,sm4ac26c8ae712a4811a86e3f99e8c45c93,https://ids.si.edu/ids/deliveryService?id=NPG-S_NPG_2002_184_1284,"https://ids.si.edu/ids/iiif/NPG-S_NPG_2002_184_1284/full/250,/0/default.jpg"
02845,sm44553c703d3ba42ec8c02fc2a2b048ec9,https://ids.si.edu/ids/deliveryService?id=NPG-S_NPG_2002_184_1283,"https://ids.si.edu/ids/iiif/NPG-S_NPG_2002_184_1283/full/250,/0/default.jpg"
02846,sm4e591dc9b0df64017b939b947b5dd8e99,https://ids.si.edu/ids/deliveryService?id=NPG-S_NPG_2002_184_1282,"https://ids.si.edu/ids/iiif/NPG-S_NPG_2002_184_1282/full/250,/0/default.jpg"
02847,sm4a426a66ef89149e8aafe5360fcdcb3fd,https://ids.si.edu/ids/deliveryService?id=NPG-S_NPG_2002_184_1281,"https://ids.si.edu/ids/iiif/NPG-S_NPG_2002_184_1281/full/250,/0/default.jpg"
02848,sm45d55284216e7402f8df8d2dba38404ee,https://ids.si.edu/ids/deliveryService?id=NPG-S_NPG_2002_184_1280,"https://ids.si.edu/ids/iiif/NPG-S_NPG_2002_184_1280/full/250,/0/default.jpg"
02849,sm44b551e69960a4bd2801bfc2b90bb1dd9,https://ids.si.edu/ids/deliveryService?id=NPG-S_NPG_2002_184_128,"https://ids.si.edu/ids/iiif/NPG-S_NPG_2002_184_128/full/250,/0/default.jpg"
02850,sm4dbeb01b1322743448377fb60f3ce4a51,https://ids.si.edu/ids/deliveryService?id=NPG-S_NPG_2002_184_1279,"https://ids.si.edu/ids/iiif/NPG-S_NPG_2002_184_1279/full/250,/0/default.jpg"
02851,sm47945017ed879474c925400a026a46c25,https://ids.si.edu/ids/deliveryService?id=NPG-S_NPG_2002_184_1278,"https://ids.si.edu/ids/iiif/NPG-S_NPG_2002_184_1278/full/250,/0/default.jpg"
02852,sm475ec6d6e7097422282c32fcd561bb1d2,https://ids.si.edu/ids/deliveryService?id=NPG-S_NPG_2002_184_1277,"https://ids.si.edu/ids/iiif/NPG-S_NPG_2002_184_1277/full/250,/0/default.jpg"
02853,sm441aad8e6579348508746ee6a4a1b68c8,https://ids.si.edu/ids/deliveryService?id=NPG-S_NPG_2002_184_1276,"https://ids.si.edu/ids/iiif/NPG-S_NPG_2002_184_1276/full/250,/0/default.jpg"
02854,sm431d82ce7aed441e48c3bbb3f03f137c5,https://ids.si.edu/ids/deliveryService?id=NPG-S_NPG_2002_184_1275,"https://ids.si.edu/ids/iiif/NPG-S_NPG_2002_184_1275/full/250,/0/default.jpg"
02855,sm4e81e51c836e84461a38b5de1bd6da092,https://ids.si.edu/ids/deliveryService?id=NPG-S_NPG_2002_184_1274,"https://ids.si.edu/ids/iiif/NPG-S_NPG_2002_184_1274/full/250,/0/default.jpg"
02856,sm408309d4d482f4254a6aa58c97f7011be,https://ids.si.edu/ids/deliveryService?id=NPG-S_NPG_2002_184_1273,"https://ids.si.edu/ids/iiif/NPG-S_NPG_2002_184_1273/full/250,/0/default.jpg"
02857,sm4ac604aa87b5148a1bc0cc97147f1ac58,https://ids.si.edu/ids/deliveryService?id=NPG-S_NPG_2002_184_1272,"https://ids.si.edu/ids/iiif/NPG-S_NPG_2002_184_1272/full/250,/0/default.jpg"
02858,sm4fbc66b123a3c46579b1d0e87d082f93b,https://ids.si.edu/ids/deliveryService?id=NPG-S_NPG_2002_184_1271,"https://ids.si.edu/ids/iiif/NPG-S_NPG_2002_184_1271/full/250,/0/default.jpg"
02859,sm41b29dbb7c9ad4e3aab7ba435065b00cb,https://ids.si.edu/ids/deliveryService?id=NPG-S_NPG_2002_184_1270,"https://ids.si.edu/ids/iiif/NPG-S_NPG_2002_184_1270/full/250,/0/default.jpg"
02860,sm42a93c502f8e648b3b2faf103af60e548,https://ids.si.edu/ids/deliveryService?id=NPG-S_NPG_2002_184_127,"https://ids.si.edu/ids/iiif/NPG-S_NPG_2002_184_127/full/250,/0/default.jpg"
02861,sm4171c90c831aa4e528b01e4262ac94ebc,https://ids.si.edu/ids/deliveryService?id=NPG-S_NPG_2002_184_1269,"https://ids.si.edu/ids/iiif/NPG-S_NPG_2002_184_1269/full/250,/0/default.jpg"
02862,sm4d66605c29a62425b8e2763ae0a7f700f,https://ids.si.edu/ids/deliveryService?id=NPG-S_NPG_2002_184_1268,"https://ids.si.edu/ids/iiif/NPG-S_NPG_2002_184_1268/full/250,/0/default.jpg"
02863,sm4fda751b79a444452b032520d41f82808,https://ids.si.edu/ids/deliveryService?id=NPG-S_NPG_2002_184_1267,"https://ids.si.edu/ids/iiif/NPG-S_NPG_2002_184_1267/full/250,/0/default.jpg"
02864,sm4492b5a1765cc4fa4b2752f05155a1801,https://ids.si.edu/ids/deliveryService?id=NPG-S_NPG_2002_184_1266,"https://ids.si.edu/ids/iiif/NPG-S_NPG_2002_184_1266/full/250,/0/default.jpg"
02865,sm4e5b1aa99c4fc46aa8db116206a515aa8,https://ids.si.edu/ids/deliveryService?id=NPG-S_NPG_2002_184_1265,"https://ids.si.edu/ids/iiif/NPG-S_NPG_2002_184_1265/full/250,/0/default.jpg"
02866,sm41ca705d76b6e4599895a44f920e0f002,https://ids.si.edu/ids/deliveryService?id=NPG-S_NPG_2002_184_1264,"https://ids.si.edu/ids/iiif/NPG-S_NPG_2002_184_1264/full/250,/0/default.jpg"
02867,sm4ff5b85d9e2854ebf93ff82544750aeac,https://ids.si.edu/ids/deliveryService?id=NPG-S_NPG_2002_184_1263,"https://ids.si.edu/ids/iiif/NPG-S_NPG_2002_184_1263/full/250,/0/default.jpg"
02868,sm4520dc51cd5a2443d946af9bc60d6af73,https://ids.si.edu/ids/deliveryService?id=NPG-S_NPG_2002_184_1262,"https://ids.si.edu/ids/iiif/NPG-S_NPG_2002_184_1262/full/250,/0/default.jpg"
02869,sm4a2a2788a99b14e7987dc3caa9418bddc,https://ids.si.edu/ids/deliveryService?id=NPG-S_NPG_2002_184_1261,"https://ids.si.edu/ids/iiif/NPG-S_NPG_2002_184_1261/full/250,/0/default.jpg"
02870,sm4f68ea40d453f4ec598279718cc94bb76,https://ids.si.edu/ids/deliveryService?id=NPG-S_NPG_2002_184_1260,"https://ids.si.edu/ids/iiif/NPG-S_NPG_2002_184_1260/full/250,/0/default.jpg"
02871,sm4c383514f19e34e6f8c6241de69709176,https://ids.si.edu/ids/deliveryService?id=NPG-S_NPG_2002_184_126,"https://ids.si.edu/ids/iiif/NPG-S_NPG_2002_184_126/full/250,/0/default.jpg"
02872,sm4e066a77f9be84811ba1ca1c553484c29,https://ids.si.edu/ids/deliveryService?id=NPG-S_NPG_2002_184_1259,"https://ids.si.edu/ids/iiif/NPG-S_NPG_2002_184_1259/full/250,/0/default.jpg"
02873,sm46dbe28cd2b6e4c389d9ff7019ec79ff2,https://ids.si.edu/ids/deliveryService?id=NPG-S_NPG_2002_184_1258,"https://ids.si.edu/ids/iiif/NPG-S_NPG_2002_184_1258/full/250,/0/default.jpg"
02874,sm49cb174412bd640bea623dfddc8f8141d,https://ids.si.edu/ids/deliveryService?id=NPG-S_NPG_2002_184_1257,"https://ids.si.edu/ids/iiif/NPG-S_NPG_2002_184_1257/full/250,/0/default.jpg"
02875,sm4f622eef770c9415597bbde3c14dd2efe,https://ids.si.edu/ids/deliveryService?id=NPG-S_NPG_2002_184_1256,"https://ids.si.edu/ids/iiif/NPG-S_NPG_2002_184_1256/full/250,/0/default.jpg"
02876,sm4f76e6c413c8a4402baa78f052acfb8ea,https://ids.si.edu/ids/deliveryService?id=NPG-S_NPG_2002_184_1255,"https://ids.si.edu/ids/iiif/NPG-S_NPG_2002_184_1255/full/250,/0/default.jpg"
02877,sm4eb46a679007449149c904da5972762b4,https://ids.si.edu/ids/deliveryService?id=NPG-S_NPG_2002_184_1254,"https://ids.si.edu/ids/iiif/NPG-S_NPG_2002_184_1254/full/250,/0/default.jpg"
02878,sm4a1d395b317a1437bb2899ae4258fcf1a,https://ids.si.edu/ids/deliveryService?id=NPG-S_NPG_2002_184_1253,"https://ids.si.edu/ids/iiif/NPG-S_NPG_2002_184_1253/full/250,/0/default.jpg"
02879,sm45dd76cc0584f4b1b8bb4b5cd566d0397,https://ids.si.edu/ids/deliveryService?id=NPG-S_NPG_2002_184_1252,"https://ids.si.edu/ids/iiif/NPG-S_NPG_2002_184_1252/full/250,/0/default.jpg"
02880,sm417aecea56eec497087b498f09dcd06d5,https://ids.si.edu/ids/deliveryService?id=NPG-S_NPG_2002_184_1251,"https://ids.si.edu/ids/iiif/NPG-S_NPG_2002_184_1251/full/250,/0/default.jpg"
02881,sm457bb2ad6cb234f4d86ddca55be326012,https://ids.si.edu/ids/deliveryService?id=NPG-S_NPG_2002_184_1250,"https://ids.si.edu/ids/iiif/NPG-S_NPG_2002_184_1250/full/250,/0/default.jpg"
02882,sm4f6040b3d87d84266a5a68625d9a2d109,https://ids.si.edu/ids/deliveryService?id=NPG-S_NPG_2002_184_125,"https://ids.si.edu/ids/iiif/NPG-S_NPG_2002_184_125/full/250,/0/default.jpg"
02883,sm42b24e2666ac04a9fb51fa9d7afe6bf10,https://ids.si.edu/ids/deliveryService?id=NPG-S_NPG_2002_184_1249,"https://ids.si.edu/ids/iiif/NPG-S_NPG_2002_184_1249/full/250,/0/default.jpg"
02884,sm47c2d7537acbd4889903a75ef6952337a,https://ids.si.edu/ids/deliveryService?id=NPG-S_NPG_2002_184_1248,"https://ids.si.edu/ids/iiif/NPG-S_NPG_2002_184_1248/full/250,/0/default.jpg"
02885,sm4ad91b82ba07b41308d7b8f139be6bfa0,https://ids.si.edu/ids/deliveryService?id=NPG-S_NPG_2002_184_1247,"https://ids.si.edu/ids/iiif/NPG-S_NPG_2002_184_1247/full/250,/0/default.jpg"
02886,sm4f34b4d3af8654d908a8bbb56a2494d0d,https://ids.si.edu/ids/deliveryService?id=NPG-S_NPG_2002_184_1246,"https://ids.si.edu/ids/iiif/NPG-S_NPG_2002_184_1246/full/250,/0/default.jpg"
02887,sm42d4a31a57abd4fc19844c465e1c360f0,https://ids.si.edu/ids/deliveryService?id=NPG-S_NPG_2002_184_1245,"https://ids.si.edu/ids/iiif/NPG-S_NPG_2002_184_1245/full/250,/0/default.jpg"
02888,sm4a822f0c2d8874025bef6e1765ef8797c,https://ids.si.edu/ids/deliveryService?id=NPG-S_NPG_2002_184_1244,"https://ids.si.edu/ids/iiif/NPG-S_NPG_2002_184_1244/full/250,/0/default.jpg"
02889,sm440b7dd01d65f408099fd2a45e5eaddc5,https://ids.si.edu/ids/deliveryService?id=NPG-S_NPG_2002_184_1243,"https://ids.si.edu/ids/iiif/NPG-S_NPG_2002_184_1243/full/250,/0/default.jpg"
02890,sm433ee55de9f7844358eafbaa85d5ae9bf,https://ids.si.edu/ids/deliveryService?id=NPG-S_NPG_2002_184_1242,"https://ids.si.edu/ids/iiif/NPG-S_NPG_2002_184_1242/full/250,/0/default.jpg"
02891,sm408145d98ac7247bd853d16bf5f96bfc8,https://ids.si.edu/ids/deliveryService?id=NPG-S_NPG_2002_184_1241,"https://ids.si.edu/ids/iiif/NPG-S_NPG_2002_184_1241/full/250,/0/default.jpg"
02892,sm4b94888f0f50a4ea9991ee21bb6fa056d,https://ids.si.edu/ids/deliveryService?id=NPG-S_NPG_2002_184_1240,"https://ids.si.edu/ids/iiif/NPG-S_NPG_2002_184_1240/full/250,/0/default.jpg"
02893,sm4e1d65fde88ff4305947d7b4affa6ca31,https://ids.si.edu/ids/deliveryService?id=NPG-S_NPG_2002_184_124,"https://ids.si.edu/ids/iiif/NPG-S_NPG_2002_184_124/full/250,/0/default.jpg"
02894,sm4b78779aa4c064152ab5b7179a698a718,https://ids.si.edu/ids/deliveryService?id=NPG-S_NPG_2002_184_1239,"https://ids.si.edu/ids/iiif/NPG-S_NPG_2002_184_1239/full/250,/0/default.jpg"
02895,sm4155c455acb564afd8ac1a70d97fbfefc,https://ids.si.edu/ids/deliveryService?id=NPG-S_NPG_2002_184_1238,"https://ids.si.edu/ids/iiif/NPG-S_NPG_2002_184_1238/full/250,/0/default.jpg"
02896,sm41b92b0e51c9c4c95b30e91193becc076,https://ids.si.edu/ids/deliveryService?id=NPG-S_NPG_2002_184_1237,"https://ids.si.edu/ids/iiif/NPG-S_NPG_2002_184_1237/full/250,/0/default.jpg"
02897,sm48fd0e2d4043f4e9c89b2aa9cc1205925,https://ids.si.edu/ids/deliveryService?id=NPG-S_NPG_2002_184_1236,"https://ids.si.edu/ids/iiif/NPG-S_NPG_2002_184_1236/full/250,/0/default.jpg"
02898,sm4dafdc02f876848c7846de0dc49fa3c60,https://ids.si.edu/ids/deliveryService?id=NPG-S_NPG_2002_184_1235,"https://ids.si.edu/ids/iiif/NPG-S_NPG_2002_184_1235/full/250,/0/default.jpg"
02899,sm4c4245902c1a944959722229bbc965880,https://ids.si.edu/ids/deliveryService?id=NPG-S_NPG_2002_184_1234,"https://ids.si.edu/ids/iiif/NPG-S_NPG_2002_184_1234/full/250,/0/default.jpg"
02900,sm4a00d9de3569940a59c274b0b39db9112,https://ids.si.edu/ids/deliveryService?id=NPG-S_NPG_2002_184_1233,"https://ids.si.edu/ids/iiif/NPG-S_NPG_2002_184_1233/full/250,/0/default.jpg"
02901,sm43a32afc568fa422aad0fa9f4b59cfa71,https://ids.si.edu/ids/deliveryService?id=NPG-S_NPG_2002_184_1232,"https://ids.si.edu/ids/iiif/NPG-S_NPG_2002_184_1232/full/250,/0/default.jpg"
02902,sm470a09fc7459649b390ddedc70a1b7986,https://ids.si.edu/ids/deliveryService?id=NPG-S_NPG_2002_184_1231,"https://ids.si.edu/ids/iiif/NPG-S_NPG_2002_184_1231/full/250,/0/default.jpg"
02903,sm4fab151b6df664a488061712c6968b2db,https://ids.si.edu/ids/deliveryService?id=NPG-S_NPG_2002_184_1230,"https://ids.si.edu/ids/iiif/NPG-S_NPG_2002_184_1230/full/250,/0/default.jpg"
02904,sm4f3ce4b6cc70c404aa1dab268f1f5a963,https://ids.si.edu/ids/deliveryService?id=NPG-S_NPG_2002_184_123,"https://ids.si.edu/ids/iiif/NPG-S_NPG_2002_184_123/full/250,/0/default.jpg"
02905,sm45114b43bd628454f99cfdebeb2371d96,https://ids.si.edu/ids/deliveryService?id=NPG-S_NPG_2002_184_1229,"https://ids.si.edu/ids/iiif/NPG-S_NPG_2002_184_1229/full/250,/0/default.jpg"
02906,sm4a7c8c7cb0c944c0eb4cf330f425f56dd,https://ids.si.edu/ids/deliveryService?id=NPG-S_NPG_2002_184_1228,"https://ids.si.edu/ids/iiif/NPG-S_NPG_2002_184_1228/full/250,/0/default.jpg"
02907,sm4ea47f004d7a348109b637e4066a6084e,https://ids.si.edu/ids/deliveryService?id=NPG-S_NPG_2002_184_1227,"https://ids.si.edu/ids/iiif/NPG-S_NPG_2002_184_1227/full/250,/0/default.jpg"
02908,sm42cbcac13f1d54055a1641f73dd986afd,https://ids.si.edu/ids/deliveryService?id=NPG-S_NPG_2002_184_1226,"https://ids.si.edu/ids/iiif/NPG-S_NPG_2002_184_1226/full/250,/0/default.jpg"
02909,sm4b47714dc590547e29b6d2b55096b3ca3,https://ids.si.edu/ids/deliveryService?id=NPG-S_NPG_2002_184_1225,"https://ids.si.edu/ids/iiif/NPG-S_NPG_2002_184_1225/full/250,/0/default.jpg"
02910,sm4a63b51581d91445190306838d9198343,https://ids.si.edu/ids/deliveryService?id=NPG-S_NPG_2002_184_1224,"https://ids.si.edu/ids/iiif/NPG-S_NPG_2002_184_1224/full/250,/0/default.jpg"
02911,sm40fe5716f13414281bb9ecf942c22254d,https://ids.si.edu/ids/deliveryService?id=NPG-S_NPG_2002_184_1223,"https://ids.si.edu/ids/iiif/NPG-S_NPG_2002_184_1223/full/250,/0/default.jpg"
02912,sm4bd16fed08b6a4d2eaa8b6f2477928ff5,https://ids.si.edu/ids/deliveryService?id=NPG-S_NPG_2002_184_1222,"https://ids.si.edu/ids/iiif/NPG-S_NPG_2002_184_1222/full/250,/0/default.jpg"
02913,sm45338c63b468441e1a41594c10b8f376c,https://ids.si.edu/ids/deliveryService?id=NPG-S_NPG_2002_184_1221,"https://ids.si.edu/ids/iiif/NPG-S_NPG_2002_184_1221/full/250,/0/default.jpg"
02914,sm42b49ff4db6174f1a8367acf315f325a3,https://ids.si.edu/ids/deliveryService?id=NPG-S_NPG_2002_184_1220,"https://ids.si.edu/ids/iiif/NPG-S_NPG_2002_184_1220/full/250,/0/default.jpg"
02915,sm4317e373f94aa41f2ad7f77662ac2850b,https://ids.si.edu/ids/deliveryService?id=NPG-S_NPG_2002_184_122,"https://ids.si.edu/ids/iiif/NPG-S_NPG_2002_184_122/full/250,/0/default.jpg"
02916,sm48d94265d92664b66817c48c622d0d1d1,https://ids.si.edu/ids/deliveryService?id=NPG-S_NPG_2002_184_1219,"https://ids.si.edu/ids/iiif/NPG-S_NPG_2002_184_1219/full/250,/0/default.jpg"
02917,sm469cdb9b7daf34758bcf6963b79d2c556,https://ids.si.edu/ids/deliveryService?id=NPG-S_NPG_2002_184_1218,"https://ids.si.edu/ids/iiif/NPG-S_NPG_2002_184_1218/full/250,/0/default.jpg"
02918,sm41c0b1faeb3864c53a3561c34777444b3,https://ids.si.edu/ids/deliveryService?id=NPG-S_NPG_2002_184_1217,"https://ids.si.edu/ids/iiif/NPG-S_NPG_2002_184_1217/full/250,/0/default.jpg"
02919,sm436f23190a07349db845cd6980d33cb9b,https://ids.si.edu/ids/deliveryService?id=NPG-S_NPG_2002_184_1216,"https://ids.si.edu/ids/iiif/NPG-S_NPG_2002_184_1216/full/250,/0/default.jpg"
02920,sm4e73837d6800f4e07a3753ccf6b4d0d69,https://ids.si.edu/ids/deliveryService?id=NPG-S_NPG_2002_184_1215,"https://ids.si.edu/ids/iiif/NPG-S_NPG_2002_184_1215/full/250,/0/default.jpg"
02921,sm41d8064cbead14d7eabbf62c5ad150f78,https://ids.si.edu/ids/deliveryService?id=NPG-S_NPG_2002_184_1214,"https://ids.si.edu/ids/iiif/NPG-S_NPG_2002_184_1214/full/250,/0/default.jpg"
02922,sm44f25988305a145bcb302559dc17d2927,https://ids.si.edu/ids/deliveryService?id=NPG-S_NPG_2002_184_1213,"https://ids.si.edu/ids/iiif/NPG-S_NPG_2002_184_1213/full/250,/0/default.jpg"
02923,sm4f7727d7c269b40259a082b2770c96476,https://ids.si.edu/ids/deliveryService?id=NPG-S_NPG_2002_184_1212,"https://ids.si.edu/ids/iiif/NPG-S_NPG_2002_184_1212/full/250,/0/default.jpg"
02924,sm46fcb4d91f1ed4fa799b5aecbd8bb9b3d,https://ids.si.edu/ids/deliveryService?id=NPG-S_NPG_2002_184_1211,"https://ids.si.edu/ids/iiif/NPG-S_NPG_2002_184_1211/full/250,/0/default.jpg"
02925,sm4db5c8f43cdc646a993707c6bc9a3391a,https://ids.si.edu/ids/deliveryService?id=NPG-S_NPG_2002_184_1210,"https://ids.si.edu/ids/iiif/NPG-S_NPG_2002_184_1210/full/250,/0/default.jpg"
02926,sm4f96b4a937fed45c7a9fe2786c318521d,https://ids.si.edu/ids/deliveryService?id=NPG-S_NPG_2002_184_121,"https://ids.si.edu/ids/iiif/NPG-S_NPG_2002_184_121/full/250,/0/default.jpg"
02927,sm46d0c15c16d3d42c6b81c247fe2ba7e83,https://ids.si.edu/ids/deliveryService?id=NPG-S_NPG_2002_184_1209,"https://ids.si.edu/ids/iiif/NPG-S_NPG_2002_184_1209/full/250,/0/default.jpg"
02928,sm4d04bebb20ecf4600bdc483b24ce1006f,https://ids.si.edu/ids/deliveryService?id=NPG-S_NPG_2002_184_1208,"https://ids.si.edu/ids/iiif/NPG-S_NPG_2002_184_1208/full/250,/0/default.jpg"
02929,sm41228bc36f5dd45f789a4e504d63e6b95,https://ids.si.edu/ids/deliveryService?id=NPG-S_NPG_2002_184_1207,"https://ids.si.edu/ids/iiif/NPG-S_NPG_2002_184_1207/full/250,/0/default.jpg"
02930,sm44817da092d774a1290f85d8f7afd7243,https://ids.si.edu/ids/deliveryService?id=NPG-S_NPG_2002_184_1206,"https://ids.si.edu/ids/iiif/NPG-S_NPG_2002_184_1206/full/250,/0/default.jpg"
02931,sm48fee34f6953f41f290099e71ea915f53,https://ids.si.edu/ids/deliveryService?id=NPG-S_NPG_2002_184_1205,"https://ids.si.edu/ids/iiif/NPG-S_NPG_2002_184_1205/full/250,/0/default.jpg"
02932,sm4eb6e508165ae446f805975b94c4621bd,https://ids.si.edu/ids/deliveryService?id=NPG-S_NPG_2002_184_1204,"https://ids.si.edu/ids/iiif/NPG-S_NPG_2002_184_1204/full/250,/0/default.jpg"
02933,sm4b846ff39e67b4ba5803e96ca7ce3f9bf,https://ids.si.edu/ids/deliveryService?id=NPG-S_NPG_2002_184_1203,"https://ids.si.edu/ids/iiif/NPG-S_NPG_2002_184_1203/full/250,/0/default.jpg"
02934,sm48b5a493ff1944793b6349dfdd2b63196,https://ids.si.edu/ids/deliveryService?id=NPG-S_NPG_2002_184_1202,"https://ids.si.edu/ids/iiif/NPG-S_NPG_2002_184_1202/full/250,/0/default.jpg"
02935,sm40ad9bb7a9d694a439ebf1c0bb8938740,https://ids.si.edu/ids/deliveryService?id=NPG-S_NPG_2002_184_1201,"https://ids.si.edu/ids/iiif/NPG-S_NPG_2002_184_1201/full/250,/0/default.jpg"
02936,sm4084c65003e2e4baa8731c199a4a9f452,https://ids.si.edu/ids/deliveryService?id=NPG-S_NPG_2002_184_1200,"https://ids.si.edu/ids/iiif/NPG-S_NPG_2002_184_1200/full/250,/0/default.jpg"
02937,sm4a96ae5ffef3e4292a64df62f83ac3eec,https://ids.si.edu/ids/deliveryService?id=NPG-S_NPG_2002_184_120,"https://ids.si.edu/ids/iiif/NPG-S_NPG_2002_184_120/full/250,/0/default.jpg"
02938,sm480c6c905f0ed43d89f21a48030bea0eb,https://ids.si.edu/ids/deliveryService?id=NPG-S_NPG_2002_184_12,"https://ids.si.edu/ids/iiif/NPG-S_NPG_2002_184_12/full/250,/0/default.jpg"
02939,sm4de770d62aa0c4d1d8a7429c744323b30,https://ids.si.edu/ids/deliveryService?id=NPG-S_NPG_2002_184_1199,"https://ids.si.edu/ids/iiif/NPG-S_NPG_2002_184_1199/full/250,/0/default.jpg"
02940,sm4def02e5955c2498191233a852900db22,https://ids.si.edu/ids/deliveryService?id=NPG-S_NPG_2002_184_1198,"https://ids.si.edu/ids/iiif/NPG-S_NPG_2002_184_1198/full/250,/0/default.jpg"
02941,sm4c83a01e9aea7445781ecdbe7cef7c688,https://ids.si.edu/ids/deliveryService?id=NPG-S_NPG_2002_184_1197,"https://ids.si.edu/ids/iiif/NPG-S_NPG_2002_184_1197/full/250,/0/default.jpg"
02942,sm4de1dd19ea7b14191a8028d2b141f7b91,https://ids.si.edu/ids/deliveryService?id=NPG-S_NPG_2002_184_1196,"https://ids.si.edu/ids/iiif/NPG-S_NPG_2002_184_1196/full/250,/0/default.jpg"
02943,sm4f197bbbd86c643abbc0b52bfcdcd7880,https://ids.si.edu/ids/deliveryService?id=NPG-S_NPG_2002_184_1195,"https://ids.si.edu/ids/iiif/NPG-S_NPG_2002_184_1195/full/250,/0/default.jpg"
02944,sm42573cbd60f3e464da1c0ffb84ad79ef2,https://ids.si.edu/ids/deliveryService?id=NPG-S_NPG_2002_184_1194,"https://ids.si.edu/ids/iiif/NPG-S_NPG_2002_184_1194/full/250,/0/default.jpg"
02945,sm473d7af8b226d461fb176a4afe4031060,https://ids.si.edu/ids/deliveryService?id=NPG-S_NPG_2002_184_1193,"https://ids.si.edu/ids/iiif/NPG-S_NPG_2002_184_1193/full/250,/0/default.jpg"
02946,sm4bccff7d7553144bc9970afb0853ea77a,https://ids.si.edu/ids/deliveryService?id=NPG-S_NPG_2002_184_1192,"https://ids.si.edu/ids/iiif/NPG-S_NPG_2002_184_1192/full/250,/0/default.jpg"
02947,sm4df80852ab4ca42ce9bff5151b54ab4da,https://ids.si.edu/ids/deliveryService?id=NPG-S_NPG_2002_184_1191,"https://ids.si.edu/ids/iiif/NPG-S_NPG_2002_184_1191/full/250,/0/default.jpg"
02948,sm4775aa588ba6b4ec08746bfed8b7d2893,https://ids.si.edu/ids/deliveryService?id=NPG-S_NPG_2002_184_1190,"https://ids.si.edu/ids/iiif/NPG-S_NPG_2002_184_1190/full/250,/0/default.jpg"
02949,sm4ce855d0e3ca949e7b7df5f833a8440e4,https://ids.si.edu/ids/deliveryService?id=NPG-S_NPG_2002_184_119,"https://ids.si.edu/ids/iiif/NPG-S_NPG_2002_184_119/full/250,/0/default.jpg"
02950,sm45ae2a908dd45491e88ff17108b16a7c2,https://ids.si.edu/ids/deliveryService?id=NPG-S_NPG_2002_184_1189,"https://ids.si.edu/ids/iiif/NPG-S_NPG_2002_184_1189/full/250,/0/default.jpg"
02951,sm45d205c4d19524682b37028b03a5e2619,https://ids.si.edu/ids/deliveryService?id=NPG-S_NPG_2002_184_1188,"https://ids.si.edu/ids/iiif/NPG-S_NPG_2002_184_1188/full/250,/0/default.jpg"
02952,sm451cb27dd2b8d46ba90d35552150c8408,https://ids.si.edu/ids/deliveryService?id=NPG-S_NPG_2002_184_1187,"https://ids.si.edu/ids/iiif/NPG-S_NPG_2002_184_1187/full/250,/0/default.jpg"
02953,sm40e4ceaa8758140ad8d3467ca5f18948e,https://ids.si.edu/ids/deliveryService?id=NPG-S_NPG_2002_184_1186,"https://ids.si.edu/ids/iiif/NPG-S_NPG_2002_184_1186/full/250,/0/default.jpg"
02954,sm45b672cb725cf413d8c779e0fb822905b,https://ids.si.edu/ids/deliveryService?id=NPG-S_NPG_2002_184_1185,"https://ids.si.edu/ids/iiif/NPG-S_NPG_2002_184_1185/full/250,/0/default.jpg"
02955,sm402aa2b430a714de3b1c3bc86b1e429f4,https://ids.si.edu/ids/deliveryService?id=NPG-S_NPG_2002_184_1184,"https://ids.si.edu/ids/iiif/NPG-S_NPG_2002_184_1184/full/250,/0/default.jpg"
02956,sm41d0171fa226d4905a33a2705cb098199,https://ids.si.edu/ids/deliveryService?id=NPG-S_NPG_2002_184_1183,"https://ids.si.edu/ids/iiif/NPG-S_NPG_2002_184_1183/full/250,/0/default.jpg"
02957,sm4e77cd389aec3441683e59060138ffa42,https://ids.si.edu/ids/deliveryService?id=NPG-S_NPG_2002_184_1182,"https://ids.si.edu/ids/iiif/NPG-S_NPG_2002_184_1182/full/250,/0/default.jpg"
02958,sm4e1e94f11fe2d4dddbd2122913df9db36,https://ids.si.edu/ids/deliveryService?id=NPG-S_NPG_2002_184_1181,"https://ids.si.edu/ids/iiif/NPG-S_NPG_2002_184_1181/full/250,/0/default.jpg"
02959,sm4e26143083f5d4f36ad8fdb8149603668,https://ids.si.edu/ids/deliveryService?id=NPG-S_NPG_2002_184_1180,"https://ids.si.edu/ids/iiif/NPG-S_NPG_2002_184_1180/full/250,/0/default.jpg"
02960,sm4e5ef092e474947969888980695e26d03,https://ids.si.edu/ids/deliveryService?id=NPG-S_NPG_2002_184_118,"https://ids.si.edu/ids/iiif/NPG-S_NPG_2002_184_118/full/250,/0/default.jpg"
02961,sm472f10f99ba734cbb92ee9af36a2ef19d,https://ids.si.edu/ids/deliveryService?id=NPG-S_NPG_2002_184_1179,"https://ids.si.edu/ids/iiif/NPG-S_NPG_2002_184_1179/full/250,/0/default.jpg"
02962,sm4f2f082cd8c434f62a5b87efd7bbc5045,https://ids.si.edu/ids/deliveryService?id=NPG-S_NPG_2002_184_1178,"https://ids.si.edu/ids/iiif/NPG-S_NPG_2002_184_1178/full/250,/0/default.jpg"
02963,sm4dea44cc5c55f48c0abc7f45d89e466de,https://ids.si.edu/ids/deliveryService?id=NPG-S_NPG_2002_184_1177,"https://ids.si.edu/ids/iiif/NPG-S_NPG_2002_184_1177/full/250,/0/default.jpg"
02964,sm43714938df2e44e149d7d271be095209b,https://ids.si.edu/ids/deliveryService?id=NPG-S_NPG_2002_184_1176,"https://ids.si.edu/ids/iiif/NPG-S_NPG_2002_184_1176/full/250,/0/default.jpg"
02965,sm424e48438f6c5427fae692f3f43ddeff0,https://ids.si.edu/ids/deliveryService?id=NPG-S_NPG_2002_184_1175,"https://ids.si.edu/ids/iiif/NPG-S_NPG_2002_184_1175/full/250,/0/default.jpg"
02966,sm405c83571cac6479bacd95301b9822904,https://ids.si.edu/ids/deliveryService?id=NPG-S_NPG_2002_184_1174,"https://ids.si.edu/ids/iiif/NPG-S_NPG_2002_184_1174/full/250,/0/default.jpg"
02967,sm4ff2d0cfc096c4692b881e35b87618bda,https://ids.si.edu/ids/deliveryService?id=NPG-S_NPG_2002_184_1173,"https://ids.si.edu/ids/iiif/NPG-S_NPG_2002_184_1173/full/250,/0/default.jpg"
02968,sm440d5029db30143ecb9776425dcdf20a6,https://ids.si.edu/ids/deliveryService?id=NPG-S_NPG_2002_184_1172,"https://ids.si.edu/ids/iiif/NPG-S_NPG_2002_184_1172/full/250,/0/default.jpg"
02969,sm44aa6953e695b45feaf0e18451227cd2e,https://ids.si.edu/ids/deliveryService?id=NPG-S_NPG_2002_184_1171,"https://ids.si.edu/ids/iiif/NPG-S_NPG_2002_184_1171/full/250,/0/default.jpg"
02970,sm4fdc92b76803a43729534a23e6e82d21d,https://ids.si.edu/ids/deliveryService?id=NPG-S_NPG_2002_184_1170,"https://ids.si.edu/ids/iiif/NPG-S_NPG_2002_184_1170/full/250,/0/default.jpg"
02971,sm483df73ae675047089759f95d521b8be5,https://ids.si.edu/ids/deliveryService?id=NPG-S_NPG_2002_184_117,"https://ids.si.edu/ids/iiif/NPG-S_NPG_2002_184_117/full/250,/0/default.jpg"
02972,sm4a6659cac682e49cdbbf8cbb483ceabb7,https://ids.si.edu/ids/deliveryService?id=NPG-S_NPG_2002_184_1169,"https://ids.si.edu/ids/iiif/NPG-S_NPG_2002_184_1169/full/250,/0/default.jpg"
02973,sm40caf625ba78e4be68e2fdb8bd2eb007c,https://ids.si.edu/ids/deliveryService?id=NPG-S_NPG_2002_184_1168,"https://ids.si.edu/ids/iiif/NPG-S_NPG_2002_184_1168/full/250,/0/default.jpg"
02974,sm46a3617ed907d4681bd05d985f6dacf26,https://ids.si.edu/ids/deliveryService?id=NPG-S_NPG_2002_184_1167,"https://ids.si.edu/ids/iiif/NPG-S_NPG_2002_184_1167/full/250,/0/default.jpg"
02975,sm43d9252e787f4434593940ed511d1c392,https://ids.si.edu/ids/deliveryService?id=NPG-S_NPG_2002_184_1166,"https://ids.si.edu/ids/iiif/NPG-S_NPG_2002_184_1166/full/250,/0/default.jpg"
02976,sm48ea9640a08e0452c84995818ad418d7f,https://ids.si.edu/ids/deliveryService?id=NPG-S_NPG_2002_184_1165,"https://ids.si.edu/ids/iiif/NPG-S_NPG_2002_184_1165/full/250,/0/default.jpg"
02977,sm47ad220babf514510b5921deba3da83bb,https://ids.si.edu/ids/deliveryService?id=NPG-S_NPG_2002_184_1164,"https://ids.si.edu/ids/iiif/NPG-S_NPG_2002_184_1164/full/250,/0/default.jpg"
02978,sm49b52244033124cf59b49257c5520b8cc,https://ids.si.edu/ids/deliveryService?id=NPG-S_NPG_2002_184_1163,"https://ids.si.edu/ids/iiif/NPG-S_NPG_2002_184_1163/full/250,/0/default.jpg"
02979,sm4646fe020365f40a9b14ac4a8e48dc9cd,https://ids.si.edu/ids/deliveryService?id=NPG-S_NPG_2002_184_1162,"https://ids.si.edu/ids/iiif/NPG-S_NPG_2002_184_1162/full/250,/0/default.jpg"
02980,sm4d303c480f6d148f48624ab3a1c7cdb25,https://ids.si.edu/ids/deliveryService?id=NPG-S_NPG_2002_184_1161,"https://ids.si.edu/ids/iiif/NPG-S_NPG_2002_184_1161/full/250,/0/default.jpg"
02981,sm468113350d6144b818220f5f19fefb54e,https://ids.si.edu/ids/deliveryService?id=NPG-S_NPG_2002_184_1160,"https://ids.si.edu/ids/iiif/NPG-S_NPG_2002_184_1160/full/250,/0/default.jpg"
02982,sm4cb288c91d5a44f3baca59886c8d76c49,https://ids.si.edu/ids/deliveryService?id=NPG-S_NPG_2002_184_116,"https://ids.si.edu/ids/iiif/NPG-S_NPG_2002_184_116/full/250,/0/default.jpg"
02983,sm45403994b184246a2bd297207a9b8541c,https://ids.si.edu/ids/deliveryService?id=NPG-S_NPG_2002_184_1159,"https://ids.si.edu/ids/iiif/NPG-S_NPG_2002_184_1159/full/250,/0/default.jpg"
02984,sm49a39a506565a4b7eb8bf686ec7357c50,https://ids.si.edu/ids/deliveryService?id=NPG-S_NPG_2002_184_1158,"https://ids.si.edu/ids/iiif/NPG-S_NPG_2002_184_1158/full/250,/0/default.jpg"
02985,sm45c83e5a1020e4ee182985defc541c1c3,https://ids.si.edu/ids/deliveryService?id=NPG-S_NPG_2002_184_1157,"https://ids.si.edu/ids/iiif/NPG-S_NPG_2002_184_1157/full/250,/0/default.jpg"
02986,sm4b4b6f5932dc149868848929ce25072d3,https://ids.si.edu/ids/deliveryService?id=NPG-S_NPG_2002_184_1156,"https://ids.si.edu/ids/iiif/NPG-S_NPG_2002_184_1156/full/250,/0/default.jpg"
02987,sm4bc66949a684448c19992fc0211120d74,https://ids.si.edu/ids/deliveryService?id=NPG-S_NPG_2002_184_1155,"https://ids.si.edu/ids/iiif/NPG-S_NPG_2002_184_1155/full/250,/0/default.jpg"
02988,sm44d001bd77a1746fe8ac360905a28e25e,https://ids.si.edu/ids/deliveryService?id=NPG-S_NPG_2002_184_1154,"https://ids.si.edu/ids/iiif/NPG-S_NPG_2002_184_1154/full/250,/0/default.jpg"
02989,sm469640ec3d1694ce3a9421720ef1677a3,https://ids.si.edu/ids/deliveryService?id=NPG-S_NPG_2002_184_1153,"https://ids.si.edu/ids/iiif/NPG-S_NPG_2002_184_1153/full/250,/0/default.jpg"
02990,sm411d4a3b45dc64165a12a4d6fdc8006a9,https://ids.si.edu/ids/deliveryService?id=NPG-S_NPG_2002_184_1152,"https://ids.si.edu/ids/iiif/NPG-S_NPG_2002_184_1152/full/250,/0/default.jpg"
02991,sm4831695eef427400a88807ac068fd2922,https://ids.si.edu/ids/deliveryService?id=NPG-S_NPG_2002_184_1151,"https://ids.si.edu/ids/iiif/NPG-S_NPG_2002_184_1151/full/250,/0/default.jpg"
02992,sm46951174d277f48048c3b124395b5a2ac,https://ids.si.edu/ids/deliveryService?id=NPG-S_NPG_2002_184_1150,"https://ids.si.edu/ids/iiif/NPG-S_NPG_2002_184_1150/full/250,/0/default.jpg"
02993,sm4e4d091fbeb304dceb3b911ee3a29aca3,https://ids.si.edu/ids/deliveryService?id=NPG-S_NPG_2002_184_115,"https://ids.si.edu/ids/iiif/NPG-S_NPG_2002_184_115/full/250,/0/default.jpg"
02994,sm46029d8f2264449889ad1caee91d21912,https://ids.si.edu/ids/deliveryService?id=NPG-S_NPG_2002_184_1149,"https://ids.si.edu/ids/iiif/NPG-S_NPG_2002_184_1149/full/250,/0/default.jpg"
02995,sm44f367fdef1fc4b8b8bf45d17d1988ba6,https://ids.si.edu/ids/deliveryService?id=NPG-S_NPG_2002_184_1148,"https://ids.si.edu/ids/iiif/NPG-S_NPG_2002_184_1148/full/250,/0/default.jpg"
02996,sm4991abe679b8640c8a9f24429309a25ef,https://ids.si.edu/ids/deliveryService?id=NPG-S_NPG_2002_184_1147,"https://ids.si.edu/ids/iiif/NPG-S_NPG_2002_184_1147/full/250,/0/default.jpg"
02997,sm41e0e70ccd1ed4470945f819e08b4bb59,https://ids.si.edu/ids/deliveryService?id=NPG-S_NPG_2002_184_1146,"https://ids.si.edu/ids/iiif/NPG-S_NPG_2002_184_1146/full/250,/0/default.jpg"
02998,sm42be6b30a266e40fba96e38e3e5d16394,https://ids.si.edu/ids/deliveryService?id=NPG-S_NPG_2002_184_1145,"https://ids.si.edu/ids/iiif/NPG-S_NPG_2002_184_1145/full/250,/0/default.jpg"
02999,sm43a0f9fcc79bc4f02ad4ab34bb36a176d,https://ids.si.edu/ids/deliveryService?id=NPG-S_NPG_2002_184_1144,"https://ids.si.edu/ids/iiif/NPG-S_NPG_2002_184_1144/full/250,/0/default.jpg"
03000,sm4fa3dc6d39c3b441b93ecbd8dbfd5e152,https://ids.si.edu/ids/deliveryService?id=NPG-S_NPG_2002_184_1143,"https://ids.si.edu/ids/iiif/NPG-S_NPG_2002_184_1143/full/250,/0/default.jpg"
03001,sm400130ef3e59a4c0abc29339c005fce1a,https://ids.si.edu/ids/deliveryService?id=NPG-S_NPG_2002_184_1142,"https://ids.si.edu/ids/iiif/NPG-S_NPG_2002_184_1142/full/250,/0/default.jpg"
03002,sm4381732743248411496744a9e07dd3938,https://ids.si.edu/ids/deliveryService?id=NPG-S_NPG_2002_184_1141,"https://ids.si.edu/ids/iiif/NPG-S_NPG_2002_184_1141/full/250,/0/default.jpg"
03003,sm493950d81f0054e5e9c346d2ec904fbdb,https://ids.si.edu/ids/deliveryService?id=NPG-S_NPG_2002_184_1140,"https://ids.si.edu/ids/iiif/NPG-S_NPG_2002_184_1140/full/250,/0/default.jpg"
03004,sm48565b2200422411aaf116f91ceb5cbd8,https://ids.si.edu/ids/deliveryService?id=NPG-S_NPG_2002_184_114,"https://ids.si.edu/ids/iiif/NPG-S_NPG_2002_184_114/full/250,/0/default.jpg"
03005,sm40ab449476d6e41a08f527a2186cb1873,https://ids.si.edu/ids/deliveryService?id=NPG-S_NPG_2002_184_1139,"https://ids.si.edu/ids/iiif/NPG-S_NPG_2002_184_1139/full/250,/0/default.jpg"
03006,sm46b081ee9f8bf412fb9f51d4373df0365,https://ids.si.edu/ids/deliveryService?id=NPG-S_NPG_2002_184_1138,"https://ids.si.edu/ids/iiif/NPG-S_NPG_2002_184_1138/full/250,/0/default.jpg"
03007,sm4c92c799d6acb4e73a929ef8e0a573d69,https://ids.si.edu/ids/deliveryService?id=NPG-S_NPG_2002_184_1137,"https://ids.si.edu/ids/iiif/NPG-S_NPG_2002_184_1137/full/250,/0/default.jpg"
03008,sm4daa9725910c84e959729263a864292ec,https://ids.si.edu/ids/deliveryService?id=NPG-S_NPG_2002_184_1136,"https://ids.si.edu/ids/iiif/NPG-S_NPG_2002_184_1136/full/250,/0/default.jpg"
03009,sm44e58bb41d5574564ae9e60bab45b2309,https://ids.si.edu/ids/deliveryService?id=NPG-S_NPG_2002_184_1135,"https://ids.si.edu/ids/iiif/NPG-S_NPG_2002_184_1135/full/250,/0/default.jpg"
03010,sm412dae6f619c04e13a9505fc82140ba60,https://ids.si.edu/ids/deliveryService?id=NPG-S_NPG_2002_184_1134,"https://ids.si.edu/ids/iiif/NPG-S_NPG_2002_184_1134/full/250,/0/default.jpg"
03011,sm454c08b3ff15a477398f0adfa645f31a9,https://ids.si.edu/ids/deliveryService?id=NPG-S_NPG_2002_184_1133,"https://ids.si.edu/ids/iiif/NPG-S_NPG_2002_184_1133/full/250,/0/default.jpg"
03012,sm4884fa32b4b1f442698337e96741a574d,https://ids.si.edu/ids/deliveryService?id=NPG-S_NPG_2002_184_1132,"https://ids.si.edu/ids/iiif/NPG-S_NPG_2002_184_1132/full/250,/0/default.jpg"
03013,sm48f7f5f3392994d56a2a176dc86c8577f,https://ids.si.edu/ids/deliveryService?id=NPG-S_NPG_2002_184_1131,"https://ids.si.edu/ids/iiif/NPG-S_NPG_2002_184_1131/full/250,/0/default.jpg"
03014,sm49ec2591a77274be595d28def5f287f3c,https://ids.si.edu/ids/deliveryService?id=NPG-S_NPG_2002_184_1130,"https://ids.si.edu/ids/iiif/NPG-S_NPG_2002_184_1130/full/250,/0/default.jpg"
03015,sm41ab35d620b624957b636e0c9be1187c0,https://ids.si.edu/ids/deliveryService?id=NPG-S_NPG_2002_184_113,"https://ids.si.edu/ids/iiif/NPG-S_NPG_2002_184_113/full/250,/0/default.jpg"
03016,sm4bd89f8374f344ac393787c2f6da88b08,https://ids.si.edu/ids/deliveryService?id=NPG-S_NPG_2002_184_1129,"https://ids.si.edu/ids/iiif/NPG-S_NPG_2002_184_1129/full/250,/0/default.jpg"
03017,sm43fcde529d389426bbb3b981a2a88b617,https://ids.si.edu/ids/deliveryService?id=NPG-S_NPG_2002_184_1128,"https://ids.si.edu/ids/iiif/NPG-S_NPG_2002_184_1128/full/250,/0/default.jpg"
03018,sm43e3b1e3afcf24c83b1c069a35e5e0d5a,https://ids.si.edu/ids/deliveryService?id=NPG-S_NPG_2002_184_1127,"https://ids.si.edu/ids/iiif/NPG-S_NPG_2002_184_1127/full/250,/0/default.jpg"
03019,sm408750cd5ad074caf805871884471ada5,https://ids.si.edu/ids/deliveryService?id=NPG-S_NPG_2002_184_1126,"https://ids.si.edu/ids/iiif/NPG-S_NPG_2002_184_1126/full/250,/0/default.jpg"
03020,sm49d9598ebf34942fcbf280405c0b0aea0,https://ids.si.edu/ids/deliveryService?id=NPG-S_NPG_2002_184_1125,"https://ids.si.edu/ids/iiif/NPG-S_NPG_2002_184_1125/full/250,/0/default.jpg"
03021,sm4d81a516533264a549a9139f6ec042a03,https://ids.si.edu/ids/deliveryService?id=NPG-S_NPG_2002_184_1124,"https://ids.si.edu/ids/iiif/NPG-S_NPG_2002_184_1124/full/250,/0/default.jpg"
03022,sm44886156c9e2e4113830ea326379870c8,https://ids.si.edu/ids/deliveryService?id=NPG-S_NPG_2002_184_1123,"https://ids.si.edu/ids/iiif/NPG-S_NPG_2002_184_1123/full/250,/0/default.jpg"
03023,sm4725054a76c8f4bd78d79b5c30d7c80ba,https://ids.si.edu/ids/deliveryService?id=NPG-S_NPG_2002_184_1122,"https://ids.si.edu/ids/iiif/NPG-S_NPG_2002_184_1122/full/250,/0/default.jpg"
03024,sm40926e25ccb284b93898238f8a739bd8b,https://ids.si.edu/ids/deliveryService?id=NPG-S_NPG_2002_184_1121,"https://ids.si.edu/ids/iiif/NPG-S_NPG_2002_184_1121/full/250,/0/default.jpg"
03025,sm4e2127c476ba04594ab54dc1a93e991dc,https://ids.si.edu/ids/deliveryService?id=NPG-S_NPG_2002_184_1120,"https://ids.si.edu/ids/iiif/NPG-S_NPG_2002_184_1120/full/250,/0/default.jpg"
03026,sm4391aeb1738484b8481d789bbecdf1662,https://ids.si.edu/ids/deliveryService?id=NPG-S_NPG_2002_184_112,"https://ids.si.edu/ids/iiif/NPG-S_NPG_2002_184_112/full/250,/0/default.jpg"
03027,sm489aef446f19343bd825c983ba155c671,https://ids.si.edu/ids/deliveryService?id=NPG-S_NPG_2002_184_1119,"https://ids.si.edu/ids/iiif/NPG-S_NPG_2002_184_1119/full/250,/0/default.jpg"
03028,sm48ba2db70d47742c7af2ea58c5180ea97,https://ids.si.edu/ids/deliveryService?id=NPG-S_NPG_2002_184_1118,"https://ids.si.edu/ids/iiif/NPG-S_NPG_2002_184_1118/full/250,/0/default.jpg"
03029,sm4fa0d907c73fc422d8ece3638938dbd17,https://ids.si.edu/ids/deliveryService?id=NPG-S_NPG_2002_184_1117,"https://ids.si.edu/ids/iiif/NPG-S_NPG_2002_184_1117/full/250,/0/default.jpg"
03030,sm4bd321f911d5844f18d1bcdca6bb9afb0,https://ids.si.edu/ids/deliveryService?id=NPG-S_NPG_2002_184_1116,"https://ids.si.edu/ids/iiif/NPG-S_NPG_2002_184_1116/full/250,/0/default.jpg"
03031,sm4f62875bf2ac14ed298e7c780ac999ca8,https://ids.si.edu/ids/deliveryService?id=NPG-S_NPG_2002_184_1115,"https://ids.si.edu/ids/iiif/NPG-S_NPG_2002_184_1115/full/250,/0/default.jpg"
03032,sm4544ee8d6122d436e880623739c751b27,https://ids.si.edu/ids/deliveryService?id=NPG-S_NPG_2002_184_1114,"https://ids.si.edu/ids/iiif/NPG-S_NPG_2002_184_1114/full/250,/0/default.jpg"
03033,sm4350de3a4d3fc4c1d83bdb7c30c66da7e,https://ids.si.edu/ids/deliveryService?id=NPG-S_NPG_2002_184_1113,"https://ids.si.edu/ids/iiif/NPG-S_NPG_2002_184_1113/full/250,/0/default.jpg"
03034,sm4941d0510599646d688bd20d0fcd831f1,https://ids.si.edu/ids/deliveryService?id=NPG-S_NPG_2002_184_1112,"https://ids.si.edu/ids/iiif/NPG-S_NPG_2002_184_1112/full/250,/0/default.jpg"
03035,sm4424e2c9be630470c95bac8b80057e76b,https://ids.si.edu/ids/deliveryService?id=NPG-S_NPG_2002_184_1111,"https://ids.si.edu/ids/iiif/NPG-S_NPG_2002_184_1111/full/250,/0/default.jpg"
03036,sm4c023a3064f0b44bbb6a3f8d32d8f7adf,https://ids.si.edu/ids/deliveryService?id=NPG-S_NPG_2002_184_1110,"https://ids.si.edu/ids/iiif/NPG-S_NPG_2002_184_1110/full/250,/0/default.jpg"
03037,sm4dfb93d0715e3431e866bb28befe85c47,https://ids.si.edu/ids/deliveryService?id=NPG-S_NPG_2002_184_111,"https://ids.si.edu/ids/iiif/NPG-S_NPG_2002_184_111/full/250,/0/default.jpg"
03038,sm41a9a08c803ed4fd8a32a3886558df785,https://ids.si.edu/ids/deliveryService?id=NPG-S_NPG_2002_184_1109,"https://ids.si.edu/ids/iiif/NPG-S_NPG_2002_184_1109/full/250,/0/default.jpg"
03039,sm4e8f553c16732454c976993f6437d07b3,https://ids.si.edu/ids/deliveryService?id=NPG-S_NPG_2002_184_1108,"https://ids.si.edu/ids/iiif/NPG-S_NPG_2002_184_1108/full/250,/0/default.jpg"
03040,sm439478b0483c04a20a38e0feebb28a4f9,https://ids.si.edu/ids/deliveryService?id=NPG-S_NPG_2002_184_1107,"https://ids.si.edu/ids/iiif/NPG-S_NPG_2002_184_1107/full/250,/0/default.jpg"
03041,sm45fc3dca0bb3d4603b25b7754e27b9e04,https://ids.si.edu/ids/deliveryService?id=NPG-S_NPG_2002_184_1106,"https://ids.si.edu/ids/iiif/NPG-S_NPG_2002_184_1106/full/250,/0/default.jpg"
03042,sm4f2b9dfb7e25444da97d6b22de9605731,https://ids.si.edu/ids/deliveryService?id=NPG-S_NPG_2002_184_1105,"https://ids.si.edu/ids/iiif/NPG-S_NPG_2002_184_1105/full/250,/0/default.jpg"
03043,sm44c098f0ac09b46459e8d03c133227d8e,https://ids.si.edu/ids/deliveryService?id=NPG-S_NPG_2002_184_1104,"https://ids.si.edu/ids/iiif/NPG-S_NPG_2002_184_1104/full/250,/0/default.jpg"
03044,sm4ffb3a21c4d2c4e0aa001d1b07525eb71,https://ids.si.edu/ids/deliveryService?id=NPG-S_NPG_2002_184_1103,"https://ids.si.edu/ids/iiif/NPG-S_NPG_2002_184_1103/full/250,/0/default.jpg"
03045,sm4ac6b8073bedc463d93d5924f04deee19,https://ids.si.edu/ids/deliveryService?id=NPG-S_NPG_2002_184_1102,"https://ids.si.edu/ids/iiif/NPG-S_NPG_2002_184_1102/full/250,/0/default.jpg"
03046,sm47029c9826fcc44bd870a37e537c6d0ee,https://ids.si.edu/ids/deliveryService?id=NPG-S_NPG_2002_184_1101,"https://ids.si.edu/ids/iiif/NPG-S_NPG_2002_184_1101/full/250,/0/default.jpg"
03047,sm4fbda142c61a74688969d0d7c22466253,https://ids.si.edu/ids/deliveryService?id=NPG-S_NPG_2002_184_1100,"https://ids.si.edu/ids/iiif/NPG-S_NPG_2002_184_1100/full/250,/0/default.jpg"
03048,sm450aed0b70fc243d497db90052719495b,https://ids.si.edu/ids/deliveryService?id=NPG-S_NPG_2002_184_110,"https://ids.si.edu/ids/iiif/NPG-S_NPG_2002_184_110/full/250,/0/default.jpg"
03049,sm44585dafe1f2f484ba240ec1769c64398,https://ids.si.edu/ids/deliveryService?id=NPG-S_NPG_2002_184_11,"https://ids.si.edu/ids/iiif/NPG-S_NPG_2002_184_11/full/250,/0/default.jpg"
03050,sm4429fbb2517f040569bc436ad5164a3c6,https://ids.si.edu/ids/deliveryService?id=NPG-S_NPG_2002_184_1099,"https://ids.si.edu/ids/iiif/NPG-S_NPG_2002_184_1099/full/250,/0/default.jpg"
03051,sm4ae4bcc22a353432e801c13e5751b1a79,https://ids.si.edu/ids/deliveryService?id=NPG-S_NPG_2002_184_1098,"https://ids.si.edu/ids/iiif/NPG-S_NPG_2002_184_1098/full/250,/0/default.jpg"
03052,sm433f48e1327d64cc58bf552cfb4bff85e,https://ids.si.edu/ids/deliveryService?id=NPG-S_NPG_2002_184_1097,"https://ids.si.edu/ids/iiif/NPG-S_NPG_2002_184_1097/full/250,/0/default.jpg"
03053,sm453a36b21a4c54bcd8f4e38c78bc68e0e,https://ids.si.edu/ids/deliveryService?id=NPG-S_NPG_2002_184_1096,"https://ids.si.edu/ids/iiif/NPG-S_NPG_2002_184_1096/full/250,/0/default.jpg"
03054,sm4ff1c5cfb9bc242f29e3c3d2dd1a72e42,https://ids.si.edu/ids/deliveryService?id=NPG-S_NPG_2002_184_1095,"https://ids.si.edu/ids/iiif/NPG-S_NPG_2002_184_1095/full/250,/0/default.jpg"
03055,sm412fb9c4212924faeb080064da0ec2850,https://ids.si.edu/ids/deliveryService?id=NPG-S_NPG_2002_184_1094,"https://ids.si.edu/ids/iiif/NPG-S_NPG_2002_184_1094/full/250,/0/default.jpg"
03056,sm4832cb94b8c2d4e6c975c4a61fd6bcc14,https://ids.si.edu/ids/deliveryService?id=NPG-S_NPG_2002_184_1093,"https://ids.si.edu/ids/iiif/NPG-S_NPG_2002_184_1093/full/250,/0/default.jpg"
03057,sm4d155ee1ad22340bea1bf02d3a4e9b198,https://ids.si.edu/ids/deliveryService?id=NPG-S_NPG_2002_184_1092,"https://ids.si.edu/ids/iiif/NPG-S_NPG_2002_184_1092/full/250,/0/default.jpg"
03058,sm402e17b7d23b24d0cbc0b4907484d5e3f,https://ids.si.edu/ids/deliveryService?id=NPG-S_NPG_2002_184_1091,"https://ids.si.edu/ids/iiif/NPG-S_NPG_2002_184_1091/full/250,/0/default.jpg"
03059,sm466aeb07ac5584988a66c8a1d75ed17a4,https://ids.si.edu/ids/deliveryService?id=NPG-S_NPG_2002_184_1090,"https://ids.si.edu/ids/iiif/NPG-S_NPG_2002_184_1090/full/250,/0/default.jpg"
03060,sm4827cac01becc4c4c93db0a40b72f6be6,https://ids.si.edu/ids/deliveryService?id=NPG-S_NPG_2002_184_109,"https://ids.si.edu/ids/iiif/NPG-S_NPG_2002_184_109/full/250,/0/default.jpg"
03061,sm4daa4d881c79f4b2f82e84104c637c198,https://ids.si.edu/ids/deliveryService?id=NPG-S_NPG_2002_184_1089,"https://ids.si.edu/ids/iiif/NPG-S_NPG_2002_184_1089/full/250,/0/default.jpg"
03062,sm472039ed1698d41ad8a809ec06fedd482,https://ids.si.edu/ids/deliveryService?id=NPG-S_NPG_2002_184_1088,"https://ids.si.edu/ids/iiif/NPG-S_NPG_2002_184_1088/full/250,/0/default.jpg"
03063,sm403301a650f164c17a9e1b51fe96a9f66,https://ids.si.edu/ids/deliveryService?id=NPG-S_NPG_2002_184_1087,"https://ids.si.edu/ids/iiif/NPG-S_NPG_2002_184_1087/full/250,/0/default.jpg"
03064,sm4fcd7de10904f4607a25c4f4850081dce,https://ids.si.edu/ids/deliveryService?id=NPG-S_NPG_2002_184_1086,"https://ids.si.edu/ids/iiif/NPG-S_NPG_2002_184_1086/full/250,/0/default.jpg"
03065,sm4e48dcccd32fb43db97e6a3e55faa5a7b,https://ids.si.edu/ids/deliveryService?id=NPG-S_NPG_2002_184_1085,"https://ids.si.edu/ids/iiif/NPG-S_NPG_2002_184_1085/full/250,/0/default.jpg"
03067,sm401c5ecdf0d1c4c72bfda32de299dd31f,https://ids.si.edu/ids/deliveryService?id=NPG-S_NPG_2002_184_1083,"https://ids.si.edu/ids/iiif/NPG-S_NPG_2002_184_1083/full/250,/0/default.jpg"
03068,sm471868b1f181f434586ddfffcfbb870d2,https://ids.si.edu/ids/deliveryService?id=NPG-S_NPG_2002_184_1082,"https://ids.si.edu/ids/iiif/NPG-S_NPG_2002_184_1082/full/250,/0/default.jpg"
03069,sm4023244c402f84fb08a187f22a3adebb4,https://ids.si.edu/ids/deliveryService?id=NPG-S_NPG_2002_184_1081,"https://ids.si.edu/ids/iiif/NPG-S_NPG_2002_184_1081/full/250,/0/default.jpg"
03070,sm41e94466fb77c4740bebb1810e92afe3c,https://ids.si.edu/ids/deliveryService?id=NPG-S_NPG_2002_184_1080,"https://ids.si.edu/ids/iiif/NPG-S_NPG_2002_184_1080/full/250,/0/default.jpg"
03071,sm4d0372e3a64654b87a6fbaab96f322db6,https://ids.si.edu/ids/deliveryService?id=NPG-S_NPG_2002_184_108,"https://ids.si.edu/ids/iiif/NPG-S_NPG_2002_184_108/full/250,/0/default.jpg"
03072,sm44352e6c1ad434933a99adedaaef02dec,https://ids.si.edu/ids/deliveryService?id=NPG-S_NPG_2002_184_1079,"https://ids.si.edu/ids/iiif/NPG-S_NPG_2002_184_1079/full/250,/0/default.jpg"
03073,sm42c13fb96c6ba4a3f9792e5a0c106c655,https://ids.si.edu/ids/deliveryService?id=NPG-S_NPG_2002_184_1078,"https://ids.si.edu/ids/iiif/NPG-S_NPG_2002_184_1078/full/250,/0/default.jpg"
03074,sm49bef85a0cc584a8e98563720b3541e77,https://ids.si.edu/ids/deliveryService?id=NPG-S_NPG_2002_184_1077,"https://ids.si.edu/ids/iiif/NPG-S_NPG_2002_184_1077/full/250,/0/default.jpg"
03075,sm4d91b878a8e054be8bad4cdd7cf4b14b8,https://ids.si.edu/ids/deliveryService?id=NPG-S_NPG_2002_184_1076,"https://ids.si.edu/ids/iiif/NPG-S_NPG_2002_184_1076/full/250,/0/default.jpg"
03076,sm4a80161c3f5f44ed58e741595c3c7ba01,https://ids.si.edu/ids/deliveryService?id=NPG-S_NPG_2002_184_1075,"https://ids.si.edu/ids/iiif/NPG-S_NPG_2002_184_1075/full/250,/0/default.jpg"
03077,sm470ff65b8b8ea49eda5e2ea389d6e9414,https://ids.si.edu/ids/deliveryService?id=NPG-S_NPG_2002_184_1074,"https://ids.si.edu/ids/iiif/NPG-S_NPG_2002_184_1074/full/250,/0/default.jpg"
03078,sm45e7974746a514f3d8ee1ea446b46998f,https://ids.si.edu/ids/deliveryService?id=NPG-S_NPG_2002_184_1073,"https://ids.si.edu/ids/iiif/NPG-S_NPG_2002_184_1073/full/250,/0/default.jpg"
03079,sm46e410cb23ccf483a94358a725d00d5c8,https://ids.si.edu/ids/deliveryService?id=NPG-S_NPG_2002_184_1072,"https://ids.si.edu/ids/iiif/NPG-S_NPG_2002_184_1072/full/250,/0/default.jpg"
03080,sm4746485945da74033b827279a4abb5149,https://ids.si.edu/ids/deliveryService?id=NPG-S_NPG_2002_184_1071,"https://ids.si.edu/ids/iiif/NPG-S_NPG_2002_184_1071/full/250,/0/default.jpg"
03081,sm408a0e40ff1df431e9f207663fbd0e027,https://ids.si.edu/ids/deliveryService?id=NPG-S_NPG_2002_184_1070,"https://ids.si.edu/ids/iiif/NPG-S_NPG_2002_184_1070/full/250,/0/default.jpg"
03082,sm48146b2baa1624a9bb1ea984c672aa17c,https://ids.si.edu/ids/deliveryService?id=NPG-S_NPG_2002_184_107,"https://ids.si.edu/ids/iiif/NPG-S_NPG_2002_184_107/full/250,/0/default.jpg"
03083,sm432c8bb1c5c4043259f93625472a3736b,https://ids.si.edu/ids/deliveryService?id=NPG-S_NPG_2002_184_1069,"https://ids.si.edu/ids/iiif/NPG-S_NPG_2002_184_1069/full/250,/0/default.jpg"
03084,sm4a8716ca4aebe4a648c0f7a6dd82ceee9,https://ids.si.edu/ids/deliveryService?id=NPG-S_NPG_2002_184_1068,"https://ids.si.edu/ids/iiif/NPG-S_NPG_2002_184_1068/full/250,/0/default.jpg"
03085,sm4b9137376bbec4fc899f7dd6c82e3aa0e,https://ids.si.edu/ids/deliveryService?id=NPG-S_NPG_2002_184_1067,"https://ids.si.edu/ids/iiif/NPG-S_NPG_2002_184_1067/full/250,/0/default.jpg"
03086,sm42b40d91186674a7292eb0dd569997079,https://ids.si.edu/ids/deliveryService?id=NPG-S_NPG_2002_184_1066,"https://ids.si.edu/ids/iiif/NPG-S_NPG_2002_184_1066/full/250,/0/default.jpg"
03087,sm4aeac5f59d04e4db59688547eef811d31,https://ids.si.edu/ids/deliveryService?id=NPG-S_NPG_2002_184_1065,"https://ids.si.edu/ids/iiif/NPG-S_NPG_2002_184_1065/full/250,/0/default.jpg"
03088,sm4c02e6b227c614f35943ccd876efe0617,https://ids.si.edu/ids/deliveryService?id=NPG-S_NPG_2002_184_1064,"https://ids.si.edu/ids/iiif/NPG-S_NPG_2002_184_1064/full/250,/0/default.jpg"
03089,sm42821812b45af4afea46b7bf3644f4716,https://ids.si.edu/ids/deliveryService?id=NPG-S_NPG_2002_184_1063,"https://ids.si.edu/ids/iiif/NPG-S_NPG_2002_184_1063/full/250,/0/default.jpg"
03090,sm440538e54b50745e4ae45038a7f1b28b7,https://ids.si.edu/ids/deliveryService?id=NPG-S_NPG_2002_184_1062,"https://ids.si.edu/ids/iiif/NPG-S_NPG_2002_184_1062/full/250,/0/default.jpg"
03091,sm491fdf67ae184470bb070b6cf41a08100,https://ids.si.edu/ids/deliveryService?id=NPG-S_NPG_2002_184_1061,"https://ids.si.edu/ids/iiif/NPG-S_NPG_2002_184_1061/full/250,/0/default.jpg"
03092,sm4579b5dbf9a8e4aa48cb6f318b9aafe48,https://ids.si.edu/ids/deliveryService?id=NPG-S_NPG_2002_184_1060,"https://ids.si.edu/ids/iiif/NPG-S_NPG_2002_184_1060/full/250,/0/default.jpg"
03093,sm4271244f10acb4f8fb6782b8142db10ea,https://ids.si.edu/ids/deliveryService?id=NPG-S_NPG_2002_184_106,"https://ids.si.edu/ids/iiif/NPG-S_NPG_2002_184_106/full/250,/0/default.jpg"
03094,sm4cdd73317a7af4552a31393b55859b8db,https://ids.si.edu/ids/deliveryService?id=NPG-S_NPG_2002_184_1059,"https://ids.si.edu/ids/iiif/NPG-S_NPG_2002_184_1059/full/250,/0/default.jpg"
03095,sm4cade5122e05e47038e2d832f25c018e7,https://ids.si.edu/ids/deliveryService?id=NPG-S_NPG_2002_184_1058,"https://ids.si.edu/ids/iiif/NPG-S_NPG_2002_184_1058/full/250,/0/default.jpg"
03096,sm4d09e950ac84a456f9fe8c822d2f66b2c,https://ids.si.edu/ids/deliveryService?id=NPG-S_NPG_2002_184_1057,"https://ids.si.edu/ids/iiif/NPG-S_NPG_2002_184_1057/full/250,/0/default.jpg"
03097,sm49552179bb568468e813a367784be30e9,https://ids.si.edu/ids/deliveryService?id=NPG-S_NPG_2002_184_1056,"https://ids.si.edu/ids/iiif/NPG-S_NPG_2002_184_1056/full/250,/0/default.jpg"
03098,sm43290f8c97cf64e608a1bc3ab121ebc7b,https://ids.si.edu/ids/deliveryService?id=NPG-S_NPG_2002_184_1055,"https://ids.si.edu/ids/iiif/NPG-S_NPG_2002_184_1055/full/250,/0/default.jpg"
03099,sm430630eec9b7b486b86bfb199be02ced0,https://ids.si.edu/ids/deliveryService?id=NPG-S_NPG_2002_184_1054,"https://ids.si.edu/ids/iiif/NPG-S_NPG_2002_184_1054/full/250,/0/default.jpg"
03100,sm43a1c202ecaff48f3ba98cade8f233a76,https://ids.si.edu/ids/deliveryService?id=NPG-S_NPG_2002_184_1053,"https://ids.si.edu/ids/iiif/NPG-S_NPG_2002_184_1053/full/250,/0/default.jpg"
03101,sm42df596710daa4645b3d72a0f5466018d,https://ids.si.edu/ids/deliveryService?id=NPG-S_NPG_2002_184_1052,"https://ids.si.edu/ids/iiif/NPG-S_NPG_2002_184_1052/full/250,/0/default.jpg"
03102,sm406e120149b0d43228aa972d8925b224c,https://ids.si.edu/ids/deliveryService?id=NPG-S_NPG_2002_184_1051,"https://ids.si.edu/ids/iiif/NPG-S_NPG_2002_184_1051/full/250,/0/default.jpg"
03103,sm4280cfe6e3b9143409ff18f49eaec1c71,https://ids.si.edu/ids/deliveryService?id=NPG-S_NPG_2002_184_1050,"https://ids.si.edu/ids/iiif/NPG-S_NPG_2002_184_1050/full/250,/0/default.jpg"
03104,sm4dcef99d82e4b47d082ada6767bc02e6c,https://ids.si.edu/ids/deliveryService?id=NPG-S_NPG_2002_184_105,"https://ids.si.edu/ids/iiif/NPG-S_NPG_2002_184_105/full/250,/0/default.jpg"
03105,sm4338c9f29072e4abdb0545cb2bbeb5282,https://ids.si.edu/ids/deliveryService?id=NPG-S_NPG_2002_184_1049,"https://ids.si.edu/ids/iiif/NPG-S_NPG_2002_184_1049/full/250,/0/default.jpg"
03106,sm4aa4ee150ee1649c29df560cb8a5288a0,https://ids.si.edu/ids/deliveryService?id=NPG-S_NPG_2002_184_1048,"https://ids.si.edu/ids/iiif/NPG-S_NPG_2002_184_1048/full/250,/0/default.jpg"
03107,sm4076dad3f33e049b488ec429a9b7e1880,https://ids.si.edu/ids/deliveryService?id=NPG-S_NPG_2002_184_1047,"https://ids.si.edu/ids/iiif/NPG-S_NPG_2002_184_1047/full/250,/0/default.jpg"
03108,sm492091a1af9a1420d8b5e6f65da43a877,https://ids.si.edu/ids/deliveryService?id=NPG-S_NPG_2002_184_1046,"https://ids.si.edu/ids/iiif/NPG-S_NPG_2002_184_1046/full/250,/0/default.jpg"
03109,sm468327393b216409bbd965fa989287721,https://ids.si.edu/ids/deliveryService?id=NPG-S_NPG_2002_184_1045,"https://ids.si.edu/ids/iiif/NPG-S_NPG_2002_184_1045/full/250,/0/default.jpg"
03110,sm459d7faf6c3454552b80e528bb5ee4c57,https://ids.si.edu/ids/deliveryService?id=NPG-S_NPG_2002_184_1044,"https://ids.si.edu/ids/iiif/NPG-S_NPG_2002_184_1044/full/250,/0/default.jpg"
03111,sm46b5bab4c3d3e4c57a486a3512e1b3899,https://ids.si.edu/ids/deliveryService?id=NPG-S_NPG_2002_184_1043,"https://ids.si.edu/ids/iiif/NPG-S_NPG_2002_184_1043/full/250,/0/default.jpg"
03112,sm41fd667f2712149ee8623389fa3b46a6f,https://ids.si.edu/ids/deliveryService?id=NPG-S_NPG_2002_184_1042,"https://ids.si.edu/ids/iiif/NPG-S_NPG_2002_184_1042/full/250,/0/default.jpg"
03113,sm4ce7119aa8a7d48e9bbec2640598390d7,https://ids.si.edu/ids/deliveryService?id=NPG-S_NPG_2002_184_1041,"https://ids.si.edu/ids/iiif/NPG-S_NPG_2002_184_1041/full/250,/0/default.jpg"
03114,sm46979dc86eee74433b00585d6d65fed5d,https://ids.si.edu/ids/deliveryService?id=NPG-S_NPG_2002_184_1040,"https://ids.si.edu/ids/iiif/NPG-S_NPG_2002_184_1040/full/250,/0/default.jpg"
03115,sm48eb0b22378ff4194a9b8929c8f305db5,https://ids.si.edu/ids/deliveryService?id=NPG-S_NPG_2002_184_104,"https://ids.si.edu/ids/iiif/NPG-S_NPG_2002_184_104/full/250,/0/default.jpg"
03116,sm4b25f78e7e4c34efebbd597766a161c10,https://ids.si.edu/ids/deliveryService?id=NPG-S_NPG_2002_184_1039,"https://ids.si.edu/ids/iiif/NPG-S_NPG_2002_184_1039/full/250,/0/default.jpg"
03117,sm434b237f897eb4b5a86535ad3deeab3eb,https://ids.si.edu/ids/deliveryService?id=NPG-S_NPG_2002_184_1038,"https://ids.si.edu/ids/iiif/NPG-S_NPG_2002_184_1038/full/250,/0/default.jpg"
03118,sm4ff9bcd4430f0464dafa7f9d7f4cb8fad,https://ids.si.edu/ids/deliveryService?id=NPG-S_NPG_2002_184_1037,"https://ids.si.edu/ids/iiif/NPG-S_NPG_2002_184_1037/full/250,/0/default.jpg"
03119,sm466e01511c82e4d6ca00f2133c98e4ef5,https://ids.si.edu/ids/deliveryService?id=NPG-S_NPG_2002_184_1036,"https://ids.si.edu/ids/iiif/NPG-S_NPG_2002_184_1036/full/250,/0/default.jpg"
03120,sm45e26ff5b2d7d4abe87661c9cf57554dd,https://ids.si.edu/ids/deliveryService?id=NPG-S_NPG_2002_184_1035,"https://ids.si.edu/ids/iiif/NPG-S_NPG_2002_184_1035/full/250,/0/default.jpg"
03121,sm475c85a065d784f94b9fb7defc38bc6dc,https://ids.si.edu/ids/deliveryService?id=NPG-S_NPG_2002_184_1034,"https://ids.si.edu/ids/iiif/NPG-S_NPG_2002_184_1034/full/250,/0/default.jpg"
03122,sm4bd1a1210ce3742f49fd153e3ee8769c7,https://ids.si.edu/ids/deliveryService?id=NPG-S_NPG_2002_184_1033,"https://ids.si.edu/ids/iiif/NPG-S_NPG_2002_184_1033/full/250,/0/default.jpg"
03123,sm4e50c122bfe26485f853292d302226294,https://ids.si.edu/ids/deliveryService?id=NPG-S_NPG_2002_184_1032,"https://ids.si.edu/ids/iiif/NPG-S_NPG_2002_184_1032/full/250,/0/default.jpg"
03124,sm4818ca5857b4d4bb792054d30103e4e14,https://ids.si.edu/ids/deliveryService?id=NPG-S_NPG_2002_184_1031,"https://ids.si.edu/ids/iiif/NPG-S_NPG_2002_184_1031/full/250,/0/default.jpg"
03125,sm44e9fae7b3a7e4bbc80bf07c0fdb12e93,https://ids.si.edu/ids/deliveryService?id=NPG-S_NPG_2002_184_1030,"https://ids.si.edu/ids/iiif/NPG-S_NPG_2002_184_1030/full/250,/0/default.jpg"
03126,sm4cc2b887483314cc1aca6026c5c415248,https://ids.si.edu/ids/deliveryService?id=NPG-S_NPG_2002_184_103,"https://ids.si.edu/ids/iiif/NPG-S_NPG_2002_184_103/full/250,/0/default.jpg"
03127,sm4ab768464f0634fe985b0d980278f6473,https://ids.si.edu/ids/deliveryService?id=NPG-S_NPG_2002_184_1029,"https://ids.si.edu/ids/iiif/NPG-S_NPG_2002_184_1029/full/250,/0/default.jpg"
03128,sm462e09784367c46a68cb908d4a7299a93,https://ids.si.edu/ids/deliveryService?id=NPG-S_NPG_2002_184_1028,"https://ids.si.edu/ids/iiif/NPG-S_NPG_2002_184_1028/full/250,/0/default.jpg"
03129,sm4d5dee847396048d7a01c4d405115d945,https://ids.si.edu/ids/deliveryService?id=NPG-S_NPG_2002_184_1027,"https://ids.si.edu/ids/iiif/NPG-S_NPG_2002_184_1027/full/250,/0/default.jpg"
03130,sm4fcada4a42bd44e11bebf87840f9e1118,https://ids.si.edu/ids/deliveryService?id=NPG-S_NPG_2002_184_1026,"https://ids.si.edu/ids/iiif/NPG-S_NPG_2002_184_1026/full/250,/0/default.jpg"
03131,sm42ea092986e3b40568f257b65bdf97b39,https://ids.si.edu/ids/deliveryService?id=NPG-S_NPG_2002_184_1025,"https://ids.si.edu/ids/iiif/NPG-S_NPG_2002_184_1025/full/250,/0/default.jpg"
03132,sm42be0d8c27dfa44939f1508e1efdb71f1,https://ids.si.edu/ids/deliveryService?id=NPG-S_NPG_2002_184_1024,"https://ids.si.edu/ids/iiif/NPG-S_NPG_2002_184_1024/full/250,/0/default.jpg"
03133,sm4b14b4739af604fbfa63ce76da813d83c,https://ids.si.edu/ids/deliveryService?id=NPG-S_NPG_2002_184_1023,"https://ids.si.edu/ids/iiif/NPG-S_NPG_2002_184_1023/full/250,/0/default.jpg"
03134,sm45a4a6c88e4e04c30b351bd5f1c0bbc88,https://ids.si.edu/ids/deliveryService?id=NPG-S_NPG_2002_184_1022,"https://ids.si.edu/ids/iiif/NPG-S_NPG_2002_184_1022/full/250,/0/default.jpg"
03135,sm4a2171e4224d24307a9929880fd560629,https://ids.si.edu/ids/deliveryService?id=NPG-S_NPG_2002_184_1021,"https://ids.si.edu/ids/iiif/NPG-S_NPG_2002_184_1021/full/250,/0/default.jpg"
03136,sm4f40bc0a030d24dd8a756f48969650feb,https://ids.si.edu/ids/deliveryService?id=NPG-S_NPG_2002_184_1020,"https://ids.si.edu/ids/iiif/NPG-S_NPG_2002_184_1020/full/250,/0/default.jpg"
03137,sm4cbb2d75782e041c1a31976a9c423fac4,https://ids.si.edu/ids/deliveryService?id=NPG-S_NPG_2002_184_102,"https://ids.si.edu/ids/iiif/NPG-S_NPG_2002_184_102/full/250,/0/default.jpg"
03138,sm448116e5f4fe646faace96cbb9e2a26d0,https://ids.si.edu/ids/deliveryService?id=NPG-S_NPG_2002_184_1019,"https://ids.si.edu/ids/iiif/NPG-S_NPG_2002_184_1019/full/250,/0/default.jpg"
03139,sm4f97fdc7a67694503978a006630cdc575,https://ids.si.edu/ids/deliveryService?id=NPG-S_NPG_2002_184_1018,"https://ids.si.edu/ids/iiif/NPG-S_NPG_2002_184_1018/full/250,/0/default.jpg"
03140,sm4be1e9316f0a14d59900c41c787f48933,https://ids.si.edu/ids/deliveryService?id=NPG-S_NPG_2002_184_1017,"https://ids.si.edu/ids/iiif/NPG-S_NPG_2002_184_1017/full/250,/0/default.jpg"
03141,sm49b410579b5004d1ca9ea9d5d3879566d,https://ids.si.edu/ids/deliveryService?id=NPG-S_NPG_2002_184_1016,"https://ids.si.edu/ids/iiif/NPG-S_NPG_2002_184_1016/full/250,/0/default.jpg"
03142,sm4c99c047389ab441e83be91b027ca1fcb,https://ids.si.edu/ids/deliveryService?id=NPG-S_NPG_2002_184_1015,"https://ids.si.edu/ids/iiif/NPG-S_NPG_2002_184_1015/full/250,/0/default.jpg"
03143,sm49acda05f8d98451aa8769f2710732824,https://ids.si.edu/ids/deliveryService?id=NPG-S_NPG_2002_184_1014,"https://ids.si.edu/ids/iiif/NPG-S_NPG_2002_184_1014/full/250,/0/default.jpg"
03144,sm48fc3415ef424464cb523e6094ec00566,https://ids.si.edu/ids/deliveryService?id=NPG-S_NPG_2002_184_1013,"https://ids.si.edu/ids/iiif/NPG-S_NPG_2002_184_1013/full/250,/0/default.jpg"
03145,sm4b8eee5ee1d2e452bb81eb5494218e4e1,https://ids.si.edu/ids/deliveryService?id=NPG-S_NPG_2002_184_1012,"https://ids.si.edu/ids/iiif/NPG-S_NPG_2002_184_1012/full/250,/0/default.jpg"
03146,sm47c7fde61d7274f5d92623901d0b93bb1,https://ids.si.edu/ids/deliveryService?id=NPG-S_NPG_2002_184_1011,"https://ids.si.edu/ids/iiif/NPG-S_NPG_2002_184_1011/full/250,/0/default.jpg"
03147,sm4392ba37bce534e93a5b2e61e7dc13d87,https://ids.si.edu/ids/deliveryService?id=NPG-S_NPG_2002_184_1010,"https://ids.si.edu/ids/iiif/NPG-S_NPG_2002_184_1010/full/250,/0/default.jpg"
03148,sm407b93b031cdf43f9b868a87328fed6e5,https://ids.si.edu/ids/deliveryService?id=NPG-S_NPG_2002_184_101,"https://ids.si.edu/ids/iiif/NPG-S_NPG_2002_184_101/full/250,/0/default.jpg"
03149,sm4276fe0da57f64f07bd05b06c99c2aefa,https://ids.si.edu/ids/deliveryService?id=NPG-S_NPG_2002_184_1009,"https://ids.si.edu/ids/iiif/NPG-S_NPG_2002_184_1009/full/250,/0/default.jpg"
03150,sm453f7cd3417f64ee3a7c5b1e9adef29c2,https://ids.si.edu/ids/deliveryService?id=NPG-S_NPG_2002_184_1008,"https://ids.si.edu/ids/iiif/NPG-S_NPG_2002_184_1008/full/250,/0/default.jpg"
03151,sm4c08381f2afdb4b54932e942701e871f5,https://ids.si.edu/ids/deliveryService?id=NPG-S_NPG_2002_184_1007,"https://ids.si.edu/ids/iiif/NPG-S_NPG_2002_184_1007/full/250,/0/default.jpg"
03152,sm4a0cf4edf50d249d6949d8b387d5df44e,https://ids.si.edu/ids/deliveryService?id=NPG-S_NPG_2002_184_1006,"https://ids.si.edu/ids/iiif/NPG-S_NPG_2002_184_1006/full/250,/0/default.jpg"
03153,sm4e01d9cc780c74af08e0a3aeb925b4430,https://ids.si.edu/ids/deliveryService?id=NPG-S_NPG_2002_184_1005,"https://ids.si.edu/ids/iiif/NPG-S_NPG_2002_184_1005/full/250,/0/default.jpg"
03154,sm439621813b3874ad1a3767120dfbe374a,https://ids.si.edu/ids/deliveryService?id=NPG-S_NPG_2002_184_1004,"https://ids.si.edu/ids/iiif/NPG-S_NPG_2002_184_1004/full/250,/0/default.jpg"
03155,sm4a0010de9a7454967be9ed6544fb1ac80,https://ids.si.edu/ids/deliveryService?id=NPG-S_NPG_2002_184_1003,"https://ids.si.edu/ids/iiif/NPG-S_NPG_2002_184_1003/full/250,/0/default.jpg"
03156,sm434a26f297ad74c60891c8aa9d536a433,https://ids.si.edu/ids/deliveryService?id=NPG-S_NPG_2002_184_1002,"https://ids.si.edu/ids/iiif/NPG-S_NPG_2002_184_1002/full/250,/0/default.jpg"
03157,sm41a389eae26aa4e65b257e1e52ff8d51a,https://ids.si.edu/ids/deliveryService?id=NPG-S_NPG_2002_184_1001,"https://ids.si.edu/ids/iiif/NPG-S_NPG_2002_184_1001/full/250,/0/default.jpg"
03158,sm446b6870b318e4eb3832dfdb108d79cc8,https://ids.si.edu/ids/deliveryService?id=NPG-S_NPG_2002_184_1000,"https://ids.si.edu/ids/iiif/NPG-S_NPG_2002_184_1000/full/250,/0/default.jpg"
03159,sm4350f065c58f24f5899f2c5d8fde7115e,https://ids.si.edu/ids/deliveryService?id=NPG-S_NPG_2002_184_100,"https://ids.si.edu/ids/iiif/NPG-S_NPG_2002_184_100/full/250,/0/default.jpg"
03160,sm4ad47d2f58f5b4932b5531ab5d287f9be,https://ids.si.edu/ids/deliveryService?id=NPG-S_NPG_2002_184_10,"https://ids.si.edu/ids/iiif/NPG-S_NPG_2002_184_10/full/250,/0/default.jpg"
03166,sm4ed0d5a7e20d241c8acdb05cd8510e976,https://ids.si.edu/ids/deliveryService?id=NPG-NPG_99_19King-000002,"https://ids.si.edu/ids/iiif/NPG-NPG_99_19King-000002/full/250,/0/default.jpg"
03332,sm438b3c928ea934b8abe44f33501ee3123,https://ids.si.edu/ids/deliveryService?id=NPG-7800588A_1,"https://ids.si.edu/ids/iiif/NPG-7800588A_1/full/250,/0/default.jpg"
03333,sm413ce87cd82b2436e98694471774517ec,https://ids.si.edu/ids/deliveryService?id=NPG-7800586A_1,"https://ids.si.edu/ids/iiif/NPG-7800586A_1/full/250,/0/default.jpg"
03334,sm49b960e9a36e54d71bdfad17f6d6fb846,https://ids.si.edu/ids/deliveryService?id=NPG-7800584A_1,"https://ids.si.edu/ids/iiif/NPG-7800584A_1/full/250,/0/default.jpg"
03357,sm45c4d51c44ed94b6996fbb6e01842a69e,https://ids.si.edu/ids/deliveryService?id=NPG-NPG_77_28,"https://ids.si.edu/ids/iiif/NPG-NPG_77_28/full/250,/0/default.jpg"
03519,sm4973038d1b4ac44b9971ea9b22d55d9aa,https://ids.si.edu/ids/deliveryService?id=NPG-NPG_69_73_inex,"https://ids.si.edu/ids/iiif/NPG-NPG_69_73_inex/full/250,/0/default.jpg"
03573,sm497a0ece2f0ad475992de275a29e6077b,https://ids.si.edu/ids/deliveryService?id=NPG-NPG_2013_119Washington-000002,"https://ids.si.edu/ids/iiif/NPG-NPG_2013_119Washington-000002/full/250,/0/default.jpg"
03607,sm406278f9cc1b049f68fe713fb9af69d5a,https://ids.si.edu/ids/deliveryService?id=NPG-NPG_2002_184_8-000001,"https://ids.si.edu/ids/iiif/NPG-NPG_2002_184_8-000001/full/250,/0/default.jpg"
03608,sm4f5e3f3e9a3fd47a48ff80bbb2e353560,https://ids.si.edu/ids/deliveryService?id=NPG-NPG_2002_184_7-000001,"https://ids.si.edu/ids/iiif/NPG-NPG_2002_184_7-000001/full/250,/0/default.jpg"
03609,sm4675cd41c80fe4a728c60de75ab3f7576,https://ids.si.edu/ids/deliveryService?id=NPG-NPG_2002_184_62-000001,"https://ids.si.edu/ids/iiif/NPG-NPG_2002_184_62-000001/full/250,/0/default.jpg"
03610,sm4c883e3987684435d8b8fcf66b6fd6c98,https://ids.si.edu/ids/deliveryService?id=NPG-NPG_2002_184_6-000001,"https://ids.si.edu/ids/iiif/NPG-NPG_2002_184_6-000001/full/250,/0/default.jpg"
03611,sm414b2a53295ef4a6683fe7440662775d0,https://ids.si.edu/ids/deliveryService?id=NPG-NPG_2002_184_5-000001,"https://ids.si.edu/ids/iiif/NPG-NPG_2002_184_5-000001/full/250,/0/default.jpg"
03612,sm46abb1064983f4034b32394fb9f9752d5,https://ids.si.edu/ids/deliveryService?id=NPG-NPG_2002_184_4-000001,"https://ids.si.edu/ids/iiif/NPG-NPG_2002_184_4-000001/full/250,/0/default.jpg"
03613,sm45845254a3bb949d3b9c879a189fbc42c,https://ids.si.edu/ids/deliveryService?id=NPG-NPG_2002_184_3-000002,"https://ids.si.edu/ids/iiif/NPG-NPG_2002_184_3-000002/full/250,/0/default.jpg"
03614,sm4b690ae0f2af1419fb09df3f29889b7b0,https://ids.si.edu/ids/deliveryService?id=NPG-NPG_2002_184_211-000001,"https://ids.si.edu/ids/iiif/NPG-NPG_2002_184_211-000001/full/250,/0/default.jpg"
03615,sm484e64ee39e434911b7c72dd51fb08b1e,https://ids.si.edu/ids/deliveryService?id=NPG-NPG_2002_184_1-000001,"https://ids.si.edu/ids/iiif/NPG-NPG_2002_184_1-000001/full/250,/0/default.jpg"
